Species	All_genes_numbers	Collinear_genes_numbers	Microsyn_percentage	Block_numbers	Max_score	Min_score	Average_score	Median_score
S131_S098	69238	8541	12.34	455	1690.0	250.0	450.415384615385	402.0
S131_S116	69836	0	0.00	0			0	0
S131_S084	73008	0	0.00	0			0	0
S131_S125	64866	0	0.00	0			0	0
S131_S018	66556	56	0.08	4	344.0	280.0	301.25	290.5
S131_S085	79267	0	0.00	0			0	0
S131_S108	102264	0	0.00	0			0	0
S131_S107	74153	0	0.00	0			0	0
S131_S035	70437	9536	13.54	473	1663.0	250.0	483.238900634249	428.0
S131_S100	71912	0	0.00	0			0	0
S131_S015	74290	28	0.04	2	345.0	272.0	308.5	308.5
S131_S083	57048	0	0.00	0			0	0
S131_S121	63698	0	0.00	0			0	0
S131_S133	106103	0	0.00	0			0	0
S131_S005	59757	52	0.09	4	300.0	254.0	282.25	287.5
S131_S044	57308	10611	18.52	503	2440.0	252.0	502.429423459245	424.0
S131_S122	72810	0	0.00	0			0	0
S131_S041	61340	0	0.00	0			0	0
S131_S090	79195	12	0.02	1	268.0	268.0	268	268.0
S131_S082	80753	38	0.05	3	292.0	250.0	270.333333333333	269.0
S131_S067	57137	80	0.14	6	299.0	260.0	279.333333333333	277.5
S131_S115	64525	0	0.00	0			0	0
S131_S096	58753	0	0.00	0			0	0
S131_S031	72101	60	0.08	5	274.0	253.0	265.4	271.0
S131_S047	94750	12	0.01	1	255.0	255.0	255	255.0
S131_S009	58699	24	0.04	2	258.0	256.0	257	257
S131_S006	66943	62	0.09	5	298.0	251.0	271.4	262.0
S131_S030	64390	30	0.05	2	316.0	310.0	313	313
S131_S091	72266	0	0.00	0			0	0
S131_S132	57024	0	0.00	0			0	0
S131_S021	85141	14	0.02	1	293.0	293.0	293	293.0
S131_S080	75397	24	0.03	2	270.0	255.0	262.5	262.5
S131_S027	59467	12	0.02	1	280.0	280.0	280	280.0
S131_S062	58472	24	0.04	2	274.0	253.0	263.5	263.5
S131_S039	78861	30	0.04	2	353.0	314.0	333.5	333.5
S131_S087	69121	12	0.02	1	269.0	269.0	269	269.0
S131_S086	142484	26	0.02	2	288.0	260.0	274	274
S131_S138	47450	0	0.00	0			0	0
S131_S101	65017	0	0.00	0			0	0
S131_S029	53242	14	0.03	1	316.0	316.0	316	316.0
S131_S008	60003	36	0.06	3	258.0	252.0	254.333333333333	253.0
S131_S142	61390	0	0.00	0			0	0
S131_S042	58441	10453	17.89	508	1942.0	250.0	489.088582677165	428
S131_S097	64800	26	0.04	2	284.0	256.0	270	270
S131_S072	88256	0	0.00	0			0	0
S131_S076	69914	26	0.04	2	293.0	255.0	274	274
S131_S055	69914	26	0.04	2	293.0	255.0	274	274
S131_S109	64979	0	0.00	0			0	0
S131_S040	63933	14	0.02	1	250.0	250.0	250	250.0
S131_S088	78612	38	0.05	3	294.0	265.0	276.666666666667	271.0
S131_S024	62594	52	0.08	4	295.0	254.0	268.75	263
S131_S141	69737	0	0.00	0			0	0
S131_S063	59961	90	0.15	6	366.0	264.0	308.333333333333	301
S131_S032	78297	14	0.02	1	283.0	283.0	283	283.0
S131_S073	65818	0	0.00	0			0	0
S131_S037	63775	11988	18.80	529	2314.0	254.0	539.266540642722	435.0
S131_S028	65556	24	0.04	2	276.0	265.0	270.5	270.5
S131_S103	71590	0	0.00	0			0	0
S131_S054	126402	0	0.00	0			0	0
S131_S117	61772	0	0.00	0			0	0
S131_S034	69886	2667	3.82	161	1003.0	257.0	392.782608695652	362.0
S131_S025	88037	42	0.05	4	276.0	255.0	268	270.5
S131_S023	59882	28	0.05	2	312.0	297.0	304.5	304.5
S131_S123	60253	0	0.00	0			0	0
S131_S106	58790	0	0.00	0			0	0
S131_S137	84854	0	0.00	0			0	0
S131_S118	68340	0	0.00	0			0	0
S131_S105	57231	0	0.00	0			0	0
S131_S069	89345	0	0.00	0			0	0
S131_S092	61413	86	0.14	6	487.0	257.0	328.5	288.5
S131_S066	85347	0	0.00	0			0	0
S131_S075	67663	44	0.07	3	356.0	266.0	299	275.0
S131_S065	74994	122	0.16	9	318.0	250.0	292.888888888889	303.0
S131_S099	75781	38	0.05	3	289.0	254.0	271.666666666667	272.0
S131_S059	45145	0	0.00	0			0	0
S131_S130	86949	0	0.00	0			0	0
S131_S126	76314	0	0.00	0			0	0
S131_S051	70664	24	0.03	2	276.0	258.0	267	267
S131_S064	54848	0	0.00	0			0	0
S131_S134	87044	0	0.00	0			0	0
S131_S056	63366	12	0.02	1	253.0	253.0	253	253.0
S131_S140	46663	0	0.00	0			0	0
S131_S114	57852	0	0.00	0			0	0
S131_S049	63534	40	0.06	3	301.0	276.0	290.666666666667	295.0
S131_S128	67450	0	0.00	0			0	0
S131_S036	46176	4691	10.16	222	2009.0	255.0	509.454954954955	432
S131_S112	76306	0	0.00	0			0	0
S131_S045	48495	9171	18.91	364	3943.0	255.0	626.785714285714	441.5
S131_S058	79931	26	0.03	2	287.0	252.0	269.5	269.5
S131_S057	85000	14	0.02	1	286.0	286.0	286	286.0
S131_S113	66160	0	0.00	0			0	0
S131_S013	60627	60	0.10	4	372.0	253.0	294.5	276.5
S131_S038	100160	26	0.03	2	283.0	265.0	274	274
S131_S119	76560	0	0.00	0			0	0
S131_S043	92184	26	0.03	2	293.0	252.0	272.5	272.5
S131_S120	70041	0	0.00	0			0	0
S131_S135	74768	0	0.00	0			0	0
S131_S020	59466	0	0.00	0			0	0
S131_S053	61171	82	0.13	6	305.0	253.0	276.666666666667	275.5
S131_S094	47863	0	0.00	0			0	0
S131_S145	58546	0	0.00	0			0	0
S131_S081	69865	12	0.02	1	262.0	262.0	262	262.0
S131_S124	96282	0	0.00	0			0	0
S131_S061	76963	12	0.02	1	255.0	255.0	255	255.0
S131_S129	53907	0	0.00	0			0	0
S131_S127	69154	0	0.00	0			0	0
S131_S079	59273	10255	17.30	503	1974.0	250.0	486.019880715706	414.0
S131_S019	72951	40	0.05	3	311.0	253.0	288.333333333333	301.0
S131_S017	59809	14	0.02	1	300.0	300.0	300	300.0
S131_S136	56375	0	0.00	0			0	0
S131_S144	75974	0	0.00	0			0	0
S131_S143	55744	0	0.00	0			0	0
S131_S110	61885	0	0.00	0			0	0
S131_S010	59295	24	0.04	2	274.0	268.0	271	271
S131_S050	68508	48	0.07	4	276.0	256.0	267.25	268.5
S131_S139	49121	0	0.00	0			0	0
S131_S014	58814	28	0.05	2	307.0	297.0	302	302
S131_S004	60489	66	0.11	5	311.0	254.0	279.6	271.0
S131_S078	75007	14	0.02	1	280.0	280.0	280	280.0
S131_S033	109014	0	0.00	0			0	0
S131_S074	72331	12	0.02	1	266.0	266.0	266	266.0
S131_S111	95068	0	0.00	0			0	0
S131_S016	59839	38	0.06	3	297.0	251.0	268.333333333333	257.0
S131_S104	64914	0	0.00	0			0	0
S131_S003	59231	24	0.04	2	261.0	261.0	261	261
S131_S068	40617	0	0.00	0			0	0
S131_S001	58581	26	0.04	2	300.0	256.0	278	278
S131_S102	70500	0	0.00	0			0	0
S131_S002	85373	14	0.02	1	288.0	288.0	288	288.0
S131_S022	55549	64	0.12	5	316.0	253.0	271.6	258.0
S131_S046	84759	26	0.03	2	271.0	268.0	269.5	269.5
S131_S077	69197	16	0.02	1	332.0	332.0	332	332.0
S131_S089	81224	26	0.03	2	296.0	263.0	279.5	279.5
S131_S095	38168	0	0.00	0			0	0
S131_S052	70426	14	0.02	1	295.0	295.0	295	295.0
S131_S011	59645	12	0.02	1	251.0	251.0	251	251.0
S131_S048	59429	0	0.00	0			0	0
S131_S007	58600	14	0.02	1	299.0	299.0	299	299.0
S131_S012	59412	50	0.08	4	296.0	252.0	268.75	263.5
S131_S060	82036	12	0.01	1	263.0	263.0	263	263.0
S131_S026	112258	50	0.04	4	296.0	257.0	273.75	271
S131_S093	87769	48	0.05	3	385.0	290.0	323	294.0
S131_S070	58255	0	0.00	0			0	0
S098_S116	74214	12	0.02	1	263.0	263.0	263	263.0
S098_S084	77386	0	0.00	0			0	0
S098_S125	69244	0	0.00	0			0	0
S098_S018	70934	0	0.00	0			0	0
S098_S085	83645	0	0.00	0			0	0
S098_S108	106642	0	0.00	0			0	0
S098_S107	78531	28	0.04	2	320.0	278.0	299	299
S098_S035	74815	0	0.00	0			0	0
S098_S100	76290	12	0.02	1	271.0	271.0	271	271.0
S098_S015	78668	0	0.00	0			0	0
S098_S083	61426	0	0.00	0			0	0
S098_S121	68076	12	0.02	1	253.0	253.0	253	253.0
S098_S133	110481	24	0.02	2	279.0	268.0	273.5	273.5
S098_S005	64135	0	0.00	0			0	0
S098_S044	61686	0	0.00	0			0	0
S098_S122	77188	0	0.00	0			0	0
S098_S041	65718	0	0.00	0			0	0
S098_S090	83573	0	0.00	0			0	0
S098_S082	85131	0	0.00	0			0	0
S098_S067	61515	0	0.00	0			0	0
S098_S115	68903	36	0.05	3	266.0	256.0	261.666666666667	263.0
S098_S096	63131	0	0.00	0			0	0
S098_S031	76479	0	0.00	0			0	0
S098_S047	99128	0	0.00	0			0	0
S098_S009	63077	0	0.00	0			0	0
S098_S006	71321	0	0.00	0			0	0
S098_S030	68768	0	0.00	0			0	0
S098_S091	76644	0	0.00	0			0	0
S098_S132	61402	12	0.02	1	259.0	259.0	259	259.0
S098_S021	89519	0	0.00	0			0	0
S098_S080	79775	0	0.00	0			0	0
S098_S027	63845	0	0.00	0			0	0
S098_S062	62850	0	0.00	0			0	0
S098_S039	83239	0	0.00	0			0	0
S098_S087	73499	0	0.00	0			0	0
S098_S086	146862	0	0.00	0			0	0
S098_S138	51828	0	0.00	0			0	0
S098_S101	69395	40	0.06	3	340.0	284.0	319.333333333333	334.0
S098_S029	57620	0	0.00	0			0	0
S098_S008	64381	0	0.00	0			0	0
S098_S142	65768	50	0.08	4	287.0	265.0	275.25	274.5
S098_S042	62819	0	0.00	0			0	0
S098_S097	69178	0	0.00	0			0	0
S098_S072	92634	0	0.00	0			0	0
S098_S076	74292	0	0.00	0			0	0
S098_S055	74292	0	0.00	0			0	0
S098_S109	69357	16	0.02	1	372.0	372.0	372	372.0
S098_S040	68311	0	0.00	0			0	0
S098_S088	82990	0	0.00	0			0	0
S098_S024	66972	0	0.00	0			0	0
S098_S141	74115	0	0.00	0			0	0
S098_S063	64339	0	0.00	0			0	0
S098_S032	82675	0	0.00	0			0	0
S098_S073	70196	0	0.00	0			0	0
S098_S037	68153	0	0.00	0			0	0
S098_S028	69934	0	0.00	0			0	0
S098_S103	75968	36	0.05	3	283.0	271.0	278	280.0
S098_S054	130780	0	0.00	0			0	0
S098_S117	66150	36	0.05	3	271.0	268.0	269.333333333333	269.0
S098_S034	74264	0	0.00	0			0	0
S098_S025	92415	0	0.00	0			0	0
S098_S023	64260	0	0.00	0			0	0
S098_S123	64631	12	0.02	1	258.0	258.0	258	258.0
S098_S106	63168	26	0.04	2	324.0	260.0	292	292
S098_S137	89232	36	0.04	3	285.0	265.0	275	275.0
S098_S118	72718	12	0.02	1	250.0	250.0	250	250.0
S098_S105	61609	0	0.00	0			0	0
S098_S069	93723	0	0.00	0			0	0
S098_S092	65791	0	0.00	0			0	0
S098_S066	89725	0	0.00	0			0	0
S098_S075	72041	0	0.00	0			0	0
S098_S065	79372	0	0.00	0			0	0
S098_S099	80159	0	0.00	0			0	0
S098_S059	49523	0	0.00	0			0	0
S098_S130	91327	0	0.00	0			0	0
S098_S126	80692	0	0.00	0			0	0
S098_S051	75042	0	0.00	0			0	0
S098_S064	59226	0	0.00	0			0	0
S098_S134	91422	0	0.00	0			0	0
S098_S056	67744	0	0.00	0			0	0
S098_S140	51041	232	0.45	16	547.0	254.0	304.25	280.5
S098_S114	62230	12	0.02	1	259.0	259.0	259	259.0
S098_S049	67912	0	0.00	0			0	0
S098_S128	71828	12	0.02	1	257.0	257.0	257	257.0
S098_S036	50554	0	0.00	0			0	0
S098_S112	80684	26	0.03	2	327.0	269.0	298	298
S098_S045	52873	0	0.00	0			0	0
S098_S058	84309	0	0.00	0			0	0
S098_S057	89378	0	0.00	0			0	0
S098_S113	70538	24	0.03	2	263.0	257.0	260	260
S098_S013	65005	0	0.00	0			0	0
S098_S038	104538	0	0.00	0			0	0
S098_S119	80938	0	0.00	0			0	0
S098_S043	96562	0	0.00	0			0	0
S098_S120	74419	0	0.00	0			0	0
S098_S135	79146	12	0.02	1	287.0	287.0	287	287.0
S098_S020	63844	0	0.00	0			0	0
S098_S053	65549	0	0.00	0			0	0
S098_S094	52241	0	0.00	0			0	0
S098_S145	62924	0	0.00	0			0	0
S098_S081	74243	0	0.00	0			0	0
S098_S124	100660	0	0.00	0			0	0
S098_S061	81341	0	0.00	0			0	0
S098_S129	58285	19789	33.95	390	8485.0	266.0	1246.17179487179	913
S098_S127	73532	40	0.05	3	354.0	262.0	292.666666666667	262.0
S098_S079	63651	0	0.00	0			0	0
S098_S019	77329	0	0.00	0			0	0
S098_S017	64187	0	0.00	0			0	0
S098_S136	60753	12	0.02	1	263.0	263.0	263	263.0
S098_S144	80352	0	0.00	0			0	0
S098_S143	60122	0	0.00	0			0	0
S098_S110	66263	4632	6.99	275	1236.0	252.0	399.163636363636	360.0
S098_S010	63673	0	0.00	0			0	0
S098_S050	72886	0	0.00	0			0	0
S098_S139	53499	52	0.10	4	333.0	251.0	272.5	253
S098_S014	63192	0	0.00	0			0	0
S098_S004	64867	0	0.00	0			0	0
S098_S078	79385	0	0.00	0			0	0
S098_S033	113392	0	0.00	0			0	0
S098_S074	76709	0	0.00	0			0	0
S098_S111	99446	0	0.00	0			0	0
S098_S016	64217	0	0.00	0			0	0
S098_S104	69292	0	0.00	0			0	0
S098_S003	63609	0	0.00	0			0	0
S098_S068	44995	0	0.00	0			0	0
S098_S001	62959	0	0.00	0			0	0
S098_S102	74878	12	0.02	1	267.0	267.0	267	267.0
S098_S002	89751	0	0.00	0			0	0
S098_S022	59927	0	0.00	0			0	0
S098_S046	89137	0	0.00	0			0	0
S098_S077	73575	0	0.00	0			0	0
S098_S089	85602	0	0.00	0			0	0
S098_S095	42546	0	0.00	0			0	0
S098_S052	74804	0	0.00	0			0	0
S098_S011	64023	0	0.00	0			0	0
S098_S048	63807	0	0.00	0			0	0
S098_S007	62978	0	0.00	0			0	0
S098_S012	63790	0	0.00	0			0	0
S098_S060	86414	0	0.00	0			0	0
S098_S026	116636	0	0.00	0			0	0
S098_S093	92147	0	0.00	0			0	0
S098_S070	62633	0	0.00	0			0	0
S116_S084	77984	0	0.00	0			0	0
S116_S125	69842	0	0.00	0			0	0
S116_S018	71532	19180	26.81	654	4863.0	257.0	697.525993883792	526.5
S116_S085	84243	0	0.00	0			0	0
S116_S108	107240	0	0.00	0			0	0
S116_S107	79129	0	0.00	0			0	0
S116_S035	75413	12	0.02	1	265.0	265.0	265	265.0
S116_S100	76888	0	0.00	0			0	0
S116_S015	79266	18216	22.98	720	3902.0	251.0	613.659722222222	487.5
S116_S083	62024	0	0.00	0			0	0
S116_S121	68674	0	0.00	0			0	0
S116_S133	111079	0	0.00	0			0	0
S116_S005	64733	16390	25.32	635	3140.0	253.0	620.768503937008	516.0
S116_S044	62284	12	0.02	1	273.0	273.0	273	273.0
S116_S122	77786	0	0.00	0			0	0
S116_S041	66316	0	0.00	0			0	0
S116_S090	84171	19054	22.64	695	3495.0	252.0	654.188489208633	523.0
S116_S082	85729	23629	27.56	600	5948.0	258.0	939.343333333333	685
S116_S067	62113	1700	2.74	116	626.0	251.0	332.215517241379	319
S116_S115	69501	0	0.00	0			0	0
S116_S096	63729	0	0.00	0			0	0
S116_S031	77077	5073	6.58	303	1152.0	251.0	390.732673267327	357.0
S116_S047	99726	20346	20.40	787	3442.0	252.0	629.684879288437	510.0
S116_S009	63675	16392	25.74	646	4057.0	250.0	610.804953560371	484
S116_S006	71919	18318	25.47	641	4760.0	254.0	683.758190327613	518.0
S116_S030	69366	4603	6.64	285	973.0	252.0	381.063157894737	343.0
S116_S091	77242	2914	3.77	164	1366.0	254.0	397.310975609756	339
S116_S132	62000	0	0.00	0			0	0
S116_S021	90117	18057	20.04	652	3906.0	251.0	651.953987730061	500.5
S116_S080	80373	25523	31.76	520	8118.0	252.0	1170.81923076923	784.5
S116_S027	64443	3444	5.34	211	1223.0	253.0	388.976303317536	348.0
S116_S062	63448	2790	4.40	180	878.0	258.0	369.027777777778	339
S116_S039	83837	0	0.00	0			0	0
S116_S087	74097	9025	12.18	454	2610.0	258.0	479.693832599119	414
S116_S086	147460	14515	9.84	660	3138.0	253.0	514.054545454545	425
S116_S138	52426	0	0.00	0			0	0
S116_S101	69993	0	0.00	0			0	0
S116_S029	58218	1918	3.29	125	682.0	258.0	364.864	339.0
S116_S008	64979	15959	24.56	645	3882.0	251.0	595.655813953488	486.0
S116_S142	66366	0	0.00	0			0	0
S116_S042	63417	12	0.02	1	267.0	267.0	267	267.0
S116_S097	69776	1662	2.38	113	625.0	250.0	344.53982300885	329.0
S116_S072	93232	0	0.00	0			0	0
S116_S076	74890	21682	28.95	710	5429.0	259.0	739.878873239437	539
S116_S055	74890	21682	28.95	710	5429.0	259.0	739.878873239437	539
S116_S109	69955	0	0.00	0			0	0
S116_S040	68909	1224	1.78	84	659.0	253.0	332.964285714286	311.5
S116_S088	83588	19250	23.03	699	3455.0	252.0	654.486409155937	503.0
S116_S024	67570	7492	11.09	420	1557.0	255.0	421.683333333333	369
S116_S141	74713	0	0.00	0			0	0
S116_S063	64937	20272	31.22	668	4000.0	253.0	732.72005988024	568
S116_S032	83273	25339	30.43	574	8124.0	253.0	1054.32229965157	736
S116_S073	70794	0	0.00	0			0	0
S116_S037	68751	12	0.02	1	265.0	265.0	265	265.0
S116_S028	70532	4255	6.03	260	1063.0	250.0	386.373076923077	347.5
S116_S103	76566	0	0.00	0			0	0
S116_S054	131378	20833	15.86	722	3640.0	250.0	667.130193905817	516.5
S116_S117	66748	0	0.00	0			0	0
S116_S034	74862	0	0.00	0			0	0
S116_S025	93013	5466	5.88	366	1166.0	250.0	386.002732240437	347
S116_S023	64858	16760	25.84	656	2859.0	264.0	615.484756097561	489
S116_S123	65229	0	0.00	0			0	0
S116_S106	63766	0	0.00	0			0	0
S116_S137	89830	0	0.00	0			0	0
S116_S118	73316	0	0.00	0			0	0
S116_S105	62207	0	0.00	0			0	0
S116_S069	94321	0	0.00	0			0	0
S116_S092	66389	0	0.00	0			0	0
S116_S066	90323	1194	1.32	80	793.0	250.0	338.9375	314
S116_S075	72639	17596	24.22	608	4511.0	250.0	696.516447368421	516.5
S116_S065	79970	14	0.02	1	267.0	267.0	267	267.0
S116_S099	80757	25736	31.87	540	8686.0	251.0	1135.75740740741	807.5
S116_S059	50121	695	1.39	44	591.0	260.0	377.409090909091	374
S116_S130	91925	0	0.00	0			0	0
S116_S126	81290	0	0.00	0			0	0
S116_S051	75640	23769	31.42	591	9017.0	251.0	960.475465313029	666.0
S116_S064	59824	9327	15.59	502	1378.0	256.0	453.109561752988	394
S116_S134	92020	0	0.00	0			0	0
S116_S056	68342	3152	4.61	202	970.0	251.0	366.356435643564	340
S116_S140	51639	0	0.00	0			0	0
S116_S114	62828	0	0.00	0			0	0
S116_S049	68510	24360	35.56	619	7204.0	255.0	951.974151857835	673.0
S116_S128	72426	0	0.00	0			0	0
S116_S036	51152	54	0.11	4	297.0	251.0	277.75	281.5
S116_S112	81282	0	0.00	0			0	0
S116_S045	53471	76	0.14	6	305.0	266.0	282	279
S116_S058	84907	22854	26.92	588	8518.0	252.0	920.263605442177	643.5
S116_S057	89976	22181	24.65	694	4224.0	250.0	751.791066282421	556.5
S116_S113	71136	0	0.00	0			0	0
S116_S013	65603	16562	25.25	662	3868.0	253.0	606.912386706949	485
S116_S038	105136	23962	22.79	543	6987.0	257.0	1035.74401473297	695.0
S116_S119	81536	0	0.00	0			0	0
S116_S043	97160	22464	23.12	580	8260.0	253.0	914.168965517241	672.5
S116_S120	75017	0	0.00	0			0	0
S116_S135	79744	0	0.00	0			0	0
S116_S020	64442	16001	24.83	647	3089.0	266.0	595.836166924266	486.0
S116_S053	66147	912	1.38	65	720.0	250.0	325.384615384615	298.0
S116_S094	52839	0	0.00	0			0	0
S116_S145	63522	0	0.00	0			0	0
S116_S081	74841	3587	4.79	221	968.0	255.0	381.837104072398	340.0
S116_S124	101258	0	0.00	0			0	0
S116_S061	81939	788	0.96	54	761.0	250.0	331	294.5
S116_S129	58883	0	0.00	0			0	0
S116_S127	74130	0	0.00	0			0	0
S116_S079	64249	42	0.07	3	297.0	262.0	275.333333333333	267.0
S116_S019	77927	18312	23.50	636	4901.0	255.0	688.600628930818	531
S116_S017	64785	16247	25.08	630	3951.0	258.0	619.434920634921	490.5
S116_S136	61351	0	0.00	0			0	0
S116_S144	80950	0	0.00	0			0	0
S116_S143	60720	0	0.00	0			0	0
S116_S110	66861	0	0.00	0			0	0
S116_S010	64271	16265	25.31	608	3792.0	256.0	643	505.5
S116_S050	73484	4880	6.64	295	1212.0	253.0	387.301694915254	351.0
S116_S139	54097	0	0.00	0			0	0
S116_S014	63790	16542	25.93	638	2820.0	255.0	623.769592476489	509.5
S116_S004	65465	17489	26.72	638	3888.0	257.0	659.302507836991	531
S116_S078	79983	26678	33.35	496	12720.0	253.0	1287.69959677419	811
S116_S033	113990	18287	16.04	633	4437.0	254.0	678.191153238547	533.0
S116_S074	77307	680	0.88	45	759.0	250.0	339.8	296.0
S116_S111	100044	0	0.00	0			0	0
S116_S016	64815	15259	23.54	621	2984.0	251.0	592.130434782609	494.0
S116_S104	69890	0	0.00	0			0	0
S116_S003	64207	16510	25.71	651	4627.0	257.0	611.142857142857	483.0
S116_S068	45593	0	0.00	0			0	0
S116_S001	63557	16541	26.03	650	2753.0	258.0	613.792307692308	493
S116_S102	75476	0	0.00	0			0	0
S116_S002	90349	18227	20.17	646	3923.0	252.0	666.052631578947	515
S116_S022	60525	16475	27.22	646	3842.0	259.0	616.467492260062	492.5
S116_S046	89735	1345	1.50	94	819.0	254.0	331.148936170213	302.5
S116_S077	74173	25989	35.04	475	12121.0	259.0	1311.57684210526	842.0
S116_S089	86200	15698	18.21	675	2766.0	257.0	553.773333333333	443.0
S116_S095	43144	0	0.00	0			0	0
S116_S052	75402	25411	33.70	600	8078.0	250.0	1021.36666666667	711
S116_S011	64621	16806	26.01	626	4027.0	252.0	646.068690095847	526
S116_S048	64405	0	0.00	0			0	0
S116_S007	63576	16881	26.55	625	3925.0	254.0	648.6608	519.0
S116_S012	64388	15337	23.82	637	2432.0	250.0	581.166405023548	485.0
S116_S060	87012	816	0.94	56	760.0	257.0	328.142857142857	292
S116_S026	117234	4587	3.91	273	1119.0	251.0	382.945054945055	353.0
S116_S093	92745	809	0.87	53	676.0	256.0	345.603773584906	317.0
S116_S070	63231	12	0.02	1	267.0	267.0	267	267.0
S084_S125	73014	0	0.00	0			0	0
S084_S018	74704	0	0.00	0			0	0
S084_S085	87415	0	0.00	0			0	0
S084_S108	110412	0	0.00	0			0	0
S084_S107	82301	0	0.00	0			0	0
S084_S035	78585	0	0.00	0			0	0
S084_S100	80060	0	0.00	0			0	0
S084_S015	82438	0	0.00	0			0	0
S084_S083	65196	0	0.00	0			0	0
S084_S121	71846	0	0.00	0			0	0
S084_S133	114251	12	0.01	1	280.0	280.0	280	280.0
S084_S005	67905	0	0.00	0			0	0
S084_S044	65456	0	0.00	0			0	0
S084_S122	80958	0	0.00	0			0	0
S084_S041	69488	0	0.00	0			0	0
S084_S090	87343	0	0.00	0			0	0
S084_S082	88901	0	0.00	0			0	0
S084_S067	65285	0	0.00	0			0	0
S084_S115	72673	24	0.03	2	259.0	252.0	255.5	255.5
S084_S096	66901	0	0.00	0			0	0
S084_S031	80249	0	0.00	0			0	0
S084_S047	102898	0	0.00	0			0	0
S084_S009	66847	0	0.00	0			0	0
S084_S006	75091	0	0.00	0			0	0
S084_S030	72538	0	0.00	0			0	0
S084_S091	80414	0	0.00	0			0	0
S084_S132	65172	0	0.00	0			0	0
S084_S021	93289	0	0.00	0			0	0
S084_S080	83545	0	0.00	0			0	0
S084_S027	67615	0	0.00	0			0	0
S084_S062	66620	0	0.00	0			0	0
S084_S039	87009	0	0.00	0			0	0
S084_S087	77269	0	0.00	0			0	0
S084_S086	150632	0	0.00	0			0	0
S084_S138	55598	0	0.00	0			0	0
S084_S101	73165	0	0.00	0			0	0
S084_S029	61390	0	0.00	0			0	0
S084_S008	68151	0	0.00	0			0	0
S084_S142	69538	0	0.00	0			0	0
S084_S042	66589	0	0.00	0			0	0
S084_S097	72948	0	0.00	0			0	0
S084_S072	96404	0	0.00	0			0	0
S084_S076	78062	0	0.00	0			0	0
S084_S055	78062	0	0.00	0			0	0
S084_S109	73127	12	0.02	1	255.0	255.0	255	255.0
S084_S040	72081	0	0.00	0			0	0
S084_S088	86760	0	0.00	0			0	0
S084_S024	70742	0	0.00	0			0	0
S084_S141	77885	14	0.02	1	319.0	319.0	319	319.0
S084_S063	68109	0	0.00	0			0	0
S084_S032	86445	0	0.00	0			0	0
S084_S073	73966	0	0.00	0			0	0
S084_S037	71923	0	0.00	0			0	0
S084_S028	73704	0	0.00	0			0	0
S084_S103	79738	0	0.00	0			0	0
S084_S054	134550	0	0.00	0			0	0
S084_S117	69920	12	0.02	1	266.0	266.0	266	266.0
S084_S034	78034	0	0.00	0			0	0
S084_S025	96185	0	0.00	0			0	0
S084_S023	68030	0	0.00	0			0	0
S084_S123	68401	12	0.02	1	280.0	280.0	280	280.0
S084_S106	66938	0	0.00	0			0	0
S084_S137	93002	0	0.00	0			0	0
S084_S118	76488	0	0.00	0			0	0
S084_S105	65379	0	0.00	0			0	0
S084_S069	97493	0	0.00	0			0	0
S084_S092	69561	0	0.00	0			0	0
S084_S066	93495	0	0.00	0			0	0
S084_S075	75811	0	0.00	0			0	0
S084_S065	83142	0	0.00	0			0	0
S084_S099	83929	0	0.00	0			0	0
S084_S059	53293	0	0.00	0			0	0
S084_S130	95097	0	0.00	0			0	0
S084_S126	84462	0	0.00	0			0	0
S084_S051	78812	0	0.00	0			0	0
S084_S064	62996	0	0.00	0			0	0
S084_S134	95192	0	0.00	0			0	0
S084_S056	71514	0	0.00	0			0	0
S084_S140	54811	14	0.03	1	272.0	272.0	272	272.0
S084_S114	66000	0	0.00	0			0	0
S084_S049	71682	0	0.00	0			0	0
S084_S128	75598	0	0.00	0			0	0
S084_S036	54324	0	0.00	0			0	0
S084_S112	84454	0	0.00	0			0	0
S084_S045	56643	0	0.00	0			0	0
S084_S058	88079	0	0.00	0			0	0
S084_S057	93148	0	0.00	0			0	0
S084_S113	74308	12	0.02	1	252.0	252.0	252	252.0
S084_S013	68775	0	0.00	0			0	0
S084_S038	108308	0	0.00	0			0	0
S084_S119	84708	12	0.01	1	266.0	266.0	266	266.0
S084_S043	100332	0	0.00	0			0	0
S084_S120	78189	0	0.00	0			0	0
S084_S135	82916	0	0.00	0			0	0
S084_S020	67614	0	0.00	0			0	0
S084_S053	69319	0	0.00	0			0	0
S084_S094	56011	0	0.00	0			0	0
S084_S145	66694	0	0.00	0			0	0
S084_S081	78013	0	0.00	0			0	0
S084_S124	104430	0	0.00	0			0	0
S084_S061	85111	0	0.00	0			0	0
S084_S129	62055	0	0.00	0			0	0
S084_S127	77302	12	0.02	1	270.0	270.0	270	270.0
S084_S079	67421	0	0.00	0			0	0
S084_S019	81099	0	0.00	0			0	0
S084_S017	67957	0	0.00	0			0	0
S084_S136	64523	0	0.00	0			0	0
S084_S144	84122	378	0.45	26	802.0	268.0	339.5	326
S084_S143	63892	713	1.12	50	722.0	256.0	331.48	309.5
S084_S110	70033	12	0.02	1	255.0	255.0	255	255.0
S084_S010	67443	0	0.00	0			0	0
S084_S050	76656	0	0.00	0			0	0
S084_S139	57269	0	0.00	0			0	0
S084_S014	66962	0	0.00	0			0	0
S084_S004	68637	0	0.00	0			0	0
S084_S078	83155	0	0.00	0			0	0
S084_S033	117162	0	0.00	0			0	0
S084_S074	80479	0	0.00	0			0	0
S084_S111	103216	0	0.00	0			0	0
S084_S016	67987	0	0.00	0			0	0
S084_S104	73062	0	0.00	0			0	0
S084_S003	67379	0	0.00	0			0	0
S084_S068	48765	0	0.00	0			0	0
S084_S001	66729	0	0.00	0			0	0
S084_S102	78648	0	0.00	0			0	0
S084_S002	93521	0	0.00	0			0	0
S084_S022	63697	0	0.00	0			0	0
S084_S046	92907	0	0.00	0			0	0
S084_S077	77345	0	0.00	0			0	0
S084_S089	89372	0	0.00	0			0	0
S084_S095	46316	0	0.00	0			0	0
S084_S052	78574	0	0.00	0			0	0
S084_S011	67793	0	0.00	0			0	0
S084_S048	67577	0	0.00	0			0	0
S084_S007	66748	0	0.00	0			0	0
S084_S012	67560	0	0.00	0			0	0
S084_S060	90184	0	0.00	0			0	0
S084_S026	120406	0	0.00	0			0	0
S084_S093	95917	0	0.00	0			0	0
S084_S070	66403	0	0.00	0			0	0
S125_S018	66562	22007	33.06	523	6425.0	250.0	1006.09560229446	607.0
S125_S085	79273	0	0.00	0			0	0
S125_S108	102270	0	0.00	0			0	0
S125_S107	74159	0	0.00	0			0	0
S125_S035	70443	36	0.05	3	279.0	261.0	270	270.0
S125_S100	71918	0	0.00	0			0	0
S125_S015	74296	21146	28.46	665	4552.0	250.0	776.160902255639	578.0
S125_S083	57054	0	0.00	0			0	0
S125_S121	63704	0	0.00	0			0	0
S125_S133	106109	0	0.00	0			0	0
S125_S005	59763	19279	32.26	583	5733.0	262.0	799.445969125214	576.0
S125_S044	57314	78	0.14	6	330.0	264.0	280.333333333333	272.5
S125_S122	72816	0	0.00	0			0	0
S125_S041	61346	0	0.00	0			0	0
S125_S090	79201	22403	28.29	600	6035.0	254.0	894.525	586
S125_S082	80759	21595	26.74	615	6085.0	256.0	835.656910569106	600.0
S125_S067	57143	1734	3.03	117	690.0	250.0	337.641025641026	305.0
S125_S115	64531	0	0.00	0			0	0
S125_S096	58759	28	0.05	4	272.0	256.0	264.75	265.5
S125_S031	72107	5062	7.02	298	990.0	254.0	396.718120805369	352.5
S125_S047	94756	26266	27.72	708	5965.0	264.0	915.659604519774	663.5
S125_S009	58705	19322	32.91	596	5230.0	261.0	784.093959731544	571.5
S125_S006	66949	20943	31.28	505	6234.0	258.0	994.926732673267	625.0
S125_S030	64396	4410	6.85	276	861.0	250.0	379.06884057971	343
S125_S091	72272	4711	6.52	210	2088.0	252.0	500.1	410
S125_S132	57030	0	0.00	0			0	0
S125_S021	85147	20885	24.53	514	5528.0	250.0	960.842412451362	594.5
S125_S080	75403	23164	30.72	595	6365.0	257.0	927.712605042017	625.0
S125_S027	59473	3345	5.62	204	813.0	262.0	390.573529411765	346.5
S125_S062	58478	2944	5.03	189	783.0	250.0	368.328042328042	337.0
S125_S039	78867	0	0.00	0			0	0
S125_S087	69127	11145	16.12	503	3262.0	261.0	535.341948310139	439.0
S125_S086	142490	17685	12.41	676	4200.0	250.0	611.260355029586	477.5
S125_S138	47456	0	0.00	0			0	0
S125_S101	65023	0	0.00	0			0	0
S125_S029	53248	1873	3.52	122	769.0	254.0	364.975409836066	340
S125_S008	60009	19041	31.73	630	4427.0	255.0	730.731746031746	541.5
S125_S142	61396	0	0.00	0			0	0
S125_S042	58447	30	0.05	2	344.0	301.0	322.5	322.5
S125_S097	64806	1958	3.02	135	701.0	251.0	340.866666666667	325.0
S125_S072	88262	0	0.00	0			0	0
S125_S076	69920	19598	28.03	692	6277.0	252.0	685.067919075144	523.5
S125_S055	69920	19598	28.03	692	6277.0	252.0	685.067919075144	523.5
S125_S109	64985	0	0.00	0			0	0
S125_S040	63939	1219	1.91	84	720.0	252.0	331.666666666667	311.5
S125_S088	78618	22528	28.66	587	6123.0	250.0	918.369676320273	586.0
S125_S024	62600	7857	12.55	457	1014.0	255.0	407.833698030635	367.0
S125_S141	69743	0	0.00	0			0	0
S125_S063	59967	23158	38.62	469	8292.0	253.0	1193.33475479744	762.0
S125_S032	78303	22933	29.29	623	6485.0	254.0	876.335473515249	624.0
S125_S073	65824	0	0.00	0			0	0
S125_S037	63781	36	0.06	3	280.0	262.0	273.333333333333	278.0
S125_S028	65562	4227	6.45	261	965.0	252.0	381.984674329502	346.0
S125_S103	71596	0	0.00	0			0	0
S125_S054	126408	26115	20.66	493	8132.0	264.0	1226.00405679513	861.0
S125_S117	61778	0	0.00	0			0	0
S125_S034	69892	0	0.00	0			0	0
S125_S025	88043	5121	5.82	340	988.0	254.0	388.391176470588	344
S125_S023	59888	19533	32.62	578	5523.0	258.0	816.593425605536	574.5
S125_S123	60259	0	0.00	0			0	0
S125_S106	58796	0	0.00	0			0	0
S125_S137	84860	0	0.00	0			0	0
S125_S118	68346	0	0.00	0			0	0
S125_S105	57237	0	0.00	0			0	0
S125_S069	89351	12	0.01	1	275.0	275.0	275	275.0
S125_S092	61419	0	0.00	0			0	0
S125_S066	85353	1255	1.47	84	753.0	251.0	340.392857142857	312.5
S125_S075	67669	20167	29.80	427	9058.0	273.0	1140.15456674473	709.0
S125_S065	75000	24	0.03	2	272.0	255.0	263.5	263.5
S125_S099	75787	23141	30.53	588	7924.0	250.0	935.72619047619	667
S125_S059	45151	735	1.63	50	576.0	257.0	352.26	343
S125_S130	86955	0	0.00	0			0	0
S125_S126	76320	0	0.00	0			0	0
S125_S051	70670	21765	30.80	607	6872.0	254.0	855.255354200988	589.0
S125_S064	54854	11544	21.04	566	3156.0	266.0	498.266784452297	399
S125_S134	87050	0	0.00	0			0	0
S125_S056	63372	3188	5.03	202	755.0	255.0	369.806930693069	333
S125_S140	46669	0	0.00	0			0	0
S125_S114	57858	0	0.00	0			0	0
S125_S049	63540	22011	34.64	637	6676.0	259.0	833.813186813187	585.0
S125_S128	67456	0	0.00	0			0	0
S125_S036	46182	58	0.13	4	334.0	279.0	304.5	302.5
S125_S112	76312	0	0.00	0			0	0
S125_S045	48501	30	0.06	2	382.0	282.0	332	332
S125_S058	79937	20736	25.94	581	6943.0	255.0	843.580034423408	597.0
S125_S057	85006	27104	31.88	321	14245.0	250.0	1997.31464174455	1042.0
S125_S113	66166	0	0.00	0			0	0
S125_S013	60633	19259	31.76	583	5484.0	254.0	804.6243567753	576.0
S125_S038	100166	22116	22.08	581	6151.0	253.0	891.304647160069	623.0
S125_S119	76566	0	0.00	0			0	0
S125_S043	92190	20737	22.49	585	5941.0	258.0	832.574358974359	577.0
S125_S120	70047	0	0.00	0			0	0
S125_S135	74774	0	0.00	0			0	0
S125_S020	59472	18837	31.67	604	4730.0	256.0	754.943708609272	578.5
S125_S053	61177	941	1.54	66	680.0	250.0	327.742424242424	310.5
S125_S094	47869	0	0.00	0			0	0
S125_S145	58552	0	0.00	0			0	0
S125_S081	69871	3868	5.54	238	1001.0	253.0	380.554621848739	339
S125_S124	96288	0	0.00	0			0	0
S125_S061	76969	878	1.14	64	663.0	250.0	314.21875	288
S125_S129	53913	0	0.00	0			0	0
S125_S127	69160	0	0.00	0			0	0
S125_S079	59279	43	0.07	4	349.0	265.0	289.5	272
S125_S019	72957	21044	28.84	514	6384.0	252.0	982.410505836576	621.5
S125_S017	59815	19215	32.12	581	5230.0	267.0	798.046471600689	572.0
S125_S136	56381	0	0.00	0			0	0
S125_S144	75980	0	0.00	0			0	0
S125_S143	55750	0	0.00	0			0	0
S125_S110	61891	0	0.00	0			0	0
S125_S010	59301	18861	31.81	512	5423.0	258.0	890.03515625	577.5
S125_S050	68514	5053	7.38	308	937.0	252.0	384.165584415584	342.5
S125_S139	49127	0	0.00	0			0	0
S125_S014	58820	19472	33.10	585	4114.0	265.0	804.841025641026	578.0
S125_S004	60495	19882	32.87	513	5868.0	251.0	933.01559454191	615.0
S125_S078	75013	22154	29.53	641	5335.0	250.0	822.882995319813	591.0
S125_S033	109020	21352	19.59	534	6585.0	253.0	941.132958801498	654.5
S125_S074	72337	705	0.97	51	710.0	251.0	320.921568627451	314.0
S125_S111	95074	0	0.00	0			0	0
S125_S016	59845	18239	30.48	601	4830.0	250.0	734.327787021631	567.0
S125_S104	64920	0	0.00	0			0	0
S125_S003	59237	19194	32.40	595	5106.0	250.0	780.598319327731	538.0
S125_S068	40623	0	0.00	0			0	0
S125_S001	58587	19374	33.07	582	5046.0	265.0	805.486254295533	575
S125_S102	70506	0	0.00	0			0	0
S125_S002	85379	21119	24.74	521	6137.0	262.0	958.069097888676	614.0
S125_S022	55555	19370	34.87	587	4958.0	257.0	800.567291311755	573.0
S125_S046	84765	1323	1.56	91	720.0	251.0	334.758241758242	302.0
S125_S077	69203	21763	31.45	623	5163.0	253.0	834.213483146067	582.0
S125_S089	81230	18879	23.24	656	3310.0	251.0	688.231707317073	529
S125_S095	38174	0	0.00	0			0	0
S125_S052	70432	22782	32.35	631	6471.0	258.0	866.076069730586	603.0
S125_S011	59651	19777	33.15	565	4023.0	261.0	844.373451327434	601.0
S125_S048	59435	22	0.04	2	323.0	315.0	319	319
S125_S007	58606	19699	33.61	548	5168.0	253.0	867.113138686131	586.5
S125_S012	59418	18397	30.96	639	3825.0	252.0	697.472613458529	540.0
S125_S060	82042	829	1.01	59	716.0	250.0	320.779661016949	305.0
S125_S026	112264	4591	4.09	273	921.0	251.0	382.59706959707	343.0
S125_S093	87775	766	0.87	55	620.0	252.0	320.2	303.0
S125_S070	58261	28	0.05	3	365.0	250.0	305.666666666667	302.0
S018_S085	80963	0	0.00	0			0	0
S018_S108	103960	26	0.03	2	348.0	291.0	319.5	319.5
S018_S107	75849	1460	1.92	102	902.0	251.0	329.460784313725	301.5
S018_S035	72133	0	0.00	0			0	0
S018_S100	73608	19079	25.92	548	8547.0	257.0	823.771897810219	567.5
S018_S015	75986	0	0.00	0			0	0
S018_S083	58744	0	0.00	0			0	0
S018_S121	65394	19728	30.17	473	5822.0	268.0	990.53488372093	646.0
S018_S133	107799	22095	20.50	552	6893.0	251.0	928.204710144928	638
S018_S005	61453	0	0.00	0			0	0
S018_S044	59004	0	0.00	0			0	0
S018_S122	74506	11480	15.41	576	2487.0	262.0	484.064236111111	403
S018_S041	63036	0	0.00	0			0	0
S018_S090	80891	0	0.00	0			0	0
S018_S082	82449	0	0.00	0			0	0
S018_S067	58833	0	0.00	0			0	0
S018_S115	66221	18040	27.24	617	7177.0	250.0	702.366288492707	538.0
S018_S096	60449	0	0.00	0			0	0
S018_S031	73797	0	0.00	0			0	0
S018_S047	96446	0	0.00	0			0	0
S018_S009	60395	0	0.00	0			0	0
S018_S006	68639	0	0.00	0			0	0
S018_S030	66086	0	0.00	0			0	0
S018_S091	73962	0	0.00	0			0	0
S018_S132	58720	1945	3.31	142	861.0	251.0	337.830985915493	323
S018_S021	86837	0	0.00	0			0	0
S018_S080	77093	0	0.00	0			0	0
S018_S027	61163	0	0.00	0			0	0
S018_S062	60168	0	0.00	0			0	0
S018_S039	80557	0	0.00	0			0	0
S018_S087	70817	0	0.00	0			0	0
S018_S086	144180	0	0.00	0			0	0
S018_S138	49146	0	0.00	0			0	0
S018_S101	66713	16301	24.43	627	5998.0	250.0	622.671451355662	482.0
S018_S029	54938	0	0.00	0			0	0
S018_S008	61699	0	0.00	0			0	0
S018_S142	63086	18857	29.89	445	8571.0	265.0	1005.5191011236	613.0
S018_S042	60137	0	0.00	0			0	0
S018_S097	66496	0	0.00	0			0	0
S018_S072	89952	0	0.00	0			0	0
S018_S076	71610	0	0.00	0			0	0
S018_S055	71610	0	0.00	0			0	0
S018_S109	66675	3001	4.50	189	948.0	259.0	377.31746031746	343.0
S018_S040	65629	0	0.00	0			0	0
S018_S088	80308	0	0.00	0			0	0
S018_S024	64290	0	0.00	0			0	0
S018_S141	71433	16666	23.33	753	2245.0	262.0	551.464807436919	452.0
S018_S063	61657	0	0.00	0			0	0
S018_S032	79993	0	0.00	0			0	0
S018_S073	67514	0	0.00	0			0	0
S018_S037	65471	0	0.00	0			0	0
S018_S028	67252	0	0.00	0			0	0
S018_S103	73286	17528	23.92	675	3479.0	250.0	628.88	522.0
S018_S054	128098	0	0.00	0			0	0
S018_S117	63468	16371	25.79	579	5513.0	252.0	676.312607944732	515.0
S018_S034	71582	0	0.00	0			0	0
S018_S025	89733	0	0.00	0			0	0
S018_S023	61578	0	0.00	0			0	0
S018_S123	61949	16181	26.12	620	3500.0	251.0	649.843548387097	494
S018_S106	60486	4699	7.77	286	957.0	251.0	385.671328671329	345.5
S018_S137	86550	3666	4.24	239	1052.0	259.0	382.179916317992	344.0
S018_S118	70036	17547	25.05	703	2829.0	259.0	603.613086770981	487.0
S018_S105	58927	1442	2.45	102	623.0	257.0	339.686274509804	333.5
S018_S069	91041	0	0.00	0			0	0
S018_S092	63109	0	0.00	0			0	0
S018_S066	87043	0	0.00	0			0	0
S018_S075	69359	0	0.00	0			0	0
S018_S065	76690	0	0.00	0			0	0
S018_S099	77477	0	0.00	0			0	0
S018_S059	46841	0	0.00	0			0	0
S018_S130	88645	4822	5.44	289	1306.0	253.0	401.041522491349	344.0
S018_S126	78010	21171	27.14	527	6282.0	260.0	950.106261859583	622.0
S018_S051	72360	0	0.00	0			0	0
S018_S064	56544	0	0.00	0			0	0
S018_S134	88740	21928	24.71	556	7775.0	251.0	939.212230215827	643.5
S018_S056	65062	0	0.00	0			0	0
S018_S140	48359	58	0.12	4	318.0	252.0	285	285
S018_S114	59548	14786	24.83	647	2598.0	255.0	552.673879443586	447.0
S018_S049	65230	0	0.00	0			0	0
S018_S128	69146	16276	23.54	610	6927.0	251.0	631.33606557377	481
S018_S036	47872	0	0.00	0			0	0
S018_S112	78002	6838	8.77	395	1373.0	251.0	403.321518987342	361.0
S018_S045	50191	0	0.00	0			0	0
S018_S058	81627	0	0.00	0			0	0
S018_S057	86696	0	0.00	0			0	0
S018_S113	67856	18635	27.46	651	5154.0	252.0	685.268817204301	527.0
S018_S013	62323	0	0.00	0			0	0
S018_S038	101856	0	0.00	0			0	0
S018_S119	78256	21126	27.00	587	4896.0	251.0	859.155025553663	582.0
S018_S043	93880	0	0.00	0			0	0
S018_S120	71737	20062	27.97	505	5461.0	259.0	940.815841584158	615.0
S018_S135	76464	20913	27.35	422	11083.0	250.0	1167.07582938389	689
S018_S020	61162	0	0.00	0			0	0
S018_S053	62867	0	0.00	0			0	0
S018_S094	49559	0	0.00	0			0	0
S018_S145	60242	596	0.99	42	712.0	251.0	324.785714285714	304.5
S018_S081	71561	0	0.00	0			0	0
S018_S124	97978	20798	21.23	640	4749.0	253.0	765.0921875	558
S018_S061	78659	0	0.00	0			0	0
S018_S129	55603	52	0.09	4	319.0	260.0	283.5	277.5
S018_S127	70850	900	1.27	63	859.0	256.0	329.285714285714	301.0
S018_S079	60969	0	0.00	0			0	0
S018_S019	74647	0	0.00	0			0	0
S018_S017	61505	0	0.00	0			0	0
S018_S136	58071	13650	23.51	603	2555.0	263.0	547.315091210614	460.0
S018_S144	77670	0	0.00	0			0	0
S018_S143	57440	0	0.00	0			0	0
S018_S110	63581	32	0.05	2	396.0	273.0	334.5	334.5
S018_S010	60991	0	0.00	0			0	0
S018_S050	70204	0	0.00	0			0	0
S018_S139	50817	237	0.47	17	436.0	255.0	310.647058823529	289.0
S018_S014	60510	0	0.00	0			0	0
S018_S004	62185	0	0.00	0			0	0
S018_S078	76703	0	0.00	0			0	0
S018_S033	110710	0	0.00	0			0	0
S018_S074	74027	0	0.00	0			0	0
S018_S111	96764	1067	1.10	72	640.0	257.0	359.944444444444	345.5
S018_S016	61535	0	0.00	0			0	0
S018_S104	66610	1622	2.44	111	694.0	260.0	350.972972972973	337.0
S018_S003	60927	0	0.00	0			0	0
S018_S068	42313	0	0.00	0			0	0
S018_S001	60277	0	0.00	0			0	0
S018_S102	72196	20110	27.85	592	7808.0	252.0	807.496621621622	534
S018_S002	87069	0	0.00	0			0	0
S018_S022	57245	0	0.00	0			0	0
S018_S046	86455	0	0.00	0			0	0
S018_S077	70893	0	0.00	0			0	0
S018_S089	82920	0	0.00	0			0	0
S018_S095	39864	0	0.00	0			0	0
S018_S052	72122	0	0.00	0			0	0
S018_S011	61341	0	0.00	0			0	0
S018_S048	61125	0	0.00	0			0	0
S018_S007	60296	0	0.00	0			0	0
S018_S012	61108	0	0.00	0			0	0
S018_S060	83732	0	0.00	0			0	0
S018_S026	113954	0	0.00	0			0	0
S018_S093	89465	0	0.00	0			0	0
S018_S070	59951	0	0.00	0			0	0
S085_S108	116671	0	0.00	0			0	0
S085_S107	88560	26	0.03	2	405.0	291.0	348	348
S085_S035	84844	0	0.00	0			0	0
S085_S100	86319	0	0.00	0			0	0
S085_S015	88697	0	0.00	0			0	0
S085_S083	71455	0	0.00	0			0	0
S085_S121	78105	12	0.02	1	276.0	276.0	276	276.0
S085_S133	120510	12	0.01	1	279.0	279.0	279	279.0
S085_S005	74164	0	0.00	0			0	0
S085_S044	71715	0	0.00	0			0	0
S085_S122	87217	0	0.00	0			0	0
S085_S041	75747	0	0.00	0			0	0
S085_S090	93602	0	0.00	0			0	0
S085_S082	95160	0	0.00	0			0	0
S085_S067	71544	0	0.00	0			0	0
S085_S115	78932	14	0.02	1	299.0	299.0	299	299.0
S085_S096	73160	0	0.00	0			0	0
S085_S031	86508	0	0.00	0			0	0
S085_S047	109157	0	0.00	0			0	0
S085_S009	73106	0	0.00	0			0	0
S085_S006	81350	0	0.00	0			0	0
S085_S030	78797	0	0.00	0			0	0
S085_S091	86673	0	0.00	0			0	0
S085_S132	71431	0	0.00	0			0	0
S085_S021	99548	0	0.00	0			0	0
S085_S080	89804	0	0.00	0			0	0
S085_S027	73874	0	0.00	0			0	0
S085_S062	72879	0	0.00	0			0	0
S085_S039	93268	0	0.00	0			0	0
S085_S087	83528	0	0.00	0			0	0
S085_S086	156891	0	0.00	0			0	0
S085_S138	61857	0	0.00	0			0	0
S085_S101	79424	0	0.00	0			0	0
S085_S029	67649	0	0.00	0			0	0
S085_S008	74410	0	0.00	0			0	0
S085_S142	75797	0	0.00	0			0	0
S085_S042	72848	0	0.00	0			0	0
S085_S097	79207	0	0.00	0			0	0
S085_S072	102663	0	0.00	0			0	0
S085_S076	84321	0	0.00	0			0	0
S085_S055	84321	0	0.00	0			0	0
S085_S109	79386	0	0.00	0			0	0
S085_S040	78340	0	0.00	0			0	0
S085_S088	93019	0	0.00	0			0	0
S085_S024	77001	0	0.00	0			0	0
S085_S141	84144	0	0.00	0			0	0
S085_S063	74368	0	0.00	0			0	0
S085_S032	92704	0	0.00	0			0	0
S085_S073	80225	0	0.00	0			0	0
S085_S037	78182	0	0.00	0			0	0
S085_S028	79963	0	0.00	0			0	0
S085_S103	85997	0	0.00	0			0	0
S085_S054	140809	0	0.00	0			0	0
S085_S117	76179	24	0.03	2	264.0	253.0	258.5	258.5
S085_S034	84293	0	0.00	0			0	0
S085_S025	102444	0	0.00	0			0	0
S085_S023	74289	0	0.00	0			0	0
S085_S123	74660	0	0.00	0			0	0
S085_S106	73197	0	0.00	0			0	0
S085_S137	99261	0	0.00	0			0	0
S085_S118	82747	0	0.00	0			0	0
S085_S105	71638	0	0.00	0			0	0
S085_S069	103752	0	0.00	0			0	0
S085_S092	75820	0	0.00	0			0	0
S085_S066	99754	0	0.00	0			0	0
S085_S075	82070	0	0.00	0			0	0
S085_S065	89401	0	0.00	0			0	0
S085_S099	90188	0	0.00	0			0	0
S085_S059	59552	0	0.00	0			0	0
S085_S130	101356	0	0.00	0			0	0
S085_S126	90721	12	0.01	1	269.0	269.0	269	269.0
S085_S051	85071	0	0.00	0			0	0
S085_S064	69255	0	0.00	0			0	0
S085_S134	101451	0	0.00	0			0	0
S085_S056	77773	0	0.00	0			0	0
S085_S140	61070	0	0.00	0			0	0
S085_S114	72259	0	0.00	0			0	0
S085_S049	77941	0	0.00	0			0	0
S085_S128	81857	0	0.00	0			0	0
S085_S036	60583	0	0.00	0			0	0
S085_S112	90713	0	0.00	0			0	0
S085_S045	62902	0	0.00	0			0	0
S085_S058	94338	0	0.00	0			0	0
S085_S057	99407	0	0.00	0			0	0
S085_S113	80567	0	0.00	0			0	0
S085_S013	75034	0	0.00	0			0	0
S085_S038	114567	0	0.00	0			0	0
S085_S119	90967	0	0.00	0			0	0
S085_S043	106591	0	0.00	0			0	0
S085_S120	84448	0	0.00	0			0	0
S085_S135	89175	0	0.00	0			0	0
S085_S020	73873	0	0.00	0			0	0
S085_S053	75578	0	0.00	0			0	0
S085_S094	62270	0	0.00	0			0	0
S085_S145	72953	12	0.02	1	261.0	261.0	261	261.0
S085_S081	84272	0	0.00	0			0	0
S085_S124	110689	0	0.00	0			0	0
S085_S061	91370	0	0.00	0			0	0
S085_S129	68314	0	0.00	0			0	0
S085_S127	83561	0	0.00	0			0	0
S085_S079	73680	0	0.00	0			0	0
S085_S019	87358	0	0.00	0			0	0
S085_S017	74216	0	0.00	0			0	0
S085_S136	70782	0	0.00	0			0	0
S085_S144	90381	266	0.29	19	641.0	264.0	326.263157894737	288.0
S085_S143	70151	476	0.68	36	593.0	250.0	307.555555555556	289.5
S085_S110	76292	0	0.00	0			0	0
S085_S010	73702	0	0.00	0			0	0
S085_S050	82915	0	0.00	0			0	0
S085_S139	63528	0	0.00	0			0	0
S085_S014	73221	0	0.00	0			0	0
S085_S004	74896	0	0.00	0			0	0
S085_S078	89414	0	0.00	0			0	0
S085_S033	123421	0	0.00	0			0	0
S085_S074	86738	0	0.00	0			0	0
S085_S111	109475	0	0.00	0			0	0
S085_S016	74246	0	0.00	0			0	0
S085_S104	79321	0	0.00	0			0	0
S085_S003	73638	0	0.00	0			0	0
S085_S068	55024	0	0.00	0			0	0
S085_S001	72988	0	0.00	0			0	0
S085_S102	84907	0	0.00	0			0	0
S085_S002	99780	0	0.00	0			0	0
S085_S022	69956	0	0.00	0			0	0
S085_S046	99166	0	0.00	0			0	0
S085_S077	83604	0	0.00	0			0	0
S085_S089	95631	0	0.00	0			0	0
S085_S095	52575	0	0.00	0			0	0
S085_S052	84833	0	0.00	0			0	0
S085_S011	74052	0	0.00	0			0	0
S085_S048	73836	0	0.00	0			0	0
S085_S007	73007	0	0.00	0			0	0
S085_S012	73819	0	0.00	0			0	0
S085_S060	96443	0	0.00	0			0	0
S085_S026	126665	0	0.00	0			0	0
S085_S093	102176	0	0.00	0			0	0
S085_S070	72662	0	0.00	0			0	0
S108_S107	111557	0	0.00	0			0	0
S108_S035	107841	0	0.00	0			0	0
S108_S100	109316	0	0.00	0			0	0
S108_S015	111694	32	0.03	3	348.0	289.0	308.666666666667	289.0
S108_S083	94452	0	0.00	0			0	0
S108_S121	101102	0	0.00	0			0	0
S108_S133	143507	0	0.00	0			0	0
S108_S005	97161	0	0.00	0			0	0
S108_S044	94712	0	0.00	0			0	0
S108_S122	110214	0	0.00	0			0	0
S108_S041	98744	0	0.00	0			0	0
S108_S090	116599	12	0.01	1	282.0	282.0	282	282.0
S108_S082	118157	40	0.03	3	344.0	275.0	316	329.0
S108_S067	94541	1499	1.59	100	1094.0	274.0	368.54	342.5
S108_S115	101929	0	0.00	0			0	0
S108_S096	96157	0	0.00	0			0	0
S108_S031	109505	52	0.05	4	336.0	273.0	304.25	304
S108_S047	132154	38	0.03	3	344.0	275.0	298	275.0
S108_S009	96103	26	0.03	2	349.0	293.0	321	321
S108_S006	104347	38	0.04	3	349.0	286.0	309.333333333333	293.0
S108_S030	101794	12	0.01	1	291.0	291.0	291	291.0
S108_S091	109670	0	0.00	0			0	0
S108_S132	94428	0	0.00	0			0	0
S108_S021	122545	38	0.03	3	346.0	282.0	305.333333333333	288.0
S108_S080	112801	26	0.02	2	334.0	281.0	307.5	307.5
S108_S027	96871	40	0.04	3	347.0	292.0	328	345.0
S108_S062	95876	12	0.01	1	293.0	293.0	293	293.0
S108_S039	116265	0	0.00	0			0	0
S108_S087	106525	14	0.01	1	349.0	349.0	349	349.0
S108_S086	179888	14	0.01	1	328.0	328.0	328	328.0
S108_S138	84854	0	0.00	0			0	0
S108_S101	102421	0	0.00	0			0	0
S108_S029	90646	0	0.00	0			0	0
S108_S008	97407	12	0.01	1	298.0	298.0	298	298.0
S108_S142	98794	0	0.00	0			0	0
S108_S042	95845	0	0.00	0			0	0
S108_S097	102204	12	0.01	1	294.0	294.0	294	294.0
S108_S072	125660	0	0.00	0			0	0
S108_S076	107318	26	0.02	2	349.0	285.0	317	317
S108_S055	107318	26	0.02	2	349.0	285.0	317	317
S108_S109	102383	0	0.00	0			0	0
S108_S040	101337	1355	1.34	84	970.0	269.0	391.190476190476	345.5
S108_S088	116016	12	0.01	1	297.0	297.0	297	297.0
S108_S024	99998	66	0.07	5	396.0	274.0	319.8	300.0
S108_S141	107141	0	0.00	0			0	0
S108_S063	97365	36	0.04	3	292.0	274.0	281.333333333333	278.0
S108_S032	115701	66	0.06	5	345.0	285.0	314	319.0
S108_S073	103222	0	0.00	0			0	0
S108_S037	101179	0	0.00	0			0	0
S108_S028	102960	36	0.03	3	299.0	272.0	286.666666666667	289.0
S108_S103	108994	0	0.00	0			0	0
S108_S054	163806	62	0.04	5	340.0	261.0	290.2	289.0
S108_S117	99176	0	0.00	0			0	0
S108_S034	107290	0	0.00	0			0	0
S108_S025	125441	72	0.06	6	377.0	280.0	313.166666666667	294.5
S108_S023	97286	26	0.03	2	349.0	294.0	321.5	321.5
S108_S123	97657	0	0.00	0			0	0
S108_S106	96194	0	0.00	0			0	0
S108_S137	122258	0	0.00	0			0	0
S108_S118	105744	0	0.00	0			0	0
S108_S105	94635	0	0.00	0			0	0
S108_S069	126749	0	0.00	0			0	0
S108_S092	98817	0	0.00	0			0	0
S108_S066	122751	1584	1.29	99	1025.0	263.0	384.737373737374	345.0
S108_S075	105067	0	0.00	0			0	0
S108_S065	112398	0	0.00	0			0	0
S108_S099	113185	50	0.04	4	345.0	281.0	299.5	286
S108_S059	82549	0	0.00	0			0	0
S108_S130	124353	0	0.00	0			0	0
S108_S126	113718	0	0.00	0			0	0
S108_S051	108068	52	0.05	4	348.0	263.0	310	314.5
S108_S064	92252	12	0.01	1	299.0	299.0	299	299.0
S108_S134	124448	0	0.00	0			0	0
S108_S056	100770	12	0.01	1	292.0	292.0	292	292.0
S108_S140	84067	0	0.00	0			0	0
S108_S114	95256	0	0.00	0			0	0
S108_S049	100938	66	0.07	5	348.0	286.0	314.4	322.0
S108_S128	104854	0	0.00	0			0	0
S108_S036	83580	0	0.00	0			0	0
S108_S112	113710	0	0.00	0			0	0
S108_S045	85899	0	0.00	0			0	0
S108_S058	117335	64	0.05	5	345.0	267.0	300	285.0
S108_S057	122404	50	0.04	4	344.0	261.0	295.5	288.5
S108_S113	103564	0	0.00	0			0	0
S108_S013	98031	38	0.04	3	348.0	275.0	306.333333333333	296.0
S108_S038	137564	52	0.04	4	340.0	263.0	303.5	305.5
S108_S119	113964	0	0.00	0			0	0
S108_S043	129588	40	0.03	3	344.0	291.0	316	313.0
S108_S120	107445	0	0.00	0			0	0
S108_S135	112172	0	0.00	0			0	0
S108_S020	96870	12	0.01	1	292.0	292.0	292	292.0
S108_S053	98575	2073	2.10	123	991.0	266.0	415.918699186992	394.0
S108_S094	85267	0	0.00	0			0	0
S108_S145	95950	0	0.00	0			0	0
S108_S081	107269	12	0.01	1	265.0	265.0	265	265.0
S108_S124	133686	0	0.00	0			0	0
S108_S061	114367	3039	2.66	180	1124.0	277.0	412.372222222222	385
S108_S129	91311	0	0.00	0			0	0
S108_S127	106558	0	0.00	0			0	0
S108_S079	96677	0	0.00	0			0	0
S108_S019	110355	26	0.02	2	349.0	283.0	316	316
S108_S017	97213	26	0.03	2	349.0	297.0	323	323
S108_S136	93779	0	0.00	0			0	0
S108_S144	113378	0	0.00	0			0	0
S108_S143	93148	0	0.00	0			0	0
S108_S110	99289	0	0.00	0			0	0
S108_S010	96699	0	0.00	0			0	0
S108_S050	105912	42	0.04	3	372.0	285.0	334	345.0
S108_S139	86525	0	0.00	0			0	0
S108_S014	96218	12	0.01	1	288.0	288.0	288	288.0
S108_S004	97893	38	0.04	3	347.0	292.0	311	294.0
S108_S078	112411	66	0.06	5	343.0	279.0	312.4	323.0
S108_S033	146418	26	0.02	2	332.0	273.0	302.5	302.5
S108_S074	109735	2528	2.30	153	1074.0	285.0	407.045751633987	384.0
S108_S111	132472	0	0.00	0			0	0
S108_S016	97243	26	0.03	2	349.0	298.0	323.5	323.5
S108_S104	102318	0	0.00	0			0	0
S108_S003	96635	0	0.00	0			0	0
S108_S068	78021	0	0.00	0			0	0
S108_S001	95985	0	0.00	0			0	0
S108_S102	107904	0	0.00	0			0	0
S108_S002	122777	14	0.01	1	347.0	347.0	347	347.0
S108_S022	92953	26	0.03	2	349.0	293.0	321	321
S108_S046	122163	1528	1.25	98	1090.0	260.0	383.142857142857	347
S108_S077	106601	38	0.04	3	341.0	282.0	303	286.0
S108_S089	118628	14	0.01	1	349.0	349.0	349	349.0
S108_S095	75572	0	0.00	0			0	0
S108_S052	107830	52	0.05	4	337.0	280.0	306	303.5
S108_S011	97049	12	0.01	1	288.0	288.0	288	288.0
S108_S048	96833	0	0.00	0			0	0
S108_S007	96004	26	0.03	2	349.0	298.0	323.5	323.5
S108_S012	96816	14	0.01	1	349.0	349.0	349	349.0
S108_S060	119440	3145	2.63	189	1129.0	281.0	407.68253968254	349.0
S108_S026	149662	42	0.03	3	351.0	266.0	313.666666666667	324.0
S108_S093	125173	2653	2.12	165	1043.0	268.0	396.666666666667	348.0
S108_S070	95659	0	0.00	0			0	0
S107_S035	79730	40	0.05	3	333.0	250.0	285	272.0
S107_S100	81205	0	0.00	0			0	0
S107_S015	83583	1265	1.51	89	950.0	255.0	333.797752808989	306.0
S107_S083	66341	0	0.00	0			0	0
S107_S121	72991	0	0.00	0			0	0
S107_S133	115396	0	0.00	0			0	0
S107_S005	69050	1410	2.04	100	869.0	253.0	327.46	296
S107_S044	66601	18	0.03	1	337.0	337.0	337	337.0
S107_S122	82103	0	0.00	0			0	0
S107_S041	70633	0	0.00	0			0	0
S107_S090	88488	1174	1.33	84	1007.0	251.0	325.952380952381	305
S107_S082	90046	1404	1.56	96	610.0	254.0	336.302083333333	306.5
S107_S067	66430	21356	32.15	238	16033.0	251.0	2206.52941176471	1081
S107_S115	73818	0	0.00	0			0	0
S107_S096	68046	0	0.00	0			0	0
S107_S031	81394	931	1.14	67	565.0	250.0	317.089552238806	290.0
S107_S047	104043	1100	1.06	77	777.0	252.0	334.948051948052	319.0
S107_S009	67992	1388	2.04	100	874.0	250.0	320.23	291
S107_S006	76236	1610	2.11	113	919.0	251.0	329.663716814159	309.0
S107_S030	73683	1062	1.44	76	631.0	252.0	317.513157894737	300
S107_S091	81559	52	0.06	4	300.0	259.0	280	280.5
S107_S132	66317	0	0.00	0			0	0
S107_S021	94434	1260	1.33	88	935.0	250.0	328.431818181818	306
S107_S080	84690	1375	1.62	94	952.0	251.0	334.425531914894	310.5
S107_S027	68760	598	0.87	45	573.0	252.0	312.422222222222	294.0
S107_S062	67765	471	0.70	35	448.0	250.0	312.114285714286	299.0
S107_S039	88154	12	0.01	1	260.0	260.0	260	260.0
S107_S087	78414	458	0.58	31	975.0	252.0	351.451612903226	315.0
S107_S086	151777	552	0.36	37	825.0	253.0	337.972972972973	318.0
S107_S138	56743	0	0.00	0			0	0
S107_S101	74310	0	0.00	0			0	0
S107_S029	62535	284	0.45	21	635.0	266.0	316.428571428571	297.0
S107_S008	69296	1353	1.95	96	922.0	252.0	326.541666666667	296
S107_S142	70683	0	0.00	0			0	0
S107_S042	67734	54	0.08	4	286.0	252.0	265.5	262
S107_S097	74093	485	0.65	38	554.0	254.0	308.394736842105	286.5
S107_S072	97549	0	0.00	0			0	0
S107_S076	79207	1067	1.35	76	543.0	250.0	322.789473684211	296.5
S107_S055	79207	1067	1.35	76	543.0	250.0	322.789473684211	296.5
S107_S109	74272	0	0.00	0			0	0
S107_S040	73226	17441	23.82	558	5624.0	250.0	752.948028673835	523
S107_S088	87905	1107	1.26	79	1011.0	250.0	326.873417721519	305.0
S107_S024	71887	1448	2.01	102	675.0	250.0	324.666666666667	296
S107_S141	79030	0	0.00	0			0	0
S107_S063	69254	1690	2.44	115	1024.0	252.0	337.704347826087	313.0
S107_S032	87590	1376	1.57	94	605.0	255.0	338.670212765957	319.5
S107_S073	75111	0	0.00	0			0	0
S107_S037	73068	152	0.21	11	377.0	251.0	284.636363636364	268.0
S107_S028	74849	815	1.09	63	406.0	252.0	307.793650793651	298.0
S107_S103	80883	0	0.00	0			0	0
S107_S054	135695	848	0.62	58	673.0	256.0	330.155172413793	314.5
S107_S117	71065	0	0.00	0			0	0
S107_S034	79179	0	0.00	0			0	0
S107_S025	97330	1037	1.07	83	488.0	250.0	309.385542168675	295.0
S107_S023	69175	1236	1.79	85	913.0	257.0	333.588235294118	310.0
S107_S123	69546	0	0.00	0			0	0
S107_S106	68083	0	0.00	0			0	0
S107_S137	94147	0	0.00	0			0	0
S107_S118	77633	0	0.00	0			0	0
S107_S105	66524	0	0.00	0			0	0
S107_S069	98638	0	0.00	0			0	0
S107_S092	70706	16	0.02	1	337.0	337.0	337	337.0
S107_S066	94640	18742	19.80	526	7858.0	255.0	852.526615969582	569.5
S107_S075	76956	916	1.19	65	486.0	250.0	318.415384615385	298.0
S107_S065	84287	30	0.04	2	338.0	266.0	302	302
S107_S099	85074	1480	1.74	103	586.0	250.0	328.640776699029	293.0
S107_S059	54438	156	0.29	11	425.0	262.0	337.272727272727	343.0
S107_S130	96242	0	0.00	0			0	0
S107_S126	85607	0	0.00	0			0	0
S107_S051	79957	1497	1.87	101	629.0	252.0	341.326732673267	321.0
S107_S064	64141	542	0.85	38	822.0	257.0	344.368421052632	339.5
S107_S134	96337	0	0.00	0			0	0
S107_S056	72659	667	0.92	49	538.0	254.0	313.081632653061	293.0
S107_S140	55956	0	0.00	0			0	0
S107_S114	67145	0	0.00	0			0	0
S107_S049	72827	1669	2.29	117	1054.0	250.0	331.316239316239	294.0
S107_S128	76743	0	0.00	0			0	0
S107_S036	55469	96	0.17	7	318.0	250.0	277.571428571429	274.0
S107_S112	85599	0	0.00	0			0	0
S107_S045	57788	76	0.13	5	339.0	260.0	298.8	302.0
S107_S058	89224	1177	1.32	79	630.0	250.0	342.759493670886	322.0
S107_S057	94293	1243	1.32	83	1001.0	250.0	341.144578313253	319.0
S107_S113	75453	0	0.00	0			0	0
S107_S013	69920	1467	2.10	103	919.0	252.0	330.456310679612	302.0
S107_S038	109453	1254	1.15	88	528.0	254.0	326.511363636364	301.5
S107_S119	85853	0	0.00	0			0	0
S107_S043	101477	1080	1.06	71	589.0	252.0	346.408450704225	324.0
S107_S120	79334	0	0.00	0			0	0
S107_S135	84061	0	0.00	0			0	0
S107_S020	68759	1160	1.69	80	920.0	252.0	337.8125	322
S107_S053	70464	12977	18.42	575	4377.0	251.0	556.930434782609	443.0
S107_S094	57156	0	0.00	0			0	0
S107_S145	67839	0	0.00	0			0	0
S107_S081	79158	668	0.84	48	484.0	255.0	318.145833333333	312
S107_S124	105575	0	0.00	0			0	0
S107_S061	86256	14077	16.32	562	4926.0	252.0	599.519572953737	460.5
S107_S129	63200	0	0.00	0			0	0
S107_S127	78447	0	0.00	0			0	0
S107_S079	68566	154	0.22	11	346.0	250.0	280.727272727273	267.0
S107_S019	82244	1435	1.74	98	913.0	250.0	337.428571428571	315.5
S107_S017	69102	1298	1.88	92	921.0	251.0	325.782608695652	298.5
S107_S136	65668	0	0.00	0			0	0
S107_S144	85267	0	0.00	0			0	0
S107_S143	65037	0	0.00	0			0	0
S107_S110	71178	0	0.00	0			0	0
S107_S010	68588	1476	2.15	102	828.0	252.0	331.382352941176	311.5
S107_S050	77801	860	1.11	60	583.0	252.0	325	308.5
S107_S139	58414	0	0.00	0			0	0
S107_S014	68107	1270	1.86	89	873.0	251.0	330.292134831461	302.0
S107_S004	69782	1557	2.23	106	868.0	255.0	334.320754716981	311.5
S107_S078	84300	1259	1.49	87	917.0	250.0	334.413793103448	315.0
S107_S033	118307	910	0.77	61	933.0	250.0	342.032786885246	320.0
S107_S074	81624	14000	17.15	583	4835.0	250.0	578.492281303602	439.0
S107_S111	104361	0	0.00	0			0	0
S107_S016	69132	1144	1.65	80	920.0	252.0	332.5875	305
S107_S104	74207	0	0.00	0			0	0
S107_S003	68524	1248	1.82	88	922.0	254.0	327.613636363636	293
S107_S068	49910	0	0.00	0			0	0
S107_S001	67874	1300	1.92	93	873.0	250.0	323.709677419355	294.0
S107_S102	79793	0	0.00	0			0	0
S107_S002	94666	1254	1.32	88	927.0	251.0	324.738636363636	291.5
S107_S022	64842	1378	2.13	97	779.0	250.0	327.443298969072	303.0
S107_S046	94052	16645	17.70	577	3733.0	254.0	709.63431542461	529.0
S107_S077	78490	1439	1.83	98	1017.0	254.0	336.938775510204	325
S107_S089	90517	826	0.91	57	995.0	251.0	336.421052631579	313.0
S107_S095	47461	0	0.00	0			0	0
S107_S052	79719	1409	1.77	98	909.0	251.0	332.428571428571	299
S107_S011	68938	1396	2.03	98	921.0	251.0	327.326530612245	300
S107_S048	68722	0	0.00	0			0	0
S107_S007	67893	1352	1.99	94	922.0	251.0	330.053191489362	302
S107_S012	68705	1186	1.73	86	817.0	252.0	319.546511627907	293.5
S107_S060	91329	14060	15.39	562	3159.0	253.0	602.186832740214	470
S107_S026	121551	653	0.54	48	457.0	250.0	309.416666666667	287.5
S107_S093	97062	12587	12.97	547	3429.0	255.0	558.672760511883	471.0
S107_S070	67548	28	0.04	2	289.0	250.0	269.5	269.5
S035_S100	77489	50	0.06	4	338.0	250.0	284.5	275
S035_S015	79867	0	0.00	0			0	0
S035_S083	62625	0	0.00	0			0	0
S035_S121	69275	24	0.03	2	288.0	263.0	275.5	275.5
S035_S133	111680	14	0.01	1	331.0	331.0	331	331.0
S035_S005	65334	0	0.00	0			0	0
S035_S044	62885	0	0.00	0			0	0
S035_S122	78387	0	0.00	0			0	0
S035_S041	66917	0	0.00	0			0	0
S035_S090	84772	0	0.00	0			0	0
S035_S082	86330	0	0.00	0			0	0
S035_S067	62714	0	0.00	0			0	0
S035_S115	70102	44	0.06	3	404.0	258.0	312.333333333333	275.0
S035_S096	64330	0	0.00	0			0	0
S035_S031	77678	0	0.00	0			0	0
S035_S047	100327	0	0.00	0			0	0
S035_S009	64276	0	0.00	0			0	0
S035_S006	72520	0	0.00	0			0	0
S035_S030	69967	0	0.00	0			0	0
S035_S091	77843	0	0.00	0			0	0
S035_S132	62601	46	0.07	4	326.0	253.0	280	270.5
S035_S021	90718	0	0.00	0			0	0
S035_S080	80974	0	0.00	0			0	0
S035_S027	65044	0	0.00	0			0	0
S035_S062	64049	0	0.00	0			0	0
S035_S039	84438	0	0.00	0			0	0
S035_S087	74698	0	0.00	0			0	0
S035_S086	148061	0	0.00	0			0	0
S035_S138	53027	0	0.00	0			0	0
S035_S101	70594	44	0.06	3	442.0	288.0	348.666666666667	316.0
S035_S029	58819	0	0.00	0			0	0
S035_S008	65580	0	0.00	0			0	0
S035_S142	66967	66	0.10	5	341.0	259.0	300.8	296.0
S035_S042	64018	0	0.00	0			0	0
S035_S097	70377	0	0.00	0			0	0
S035_S072	93833	0	0.00	0			0	0
S035_S076	75491	0	0.00	0			0	0
S035_S055	75491	0	0.00	0			0	0
S035_S109	70556	0	0.00	0			0	0
S035_S040	69510	0	0.00	0			0	0
S035_S088	84189	0	0.00	0			0	0
S035_S024	68171	0	0.00	0			0	0
S035_S141	75314	42	0.06	3	343.0	295.0	320.666666666667	324.0
S035_S063	65538	0	0.00	0			0	0
S035_S032	83874	0	0.00	0			0	0
S035_S073	71395	0	0.00	0			0	0
S035_S037	69352	0	0.00	0			0	0
S035_S028	71133	0	0.00	0			0	0
S035_S103	77167	40	0.05	3	338.0	285.0	314	319.0
S035_S054	131979	0	0.00	0			0	0
S035_S117	67349	36	0.05	3	278.0	252.0	269	277.0
S035_S034	75463	0	0.00	0			0	0
S035_S025	93614	0	0.00	0			0	0
S035_S023	65459	0	0.00	0			0	0
S035_S123	65830	12	0.02	1	274.0	274.0	274	274.0
S035_S106	64367	12	0.02	1	256.0	256.0	256	256.0
S035_S137	90431	26	0.03	2	320.0	266.0	293	293
S035_S118	73917	0	0.00	0			0	0
S035_S105	62808	12	0.02	1	280.0	280.0	280	280.0
S035_S069	94922	0	0.00	0			0	0
S035_S092	66990	0	0.00	0			0	0
S035_S066	90924	0	0.00	0			0	0
S035_S075	73240	0	0.00	0			0	0
S035_S065	80571	0	0.00	0			0	0
S035_S099	81358	0	0.00	0			0	0
S035_S059	50722	0	0.00	0			0	0
S035_S130	92526	0	0.00	0			0	0
S035_S126	81891	14	0.02	1	323.0	323.0	323	323.0
S035_S051	76241	0	0.00	0			0	0
S035_S064	60425	0	0.00	0			0	0
S035_S134	92621	62	0.07	5	342.0	259.0	286.6	278.0
S035_S056	68943	0	0.00	0			0	0
S035_S140	52240	154	0.29	11	420.0	250.0	314.636363636364	321.0
S035_S114	63429	42	0.07	3	406.0	258.0	311.333333333333	270.0
S035_S049	69111	0	0.00	0			0	0
S035_S128	73027	12	0.02	1	275.0	275.0	275	275.0
S035_S036	51753	0	0.00	0			0	0
S035_S112	81883	54	0.07	4	363.0	271.0	312	307
S035_S045	54072	0	0.00	0			0	0
S035_S058	85508	0	0.00	0			0	0
S035_S057	90577	0	0.00	0			0	0
S035_S113	71737	42	0.06	3	410.0	252.0	310.666666666667	270.0
S035_S013	66204	0	0.00	0			0	0
S035_S038	105737	0	0.00	0			0	0
S035_S119	82137	12	0.01	1	291.0	291.0	291	291.0
S035_S043	97761	0	0.00	0			0	0
S035_S120	75618	26	0.03	2	321.0	288.0	304.5	304.5
S035_S135	80345	28	0.03	2	386.0	271.0	328.5	328.5
S035_S020	65043	0	0.00	0			0	0
S035_S053	66748	0	0.00	0			0	0
S035_S094	53440	0	0.00	0			0	0
S035_S145	64123	16	0.02	1	303.0	303.0	303	303.0
S035_S081	75442	0	0.00	0			0	0
S035_S124	101859	48	0.05	4	291.0	265.0	277	276
S035_S061	82540	0	0.00	0			0	0
S035_S129	59484	12596	21.18	506	2485.0	255.0	598.513833992095	482.5
S035_S127	74731	0	0.00	0			0	0
S035_S079	64850	0	0.00	0			0	0
S035_S019	78528	0	0.00	0			0	0
S035_S017	65386	0	0.00	0			0	0
S035_S136	61952	26	0.04	2	341.0	270.0	305.5	305.5
S035_S144	81551	0	0.00	0			0	0
S035_S143	61321	26	0.04	2	281.0	274.0	277.5	277.5
S035_S110	67462	5594	8.29	321	1234.0	260.0	414.595015576324	345.0
S035_S010	64872	0	0.00	0			0	0
S035_S050	74085	0	0.00	0			0	0
S035_S139	54698	0	0.00	0			0	0
S035_S014	64391	0	0.00	0			0	0
S035_S004	66066	0	0.00	0			0	0
S035_S078	80584	0	0.00	0			0	0
S035_S033	114591	0	0.00	0			0	0
S035_S074	77908	0	0.00	0			0	0
S035_S111	100645	0	0.00	0			0	0
S035_S016	65416	0	0.00	0			0	0
S035_S104	70491	12	0.02	1	279.0	279.0	279	279.0
S035_S003	64808	0	0.00	0			0	0
S035_S068	46194	0	0.00	0			0	0
S035_S001	64158	0	0.00	0			0	0
S035_S102	76077	40	0.05	3	339.0	265.0	293.333333333333	276.0
S035_S002	90950	0	0.00	0			0	0
S035_S022	61126	0	0.00	0			0	0
S035_S046	90336	0	0.00	0			0	0
S035_S077	74774	0	0.00	0			0	0
S035_S089	86801	0	0.00	0			0	0
S035_S095	43745	0	0.00	0			0	0
S035_S052	76003	0	0.00	0			0	0
S035_S011	65222	0	0.00	0			0	0
S035_S048	65006	0	0.00	0			0	0
S035_S007	64177	0	0.00	0			0	0
S035_S012	64989	0	0.00	0			0	0
S035_S060	87613	0	0.00	0			0	0
S035_S026	117835	0	0.00	0			0	0
S035_S093	93346	0	0.00	0			0	0
S035_S070	63832	0	0.00	0			0	0
S100_S015	81342	18724	23.02	677	3667.0	251.0	670.010339734121	502.0
S100_S083	64100	0	0.00	0			0	0
S100_S121	70750	0	0.00	0			0	0
S100_S133	113155	0	0.00	0			0	0
S100_S005	66809	17614	26.36	616	5803.0	253.0	687.725649350649	525.5
S100_S044	64360	86	0.13	7	286.0	250.0	265.285714285714	265.0
S100_S122	79862	0	0.00	0			0	0
S100_S041	68392	0	0.00	0			0	0
S100_S090	86247	19971	23.16	657	5502.0	251.0	721.284627092846	504.0
S100_S082	87805	27233	31.02	452	19333.0	255.0	1442.25	766
S100_S067	64189	1607	2.50	107	852.0	253.0	339.158878504673	312.0
S100_S115	71577	0	0.00	0			0	0
S100_S096	65805	0	0.00	0			0	0
S100_S031	79153	5474	6.92	321	1109.0	253.0	398.04984423676	365.0
S100_S047	101802	23059	22.65	818	3395.0	251.0	689.919315403423	525.5
S100_S009	65751	17623	26.80	615	4305.0	251.0	687.967479674797	529.0
S100_S006	73995	19544	26.41	580	8341.0	252.0	806.293103448276	528.5
S100_S030	71442	4619	6.47	289	950.0	250.0	377.110726643599	342.0
S100_S091	79318	3190	4.02	164	1722.0	250.0	428.920731707317	360.5
S100_S132	64076	0	0.00	0			0	0
S100_S021	92193	19444	21.09	584	8035.0	250.0	782.734589041096	528
S100_S080	82449	31076	37.69	250	60151.0	251.0	3002.864	827
S100_S027	66519	3598	5.41	223	1182.0	250.0	385.139013452915	342.0
S100_S062	65524	2978	4.54	190	888.0	253.0	374.610526315789	343
S100_S039	85913	46	0.05	3	545.0	297.0	415.333333333333	404.0
S100_S087	76173	9694	12.73	475	3575.0	256.0	491.326315789474	411.0
S100_S086	149536	15592	10.43	664	3993.0	251.0	546.393072289157	432
S100_S138	54502	0	0.00	0			0	0
S100_S101	72069	0	0.00	0			0	0
S100_S029	60294	2025	3.36	133	679.0	264.0	363.571428571429	340.0
S100_S008	67055	17120	25.53	617	3135.0	255.0	667.137763371151	515.0
S100_S142	68442	0	0.00	0			0	0
S100_S042	65493	92	0.14	7	381.0	256.0	292.857142857143	269.0
S100_S097	71852	1745	2.43	120	935.0	253.0	342.866666666667	320
S100_S072	95308	0	0.00	0			0	0
S100_S076	76966	25288	32.86	678	12104.0	252.0	907.097345132743	621
S100_S055	76966	25288	32.86	678	12104.0	252.0	907.101769911504	621
S100_S109	72031	0	0.00	0			0	0
S100_S040	70985	1160	1.63	78	673.0	252.0	344.628205128205	323
S100_S088	85664	20088	23.45	651	8199.0	251.0	732.47311827957	519.0
S100_S024	69646	8180	11.75	459	1616.0	251.0	421.315904139434	380.0
S100_S141	76789	0	0.00	0			0	0
S100_S063	67013	21924	32.72	593	6847.0	252.0	892.95784148398	626.0
S100_S032	85349	38141	44.69	263	67966.0	252.0	3560.51711026616	489.0
S100_S073	72870	12	0.02	1	275.0	275.0	275	275.0
S100_S037	70827	40	0.06	3	389.0	256.0	302.666666666667	263.0
S100_S028	72608	4471	6.16	280	1056.0	250.0	378.357142857143	341
S100_S103	78642	0	0.00	0			0	0
S100_S054	133454	23122	17.33	685	3829.0	250.0	779.4	572.0
S100_S117	68824	0	0.00	0			0	0
S100_S034	76938	0	0.00	0			0	0
S100_S025	95089	5865	6.17	387	1177.0	253.0	387.222222222222	342.0
S100_S023	66934	17880	26.71	604	4128.0	253.0	711.337748344371	509.5
S100_S123	67305	0	0.00	0			0	0
S100_S106	65842	0	0.00	0			0	0
S100_S137	91906	0	0.00	0			0	0
S100_S118	75392	0	0.00	0			0	0
S100_S105	64283	0	0.00	0			0	0
S100_S069	96397	0	0.00	0			0	0
S100_S092	68465	0	0.00	0			0	0
S100_S066	92399	1259	1.36	81	783.0	250.0	357.666666666667	330.0
S100_S075	74715	18802	25.16	530	7160.0	250.0	852.632075471698	580.5
S100_S065	82046	24	0.03	2	266.0	255.0	260.5	260.5
S100_S099	82833	35362	42.69	151	83336.0	252.0	5700.40397350993	439.0
S100_S059	52197	712	1.36	47	727.0	258.0	361.531914893617	337.0
S100_S130	94001	0	0.00	0			0	0
S100_S126	83366	0	0.00	0			0	0
S100_S051	77716	26863	34.57	422	15269.0	252.0	1522.66113744076	726.5
S100_S064	61900	10153	16.40	529	2885.0	265.0	467.801512287335	396.0
S100_S134	94096	0	0.00	0			0	0
S100_S056	70418	3341	4.74	212	948.0	252.0	369.485849056604	337.5
S100_S140	53715	0	0.00	0			0	0
S100_S114	64904	0	0.00	0			0	0
S100_S049	70586	27801	39.39	480	15833.0	254.0	1408.37708333333	722
S100_S128	74502	0	0.00	0			0	0
S100_S036	53228	68	0.13	5	338.0	266.0	291.8	285.0
S100_S112	83358	0	0.00	0			0	0
S100_S045	55547	84	0.15	6	315.0	276.0	293.833333333333	293
S100_S058	86983	25788	29.65	441	13776.0	251.0	1387.61451247166	716.0
S100_S057	92052	24638	26.77	630	10213.0	253.0	920.569841269841	622.5
S100_S113	73212	0	0.00	0			0	0
S100_S013	67679	17869	26.40	629	4160.0	252.0	686.834658187599	525.0
S100_S038	107212	28504	26.59	309	41784.0	251.0	2168.67961165049	769.0
S100_S119	83612	0	0.00	0			0	0
S100_S043	99236	26020	26.22	445	15612.0	250.0	1378.67865168539	711.0
S100_S120	77093	0	0.00	0			0	0
S100_S135	81820	0	0.00	0			0	0
S100_S020	66518	17270	25.96	627	4583.0	252.0	661.267942583732	520.0
S100_S053	68223	1026	1.50	73	732.0	254.0	325.575342465753	301.0
S100_S094	54915	0	0.00	0			0	0
S100_S145	65598	0	0.00	0			0	0
S100_S081	76917	3972	5.16	245	1148.0	250.0	379.408163265306	339.0
S100_S124	103334	0	0.00	0			0	0
S100_S061	84015	828	0.99	58	728.0	253.0	324.51724137931	309.5
S100_S129	60959	0	0.00	0			0	0
S100_S127	76206	0	0.00	0			0	0
S100_S079	66325	78	0.12	6	304.0	259.0	274.166666666667	265
S100_S019	80003	19438	24.30	552	8320.0	250.0	840.219202898551	565
S100_S017	66861	17627	26.36	613	4283.0	259.0	691.231647634584	522.0
S100_S136	63427	0	0.00	0			0	0
S100_S144	83026	0	0.00	0			0	0
S100_S143	62796	0	0.00	0			0	0
S100_S110	68937	0	0.00	0			0	0
S100_S010	66347	17292	26.06	549	6178.0	254.0	756.489981785064	528.0
S100_S050	75560	5172	6.84	305	1221.0	253.0	395.819672131148	358.0
S100_S139	56173	0	0.00	0			0	0
S100_S014	65866	17941	27.24	623	4356.0	250.0	693.126805778491	521.0
S100_S004	67541	18466	27.34	573	6465.0	254.0	772.970331588133	545.0
S100_S078	82059	26892	32.77	463	18355.0	252.0	1388.26997840173	789.0
S100_S033	116066	19452	16.76	589	5786.0	251.0	773.516129032258	569.0
S100_S074	79383	746	0.94	52	723.0	252.0	326.442307692308	305
S100_S111	102120	0	0.00	0			0	0
S100_S016	66891	16645	24.88	621	3831.0	256.0	643.798711755234	511.0
S100_S104	71966	0	0.00	0			0	0
S100_S003	66283	17670	26.66	618	3525.0	251.0	687.275080906149	521
S100_S068	47669	0	0.00	0			0	0
S100_S001	65633	17756	27.05	611	6348.0	250.0	699.139116202946	524.0
S100_S102	77552	0	0.00	0			0	0
S100_S002	92425	19496	21.09	578	9009.0	256.0	792.835640138408	556.5
S100_S022	62601	17773	28.39	608	5761.0	253.0	706.164473684211	529.5
S100_S046	91811	1147	1.25	78	734.0	251.0	341.282051282051	313.5
S100_S077	76249	26199	34.36	445	17960.0	250.0	1409.40898876405	824.0
S100_S089	88276	17123	19.40	675	2418.0	253.0	603.574814814815	480.0
S100_S095	45220	0	0.00	0			0	0
S100_S052	77478	31989	41.29	402	30022.0	253.0	1941.93781094527	930
S100_S011	66697	18102	27.14	601	3686.0	257.0	723.109816971714	563.0
S100_S048	66481	0	0.00	0			0	0
S100_S007	65652	18040	27.48	583	7098.0	251.0	742.931389365352	545.0
S100_S012	66464	16614	25.00	621	3183.0	256.0	644.342995169082	510.0
S100_S060	89088	811	0.91	58	730.0	251.0	325.344827586207	319.5
S100_S026	119310	5228	4.38	314	1192.0	252.0	380.732484076433	336.5
S100_S093	94821	824	0.87	56	680.0	250.0	327.946428571429	310
S100_S070	65307	0	0.00	0			0	0
S015_S083	66478	0	0.00	0			0	0
S015_S121	73128	18611	25.45	604	4428.0	263.0	746.804635761589	556.5
S015_S133	115533	21039	18.21	691	4348.0	251.0	724.098408104197	549.0
S015_S005	69187	0	0.00	0			0	0
S015_S044	66738	0	0.00	0			0	0
S015_S122	82240	10549	12.83	564	1669.0	265.0	461.902482269504	394
S015_S041	70770	0	0.00	0			0	0
S015_S090	88625	0	0.00	0			0	0
S015_S082	90183	0	0.00	0			0	0
S015_S067	66567	0	0.00	0			0	0
S015_S115	73955	17138	23.17	690	4648.0	251.0	607.731884057971	484.5
S015_S096	68183	0	0.00	0			0	0
S015_S031	81531	0	0.00	0			0	0
S015_S047	104180	0	0.00	0			0	0
S015_S009	68129	0	0.00	0			0	0
S015_S006	76373	0	0.00	0			0	0
S015_S030	73820	0	0.00	0			0	0
S015_S091	81696	0	0.00	0			0	0
S015_S132	66454	1500	2.26	111	863.0	252.0	336.810810810811	324.0
S015_S021	94571	0	0.00	0			0	0
S015_S080	84827	0	0.00	0			0	0
S015_S027	68897	0	0.00	0			0	0
S015_S062	67902	0	0.00	0			0	0
S015_S039	88291	0	0.00	0			0	0
S015_S087	78551	0	0.00	0			0	0
S015_S086	151914	0	0.00	0			0	0
S015_S138	56880	0	0.00	0			0	0
S015_S101	74447	15224	20.45	664	2886.0	250.0	559.310240963855	462
S015_S029	62672	0	0.00	0			0	0
S015_S008	69433	0	0.00	0			0	0
S015_S142	70820	17698	24.99	564	4149.0	253.0	758.904255319149	570
S015_S042	67871	0	0.00	0			0	0
S015_S097	74230	0	0.00	0			0	0
S015_S072	97686	0	0.00	0			0	0
S015_S076	79344	0	0.00	0			0	0
S015_S055	79344	0	0.00	0			0	0
S015_S109	74409	2610	3.51	166	893.0	257.0	376.301204819277	346.5
S015_S040	73363	0	0.00	0			0	0
S015_S088	88042	0	0.00	0			0	0
S015_S024	72024	0	0.00	0			0	0
S015_S141	79167	15204	19.20	752	2230.0	252.0	512.867021276596	443
S015_S063	69391	0	0.00	0			0	0
S015_S032	87727	0	0.00	0			0	0
S015_S073	75248	0	0.00	0			0	0
S015_S037	73205	0	0.00	0			0	0
S015_S028	74986	0	0.00	0			0	0
S015_S103	81020	16414	20.26	728	3688.0	259.0	557.200549450549	480.5
S015_S054	135832	0	0.00	0			0	0
S015_S117	71202	15229	21.39	633	4296.0	253.0	587.946287519747	473.0
S015_S034	79316	0	0.00	0			0	0
S015_S025	97467	0	0.00	0			0	0
S015_S023	69312	0	0.00	0			0	0
S015_S123	69683	15038	21.58	645	2983.0	259.0	591.506976744186	480.0
S015_S106	68220	4465	6.55	284	842.0	250.0	374.482394366197	342
S015_S137	94284	3363	3.57	225	944.0	253.0	377.435555555556	344.0
S015_S118	77770	16362	21.04	738	2379.0	258.0	546.546070460705	443
S015_S105	66661	1166	1.75	83	589.0	265.0	339.024096385542	336.0
S015_S069	98775	0	0.00	0			0	0
S015_S092	70843	0	0.00	0			0	0
S015_S066	94777	0	0.00	0			0	0
S015_S075	77093	0	0.00	0			0	0
S015_S065	84424	0	0.00	0			0	0
S015_S099	85211	0	0.00	0			0	0
S015_S059	54575	0	0.00	0			0	0
S015_S130	96379	4205	4.36	260	1291.0	271.0	394.319230769231	343
S015_S126	85744	20216	23.58	672	4220.0	253.0	726.693452380952	551.5
S015_S051	80094	0	0.00	0			0	0
S015_S064	64278	0	0.00	0			0	0
S015_S134	96474	20865	21.63	693	3222.0	258.0	732.659451659452	564.0
S015_S056	72796	0	0.00	0			0	0
S015_S140	56093	64	0.11	5	312.0	255.0	273.8	269.0
S015_S114	67282	13704	20.37	656	2024.0	253.0	514.83993902439	439
S015_S049	72964	0	0.00	0			0	0
S015_S128	76880	14956	19.45	654	2618.0	258.0	553.571865443425	436.5
S015_S036	55606	0	0.00	0			0	0
S015_S112	85736	6097	7.11	365	1410.0	250.0	392.93698630137	345.0
S015_S045	57925	0	0.00	0			0	0
S015_S058	89361	0	0.00	0			0	0
S015_S057	94430	0	0.00	0			0	0
S015_S113	75590	17524	23.18	716	3223.0	253.0	599.65782122905	485
S015_S013	70057	0	0.00	0			0	0
S015_S038	109590	0	0.00	0			0	0
S015_S119	85990	20020	23.28	687	4023.0	260.0	712.286754002911	536.0
S015_S043	101614	0	0.00	0			0	0
S015_S120	79471	19111	24.05	648	4437.0	252.0	712.350308641975	531
S015_S135	84198	20174	23.96	601	5077.0	268.0	810.01996672213	587.0
S015_S020	68896	0	0.00	0			0	0
S015_S053	70601	0	0.00	0			0	0
S015_S094	57293	0	0.00	0			0	0
S015_S145	67976	630	0.93	45	764.0	252.0	326.755555555556	299.0
S015_S081	79295	0	0.00	0			0	0
S015_S124	105712	19580	18.52	728	3027.0	251.0	646.179945054945	516
S015_S061	86393	0	0.00	0			0	0
S015_S129	63337	50	0.08	4	287.0	250.0	265.75	263
S015_S127	78584	726	0.92	52	912.0	255.0	335.230769230769	295.5
S015_S079	68703	0	0.00	0			0	0
S015_S019	82381	0	0.00	0			0	0
S015_S017	69239	0	0.00	0			0	0
S015_S136	65805	12447	18.91	602	2150.0	259.0	510.704318936877	436
S015_S144	85404	0	0.00	0			0	0
S015_S143	65174	0	0.00	0			0	0
S015_S110	71315	30	0.04	2	406.0	250.0	328	328
S015_S010	68725	0	0.00	0			0	0
S015_S050	77938	0	0.00	0			0	0
S015_S139	58551	236	0.40	17	623.0	253.0	315.705882352941	276.0
S015_S014	68244	0	0.00	0			0	0
S015_S004	69919	0	0.00	0			0	0
S015_S078	84437	0	0.00	0			0	0
S015_S033	118444	0	0.00	0			0	0
S015_S074	81761	0	0.00	0			0	0
S015_S111	104498	894	0.86	59	639.0	266.0	371.627118644068	346.0
S015_S016	69269	0	0.00	0			0	0
S015_S104	74344	1437	1.93	100	642.0	250.0	347	339.5
S015_S003	68661	0	0.00	0			0	0
S015_S068	50047	0	0.00	0			0	0
S015_S001	68011	0	0.00	0			0	0
S015_S102	79930	18878	23.62	689	5499.0	251.0	663.628447024673	513.0
S015_S002	94803	0	0.00	0			0	0
S015_S022	64979	0	0.00	0			0	0
S015_S046	94189	0	0.00	0			0	0
S015_S077	78627	0	0.00	0			0	0
S015_S089	90654	0	0.00	0			0	0
S015_S095	47598	0	0.00	0			0	0
S015_S052	79856	0	0.00	0			0	0
S015_S011	69075	0	0.00	0			0	0
S015_S048	68859	0	0.00	0			0	0
S015_S007	68030	0	0.00	0			0	0
S015_S012	68842	0	0.00	0			0	0
S015_S060	91466	0	0.00	0			0	0
S015_S026	121688	0	0.00	0			0	0
S015_S093	97199	0	0.00	0			0	0
S015_S070	67685	0	0.00	0			0	0
S083_S121	55886	0	0.00	0			0	0
S083_S133	98291	14	0.01	1	304.0	304.0	304	304.0
S083_S005	51945	0	0.00	0			0	0
S083_S044	49496	0	0.00	0			0	0
S083_S122	64998	0	0.00	0			0	0
S083_S041	53528	0	0.00	0			0	0
S083_S090	71383	0	0.00	0			0	0
S083_S082	72941	0	0.00	0			0	0
S083_S067	49325	0	0.00	0			0	0
S083_S115	56713	0	0.00	0			0	0
S083_S096	50941	0	0.00	0			0	0
S083_S031	64289	0	0.00	0			0	0
S083_S047	86938	0	0.00	0			0	0
S083_S009	50887	0	0.00	0			0	0
S083_S006	59131	0	0.00	0			0	0
S083_S030	56578	0	0.00	0			0	0
S083_S091	64454	0	0.00	0			0	0
S083_S132	49212	0	0.00	0			0	0
S083_S021	77329	0	0.00	0			0	0
S083_S080	67585	0	0.00	0			0	0
S083_S027	51655	0	0.00	0			0	0
S083_S062	50660	0	0.00	0			0	0
S083_S039	71049	0	0.00	0			0	0
S083_S087	61309	0	0.00	0			0	0
S083_S086	134672	0	0.00	0			0	0
S083_S138	39638	0	0.00	0			0	0
S083_S101	57205	0	0.00	0			0	0
S083_S029	45430	0	0.00	0			0	0
S083_S008	52191	0	0.00	0			0	0
S083_S142	53578	0	0.00	0			0	0
S083_S042	50629	0	0.00	0			0	0
S083_S097	56988	0	0.00	0			0	0
S083_S072	80444	0	0.00	0			0	0
S083_S076	62102	0	0.00	0			0	0
S083_S055	62102	0	0.00	0			0	0
S083_S109	57167	0	0.00	0			0	0
S083_S040	56121	0	0.00	0			0	0
S083_S088	70800	0	0.00	0			0	0
S083_S024	54782	0	0.00	0			0	0
S083_S141	61925	0	0.00	0			0	0
S083_S063	52149	0	0.00	0			0	0
S083_S032	70485	0	0.00	0			0	0
S083_S073	58006	0	0.00	0			0	0
S083_S037	55963	0	0.00	0			0	0
S083_S028	57744	0	0.00	0			0	0
S083_S103	63778	0	0.00	0			0	0
S083_S054	118590	0	0.00	0			0	0
S083_S117	53960	0	0.00	0			0	0
S083_S034	62074	0	0.00	0			0	0
S083_S025	80225	0	0.00	0			0	0
S083_S023	52070	0	0.00	0			0	0
S083_S123	52441	0	0.00	0			0	0
S083_S106	50978	0	0.00	0			0	0
S083_S137	77042	0	0.00	0			0	0
S083_S118	60528	0	0.00	0			0	0
S083_S105	49419	0	0.00	0			0	0
S083_S069	81533	0	0.00	0			0	0
S083_S092	53601	0	0.00	0			0	0
S083_S066	77535	0	0.00	0			0	0
S083_S075	59851	0	0.00	0			0	0
S083_S065	67182	0	0.00	0			0	0
S083_S099	67969	0	0.00	0			0	0
S083_S059	37333	0	0.00	0			0	0
S083_S130	79137	0	0.00	0			0	0
S083_S126	68502	0	0.00	0			0	0
S083_S051	62852	0	0.00	0			0	0
S083_S064	47036	0	0.00	0			0	0
S083_S134	79232	0	0.00	0			0	0
S083_S056	55554	0	0.00	0			0	0
S083_S140	38851	14	0.04	1	263.0	263.0	263	263.0
S083_S114	50040	0	0.00	0			0	0
S083_S049	55722	0	0.00	0			0	0
S083_S128	59638	0	0.00	0			0	0
S083_S036	38364	0	0.00	0			0	0
S083_S112	68494	0	0.00	0			0	0
S083_S045	40683	0	0.00	0			0	0
S083_S058	72119	0	0.00	0			0	0
S083_S057	77188	0	0.00	0			0	0
S083_S113	58348	0	0.00	0			0	0
S083_S013	52815	0	0.00	0			0	0
S083_S038	92348	0	0.00	0			0	0
S083_S119	68748	0	0.00	0			0	0
S083_S043	84372	0	0.00	0			0	0
S083_S120	62229	0	0.00	0			0	0
S083_S135	66956	0	0.00	0			0	0
S083_S020	51654	0	0.00	0			0	0
S083_S053	53359	0	0.00	0			0	0
S083_S094	40051	0	0.00	0			0	0
S083_S145	50734	0	0.00	0			0	0
S083_S081	62053	0	0.00	0			0	0
S083_S124	88470	0	0.00	0			0	0
S083_S061	69151	0	0.00	0			0	0
S083_S129	46095	0	0.00	0			0	0
S083_S127	61342	0	0.00	0			0	0
S083_S079	51461	0	0.00	0			0	0
S083_S019	65139	0	0.00	0			0	0
S083_S017	51997	0	0.00	0			0	0
S083_S136	48563	0	0.00	0			0	0
S083_S144	68162	318	0.47	23	754.0	260.0	327.695652173913	292.0
S083_S143	47932	779	1.63	57	671.0	254.0	323.228070175439	299.0
S083_S110	54073	0	0.00	0			0	0
S083_S010	51483	0	0.00	0			0	0
S083_S050	60696	0	0.00	0			0	0
S083_S139	41309	0	0.00	0			0	0
S083_S014	51002	0	0.00	0			0	0
S083_S004	52677	0	0.00	0			0	0
S083_S078	67195	0	0.00	0			0	0
S083_S033	101202	0	0.00	0			0	0
S083_S074	64519	0	0.00	0			0	0
S083_S111	87256	0	0.00	0			0	0
S083_S016	52027	0	0.00	0			0	0
S083_S104	57102	0	0.00	0			0	0
S083_S003	51419	0	0.00	0			0	0
S083_S068	32805	0	0.00	0			0	0
S083_S001	50769	0	0.00	0			0	0
S083_S102	62688	0	0.00	0			0	0
S083_S002	77561	0	0.00	0			0	0
S083_S022	47737	0	0.00	0			0	0
S083_S046	76947	0	0.00	0			0	0
S083_S077	61385	0	0.00	0			0	0
S083_S089	73412	0	0.00	0			0	0
S083_S095	30356	0	0.00	0			0	0
S083_S052	62614	0	0.00	0			0	0
S083_S011	51833	0	0.00	0			0	0
S083_S048	51617	0	0.00	0			0	0
S083_S007	50788	0	0.00	0			0	0
S083_S012	51600	0	0.00	0			0	0
S083_S060	74224	0	0.00	0			0	0
S083_S026	104446	0	0.00	0			0	0
S083_S093	79957	0	0.00	0			0	0
S083_S070	50443	0	0.00	0			0	0
S121_S133	104941	0	0.00	0			0	0
S121_S005	58595	18355	31.33	563	5541.0	264.0	786.424511545293	566.0
S121_S044	56146	24	0.04	2	289.0	275.0	282	282
S121_S122	71648	0	0.00	0			0	0
S121_S041	60178	0	0.00	0			0	0
S121_S090	78033	20809	26.67	585	5756.0	253.0	847.02735042735	572.0
S121_S082	79591	20906	26.27	606	6547.0	256.0	820.239273927393	580
S121_S067	55975	1716	3.07	115	636.0	252.0	338.15652173913	317.0
S121_S115	63363	0	0.00	0			0	0
S121_S096	57591	0	0.00	0			0	0
S121_S031	70939	5010	7.06	302	944.0	250.0	388.629139072848	343
S121_S047	93588	24905	26.61	681	6047.0	255.0	898.254038179148	663.0
S121_S009	57537	18398	31.98	571	4307.0	257.0	777.210157618214	538.0
S121_S006	65781	20193	30.70	497	5761.0	252.0	972.665995975855	618.0
S121_S030	63228	4146	6.56	261	912.0	250.0	373.045977011494	340.0
S121_S091	71104	4129	5.81	196	1383.0	252.0	463.244897959184	404.5
S121_S132	55862	0	0.00	0			0	0
S121_S021	83979	20574	24.50	516	5815.0	251.0	942.825581395349	572.5
S121_S080	74235	22447	30.24	603	6189.0	250.0	885.247097844113	610.0
S121_S027	58305	3058	5.24	196	760.0	258.0	372.301020408163	340.5
S121_S062	57310	2726	4.76	177	693.0	251.0	365.361581920904	338.0
S121_S039	77699	0	0.00	0			0	0
S121_S087	67959	10827	15.93	498	3016.0	270.0	524.102409638554	435.5
S121_S086	141322	16858	11.93	646	3775.0	253.0	609.195046439629	474
S121_S138	46288	0	0.00	0			0	0
S121_S101	63855	0	0.00	0			0	0
S121_S029	52080	1861	3.57	124	623.0	257.0	357.620967741935	334.5
S121_S008	58841	18041	30.66	591	3863.0	269.0	735.619289340102	560.0
S121_S142	60228	0	0.00	0			0	0
S121_S042	57279	38	0.07	3	295.0	256.0	279	286.0
S121_S097	63638	1664	2.61	115	698.0	250.0	341.617391304348	327.0
S121_S072	87094	16	0.02	1	365.0	365.0	365	365.0
S121_S076	68752	19935	29.00	703	6345.0	253.0	688.640113798009	516.0
S121_S055	68752	19935	29.00	703	6345.0	253.0	688.640113798009	516.0
S121_S109	63817	0	0.00	0			0	0
S121_S040	62771	1408	2.24	98	721.0	250.0	328.612244897959	312.5
S121_S088	77450	20913	27.00	567	5015.0	250.0	879.257495590829	574.0
S121_S024	61432	7569	12.32	447	968.0	250.0	400.595078299776	363.0
S121_S141	68575	0	0.00	0			0	0
S121_S063	58799	21637	36.80	456	8073.0	259.0	1144.67543859649	751.5
S121_S032	77135	21390	27.73	610	6299.0	251.0	833.437704918033	596.5
S121_S073	64656	12	0.02	1	272.0	272.0	272	272.0
S121_S037	62613	84	0.13	7	289.0	252.0	276	280.0
S121_S028	64394	3974	6.17	252	870.0	250.0	374.031746031746	344
S121_S103	70428	0	0.00	0			0	0
S121_S054	125240	24888	19.87	519	8336.0	250.0	1109.18111753372	737.0
S121_S117	60610	0	0.00	0			0	0
S121_S034	68724	0	0.00	0			0	0
S121_S025	86875	5254	6.05	353	1037.0	250.0	382.453257790368	345.0
S121_S023	58720	18621	31.71	551	5285.0	262.0	813.306715063521	567.0
S121_S123	59091	0	0.00	0			0	0
S121_S106	57628	0	0.00	0			0	0
S121_S137	83692	0	0.00	0			0	0
S121_S118	67178	0	0.00	0			0	0
S121_S105	56069	0	0.00	0			0	0
S121_S069	88183	12	0.01	1	261.0	261.0	261	261.0
S121_S092	60251	0	0.00	0			0	0
S121_S066	84185	1409	1.67	92	739.0	251.0	349.184782608696	311
S121_S075	66501	18931	28.47	417	8730.0	254.0	1089.85131894484	674.0
S121_S065	73832	36	0.05	3	265.0	255.0	258.666666666667	256.0
S121_S099	74619	22256	29.83	592	7971.0	251.0	892.756756756757	623
S121_S059	43983	805	1.83	55	633.0	256.0	349	339.0
S121_S130	85787	0	0.00	0			0	0
S121_S126	75152	0	0.00	0			0	0
S121_S051	69502	21877	31.48	631	6721.0	250.0	829.478605388273	578.0
S121_S064	53686	11035	20.55	549	2966.0	280.0	490.437158469945	425.0
S121_S134	85882	0	0.00	0			0	0
S121_S056	62204	3281	5.27	209	768.0	252.0	368.263157894737	334.0
S121_S140	45501	0	0.00	0			0	0
S121_S114	56690	0	0.00	0			0	0
S121_S049	62372	20596	33.02	616	6496.0	255.0	804.652597402597	576.5
S121_S128	66288	0	0.00	0			0	0
S121_S036	45014	42	0.09	3	294.0	288.0	290.333333333333	289.0
S121_S112	75144	0	0.00	0			0	0
S121_S045	47333	50	0.11	4	282.0	266.0	274.25	274.5
S121_S058	78769	19685	24.99	582	6579.0	251.0	797.10824742268	578.5
S121_S057	83838	26294	31.36	345	15834.0	250.0	1804.91884057971	963.0
S121_S113	64998	0	0.00	0			0	0
S121_S013	59465	18579	31.24	573	5218.0	251.0	787.406631762653	579.0
S121_S038	98998	21226	21.44	580	6407.0	254.0	853.939655172414	619
S121_S119	75398	0	0.00	0			0	0
S121_S043	91022	20599	22.63	594	7132.0	256.0	816.00505050505	574
S121_S120	68879	0	0.00	0			0	0
S121_S135	73606	0	0.00	0			0	0
S121_S020	58304	17947	30.78	582	4431.0	257.0	743.951890034364	568.5
S121_S053	60009	914	1.52	64	700.0	259.0	329.953125	307.5
S121_S094	46701	0	0.00	0			0	0
S121_S145	57384	0	0.00	0			0	0
S121_S081	68703	3744	5.45	235	952.0	251.0	374.268085106383	337.0
S121_S124	95120	0	0.00	0			0	0
S121_S061	75801	868	1.15	62	723.0	250.0	319.758064516129	307
S121_S129	52745	0	0.00	0			0	0
S121_S127	67992	0	0.00	0			0	0
S121_S079	58111	24	0.04	2	278.0	267.0	272.5	272.5
S121_S019	71789	20188	28.12	498	5849.0	253.0	970.78313253012	588
S121_S017	58647	18265	31.14	557	4375.0	253.0	790.100538599641	569.0
S121_S136	55213	0	0.00	0			0	0
S121_S144	74812	0	0.00	0			0	0
S121_S143	54582	0	0.00	0			0	0
S121_S110	60723	0	0.00	0			0	0
S121_S010	58133	18142	31.21	484	5357.0	251.0	901.297520661157	608.5
S121_S050	67346	4966	7.37	303	1037.0	250.0	382.983498349835	343.0
S121_S139	47959	0	0.00	0			0	0
S121_S014	57652	18521	32.13	552	3964.0	268.0	808.798913043478	564.5
S121_S004	59327	19192	32.35	503	5474.0	251.0	916.779324055666	597.0
S121_S078	73845	21309	28.86	620	5097.0	252.0	816.351612903226	602.5
S121_S033	107852	20554	19.06	539	5819.0	252.0	897.497217068646	606.0
S121_S074	71169	816	1.15	58	665.0	250.0	322.206896551724	312.5
S121_S111	93906	0	0.00	0			0	0
S121_S016	58677	17350	29.57	575	4525.0	262.0	727.815652173913	558.0
S121_S104	63752	0	0.00	0			0	0
S121_S003	58069	18295	31.51	569	4910.0	261.0	775.479789103691	532.0
S121_S068	39455	0	0.00	0			0	0
S121_S001	57419	18420	32.08	560	4190.0	258.0	793.769642857143	563
S121_S102	69338	0	0.00	0			0	0
S121_S002	84211	20776	24.67	507	6238.0	259.0	969.037475345168	585.0
S121_S022	54387	18396	33.82	563	4655.0	251.0	790.669626998224	567.0
S121_S046	83597	1184	1.42	83	727.0	252.0	328.759036144578	290.0
S121_S077	68035	21250	31.23	612	4802.0	254.0	829.039215686274	600
S121_S089	80062	18463	23.06	642	3144.0	257.0	688.266355140187	529
S121_S095	37006	0	0.00	0			0	0
S121_S052	69264	21518	31.07	635	5765.0	255.0	811.896062992126	574.0
S121_S011	58483	18924	32.36	558	5323.0	253.0	817.598566308244	603.5
S121_S048	58267	0	0.00	0			0	0
S121_S007	57438	18761	32.66	523	4596.0	261.0	864.137667304015	577.0
S121_S012	58250	17380	29.84	603	3442.0	266.0	696.233830845771	530.0
S121_S060	80874	907	1.12	66	670.0	254.0	316.30303030303	291.5
S121_S026	111096	4883	4.40	295	1051.0	250.0	380.105084745763	332.0
S121_S093	86607	806	0.93	58	571.0	256.0	314.034482758621	302
S121_S070	57093	0	0.00	0			0	0
S133_S005	101000	20400	20.20	641	6299.0	260.0	746.191887675507	563.0
S133_S044	98551	14	0.01	1	286.0	286.0	286	286.0
S133_S122	114053	0	0.00	0			0	0
S133_S041	102583	0	0.00	0			0	0
S133_S090	120438	23929	19.87	675	6740.0	251.0	832.296296296296	575.0
S133_S082	121996	24783	20.31	724	6711.0	252.0	805.997237569061	568.5
S133_S067	98380	1143	1.16	75	676.0	250.0	344.933333333333	330.0
S133_S115	105768	0	0.00	0			0	0
S133_S096	99996	0	0.00	0			0	0
S133_S031	113344	5411	4.77	323	1254.0	255.0	387.839009287926	355.0
S133_S047	135993	28002	20.59	823	5672.0	250.0	820.771567436209	599.0
S133_S009	99942	20566	20.58	663	4329.0	253.0	728.487179487179	539.0
S133_S006	108186	22533	20.83	585	7182.0	256.0	900.138461538462	579.0
S133_S030	105633	4198	3.97	264	1159.0	250.0	369.454545454545	339
S133_S091	113509	3849	3.39	206	1099.0	250.0	403.752427184466	352.5
S133_S132	98267	0	0.00	0			0	0
S133_S021	126384	23482	18.58	625	6352.0	259.0	876.2	579.0
S133_S080	116640	26603	22.81	680	11551.0	250.0	922.485294117647	607.5
S133_S027	100710	3276	3.25	202	783.0	256.0	381.128712871287	342.5
S133_S062	99715	2578	2.59	167	720.0	256.0	362.269461077844	334.0
S133_S039	120104	12	0.01	1	275.0	275.0	275	275.0
S133_S087	110364	11969	10.85	538	2589.0	250.0	521.293680297398	436
S133_S086	183727	19968	10.87	751	4670.0	253.0	609.926764314248	488.0
S133_S138	88693	0	0.00	0			0	0
S133_S101	106260	0	0.00	0			0	0
S133_S029	94485	1756	1.86	115	787.0	257.0	356.773913043478	337.0
S133_S008	101246	19970	19.72	667	4324.0	250.0	701.71664167916	560.0
S133_S142	102633	0	0.00	0			0	0
S133_S042	99684	12	0.01	1	286.0	286.0	286	286.0
S133_S097	106043	1563	1.47	103	919.0	254.0	352.78640776699	331.0
S133_S072	129499	0	0.00	0			0	0
S133_S076	111157	22957	20.65	787	11340.0	253.0	691.59085133418	524.0
S133_S055	111157	22957	20.65	787	11340.0	253.0	691.59085133418	524.0
S133_S109	106222	0	0.00	0			0	0
S133_S040	105176	1214	1.15	86	765.0	251.0	325.674418604651	306
S133_S088	119855	23684	19.76	662	5936.0	251.0	839.425981873112	573
S133_S024	103837	7366	7.09	424	1324.0	250.0	405.629716981132	369
S133_S141	110980	0	0.00	0			0	0
S133_S063	101204	25674	25.37	521	9933.0	257.0	1160.35316698656	764.0
S133_S032	119540	26144	21.87	720	8369.0	253.0	853.263888888889	585.5
S133_S073	107061	0	0.00	0			0	0
S133_S037	105018	16	0.02	1	382.0	382.0	382	382.0
S133_S028	106799	3925	3.68	250	1168.0	252.0	368.292	336
S133_S103	112833	0	0.00	0			0	0
S133_S054	167645	28792	17.17	635	6755.0	250.0	1044.87874015748	681.0
S133_S117	103015	0	0.00	0			0	0
S133_S034	111129	0	0.00	0			0	0
S133_S025	129280	5336	4.13	350	1083.0	252.0	386.397142857143	344
S133_S023	101125	20594	20.36	630	5468.0	251.0	765.385714285714	573
S133_S123	101496	0	0.00	0			0	0
S133_S106	100033	0	0.00	0			0	0
S133_S137	126097	0	0.00	0			0	0
S133_S118	109583	0	0.00	0			0	0
S133_S105	98474	0	0.00	0			0	0
S133_S069	130588	0	0.00	0			0	0
S133_S092	102656	12	0.01	1	280.0	280.0	280	280.0
S133_S066	126590	1280	1.01	85	807.0	251.0	342.094117647059	319.0
S133_S075	108906	23133	21.24	475	8607.0	250.0	1144.80210526316	713.0
S133_S065	116237	24	0.02	2	279.0	271.0	275	275
S133_S099	117024	26980	23.06	693	12513.0	250.0	919.663780663781	616.0
S133_S059	86388	696	0.81	43	790.0	261.0	380	343.0
S133_S130	128192	0	0.00	0			0	0
S133_S126	117557	0	0.00	0			0	0
S133_S051	111907	24347	21.76	692	10000.0	250.0	825.971098265896	568.5
S133_S064	96091	13071	13.60	632	3178.0	259.0	491.21835443038	425
S133_S134	128287	0	0.00	0			0	0
S133_S056	104609	3153	3.01	202	925.0	250.0	362.049504950495	331.5
S133_S140	87906	0	0.00	0			0	0
S133_S114	99095	0	0.00	0			0	0
S133_S049	104777	24092	22.99	722	6478.0	251.0	789.238227146814	563
S133_S128	108693	0	0.00	0			0	0
S133_S036	87419	14	0.02	1	329.0	329.0	329	329.0
S133_S112	117549	0	0.00	0			0	0
S133_S045	89738	26	0.03	2	305.0	270.0	287.5	287.5
S133_S058	121174	22922	18.92	663	6208.0	250.0	801.707390648567	558.0
S133_S057	126243	30178	23.90	563	13094.0	250.0	1259.36412078153	751.0
S133_S113	107403	0	0.00	0			0	0
S133_S013	101870	20226	19.85	650	4177.0	260.0	734.838461538462	550
S133_S038	141403	24656	17.44	683	8378.0	250.0	837.680819912152	576.0
S133_S119	117803	0	0.00	0			0	0
S133_S043	133427	23696	17.76	685	6065.0	250.0	803.505109489051	564.0
S133_S120	111284	0	0.00	0			0	0
S133_S135	116011	0	0.00	0			0	0
S133_S020	100709	19935	19.79	654	5416.0	253.0	713.77370030581	558
S133_S053	102414	710	0.69	50	717.0	250.0	322.52	307
S133_S094	89106	0	0.00	0			0	0
S133_S145	99789	0	0.00	0			0	0
S133_S081	111108	3571	3.21	217	1262.0	253.0	381.092165898618	346.0
S133_S124	137525	0	0.00	0			0	0
S133_S061	118206	765	0.65	54	766.0	254.0	324.388888888889	305
S133_S129	95150	0	0.00	0			0	0
S133_S127	110397	0	0.00	0			0	0
S133_S079	100516	0	0.00	0			0	0
S133_S019	114194	22786	19.95	594	6322.0	250.0	896.587542087542	605
S133_S017	101052	20249	20.04	626	4754.0	253.0	756.873801916933	564
S133_S136	97618	0	0.00	0			0	0
S133_S144	117217	0	0.00	0			0	0
S133_S143	96987	0	0.00	0			0	0
S133_S110	103128	0	0.00	0			0	0
S133_S010	100538	19816	19.71	577	5350.0	251.0	802.538994800693	569.0
S133_S050	109751	4844	4.41	289	1185.0	250.0	387.186851211073	344.0
S133_S139	90364	0	0.00	0			0	0
S133_S014	100057	20449	20.44	629	4425.0	250.0	762.357710651828	576.0
S133_S004	101732	21309	20.95	574	6023.0	255.0	865.94425087108	610.5
S133_S078	116250	25249	21.72	710	8012.0	251.0	835.298591549296	576
S133_S033	150257	23658	15.75	622	5598.0	251.0	881.813504823151	642
S133_S074	113574	678	0.60	48	715.0	251.0	325.958333333333	303
S133_S111	136311	0	0.00	0			0	0
S133_S016	101082	19642	19.43	684	4911.0	250.0	673.517543859649	513.5
S133_S104	106157	0	0.00	0			0	0
S133_S003	100474	20281	20.19	640	4517.0	251.0	742.459375	561
S133_S068	81860	0	0.00	0			0	0
S133_S001	99824	20590	20.63	660	4111.0	250.0	731.722727272727	540.5
S133_S102	111743	0	0.00	0			0	0
S133_S002	126616	23841	18.83	613	7659.0	250.0	906.205546492659	608.0
S133_S022	96792	20357	21.03	636	5734.0	257.0	751.149371069182	563
S133_S046	126002	986	0.78	67	821.0	254.0	338.820895522388	312.0
S133_S077	110440	24411	22.10	709	5536.0	250.0	810.070521861777	580.0
S133_S089	122467	21387	17.46	743	5210.0	251.0	675.609690444145	518.0
S133_S095	79411	0	0.00	0			0	0
S133_S052	111669	26090	23.36	739	7140.0	250.0	833.242219215156	578.0
S133_S011	100888	20962	20.78	640	4370.0	250.0	766.7671875	591.5
S133_S048	100672	0	0.00	0			0	0
S133_S007	99843	20847	20.88	610	4894.0	252.0	801.273770491803	580.5
S133_S012	100655	19447	19.32	674	3232.0	252.0	677.446587537092	527.5
S133_S060	123279	680	0.55	46	767.0	253.0	337.804347826087	320
S133_S026	153501	5694	3.71	336	1256.0	250.0	386.22619047619	338
S133_S093	129012	664	0.51	47	616.0	252.0	323.531914893617	300.0
S133_S070	99498	0	0.00	0			0	0
S005_S044	52205	0	0.00	0			0	0
S005_S122	67707	10266	15.16	546	2371.0	267.0	462.437728937729	393
S005_S041	56237	0	0.00	0			0	0
S005_S090	74092	0	0.00	0			0	0
S005_S082	75650	0	0.00	0			0	0
S005_S067	52034	0	0.00	0			0	0
S005_S115	59422	16158	27.19	622	3310.0	264.0	634.466237942122	515
S005_S096	53650	0	0.00	0			0	0
S005_S031	66998	0	0.00	0			0	0
S005_S047	89647	0	0.00	0			0	0
S005_S009	53596	0	0.00	0			0	0
S005_S006	61840	0	0.00	0			0	0
S005_S030	59287	0	0.00	0			0	0
S005_S091	67163	0	0.00	0			0	0
S005_S132	51921	1651	3.18	119	768.0	253.0	343.302521008403	328.0
S005_S021	80038	0	0.00	0			0	0
S005_S080	70294	0	0.00	0			0	0
S005_S027	54364	0	0.00	0			0	0
S005_S062	53369	0	0.00	0			0	0
S005_S039	73758	0	0.00	0			0	0
S005_S087	64018	0	0.00	0			0	0
S005_S086	137381	0	0.00	0			0	0
S005_S138	42347	0	0.00	0			0	0
S005_S101	59914	14455	24.13	605	3887.0	251.0	577.874380165289	474.0
S005_S029	48139	0	0.00	0			0	0
S005_S008	54900	0	0.00	0			0	0
S005_S142	56287	17458	31.02	527	5064.0	253.0	798.381404174573	579.0
S005_S042	53338	0	0.00	0			0	0
S005_S097	59697	0	0.00	0			0	0
S005_S072	83153	0	0.00	0			0	0
S005_S076	64811	0	0.00	0			0	0
S005_S055	64811	0	0.00	0			0	0
S005_S109	59876	2742	4.58	178	998.0	257.0	370.769662921348	339
S005_S040	58830	0	0.00	0			0	0
S005_S088	73509	0	0.00	0			0	0
S005_S024	57491	0	0.00	0			0	0
S005_S141	64634	14597	22.58	696	1595.0	254.0	526.945402298851	443
S005_S063	54858	0	0.00	0			0	0
S005_S032	73194	0	0.00	0			0	0
S005_S073	60715	0	0.00	0			0	0
S005_S037	58672	0	0.00	0			0	0
S005_S028	60453	0	0.00	0			0	0
S005_S103	66487	15417	23.19	660	2830.0	266.0	571.25303030303	489
S005_S054	121299	0	0.00	0			0	0
S005_S117	56669	14454	25.51	569	2393.0	265.0	616.230228471002	481.0
S005_S034	64783	0	0.00	0			0	0
S005_S025	82934	0	0.00	0			0	0
S005_S023	54779	0	0.00	0			0	0
S005_S123	55150	14655	26.57	607	2863.0	264.0	604.298187808896	491.0
S005_S106	53687	4215	7.85	264	858.0	250.0	378.643939393939	345
S005_S137	79751	3308	4.15	220	1060.0	258.0	376.122727272727	343.5
S005_S118	63237	15800	24.99	683	2229.0	265.0	565.99560761347	478.0
S005_S105	52128	1251	2.40	88	584.0	252.0	343.534090909091	340.5
S005_S069	84242	0	0.00	0			0	0
S005_S092	56310	0	0.00	0			0	0
S005_S066	80244	0	0.00	0			0	0
S005_S075	62560	0	0.00	0			0	0
S005_S065	69891	0	0.00	0			0	0
S005_S099	70678	0	0.00	0			0	0
S005_S059	40042	0	0.00	0			0	0
S005_S130	81846	4090	5.00	249	1023.0	273.0	398.453815261044	345.0
S005_S126	71211	19486	27.36	600	3775.0	265.0	777.411666666667	575
S005_S051	65561	0	0.00	0			0	0
S005_S064	49745	0	0.00	0			0	0
S005_S134	81941	20422	24.92	647	4468.0	251.0	759.840803709428	574.0
S005_S056	58263	0	0.00	0			0	0
S005_S140	41560	54	0.13	4	339.0	256.0	281.75	266
S005_S114	52749	13269	25.15	613	2158.0	255.0	529.995106035889	443.0
S005_S049	58431	0	0.00	0			0	0
S005_S128	62347	14460	23.19	594	3168.0	258.0	583.823232323232	471
S005_S036	41073	0	0.00	0			0	0
S005_S112	71203	6130	8.61	368	1353.0	250.0	393.038043478261	356
S005_S045	43392	0	0.00	0			0	0
S005_S058	74828	0	0.00	0			0	0
S005_S057	79897	0	0.00	0			0	0
S005_S113	61057	16967	27.79	665	5140.0	251.0	621.813533834586	517.0
S005_S013	55524	0	0.00	0			0	0
S005_S038	95057	0	0.00	0			0	0
S005_S119	71457	19442	27.21	629	3862.0	272.0	747.655007949126	544.0
S005_S043	87081	0	0.00	0			0	0
S005_S120	64938	18369	28.29	568	5405.0	251.0	774.794014084507	571
S005_S135	69665	19222	27.59	529	5268.0	265.0	866.759924385633	626.0
S005_S020	54363	0	0.00	0			0	0
S005_S053	56068	0	0.00	0			0	0
S005_S094	42760	0	0.00	0			0	0
S005_S145	53443	617	1.15	44	672.0	250.0	321.113636363636	297.5
S005_S081	64762	0	0.00	0			0	0
S005_S124	91179	18940	20.77	664	3658.0	253.0	676.691265060241	524
S005_S061	71860	0	0.00	0			0	0
S005_S129	48804	50	0.10	4	294.0	255.0	271.5	268.5
S005_S127	64051	880	1.37	61	766.0	253.0	331.590163934426	306.0
S005_S079	54170	0	0.00	0			0	0
S005_S019	67848	0	0.00	0			0	0
S005_S017	54706	0	0.00	0			0	0
S005_S136	51272	12198	23.79	565	2121.0	255.0	528.667256637168	440.0
S005_S144	70871	0	0.00	0			0	0
S005_S143	50641	0	0.00	0			0	0
S005_S110	56782	44	0.08	3	356.0	261.0	307.333333333333	305.0
S005_S010	54192	0	0.00	0			0	0
S005_S050	63405	0	0.00	0			0	0
S005_S139	44018	346	0.79	24	691.0	254.0	322.916666666667	291.5
S005_S014	53711	0	0.00	0			0	0
S005_S004	55386	0	0.00	0			0	0
S005_S078	69904	0	0.00	0			0	0
S005_S033	103911	0	0.00	0			0	0
S005_S074	67228	0	0.00	0			0	0
S005_S111	89965	933	1.04	62	545.0	278.0	369.870967741935	346
S005_S016	54736	0	0.00	0			0	0
S005_S104	59811	1414	2.36	100	590.0	261.0	341.16	330.5
S005_S003	54128	0	0.00	0			0	0
S005_S068	35514	0	0.00	0			0	0
S005_S001	53478	0	0.00	0			0	0
S005_S102	65397	17731	27.11	611	7926.0	256.0	697.139116202946	533.0
S005_S002	80270	0	0.00	0			0	0
S005_S022	50446	0	0.00	0			0	0
S005_S046	79656	0	0.00	0			0	0
S005_S077	64094	0	0.00	0			0	0
S005_S089	76121	0	0.00	0			0	0
S005_S095	33065	0	0.00	0			0	0
S005_S052	65323	0	0.00	0			0	0
S005_S011	54542	0	0.00	0			0	0
S005_S048	54326	0	0.00	0			0	0
S005_S007	53497	0	0.00	0			0	0
S005_S012	54309	0	0.00	0			0	0
S005_S060	76933	0	0.00	0			0	0
S005_S026	107155	0	0.00	0			0	0
S005_S093	82666	0	0.00	0			0	0
S005_S070	53152	0	0.00	0			0	0
S044_S122	65258	0	0.00	0			0	0
S044_S041	53788	0	0.00	0			0	0
S044_S090	71643	0	0.00	0			0	0
S044_S082	73201	0	0.00	0			0	0
S044_S067	49585	0	0.00	0			0	0
S044_S115	56973	52	0.09	4	321.0	255.0	288.75	289.5
S044_S096	51201	0	0.00	0			0	0
S044_S031	64549	0	0.00	0			0	0
S044_S047	87198	0	0.00	0			0	0
S044_S009	51147	0	0.00	0			0	0
S044_S006	59391	0	0.00	0			0	0
S044_S030	56838	0	0.00	0			0	0
S044_S091	64714	0	0.00	0			0	0
S044_S132	49472	68	0.14	6	291.0	254.0	279.333333333333	284.5
S044_S021	77589	0	0.00	0			0	0
S044_S080	67845	0	0.00	0			0	0
S044_S027	51915	0	0.00	0			0	0
S044_S062	50920	0	0.00	0			0	0
S044_S039	71309	0	0.00	0			0	0
S044_S087	61569	0	0.00	0			0	0
S044_S086	134932	0	0.00	0			0	0
S044_S138	39898	0	0.00	0			0	0
S044_S101	57465	36	0.06	3	274.0	250.0	258.666666666667	252.0
S044_S029	45690	0	0.00	0			0	0
S044_S008	52451	0	0.00	0			0	0
S044_S142	53838	80	0.15	6	326.0	279.0	292.5	287
S044_S042	50889	0	0.00	0			0	0
S044_S097	57248	0	0.00	0			0	0
S044_S072	80704	0	0.00	0			0	0
S044_S076	62362	0	0.00	0			0	0
S044_S055	62362	0	0.00	0			0	0
S044_S109	57427	14	0.02	1	295.0	295.0	295	295.0
S044_S040	56381	0	0.00	0			0	0
S044_S088	71060	0	0.00	0			0	0
S044_S024	55042	0	0.00	0			0	0
S044_S141	62185	30	0.05	2	346.0	315.0	330.5	330.5
S044_S063	52409	0	0.00	0			0	0
S044_S032	70745	0	0.00	0			0	0
S044_S073	58266	0	0.00	0			0	0
S044_S037	56223	0	0.00	0			0	0
S044_S028	58004	0	0.00	0			0	0
S044_S103	64038	40	0.06	3	330.0	254.0	290	286.0
S044_S054	118850	0	0.00	0			0	0
S044_S117	54220	26	0.05	2	310.0	279.0	294.5	294.5
S044_S034	62334	0	0.00	0			0	0
S044_S025	80485	0	0.00	0			0	0
S044_S023	52330	0	0.00	0			0	0
S044_S123	52701	0	0.00	0			0	0
S044_S106	51238	42	0.08	3	319.0	271.0	295	295.0
S044_S137	77302	36	0.05	3	276.0	267.0	271.333333333333	271.0
S044_S118	60788	26	0.04	2	260.0	252.0	256	256
S044_S105	49679	0	0.00	0			0	0
S044_S069	81793	0	0.00	0			0	0
S044_S092	53861	0	0.00	0			0	0
S044_S066	77795	0	0.00	0			0	0
S044_S075	60111	0	0.00	0			0	0
S044_S065	67442	0	0.00	0			0	0
S044_S099	68229	0	0.00	0			0	0
S044_S059	37593	0	0.00	0			0	0
S044_S130	79397	0	0.00	0			0	0
S044_S126	68762	50	0.07	4	321.0	254.0	279	270.5
S044_S051	63112	0	0.00	0			0	0
S044_S064	47296	0	0.00	0			0	0
S044_S134	79492	24	0.03	2	274.0	269.0	271.5	271.5
S044_S056	55814	0	0.00	0			0	0
S044_S140	39111	419	1.07	30	458.0	255.0	310.066666666667	296
S044_S114	50300	38	0.08	3	324.0	270.0	289.666666666667	275.0
S044_S049	55982	0	0.00	0			0	0
S044_S128	59898	38	0.06	3	293.0	251.0	268.666666666667	262.0
S044_S036	38624	0	0.00	0			0	0
S044_S112	68754	0	0.00	0			0	0
S044_S045	40943	0	0.00	0			0	0
S044_S058	72379	0	0.00	0			0	0
S044_S057	77448	0	0.00	0			0	0
S044_S113	58608	38	0.06	3	328.0	272.0	291.333333333333	274.0
S044_S013	53075	0	0.00	0			0	0
S044_S038	92608	0	0.00	0			0	0
S044_S119	69008	68	0.10	5	342.0	252.0	296.4	298.0
S044_S043	84632	0	0.00	0			0	0
S044_S120	62489	38	0.06	3	339.0	259.0	290	272.0
S044_S135	67216	48	0.07	4	291.0	250.0	266.5	262.5
S044_S020	51914	0	0.00	0			0	0
S044_S053	53619	0	0.00	0			0	0
S044_S094	40311	0	0.00	0			0	0
S044_S145	50994	32	0.06	2	364.0	256.0	310	310
S044_S081	62313	0	0.00	0			0	0
S044_S124	88730	40	0.05	3	327.0	266.0	294	289.0
S044_S061	69411	0	0.00	0			0	0
S044_S129	46355	15193	32.78	526	4062.0	255.0	694.619771863118	535.5
S044_S127	61602	26	0.04	2	278.0	266.0	272	272
S044_S079	51721	0	0.00	0			0	0
S044_S019	65399	0	0.00	0			0	0
S044_S017	52257	0	0.00	0			0	0
S044_S136	48823	26	0.05	2	327.0	269.0	298	298
S044_S144	68422	0	0.00	0			0	0
S044_S143	48192	0	0.00	0			0	0
S044_S110	54333	6642	12.22	374	1329.0	250.0	420.163101604278	370.5
S044_S010	51743	0	0.00	0			0	0
S044_S050	60956	0	0.00	0			0	0
S044_S139	41569	116	0.28	8	339.0	252.0	298.375	308
S044_S014	51262	0	0.00	0			0	0
S044_S004	52937	0	0.00	0			0	0
S044_S078	67455	0	0.00	0			0	0
S044_S033	101462	0	0.00	0			0	0
S044_S074	64779	0	0.00	0			0	0
S044_S111	87516	0	0.00	0			0	0
S044_S016	52287	0	0.00	0			0	0
S044_S104	57362	0	0.00	0			0	0
S044_S003	51679	0	0.00	0			0	0
S044_S068	33065	0	0.00	0			0	0
S044_S001	51029	0	0.00	0			0	0
S044_S102	62948	36	0.06	3	267.0	250.0	257	254.0
S044_S002	77821	0	0.00	0			0	0
S044_S022	47997	0	0.00	0			0	0
S044_S046	77207	0	0.00	0			0	0
S044_S077	61645	0	0.00	0			0	0
S044_S089	73672	0	0.00	0			0	0
S044_S095	30616	0	0.00	0			0	0
S044_S052	62874	0	0.00	0			0	0
S044_S011	52093	0	0.00	0			0	0
S044_S048	51877	0	0.00	0			0	0
S044_S007	51048	0	0.00	0			0	0
S044_S012	51860	0	0.00	0			0	0
S044_S060	74484	0	0.00	0			0	0
S044_S026	104706	0	0.00	0			0	0
S044_S093	80217	0	0.00	0			0	0
S044_S070	50703	0	0.00	0			0	0
S122_S041	69290	0	0.00	0			0	0
S122_S090	87145	11984	13.75	617	2463.0	256.0	473.217179902755	396.0
S122_S082	88703	12479	14.07	630	2321.0	269.0	481.253968253968	394.5
S122_S067	65087	504	0.77	36	491.0	256.0	333.611111111111	336.5
S122_S115	72475	0	0.00	0			0	0
S122_S096	66703	0	0.00	0			0	0
S122_S031	80051	1973	2.46	129	774.0	257.0	366.131782945736	341.0
S122_S047	102700	16772	16.33	833	2134.0	264.0	502.998799519808	433.0
S122_S009	66649	10398	15.60	545	1487.0	272.0	468.882568807339	397.0
S122_S006	74893	11588	15.47	588	2548.0	262.0	484.416666666667	429
S122_S030	72340	1437	1.99	93	692.0	266.0	375.58064516129	345.0
S122_S091	80216	1124	1.40	72	814.0	271.0	364.944444444444	339
S122_S132	64974	0	0.00	0			0	0
S122_S021	93091	11676	12.54	586	2711.0	262.0	480.421501706485	412
S122_S080	83347	13468	16.16	668	2277.0	264.0	489.706586826347	421
S122_S027	67417	1192	1.77	79	719.0	270.0	367.911392405063	343.0
S122_S062	66422	951	1.43	64	695.0	279.0	366.640625	345
S122_S039	86811	0	0.00	0			0	0
S122_S087	77071	5497	7.13	319	1816.0	270.0	424.263322884013	379.0
S122_S086	150434	9210	6.12	501	1708.0	255.0	436.706586826347	383.0
S122_S138	55400	0	0.00	0			0	0
S122_S101	72967	0	0.00	0			0	0
S122_S029	61192	510	0.83	35	590.0	279.0	358.828571428571	345.0
S122_S008	67953	9862	14.51	519	1944.0	265.0	466.104046242775	396.0
S122_S142	69340	0	0.00	0			0	0
S122_S042	66391	0	0.00	0			0	0
S122_S097	72750	620	0.85	45	482.0	258.0	327.444444444444	309.0
S122_S072	96206	0	0.00	0			0	0
S122_S076	77864	10933	14.04	581	1555.0	272.0	463.402753872633	394.0
S122_S055	77864	10933	14.04	581	1555.0	272.0	463.402753872633	394.0
S122_S109	72929	0	0.00	0			0	0
S122_S040	71883	384	0.53	27	505.0	263.0	330.555555555556	333.0
S122_S088	86562	12064	13.94	620	2488.0	252.0	474.195161290323	395
S122_S024	70544	3273	4.64	213	820.0	266.0	376.910798122066	347.0
S122_S141	77687	0	0.00	0			0	0
S122_S063	67911	14259	21.00	697	2377.0	267.0	505.578192252511	434.0
S122_S032	86247	13514	15.67	672	2755.0	255.0	489.68005952381	422
S122_S073	73768	0	0.00	0			0	0
S122_S037	71725	0	0.00	0			0	0
S122_S028	73506	1532	2.08	99	915.0	257.0	374.515151515152	343.0
S122_S103	79540	0	0.00	0			0	0
S122_S054	134352	17356	12.92	782	2200.0	253.0	524.883631713555	433.5
S122_S117	69722	0	0.00	0			0	0
S122_S034	77836	0	0.00	0			0	0
S122_S025	95987	2166	2.26	154	842.0	252.0	367.525974025974	343
S122_S023	67832	10500	15.48	550	1992.0	272.0	468.521818181818	397
S122_S123	68203	0	0.00	0			0	0
S122_S106	66740	0	0.00	0			0	0
S122_S137	92804	0	0.00	0			0	0
S122_S118	76290	0	0.00	0			0	0
S122_S105	65181	0	0.00	0			0	0
S122_S069	97295	0	0.00	0			0	0
S122_S092	69363	0	0.00	0			0	0
S122_S066	93297	370	0.40	24	789.0	255.0	360.416666666667	337
S122_S075	75613	10994	14.54	552	2234.0	262.0	489.606884057971	428
S122_S065	82944	24	0.03	2	283.0	261.0	272	272
S122_S099	83731	13994	16.71	703	2584.0	256.0	482.842105263158	396.0
S122_S059	53095	194	0.37	12	637.0	284.0	393.5	341.5
S122_S130	94899	0	0.00	0			0	0
S122_S126	84264	0	0.00	0			0	0
S122_S051	78614	12040	15.32	608	2338.0	267.0	481.648026315789	396
S122_S064	62798	5750	9.16	331	1350.0	250.0	430.456193353474	394.0
S122_S134	94994	0	0.00	0			0	0
S122_S056	71316	1087	1.52	73	689.0	269.0	358.767123287671	337.0
S122_S140	54613	0	0.00	0			0	0
S122_S114	65802	0	0.00	0			0	0
S122_S049	71484	12696	17.76	642	2469.0	250.0	485.598130841121	397.5
S122_S128	75400	0	0.00	0			0	0
S122_S036	54126	12	0.02	1	259.0	259.0	259	259.0
S122_S112	84256	0	0.00	0			0	0
S122_S045	56445	12	0.02	1	290.0	290.0	290	290.0
S122_S058	87881	11667	13.28	593	2325.0	254.0	474.657672849916	393.0
S122_S057	92950	17994	19.36	808	2894.0	269.0	539.315594059406	438.5
S122_S113	74110	0	0.00	0			0	0
S122_S013	68577	10422	15.20	562	1782.0	256.0	459.677935943061	396
S122_S038	108110	12691	11.74	628	2349.0	257.0	482.912420382166	412
S122_S119	84510	0	0.00	0			0	0
S122_S043	100134	11461	11.45	582	2334.0	266.0	472.73883161512	397
S122_S120	77991	0	0.00	0			0	0
S122_S135	82718	0	0.00	0			0	0
S122_S020	67416	9963	14.78	528	1306.0	266.0	463.941287878788	398.5
S122_S053	69121	320	0.46	23	485.0	261.0	334.608695652174	338.0
S122_S094	55813	0	0.00	0			0	0
S122_S145	66496	0	0.00	0			0	0
S122_S081	77815	1531	1.97	101	780.0	257.0	363.891089108911	339.0
S122_S124	104232	0	0.00	0			0	0
S122_S061	84913	321	0.38	23	485.0	252.0	328.04347826087	324.0
S122_S129	61857	0	0.00	0			0	0
S122_S127	77104	0	0.00	0			0	0
S122_S079	67223	12	0.02	1	276.0	276.0	276	276.0
S122_S019	80901	11666	14.42	586	2363.0	250.0	486.87542662116	419
S122_S017	67759	10260	15.14	542	1891.0	262.0	464.178966789668	396
S122_S136	64325	0	0.00	0			0	0
S122_S144	83924	0	0.00	0			0	0
S122_S143	63694	0	0.00	0			0	0
S122_S110	69835	0	0.00	0			0	0
S122_S010	67245	9661	14.37	497	1775.0	254.0	478.271629778672	397.0
S122_S050	76458	1944	2.54	127	939.0	255.0	367.251968503937	339.0
S122_S139	57071	0	0.00	0			0	0
S122_S014	66764	10368	15.53	544	2570.0	274.0	468.479779411765	395.5
S122_S004	68439	11139	16.28	578	2526.0	267.0	473.217993079585	396
S122_S078	82957	12953	15.61	660	2493.0	266.0	477.239393939394	393
S122_S033	116964	12077	10.33	591	2661.0	255.0	489.631133671743	420.0
S122_S074	80281	265	0.33	20	484.0	258.0	328.15	332.5
S122_S111	103018	0	0.00	0			0	0
S122_S016	67789	9622	14.19	518	1362.0	276.0	457.108108108108	395
S122_S104	72864	0	0.00	0			0	0
S122_S003	67181	10316	15.36	546	1874.0	273.0	464.529304029304	395.5
S122_S068	48567	0	0.00	0			0	0
S122_S001	66531	10238	15.39	529	1404.0	274.0	475.06427221172	423.0
S122_S102	78450	0	0.00	0			0	0
S122_S002	93323	12258	13.14	622	1998.0	257.0	475.631832797428	395.5
S122_S022	63499	10367	16.33	545	1901.0	273.0	469.088073394495	398.0
S122_S046	92709	457	0.49	32	696.0	267.0	343.5	327.5
S122_S077	77147	12436	16.12	636	2454.0	260.0	476.12893081761	393
S122_S089	89174	10265	11.51	549	2046.0	262.0	454.234972677596	388.0
S122_S095	46118	0	0.00	0			0	0
S122_S052	78376	13675	17.45	697	2614.0	262.0	481.390243902439	396.0
S122_S011	67595	10745	15.90	560	2092.0	270.0	470.996428571429	397
S122_S048	67379	0	0.00	0			0	0
S122_S007	66550	10560	15.87	547	2478.0	269.0	473.26873857404	397.0
S122_S012	67362	9516	14.13	510	1406.0	276.0	459.011764705882	396.5
S122_S060	89986	305	0.34	22	482.0	252.0	324.227272727273	316.5
S122_S026	120208	1800	1.50	115	850.0	257.0	363.973913043478	336.0
S122_S093	95719	342	0.36	25	421.0	263.0	322.16	317.0
S122_S070	66205	0	0.00	0			0	0
S041_S090	75675	0	0.00	0			0	0
S041_S082	77233	0	0.00	0			0	0
S041_S067	53617	0	0.00	0			0	0
S041_S115	61005	0	0.00	0			0	0
S041_S096	55233	0	0.00	0			0	0
S041_S031	68581	0	0.00	0			0	0
S041_S047	91230	0	0.00	0			0	0
S041_S009	55179	0	0.00	0			0	0
S041_S006	63423	0	0.00	0			0	0
S041_S030	60870	0	0.00	0			0	0
S041_S091	68746	0	0.00	0			0	0
S041_S132	53504	0	0.00	0			0	0
S041_S021	81621	0	0.00	0			0	0
S041_S080	71877	0	0.00	0			0	0
S041_S027	55947	0	0.00	0			0	0
S041_S062	54952	0	0.00	0			0	0
S041_S039	75341	0	0.00	0			0	0
S041_S087	65601	0	0.00	0			0	0
S041_S086	138964	0	0.00	0			0	0
S041_S138	43930	0	0.00	0			0	0
S041_S101	61497	0	0.00	0			0	0
S041_S029	49722	0	0.00	0			0	0
S041_S008	56483	0	0.00	0			0	0
S041_S142	57870	0	0.00	0			0	0
S041_S042	54921	0	0.00	0			0	0
S041_S097	61280	0	0.00	0			0	0
S041_S072	84736	0	0.00	0			0	0
S041_S076	66394	0	0.00	0			0	0
S041_S055	66394	0	0.00	0			0	0
S041_S109	61459	0	0.00	0			0	0
S041_S040	60413	0	0.00	0			0	0
S041_S088	75092	0	0.00	0			0	0
S041_S024	59074	0	0.00	0			0	0
S041_S141	66217	0	0.00	0			0	0
S041_S063	56441	0	0.00	0			0	0
S041_S032	74777	0	0.00	0			0	0
S041_S073	62298	0	0.00	0			0	0
S041_S037	60255	0	0.00	0			0	0
S041_S028	62036	0	0.00	0			0	0
S041_S103	68070	0	0.00	0			0	0
S041_S054	122882	0	0.00	0			0	0
S041_S117	58252	0	0.00	0			0	0
S041_S034	66366	0	0.00	0			0	0
S041_S025	84517	0	0.00	0			0	0
S041_S023	56362	0	0.00	0			0	0
S041_S123	56733	0	0.00	0			0	0
S041_S106	55270	0	0.00	0			0	0
S041_S137	81334	0	0.00	0			0	0
S041_S118	64820	0	0.00	0			0	0
S041_S105	53711	0	0.00	0			0	0
S041_S069	85825	0	0.00	0			0	0
S041_S092	57893	0	0.00	0			0	0
S041_S066	81827	0	0.00	0			0	0
S041_S075	64143	0	0.00	0			0	0
S041_S065	71474	0	0.00	0			0	0
S041_S099	72261	0	0.00	0			0	0
S041_S059	41625	0	0.00	0			0	0
S041_S130	83429	0	0.00	0			0	0
S041_S126	72794	0	0.00	0			0	0
S041_S051	67144	0	0.00	0			0	0
S041_S064	51328	0	0.00	0			0	0
S041_S134	83524	0	0.00	0			0	0
S041_S056	59846	0	0.00	0			0	0
S041_S140	43143	0	0.00	0			0	0
S041_S114	54332	0	0.00	0			0	0
S041_S049	60014	0	0.00	0			0	0
S041_S128	63930	0	0.00	0			0	0
S041_S036	42656	0	0.00	0			0	0
S041_S112	72786	0	0.00	0			0	0
S041_S045	44975	0	0.00	0			0	0
S041_S058	76411	0	0.00	0			0	0
S041_S057	81480	0	0.00	0			0	0
S041_S113	62640	0	0.00	0			0	0
S041_S013	57107	0	0.00	0			0	0
S041_S038	96640	0	0.00	0			0	0
S041_S119	73040	0	0.00	0			0	0
S041_S043	88664	0	0.00	0			0	0
S041_S120	66521	0	0.00	0			0	0
S041_S135	71248	0	0.00	0			0	0
S041_S020	55946	0	0.00	0			0	0
S041_S053	57651	0	0.00	0			0	0
S041_S094	44343	0	0.00	0			0	0
S041_S145	55026	0	0.00	0			0	0
S041_S081	66345	0	0.00	0			0	0
S041_S124	92762	0	0.00	0			0	0
S041_S061	73443	0	0.00	0			0	0
S041_S129	50387	14	0.03	1	339.0	339.0	339	339.0
S041_S127	65634	16	0.02	1	267.0	267.0	267	267.0
S041_S079	55753	0	0.00	0			0	0
S041_S019	69431	0	0.00	0			0	0
S041_S017	56289	0	0.00	0			0	0
S041_S136	52855	0	0.00	0			0	0
S041_S144	72454	80	0.11	6	375.0	278.0	316.666666666667	313
S041_S143	52224	338	0.65	25	612.0	267.0	318.64	292.0
S041_S110	58365	0	0.00	0			0	0
S041_S010	55775	0	0.00	0			0	0
S041_S050	64988	0	0.00	0			0	0
S041_S139	45601	0	0.00	0			0	0
S041_S014	55294	0	0.00	0			0	0
S041_S004	56969	0	0.00	0			0	0
S041_S078	71487	0	0.00	0			0	0
S041_S033	105494	0	0.00	0			0	0
S041_S074	68811	0	0.00	0			0	0
S041_S111	91548	0	0.00	0			0	0
S041_S016	56319	0	0.00	0			0	0
S041_S104	61394	0	0.00	0			0	0
S041_S003	55711	0	0.00	0			0	0
S041_S068	37097	0	0.00	0			0	0
S041_S001	55061	0	0.00	0			0	0
S041_S102	66980	0	0.00	0			0	0
S041_S002	81853	0	0.00	0			0	0
S041_S022	52029	0	0.00	0			0	0
S041_S046	81239	0	0.00	0			0	0
S041_S077	65677	0	0.00	0			0	0
S041_S089	77704	0	0.00	0			0	0
S041_S095	34648	0	0.00	0			0	0
S041_S052	66906	0	0.00	0			0	0
S041_S011	56125	0	0.00	0			0	0
S041_S048	55909	0	0.00	0			0	0
S041_S007	55080	0	0.00	0			0	0
S041_S012	55892	0	0.00	0			0	0
S041_S060	78516	0	0.00	0			0	0
S041_S026	108738	0	0.00	0			0	0
S041_S093	84249	0	0.00	0			0	0
S041_S070	54735	0	0.00	0			0	0
S090_S082	95088	0	0.00	0			0	0
S090_S067	71472	0	0.00	0			0	0
S090_S115	78860	17822	22.60	674	5266.0	254.0	636.278931750742	517.5
S090_S096	73088	0	0.00	0			0	0
S090_S031	86436	0	0.00	0			0	0
S090_S047	109085	0	0.00	0			0	0
S090_S009	73034	0	0.00	0			0	0
S090_S006	81278	0	0.00	0			0	0
S090_S030	78725	0	0.00	0			0	0
S090_S091	86601	0	0.00	0			0	0
S090_S132	71359	1741	2.44	129	810.0	253.0	336.488372093023	330.0
S090_S021	99476	0	0.00	0			0	0
S090_S080	89732	0	0.00	0			0	0
S090_S027	73802	0	0.00	0			0	0
S090_S062	72807	0	0.00	0			0	0
S090_S039	93196	0	0.00	0			0	0
S090_S087	83456	0	0.00	0			0	0
S090_S086	156819	0	0.00	0			0	0
S090_S138	61785	0	0.00	0			0	0
S090_S101	79352	16422	20.70	672	3135.0	255.0	584.675595238095	468.5
S090_S029	67577	0	0.00	0			0	0
S090_S008	74338	0	0.00	0			0	0
S090_S142	75725	18972	25.05	533	5686.0	251.0	845.515947467167	582.0
S090_S042	72776	0	0.00	0			0	0
S090_S097	79135	0	0.00	0			0	0
S090_S072	102591	0	0.00	0			0	0
S090_S076	84249	0	0.00	0			0	0
S090_S055	84249	0	0.00	0			0	0
S090_S109	79314	2916	3.68	185	796.0	251.0	376.410810810811	344.0
S090_S040	78268	0	0.00	0			0	0
S090_S088	92947	0	0.00	0			0	0
S090_S024	76929	0	0.00	0			0	0
S090_S141	84072	16622	19.77	782	2147.0	264.0	531.290281329923	460.5
S090_S063	74296	0	0.00	0			0	0
S090_S032	92632	0	0.00	0			0	0
S090_S073	80153	0	0.00	0			0	0
S090_S037	78110	0	0.00	0			0	0
S090_S028	79891	0	0.00	0			0	0
S090_S103	85925	17691	20.59	726	3337.0	251.0	590.439393939394	478.5
S090_S054	140737	0	0.00	0			0	0
S090_S117	76107	16068	21.11	621	3885.0	257.0	618.866344605475	479.0
S090_S034	84221	0	0.00	0			0	0
S090_S025	102372	0	0.00	0			0	0
S090_S023	74217	0	0.00	0			0	0
S090_S123	74588	16012	21.47	640	4552.0	256.0	619.81875	485.5
S090_S106	73125	4536	6.20	285	1032.0	250.0	377.715789473684	340.0
S090_S137	99189	3485	3.51	234	1095.0	251.0	373.551282051282	340
S090_S118	82675	17300	20.93	727	3217.0	253.0	574.806052269601	480.0
S090_S105	71566	1224	1.71	87	586.0	257.0	341.701149425287	336.0
S090_S069	103680	0	0.00	0			0	0
S090_S092	75748	0	0.00	0			0	0
S090_S066	99682	0	0.00	0			0	0
S090_S075	81998	0	0.00	0			0	0
S090_S065	89329	0	0.00	0			0	0
S090_S099	90116	0	0.00	0			0	0
S090_S059	59480	0	0.00	0			0	0
S090_S130	101284	4589	4.53	279	1353.0	253.0	397.627240143369	345.0
S090_S126	90649	21115	23.29	602	5401.0	255.0	830.239202657807	569.5
S090_S051	84999	0	0.00	0			0	0
S090_S064	69183	0	0.00	0			0	0
S090_S134	101379	22043	21.74	618	5873.0	253.0	851.665048543689	625.5
S090_S056	77701	0	0.00	0			0	0
S090_S140	60998	14	0.02	1	303.0	303.0	303	303.0
S090_S114	72187	14619	20.25	677	1814.0	252.0	521.552437223043	435.0
S090_S049	77869	0	0.00	0			0	0
S090_S128	81785	15804	19.32	643	4563.0	250.0	580.283048211509	450.0
S090_S036	60511	0	0.00	0			0	0
S090_S112	90641	6503	7.17	382	1281.0	250.0	396.185863874346	348.5
S090_S045	62830	0	0.00	0			0	0
S090_S058	94266	0	0.00	0			0	0
S090_S057	99335	0	0.00	0			0	0
S090_S113	80495	18247	22.67	694	3198.0	250.0	630.655619596542	513.5
S090_S013	74962	0	0.00	0			0	0
S090_S038	114495	0	0.00	0			0	0
S090_S119	90895	21172	23.29	660	4026.0	254.0	769.321212121212	567.5
S090_S043	106519	0	0.00	0			0	0
S090_S120	84376	20106	23.83	583	5626.0	250.0	817.447684391081	558.0
S090_S135	89103	21071	23.65	527	6133.0	258.0	943.11385199241	652.0
S090_S020	73801	0	0.00	0			0	0
S090_S053	75506	0	0.00	0			0	0
S090_S094	62198	0	0.00	0			0	0
S090_S145	72881	561	0.77	40	666.0	251.0	324.425	294
S090_S081	84200	0	0.00	0			0	0
S090_S124	110617	20566	18.59	684	4312.0	251.0	707.514619883041	517
S090_S061	91298	0	0.00	0			0	0
S090_S129	68242	42	0.06	3	370.0	266.0	303.666666666667	275.0
S090_S127	83489	800	0.96	56	858.0	256.0	329.732142857143	318
S090_S079	73608	0	0.00	0			0	0
S090_S019	87286	0	0.00	0			0	0
S090_S017	74144	0	0.00	0			0	0
S090_S136	70710	13541	19.15	634	2033.0	254.0	515.534700315457	437
S090_S144	90309	0	0.00	0			0	0
S090_S143	70079	0	0.00	0			0	0
S090_S110	76220	0	0.00	0			0	0
S090_S010	73630	0	0.00	0			0	0
S090_S050	82843	0	0.00	0			0	0
S090_S139	63456	212	0.33	15	416.0	253.0	311.6	295.0
S090_S014	73149	0	0.00	0			0	0
S090_S004	74824	0	0.00	0			0	0
S090_S078	89342	0	0.00	0			0	0
S090_S033	123349	0	0.00	0			0	0
S090_S074	86666	0	0.00	0			0	0
S090_S111	109403	1030	0.94	68	632.0	266.0	369.970588235294	346
S090_S016	74174	0	0.00	0			0	0
S090_S104	79249	1393	1.76	93	726.0	259.0	365.978494623656	342.0
S090_S003	73566	0	0.00	0			0	0
S090_S068	54952	0	0.00	0			0	0
S090_S001	72916	0	0.00	0			0	0
S090_S102	84835	20245	23.86	672	5664.0	250.0	717.602678571429	527
S090_S002	99708	0	0.00	0			0	0
S090_S022	69884	0	0.00	0			0	0
S090_S046	99094	0	0.00	0			0	0
S090_S077	83532	0	0.00	0			0	0
S090_S089	95559	0	0.00	0			0	0
S090_S095	52503	0	0.00	0			0	0
S090_S052	84761	0	0.00	0			0	0
S090_S011	73980	0	0.00	0			0	0
S090_S048	73764	0	0.00	0			0	0
S090_S007	72935	0	0.00	0			0	0
S090_S012	73747	0	0.00	0			0	0
S090_S060	96371	0	0.00	0			0	0
S090_S026	126593	0	0.00	0			0	0
S090_S093	102104	0	0.00	0			0	0
S090_S070	72590	0	0.00	0			0	0
S082_S067	73030	0	0.00	0			0	0
S082_S115	80418	24016	29.86	628	7095.0	258.0	925.676751592357	658.5
S082_S096	74646	0	0.00	0			0	0
S082_S031	87994	0	0.00	0			0	0
S082_S047	110643	0	0.00	0			0	0
S082_S009	74592	0	0.00	0			0	0
S082_S006	82836	0	0.00	0			0	0
S082_S030	80283	0	0.00	0			0	0
S082_S091	88159	0	0.00	0			0	0
S082_S132	72917	2295	3.15	165	728.0	251.0	344.818181818182	326.0
S082_S021	101034	0	0.00	0			0	0
S082_S080	91290	0	0.00	0			0	0
S082_S027	75360	0	0.00	0			0	0
S082_S062	74365	0	0.00	0			0	0
S082_S039	94754	0	0.00	0			0	0
S082_S087	85014	0	0.00	0			0	0
S082_S086	158377	0	0.00	0			0	0
S082_S138	63343	0	0.00	0			0	0
S082_S101	80910	25621	31.67	666	6450.0	253.0	929.617117117117	641.5
S082_S029	69135	0	0.00	0			0	0
S082_S008	75896	0	0.00	0			0	0
S082_S142	77283	20250	26.20	600	6703.0	252.0	805.096666666667	571
S082_S042	74334	0	0.00	0			0	0
S082_S097	80693	0	0.00	0			0	0
S082_S072	104149	0	0.00	0			0	0
S082_S076	85807	0	0.00	0			0	0
S082_S055	85807	0	0.00	0			0	0
S082_S109	80872	3338	4.13	207	1027.0	254.0	381.95652173913	344.0
S082_S040	79826	0	0.00	0			0	0
S082_S088	94505	0	0.00	0			0	0
S082_S024	78487	0	0.00	0			0	0
S082_S141	85630	17181	20.06	804	2591.0	267.0	529.998756218905	435
S082_S063	75854	0	0.00	0			0	0
S082_S032	94190	0	0.00	0			0	0
S082_S073	81711	0	0.00	0			0	0
S082_S037	79668	0	0.00	0			0	0
S082_S028	81449	0	0.00	0			0	0
S082_S103	87483	16801	19.20	725	3406.0	250.0	559.958620689655	446.0
S082_S054	142295	0	0.00	0			0	0
S082_S117	77665	22435	28.89	579	6321.0	260.0	934.602763385147	678.0
S082_S034	85779	0	0.00	0			0	0
S082_S025	103930	0	0.00	0			0	0
S082_S023	75775	0	0.00	0			0	0
S082_S123	76146	16066	21.10	638	3541.0	251.0	623.048589341693	496
S082_S106	74683	5207	6.97	315	1172.0	250.0	387.168253968254	345.0
S082_S137	100747	4200	4.17	277	1011.0	250.0	379.541516245487	340.0
S082_S118	84233	17757	21.08	726	3281.0	256.0	591.096418732782	482
S082_S105	73124	1516	2.07	104	637.0	258.0	351.980769230769	338.5
S082_S069	105238	0	0.00	0			0	0
S082_S092	77306	0	0.00	0			0	0
S082_S066	101240	0	0.00	0			0	0
S082_S075	83556	0	0.00	0			0	0
S082_S065	90887	0	0.00	0			0	0
S082_S099	91674	0	0.00	0			0	0
S082_S059	61038	0	0.00	0			0	0
S082_S130	102842	6361	6.19	379	1385.0	266.0	403.733509234828	369.0
S082_S126	92207	22530	24.43	653	6486.0	251.0	820.013782542113	598.0
S082_S051	86557	0	0.00	0			0	0
S082_S064	70741	0	0.00	0			0	0
S082_S134	102937	23342	22.68	676	7779.0	255.0	825.116863905325	614
S082_S056	79259	0	0.00	0			0	0
S082_S140	62556	62	0.10	4	355.0	270.0	305	297.5
S082_S114	73745	20126	27.29	744	3340.0	261.0	657.58064516129	535
S082_S049	79427	0	0.00	0			0	0
S082_S128	83343	19232	23.08	627	7171.0	250.0	729.996810207337	515.0
S082_S036	62069	0	0.00	0			0	0
S082_S112	92199	8321	9.03	460	1457.0	250.0	422.819565217391	375
S082_S045	64388	0	0.00	0			0	0
S082_S058	95824	0	0.00	0			0	0
S082_S057	100893	0	0.00	0			0	0
S082_S113	82053	24196	29.49	620	7543.0	250.0	941.879032258065	674
S082_S013	76520	0	0.00	0			0	0
S082_S038	116053	0	0.00	0			0	0
S082_S119	92453	21939	23.73	699	4623.0	251.0	751.55364806867	561.0
S082_S043	108077	0	0.00	0			0	0
S082_S120	85934	20881	24.30	617	6089.0	252.0	802.760129659643	601.0
S082_S135	90661	22741	25.08	588	8409.0	251.0	918.017006802721	607.5
S082_S020	75359	0	0.00	0			0	0
S082_S053	77064	0	0.00	0			0	0
S082_S094	63756	0	0.00	0			0	0
S082_S145	74439	604	0.81	43	724.0	253.0	320.744186046512	289.0
S082_S081	85758	0	0.00	0			0	0
S082_S124	112175	22176	19.77	739	4335.0	252.0	711.031123139378	531.0
S082_S061	92856	0	0.00	0			0	0
S082_S129	69800	26	0.04	2	294.0	252.0	273	273
S082_S127	85047	1026	1.21	69	869.0	261.0	340.260869565217	313.0
S082_S079	75166	0	0.00	0			0	0
S082_S019	88844	0	0.00	0			0	0
S082_S017	75702	0	0.00	0			0	0
S082_S136	72268	18426	25.50	702	3421.0	255.0	636.487179487179	516
S082_S144	91867	0	0.00	0			0	0
S082_S143	71637	0	0.00	0			0	0
S082_S110	77778	0	0.00	0			0	0
S082_S010	75188	0	0.00	0			0	0
S082_S050	84401	0	0.00	0			0	0
S082_S139	65014	304	0.47	22	472.0	253.0	306.545454545455	297.5
S082_S014	74707	0	0.00	0			0	0
S082_S004	76382	0	0.00	0			0	0
S082_S078	90900	0	0.00	0			0	0
S082_S033	124907	0	0.00	0			0	0
S082_S074	88224	0	0.00	0			0	0
S082_S111	110961	2203	1.99	144	841.0	279.0	378.75	346
S082_S016	75732	0	0.00	0			0	0
S082_S104	80807	1846	2.28	125	771.0	251.0	354.752	339.0
S082_S003	75124	0	0.00	0			0	0
S082_S068	56510	0	0.00	0			0	0
S082_S001	74474	0	0.00	0			0	0
S082_S102	86393	29321	33.94	307	30366.0	266.0	2300.84039087948	1050.0
S082_S002	101266	0	0.00	0			0	0
S082_S022	71442	0	0.00	0			0	0
S082_S046	100652	0	0.00	0			0	0
S082_S077	85090	0	0.00	0			0	0
S082_S089	97117	0	0.00	0			0	0
S082_S095	54061	0	0.00	0			0	0
S082_S052	86319	0	0.00	0			0	0
S082_S011	75538	0	0.00	0			0	0
S082_S048	75322	0	0.00	0			0	0
S082_S007	74493	0	0.00	0			0	0
S082_S012	75305	0	0.00	0			0	0
S082_S060	97929	0	0.00	0			0	0
S082_S026	128151	0	0.00	0			0	0
S082_S093	103662	0	0.00	0			0	0
S082_S070	74148	0	0.00	0			0	0
S067_S115	56802	1915	3.37	125	887.0	255.0	349.232	320.0
S067_S096	51030	0	0.00	0			0	0
S067_S031	64378	0	0.00	0			0	0
S067_S047	87027	0	0.00	0			0	0
S067_S009	50976	0	0.00	0			0	0
S067_S006	59220	0	0.00	0			0	0
S067_S030	56667	0	0.00	0			0	0
S067_S091	64543	0	0.00	0			0	0
S067_S132	49301	733	1.49	55	472.0	251.0	312.181818181818	297.0
S067_S021	77418	0	0.00	0			0	0
S067_S080	67674	0	0.00	0			0	0
S067_S027	51744	0	0.00	0			0	0
S067_S062	50749	0	0.00	0			0	0
S067_S039	71138	0	0.00	0			0	0
S067_S087	61398	0	0.00	0			0	0
S067_S086	134761	0	0.00	0			0	0
S067_S138	39727	0	0.00	0			0	0
S067_S101	57294	1071	1.87	73	659.0	250.0	337.849315068493	299.0
S067_S029	45519	0	0.00	0			0	0
S067_S008	52280	0	0.00	0			0	0
S067_S142	53667	1765	3.29	117	913.0	251.0	340.700854700855	322.0
S067_S042	50718	0	0.00	0			0	0
S067_S097	57077	0	0.00	0			0	0
S067_S072	80533	0	0.00	0			0	0
S067_S076	62191	0	0.00	0			0	0
S067_S055	62191	0	0.00	0			0	0
S067_S109	57256	610	1.07	45	590.0	250.0	310.444444444444	290.0
S067_S040	56210	0	0.00	0			0	0
S067_S088	70889	0	0.00	0			0	0
S067_S024	54871	0	0.00	0			0	0
S067_S141	62014	712	1.15	49	590.0	257.0	340.102040816327	319.0
S067_S063	52238	0	0.00	0			0	0
S067_S032	70574	0	0.00	0			0	0
S067_S073	58095	0	0.00	0			0	0
S067_S037	56052	0	0.00	0			0	0
S067_S028	57833	0	0.00	0			0	0
S067_S103	63867	899	1.41	64	589.0	252.0	332.25	321
S067_S054	118679	0	0.00	0			0	0
S067_S117	54049	1276	2.36	85	697.0	255.0	345.341176470588	321.0
S067_S034	62163	0	0.00	0			0	0
S067_S025	80314	0	0.00	0			0	0
S067_S023	52159	0	0.00	0			0	0
S067_S123	52530	866	1.65	59	689.0	252.0	345.593220338983	316.0
S067_S106	51067	1160	2.27	82	542.0	250.0	317.768292682927	305.5
S067_S137	77131	669	0.87	52	581.0	253.0	312.403846153846	298
S067_S118	60617	845	1.39	59	589.0	252.0	331.983050847458	313.0
S067_S105	49508	254	0.51	19	387.0	269.0	317.263157894737	327.0
S067_S069	81622	0	0.00	0			0	0
S067_S092	53690	0	0.00	0			0	0
S067_S066	77624	0	0.00	0			0	0
S067_S075	59940	0	0.00	0			0	0
S067_S065	67271	0	0.00	0			0	0
S067_S099	68058	0	0.00	0			0	0
S067_S059	37422	0	0.00	0			0	0
S067_S130	79226	258	0.33	18	705.0	256.0	334.777777777778	291.5
S067_S126	68591	1410	2.06	96	637.0	251.0	336.375	318.5
S067_S051	62941	0	0.00	0			0	0
S067_S064	47125	0	0.00	0			0	0
S067_S134	79321	1299	1.64	88	938.0	252.0	343.193181818182	317.5
S067_S056	55643	0	0.00	0			0	0
S067_S140	38940	232	0.60	15	485.0	250.0	306.666666666667	289.0
S067_S114	50129	1150	2.29	81	608.0	252.0	329.308641975309	299.0
S067_S049	55811	0	0.00	0			0	0
S067_S128	59727	1797	3.01	121	970.0	251.0	337.074380165289	307.0
S067_S036	38453	0	0.00	0			0	0
S067_S112	68583	1182	1.72	83	723.0	250.0	325.192771084337	303.0
S067_S045	40772	0	0.00	0			0	0
S067_S058	72208	0	0.00	0			0	0
S067_S057	77277	0	0.00	0			0	0
S067_S113	58437	1877	3.21	125	1014.0	254.0	343.464	317.0
S067_S013	52904	0	0.00	0			0	0
S067_S038	92437	0	0.00	0			0	0
S067_S119	68837	1410	2.05	98	659.0	251.0	336.15306122449	316
S067_S043	84461	0	0.00	0			0	0
S067_S120	62318	1399	2.24	95	576.0	252.0	334.873684210526	318.0
S067_S135	67045	1329	1.98	90	950.0	251.0	336.477777777778	317
S067_S020	51743	0	0.00	0			0	0
S067_S053	53448	0	0.00	0			0	0
S067_S094	40140	0	0.00	0			0	0
S067_S145	50823	9583	18.86	444	4984.0	253.0	518.153153153153	436
S067_S081	62142	0	0.00	0			0	0
S067_S124	88559	1057	1.19	71	638.0	255.0	340.211267605634	318.0
S067_S061	69240	0	0.00	0			0	0
S067_S129	46184	198	0.43	13	439.0	251.0	294.153846153846	278.0
S067_S127	61431	13528	22.02	495	4649.0	250.0	655.943434343434	495.0
S067_S079	51550	0	0.00	0			0	0
S067_S019	65228	0	0.00	0			0	0
S067_S017	52086	0	0.00	0			0	0
S067_S136	48652	1154	2.37	79	858.0	255.0	339.556962025316	312.0
S067_S144	68251	14	0.02	1	319.0	319.0	319	319.0
S067_S143	48021	0	0.00	0			0	0
S067_S110	54162	82	0.15	6	371.0	253.0	290.5	268.5
S067_S010	51572	0	0.00	0			0	0
S067_S050	60785	0	0.00	0			0	0
S067_S139	41398	4494	10.86	192	2925.0	250.0	568.5	441
S067_S014	51091	0	0.00	0			0	0
S067_S004	52766	0	0.00	0			0	0
S067_S078	67284	0	0.00	0			0	0
S067_S033	101291	0	0.00	0			0	0
S067_S074	64608	0	0.00	0			0	0
S067_S111	87345	26	0.03	2	340.0	282.0	311	311
S067_S016	52116	0	0.00	0			0	0
S067_S104	57191	394	0.69	30	427.0	254.0	307.266666666667	286.5
S067_S003	51508	0	0.00	0			0	0
S067_S068	32894	0	0.00	0			0	0
S067_S001	50858	0	0.00	0			0	0
S067_S102	62777	1680	2.68	113	704.0	252.0	340.814159292035	315.0
S067_S002	77650	0	0.00	0			0	0
S067_S022	47826	0	0.00	0			0	0
S067_S046	77036	0	0.00	0			0	0
S067_S077	61474	0	0.00	0			0	0
S067_S089	73501	0	0.00	0			0	0
S067_S095	30445	0	0.00	0			0	0
S067_S052	62703	0	0.00	0			0	0
S067_S011	51922	0	0.00	0			0	0
S067_S048	51706	0	0.00	0			0	0
S067_S007	50877	0	0.00	0			0	0
S067_S012	51689	0	0.00	0			0	0
S067_S060	74313	0	0.00	0			0	0
S067_S026	104535	0	0.00	0			0	0
S067_S093	80046	0	0.00	0			0	0
S067_S070	50532	0	0.00	0			0	0
S115_S096	58418	0	0.00	0			0	0
S115_S031	71766	5310	7.40	325	1062.0	260.0	384.978461538462	345.0
S115_S047	94415	20595	21.81	806	3310.0	252.0	630.414392059553	493.5
S115_S009	58364	16485	28.25	654	3946.0	250.0	615.31498470948	489.5
S115_S006	66608	18242	27.39	634	7708.0	251.0	697.085173501577	536
S115_S030	64055	4570	7.13	285	948.0	255.0	382.79298245614	345.0
S115_S091	71931	3567	4.96	189	1499.0	250.0	426.042328042328	356.0
S115_S132	56689	0	0.00	0			0	0
S115_S021	84806	18032	21.26	649	4430.0	251.0	661.057010785824	513.0
S115_S080	75062	26114	34.79	561	9510.0	250.0	1125.86987522282	728.0
S115_S027	59132	3536	5.98	222	1133.0	264.0	384.81981981982	343
S115_S062	58137	3041	5.23	195	786.0	262.0	372.020512820513	344.0
S115_S039	78526	14	0.02	1	304.0	304.0	304	304.0
S115_S087	68786	9010	13.10	452	2975.0	259.0	484.96017699115	399
S115_S086	142149	14283	10.05	638	3063.0	250.0	526.799373040752	430
S115_S138	47115	0	0.00	0			0	0
S115_S101	64682	0	0.00	0			0	0
S115_S029	52907	1997	3.77	132	683.0	265.0	362.734848484848	340.5
S115_S008	59668	16064	26.92	645	3839.0	254.0	607.846511627907	494.0
S115_S142	61055	0	0.00	0			0	0
S115_S042	58106	64	0.11	5	318.0	260.0	282.8	268.0
S115_S097	64465	1617	2.51	109	667.0	251.0	351.05504587156	334.0
S115_S072	87921	0	0.00	0			0	0
S115_S076	69579	22039	31.67	729	5366.0	254.0	742.122085048011	533.0
S115_S055	69579	22039	31.67	729	5366.0	254.0	742.122085048011	533.0
S115_S109	64644	0	0.00	0			0	0
S115_S040	63598	1291	2.03	87	671.0	252.0	340.747126436782	313.0
S115_S088	78277	18477	23.60	675	4754.0	254.0	656.026666666667	513.0
S115_S024	62259	7451	11.97	422	1480.0	251.0	422.736966824645	377
S115_S141	69402	0	0.00	0			0	0
S115_S063	59626	20367	34.16	675	7884.0	253.0	738.472592592593	545.0
S115_S032	77962	26019	33.37	606	8705.0	260.0	1041.08085808581	687.5
S115_S073	65483	0	0.00	0			0	0
S115_S037	63440	30	0.05	2	404.0	255.0	329.5	329.5
S115_S028	65221	4424	6.78	274	1010.0	253.0	385.434306569343	346.5
S115_S103	71255	0	0.00	0			0	0
S115_S054	126067	20812	16.51	727	4079.0	250.0	666.203576341128	516.0
S115_S117	61437	0	0.00	0			0	0
S115_S034	69551	0	0.00	0			0	0
S115_S025	87702	5432	6.19	367	1076.0	259.0	388.108991825613	348.0
S115_S023	59547	16982	28.52	672	5127.0	251.0	616.510416666667	488
S115_S123	59918	0	0.00	0			0	0
S115_S106	58455	0	0.00	0			0	0
S115_S137	84519	0	0.00	0			0	0
S115_S118	68005	0	0.00	0			0	0
S115_S105	56896	0	0.00	0			0	0
S115_S069	89010	0	0.00	0			0	0
S115_S092	61078	0	0.00	0			0	0
S115_S066	85012	1225	1.44	80	1339.0	251.0	350.7625	316.5
S115_S075	67328	17705	26.30	615	5388.0	254.0	703.458536585366	516.0
S115_S065	74659	14	0.02	1	303.0	303.0	303	303.0
S115_S099	75446	26217	34.75	567	8739.0	257.0	1116.06349206349	741.0
S115_S059	44810	776	1.73	50	618.0	263.0	371.68	358.5
S115_S130	86614	0	0.00	0			0	0
S115_S126	75979	0	0.00	0			0	0
S115_S051	70329	23857	33.92	601	10077.0	251.0	959.971713810316	634.0
S115_S064	54513	9298	17.06	500	1831.0	274.0	458.088	398
S115_S134	86709	0	0.00	0			0	0
S115_S056	63031	3251	5.16	209	876.0	252.0	367.033492822966	343.0
S115_S140	46328	0	0.00	0			0	0
S115_S114	57517	0	0.00	0			0	0
S115_S049	63199	24820	39.27	643	7265.0	253.0	946.808709175739	645.0
S115_S128	67115	0	0.00	0			0	0
S115_S036	45841	134	0.29	9	414.0	251.0	299.666666666667	283.0
S115_S112	75971	0	0.00	0			0	0
S115_S045	48160	129	0.27	10	321.0	253.0	285.1	279
S115_S058	79596	23334	29.32	603	7325.0	254.0	929.794361525705	644.0
S115_S057	84665	22391	26.45	716	5079.0	256.0	744.561452513967	568.5
S115_S113	65825	0	0.00	0			0	0
S115_S013	60292	16513	27.39	647	3921.0	254.0	626.829984544049	510.0
S115_S038	99825	24236	24.28	571	7655.0	257.0	1005.69877408056	672.0
S115_S119	76225	0	0.00	0			0	0
S115_S043	91849	22750	24.77	594	8098.0	250.0	912.348484848485	658
S115_S120	69706	0	0.00	0			0	0
S115_S135	74433	0	0.00	0			0	0
S115_S020	59131	16223	27.44	664	4106.0	260.0	597.868975903614	490
S115_S053	60836	1013	1.67	72	729.0	256.0	327.847222222222	300
S115_S094	47528	0	0.00	0			0	0
S115_S145	58211	0	0.00	0			0	0
S115_S081	69530	3587	5.16	221	1087.0	254.0	385.574660633484	345.0
S115_S124	95947	0	0.00	0			0	0
S115_S061	76628	883	1.15	61	768.0	251.0	329.868852459016	295.0
S115_S129	53572	0	0.00	0			0	0
S115_S127	68819	0	0.00	0			0	0
S115_S079	58938	98	0.17	7	331.0	258.0	280	262.0
S115_S019	72616	18365	25.29	641	7625.0	254.0	693.984399375975	531.0
S115_S017	59474	16401	27.58	633	4947.0	256.0	632.21327014218	494.0
S115_S136	56040	0	0.00	0			0	0
S115_S144	75639	0	0.00	0			0	0
S115_S143	55409	0	0.00	0			0	0
S115_S110	61550	0	0.00	0			0	0
S115_S010	58960	16213	27.50	601	5220.0	254.0	658.482529118136	529.0
S115_S050	68173	4923	7.22	299	1171.0	252.0	388.715719063545	346.0
S115_S139	48786	0	0.00	0			0	0
S115_S014	58479	16740	28.63	650	4453.0	258.0	629.378461538462	494
S115_S004	60154	17557	29.19	632	4012.0	257.0	677.378164556962	538
S115_S078	74672	27727	37.13	544	11736.0	252.0	1238.81617647059	764
S115_S033	108679	18188	16.74	633	4431.0	253.0	679.764612954186	522.0
S115_S074	71996	755	1.05	51	744.0	253.0	336.764705882353	315.0
S115_S111	94733	0	0.00	0			0	0
S115_S016	59504	15250	25.63	614	2434.0	257.0	607.263843648208	500
S115_S104	64579	0	0.00	0			0	0
S115_S003	58896	16473	27.97	638	5859.0	256.0	629.094043887147	492
S115_S068	40282	0	0.00	0			0	0
S115_S001	58246	16503	28.33	640	3403.0	253.0	629.41875	506.5
S115_S102	70165	0	0.00	0			0	0
S115_S002	85038	18248	21.46	648	5787.0	253.0	670.055555555556	520
S115_S022	55214	16642	30.14	656	3755.0	250.0	623.057926829268	504
S115_S046	84424	1508	1.79	101	909.0	250.0	343.574257425743	322.0
S115_S077	68862	26581	38.60	512	11768.0	253.0	1261.244140625	813
S115_S089	80889	15860	19.61	686	2663.0	258.0	557.537900874636	443.5
S115_S095	37833	0	0.00	0			0	0
S115_S052	70091	25944	37.01	632	8064.0	252.0	1003.14873417722	680.5
S115_S011	59310	16984	28.64	637	4625.0	256.0	650.188383045526	515.0
S115_S048	59094	0	0.00	0			0	0
S115_S007	58265	16948	29.09	630	3936.0	255.0	655.22380952381	524
S115_S012	59077	15308	25.91	636	3597.0	258.0	589.545597484277	492.5
S115_S060	81701	903	1.11	61	717.0	252.0	336.639344262295	308.0
S115_S026	111923	4582	4.09	277	1026.0	251.0	378.458483754513	338.0
S115_S093	87434	946	1.08	64	699.0	255.0	339.96875	317
S115_S070	57920	16	0.03	1	338.0	338.0	338	338.0
S096_S031	65994	0	0.00	0			0	0
S096_S047	88643	0	0.00	0			0	0
S096_S009	52592	0	0.00	0			0	0
S096_S006	60836	0	0.00	0			0	0
S096_S030	58283	0	0.00	0			0	0
S096_S091	66159	0	0.00	0			0	0
S096_S132	50917	0	0.00	0			0	0
S096_S021	79034	0	0.00	0			0	0
S096_S080	69290	0	0.00	0			0	0
S096_S027	53360	0	0.00	0			0	0
S096_S062	52365	0	0.00	0			0	0
S096_S039	72754	0	0.00	0			0	0
S096_S087	63014	0	0.00	0			0	0
S096_S086	136377	0	0.00	0			0	0
S096_S138	41343	0	0.00	0			0	0
S096_S101	58910	0	0.00	0			0	0
S096_S029	47135	0	0.00	0			0	0
S096_S008	53896	0	0.00	0			0	0
S096_S142	55283	0	0.00	0			0	0
S096_S042	52334	0	0.00	0			0	0
S096_S097	58693	0	0.00	0			0	0
S096_S072	82149	0	0.00	0			0	0
S096_S076	63807	0	0.00	0			0	0
S096_S055	63807	0	0.00	0			0	0
S096_S109	58872	0	0.00	0			0	0
S096_S040	57826	0	0.00	0			0	0
S096_S088	72505	0	0.00	0			0	0
S096_S024	56487	0	0.00	0			0	0
S096_S141	63630	0	0.00	0			0	0
S096_S063	53854	0	0.00	0			0	0
S096_S032	72190	0	0.00	0			0	0
S096_S073	59711	0	0.00	0			0	0
S096_S037	57668	0	0.00	0			0	0
S096_S028	59449	0	0.00	0			0	0
S096_S103	65483	0	0.00	0			0	0
S096_S054	120295	0	0.00	0			0	0
S096_S117	55665	0	0.00	0			0	0
S096_S034	63779	0	0.00	0			0	0
S096_S025	81930	0	0.00	0			0	0
S096_S023	53775	0	0.00	0			0	0
S096_S123	54146	0	0.00	0			0	0
S096_S106	52683	12	0.02	1	261.0	261.0	261	261.0
S096_S137	78747	0	0.00	0			0	0
S096_S118	62233	0	0.00	0			0	0
S096_S105	51124	0	0.00	0			0	0
S096_S069	83238	0	0.00	0			0	0
S096_S092	55306	0	0.00	0			0	0
S096_S066	79240	0	0.00	0			0	0
S096_S075	61556	0	0.00	0			0	0
S096_S065	68887	0	0.00	0			0	0
S096_S099	69674	0	0.00	0			0	0
S096_S059	39038	0	0.00	0			0	0
S096_S130	80842	0	0.00	0			0	0
S096_S126	70207	0	0.00	0			0	0
S096_S051	64557	0	0.00	0			0	0
S096_S064	48741	0	0.00	0			0	0
S096_S134	80937	0	0.00	0			0	0
S096_S056	57259	0	0.00	0			0	0
S096_S140	40556	0	0.00	0			0	0
S096_S114	51745	0	0.00	0			0	0
S096_S049	57427	0	0.00	0			0	0
S096_S128	61343	0	0.00	0			0	0
S096_S036	40069	0	0.00	0			0	0
S096_S112	70199	0	0.00	0			0	0
S096_S045	42388	0	0.00	0			0	0
S096_S058	73824	0	0.00	0			0	0
S096_S057	78893	0	0.00	0			0	0
S096_S113	60053	0	0.00	0			0	0
S096_S013	54520	0	0.00	0			0	0
S096_S038	94053	0	0.00	0			0	0
S096_S119	70453	0	0.00	0			0	0
S096_S043	86077	0	0.00	0			0	0
S096_S120	63934	0	0.00	0			0	0
S096_S135	68661	0	0.00	0			0	0
S096_S020	53359	0	0.00	0			0	0
S096_S053	55064	0	0.00	0			0	0
S096_S094	41756	0	0.00	0			0	0
S096_S145	52439	0	0.00	0			0	0
S096_S081	63758	0	0.00	0			0	0
S096_S124	90175	0	0.00	0			0	0
S096_S061	70856	0	0.00	0			0	0
S096_S129	47800	0	0.00	0			0	0
S096_S127	63047	0	0.00	0			0	0
S096_S079	53166	0	0.00	0			0	0
S096_S019	66844	0	0.00	0			0	0
S096_S017	53702	0	0.00	0			0	0
S096_S136	50268	0	0.00	0			0	0
S096_S144	69867	0	0.00	0			0	0
S096_S143	49637	0	0.00	0			0	0
S096_S110	55778	0	0.00	0			0	0
S096_S010	53188	0	0.00	0			0	0
S096_S050	62401	0	0.00	0			0	0
S096_S139	43014	0	0.00	0			0	0
S096_S014	52707	0	0.00	0			0	0
S096_S004	54382	0	0.00	0			0	0
S096_S078	68900	0	0.00	0			0	0
S096_S033	102907	0	0.00	0			0	0
S096_S074	66224	0	0.00	0			0	0
S096_S111	88961	0	0.00	0			0	0
S096_S016	53732	0	0.00	0			0	0
S096_S104	58807	0	0.00	0			0	0
S096_S003	53124	0	0.00	0			0	0
S096_S068	34510	0	0.00	0			0	0
S096_S001	52474	0	0.00	0			0	0
S096_S102	64393	0	0.00	0			0	0
S096_S002	79266	0	0.00	0			0	0
S096_S022	49442	0	0.00	0			0	0
S096_S046	78652	0	0.00	0			0	0
S096_S077	63090	0	0.00	0			0	0
S096_S089	75117	0	0.00	0			0	0
S096_S095	32061	0	0.00	0			0	0
S096_S052	64319	0	0.00	0			0	0
S096_S011	53538	0	0.00	0			0	0
S096_S048	53322	0	0.00	0			0	0
S096_S007	52493	0	0.00	0			0	0
S096_S012	53305	0	0.00	0			0	0
S096_S060	75929	0	0.00	0			0	0
S096_S026	106151	0	0.00	0			0	0
S096_S093	81662	0	0.00	0			0	0
S096_S070	52148	0	0.00	0			0	0
S031_S047	101991	0	0.00	0			0	0
S031_S009	65940	0	0.00	0			0	0
S031_S006	74184	0	0.00	0			0	0
S031_S030	71631	0	0.00	0			0	0
S031_S091	79507	0	0.00	0			0	0
S031_S132	64265	4716	7.34	318	1068.0	252.0	372.072327044025	340
S031_S021	92382	0	0.00	0			0	0
S031_S080	82638	0	0.00	0			0	0
S031_S027	66708	0	0.00	0			0	0
S031_S062	65713	0	0.00	0			0	0
S031_S039	86102	0	0.00	0			0	0
S031_S087	76362	0	0.00	0			0	0
S031_S086	149725	0	0.00	0			0	0
S031_S138	54691	0	0.00	0			0	0
S031_S101	72258	3998	5.53	248	866.0	253.0	379.741935483871	341
S031_S029	60483	0	0.00	0			0	0
S031_S008	67244	0	0.00	0			0	0
S031_S142	68631	4619	6.73	284	1047.0	252.0	380.633802816901	342
S031_S042	65682	0	0.00	0			0	0
S031_S097	72041	0	0.00	0			0	0
S031_S072	95497	0	0.00	0			0	0
S031_S076	77155	0	0.00	0			0	0
S031_S055	77155	0	0.00	0			0	0
S031_S109	72220	14541	20.13	645	3651.0	257.0	542.147286821705	433.0
S031_S040	71174	0	0.00	0			0	0
S031_S088	85853	0	0.00	0			0	0
S031_S024	69835	0	0.00	0			0	0
S031_S141	76978	3192	4.15	215	1000.0	250.0	366.883720930233	338.0
S031_S063	67202	0	0.00	0			0	0
S031_S032	85538	0	0.00	0			0	0
S031_S073	73059	0	0.00	0			0	0
S031_S037	71016	0	0.00	0			0	0
S031_S028	72797	0	0.00	0			0	0
S031_S103	78831	3317	4.21	215	883.0	261.0	365.46976744186	341.0
S031_S054	133643	0	0.00	0			0	0
S031_S117	69013	4663	6.76	299	783.0	254.0	367.030100334448	334.0
S031_S034	77127	0	0.00	0			0	0
S031_S025	95278	0	0.00	0			0	0
S031_S023	67123	0	0.00	0			0	0
S031_S123	67494	3237	4.80	203	1003.0	250.0	381.788177339901	347.0
S031_S106	66031	27021	40.92	385	16392.0	255.0	1694.56883116883	998.0
S031_S137	92095	18674	20.28	890	2844.0	253.0	540.160674157303	435
S031_S118	75581	3576	4.73	222	907.0	251.0	382.959459459459	348.5
S031_S105	64472	958	1.49	67	639.0	261.0	340.761194029851	326.0
S031_S069	96586	0	0.00	0			0	0
S031_S092	68654	0	0.00	0			0	0
S031_S066	92588	0	0.00	0			0	0
S031_S075	74904	0	0.00	0			0	0
S031_S065	82235	0	0.00	0			0	0
S031_S099	83022	0	0.00	0			0	0
S031_S059	52386	0	0.00	0			0	0
S031_S130	94190	1280	1.36	87	675.0	258.0	351.942528735632	336.0
S031_S126	83555	4980	5.96	298	991.0	251.0	390.664429530201	357
S031_S051	77905	0	0.00	0			0	0
S031_S064	62089	0	0.00	0			0	0
S031_S134	94285	5130	5.44	314	1229.0	254.0	384.047770700637	346.5
S031_S056	70607	0	0.00	0			0	0
S031_S140	53904	32	0.06	2	408.0	268.0	338	338
S031_S114	65093	3734	5.74	231	951.0	250.0	384.233766233766	351.0
S031_S049	70775	0	0.00	0			0	0
S031_S128	74691	5457	7.31	324	1208.0	250.0	393.268518518519	346.5
S031_S036	53417	0	0.00	0			0	0
S031_S112	83547	4540	5.43	284	946.0	252.0	372.845070422535	339
S031_S045	55736	0	0.00	0			0	0
S031_S058	87172	0	0.00	0			0	0
S031_S057	92241	0	0.00	0			0	0
S031_S113	73401	5533	7.54	337	1112.0	255.0	388.014836795252	354.0
S031_S013	67868	0	0.00	0			0	0
S031_S038	107401	0	0.00	0			0	0
S031_S119	83801	4753	5.67	280	1091.0	263.0	398.692857142857	368
S031_S043	99425	0	0.00	0			0	0
S031_S120	77282	4608	5.96	278	987.0	256.0	386.507194244604	344.5
S031_S135	82009	5018	6.12	298	854.0	254.0	392.734899328859	369
S031_S020	66707	0	0.00	0			0	0
S031_S053	68412	0	0.00	0			0	0
S031_S094	55104	0	0.00	0			0	0
S031_S145	65787	460	0.70	34	513.0	251.0	310.470588235294	284.5
S031_S081	77106	0	0.00	0			0	0
S031_S124	103523	4498	4.34	275	977.0	252.0	381.669090909091	342.0
S031_S061	84204	0	0.00	0			0	0
S031_S129	61148	30	0.05	2	352.0	322.0	337	337
S031_S127	76395	662	0.87	47	613.0	259.0	321.021276595745	295.0
S031_S079	66514	0	0.00	0			0	0
S031_S019	80192	0	0.00	0			0	0
S031_S017	67050	0	0.00	0			0	0
S031_S136	63616	3382	5.32	208	834.0	252.0	387.288461538462	361
S031_S144	83215	0	0.00	0			0	0
S031_S143	62985	0	0.00	0			0	0
S031_S110	69126	12	0.02	1	270.0	270.0	270	270.0
S031_S010	66536	0	0.00	0			0	0
S031_S050	75749	0	0.00	0			0	0
S031_S139	56362	247	0.44	18	463.0	251.0	307	290
S031_S014	66055	0	0.00	0			0	0
S031_S004	67730	0	0.00	0			0	0
S031_S078	82248	0	0.00	0			0	0
S031_S033	116255	0	0.00	0			0	0
S031_S074	79572	0	0.00	0			0	0
S031_S111	102309	204	0.20	14	441.0	285.0	353.214285714286	341
S031_S016	67080	0	0.00	0			0	0
S031_S104	72155	856	1.19	61	780.0	254.0	333.737704918033	295.0
S031_S003	66472	0	0.00	0			0	0
S031_S068	47858	0	0.00	0			0	0
S031_S001	65822	0	0.00	0			0	0
S031_S102	77741	5540	7.13	330	1112.0	251.0	393.915151515152	348.5
S031_S002	92614	0	0.00	0			0	0
S031_S022	62790	0	0.00	0			0	0
S031_S046	92000	0	0.00	0			0	0
S031_S077	76438	0	0.00	0			0	0
S031_S089	88465	0	0.00	0			0	0
S031_S095	45409	0	0.00	0			0	0
S031_S052	77667	0	0.00	0			0	0
S031_S011	66886	0	0.00	0			0	0
S031_S048	66670	0	0.00	0			0	0
S031_S007	65841	0	0.00	0			0	0
S031_S012	66653	0	0.00	0			0	0
S031_S060	89277	0	0.00	0			0	0
S031_S026	119499	0	0.00	0			0	0
S031_S093	95010	0	0.00	0			0	0
S031_S070	65496	0	0.00	0			0	0
S047_S009	88589	0	0.00	0			0	0
S047_S006	96833	0	0.00	0			0	0
S047_S030	94280	0	0.00	0			0	0
S047_S091	102156	0	0.00	0			0	0
S047_S132	86914	1702	1.96	124	891.0	255.0	340.137096774194	306.5
S047_S021	115031	0	0.00	0			0	0
S047_S080	105287	0	0.00	0			0	0
S047_S027	89357	0	0.00	0			0	0
S047_S062	88362	0	0.00	0			0	0
S047_S039	108751	0	0.00	0			0	0
S047_S087	99011	0	0.00	0			0	0
S047_S086	172374	0	0.00	0			0	0
S047_S138	77340	0	0.00	0			0	0
S047_S101	94907	18941	19.96	811	2539.0	252.0	574.214549938348	471.0
S047_S029	83132	0	0.00	0			0	0
S047_S008	89893	0	0.00	0			0	0
S047_S142	91280	25174	27.58	628	6131.0	255.0	989.052547770701	723
S047_S042	88331	0	0.00	0			0	0
S047_S097	94690	0	0.00	0			0	0
S047_S072	118146	0	0.00	0			0	0
S047_S076	99804	0	0.00	0			0	0
S047_S055	99804	0	0.00	0			0	0
S047_S109	94869	3172	3.34	208	1010.0	254.0	371.033653846154	340
S047_S040	93823	0	0.00	0			0	0
S047_S088	108502	0	0.00	0			0	0
S047_S024	92484	0	0.00	0			0	0
S047_S141	99627	27737	27.84	1111	3407.0	259.0	649.482448244824	531.0
S047_S063	89851	0	0.00	0			0	0
S047_S032	108187	0	0.00	0			0	0
S047_S073	95708	0	0.00	0			0	0
S047_S037	93665	0	0.00	0			0	0
S047_S028	95446	0	0.00	0			0	0
S047_S103	101480	19328	19.05	836	1910.0	252.0	572.264354066986	486
S047_S054	156292	0	0.00	0			0	0
S047_S117	91662	18854	20.57	797	3096.0	250.0	580.430363864492	486.0
S047_S034	99776	0	0.00	0			0	0
S047_S025	117927	0	0.00	0			0	0
S047_S023	89772	0	0.00	0			0	0
S047_S123	90143	20464	22.70	815	4060.0	255.0	647.139877300614	494.0
S047_S106	88680	4884	5.51	305	1018.0	251.0	383.967213114754	347.0
S047_S137	114744	3932	3.43	265	1174.0	258.0	379.796226415094	344.0
S047_S118	98230	22987	23.40	889	3712.0	266.0	642.830146231721	523.0
S047_S105	87121	1682	1.93	120	675.0	253.0	343.35	332
S047_S069	119235	0	0.00	0			0	0
S047_S092	91303	0	0.00	0			0	0
S047_S066	115237	0	0.00	0			0	0
S047_S075	97553	0	0.00	0			0	0
S047_S065	104884	0	0.00	0			0	0
S047_S099	105671	0	0.00	0			0	0
S047_S059	75035	0	0.00	0			0	0
S047_S130	116839	5808	4.97	361	1134.0	250.0	396.157894736842	344.0
S047_S126	106204	27250	25.66	724	6212.0	251.0	923.244475138122	703
S047_S051	100554	0	0.00	0			0	0
S047_S064	84738	0	0.00	0			0	0
S047_S134	116934	27803	23.78	831	4298.0	254.0	827.587244283995	623.0
S047_S056	93256	0	0.00	0			0	0
S047_S140	76553	24	0.03	1	552.0	552.0	552	552.0
S047_S114	87742	17039	19.42	784	2329.0	263.0	537.982142857143	444
S047_S049	93424	0	0.00	0			0	0
S047_S128	97340	17688	18.17	767	2572.0	250.0	560.700130378096	467.0
S047_S036	76066	0	0.00	0			0	0
S047_S112	106196	7610	7.17	452	985.0	251.0	401.610619469027	366
S047_S045	78385	0	0.00	0			0	0
S047_S058	109821	0	0.00	0			0	0
S047_S057	114890	0	0.00	0			0	0
S047_S113	96050	21684	22.58	855	3663.0	258.0	627.653801169591	497.0
S047_S013	90517	0	0.00	0			0	0
S047_S038	130050	0	0.00	0			0	0
S047_S119	106450	28143	26.44	805	6515.0	255.0	868.219875776398	655.0
S047_S043	122074	0	0.00	0			0	0
S047_S120	99931	25154	25.17	706	6008.0	253.0	871.856940509915	658.5
S047_S135	104658	25482	24.35	728	6423.0	259.0	854.443681318681	647
S047_S020	89356	0	0.00	0			0	0
S047_S053	91061	0	0.00	0			0	0
S047_S094	77753	0	0.00	0			0	0
S047_S145	88436	520	0.59	38	741.0	251.0	320.210526315789	293.5
S047_S081	99755	0	0.00	0			0	0
S047_S124	126172	27548	21.83	856	5007.0	254.0	784.630841121495	604.5
S047_S061	106853	0	0.00	0			0	0
S047_S129	83797	72	0.09	6	345.0	253.0	296.333333333333	287
S047_S127	99044	792	0.80	55	885.0	255.0	337.654545454545	319.0
S047_S079	89163	0	0.00	0			0	0
S047_S019	102841	0	0.00	0			0	0
S047_S017	89699	0	0.00	0			0	0
S047_S136	86265	15026	17.42	695	2466.0	260.0	532.057553956835	445.0
S047_S144	105864	0	0.00	0			0	0
S047_S143	85634	0	0.00	0			0	0
S047_S110	91775	24	0.03	2	262.0	252.0	257	257
S047_S010	89185	0	0.00	0			0	0
S047_S050	98398	0	0.00	0			0	0
S047_S139	79011	264	0.33	19	436.0	265.0	314.631578947368	303.0
S047_S014	88704	0	0.00	0			0	0
S047_S004	90379	0	0.00	0			0	0
S047_S078	104897	0	0.00	0			0	0
S047_S033	138904	0	0.00	0			0	0
S047_S074	102221	0	0.00	0			0	0
S047_S111	124958	1568	1.25	106	635.0	261.0	366.896226415094	346
S047_S016	89729	0	0.00	0			0	0
S047_S104	94804	1826	1.93	123	726.0	253.0	363.512195121951	334.0
S047_S003	89121	0	0.00	0			0	0
S047_S068	70507	0	0.00	0			0	0
S047_S001	88471	0	0.00	0			0	0
S047_S102	100390	22947	22.86	835	3137.0	254.0	674.188023952096	518.0
S047_S002	115263	0	0.00	0			0	0
S047_S022	85439	0	0.00	0			0	0
S047_S046	114649	0	0.00	0			0	0
S047_S077	99087	0	0.00	0			0	0
S047_S089	111114	0	0.00	0			0	0
S047_S095	68058	0	0.00	0			0	0
S047_S052	100316	0	0.00	0			0	0
S047_S011	89535	0	0.00	0			0	0
S047_S048	89319	0	0.00	0			0	0
S047_S007	88490	0	0.00	0			0	0
S047_S012	89302	0	0.00	0			0	0
S047_S060	111926	0	0.00	0			0	0
S047_S026	142148	0	0.00	0			0	0
S047_S093	117659	0	0.00	0			0	0
S047_S070	88145	0	0.00	0			0	0
S009_S006	60782	0	0.00	0			0	0
S009_S030	58229	0	0.00	0			0	0
S009_S091	66105	0	0.00	0			0	0
S009_S132	50863	1664	3.27	124	720.0	250.0	331.629032258065	314.5
S009_S021	78980	0	0.00	0			0	0
S009_S080	69236	0	0.00	0			0	0
S009_S027	53306	0	0.00	0			0	0
S009_S062	52311	0	0.00	0			0	0
S009_S039	72700	0	0.00	0			0	0
S009_S087	62960	0	0.00	0			0	0
S009_S086	136323	0	0.00	0			0	0
S009_S138	41289	0	0.00	0			0	0
S009_S101	58856	14392	24.45	601	3074.0	254.0	579.692179700499	481.0
S009_S029	47081	0	0.00	0			0	0
S009_S008	53842	0	0.00	0			0	0
S009_S142	55229	17456	31.61	537	4448.0	265.0	785.849162011173	548.0
S009_S042	52280	0	0.00	0			0	0
S009_S097	58639	0	0.00	0			0	0
S009_S072	82095	0	0.00	0			0	0
S009_S076	63753	0	0.00	0			0	0
S009_S055	63753	0	0.00	0			0	0
S009_S109	58818	2781	4.73	177	867.0	254.0	376.045197740113	345.0
S009_S040	57772	0	0.00	0			0	0
S009_S088	72451	0	0.00	0			0	0
S009_S024	56433	0	0.00	0			0	0
S009_S141	63576	14882	23.41	717	2054.0	263.0	522.143654114365	442.0
S009_S063	53800	0	0.00	0			0	0
S009_S032	72136	0	0.00	0			0	0
S009_S073	59657	0	0.00	0			0	0
S009_S037	57614	0	0.00	0			0	0
S009_S028	59395	0	0.00	0			0	0
S009_S103	65429	15714	24.02	676	3529.0	266.0	568.020710059172	480.5
S009_S054	120241	0	0.00	0			0	0
S009_S117	55611	14695	26.42	586	2570.0	253.0	608.348122866894	489.5
S009_S034	63725	0	0.00	0			0	0
S009_S025	81876	0	0.00	0			0	0
S009_S023	53721	0	0.00	0			0	0
S009_S123	54092	14858	27.47	624	3000.0	261.0	597.512820512821	482
S009_S106	52629	4181	7.94	260	906.0	250.0	381.107692307692	345.5
S009_S137	78693	3255	4.14	213	868.0	254.0	383.305164319249	346.0
S009_S118	62179	16016	25.76	685	2399.0	262.0	571.656934306569	447.0
S009_S105	51070	1256	2.46	90	618.0	262.0	338.422222222222	334
S009_S069	83184	0	0.00	0			0	0
S009_S092	55252	0	0.00	0			0	0
S009_S066	79186	0	0.00	0			0	0
S009_S075	61502	0	0.00	0			0	0
S009_S065	68833	0	0.00	0			0	0
S009_S099	69620	0	0.00	0			0	0
S009_S059	38984	0	0.00	0			0	0
S009_S130	80788	4031	4.99	246	1410.0	273.0	397.658536585366	344
S009_S126	70153	19637	27.99	624	3675.0	255.0	754.302884615385	540
S009_S051	64503	0	0.00	0			0	0
S009_S064	48687	0	0.00	0			0	0
S009_S134	80883	20283	25.08	644	4173.0	255.0	760.076086956522	563
S009_S056	57205	0	0.00	0			0	0
S009_S140	40502	40	0.10	3	319.0	254.0	282.666666666667	275.0
S009_S114	51691	13343	25.81	618	2118.0	256.0	528.037216828479	439.5
S009_S049	57373	0	0.00	0			0	0
S009_S128	61289	14778	24.11	629	2890.0	251.0	564.260731319555	442.0
S009_S036	40015	0	0.00	0			0	0
S009_S112	70145	6047	8.62	358	1247.0	250.0	397.458100558659	357.5
S009_S045	42334	0	0.00	0			0	0
S009_S058	73770	0	0.00	0			0	0
S009_S057	78839	0	0.00	0			0	0
S009_S113	59999	16972	28.29	671	2988.0	253.0	615.207153502235	491.0
S009_S013	54466	0	0.00	0			0	0
S009_S038	93999	0	0.00	0			0	0
S009_S119	70399	19494	27.69	643	4182.0	263.0	734.49766718507	539.0
S009_S043	86023	0	0.00	0			0	0
S009_S120	63880	18410	28.82	583	5151.0	251.0	757.084048027444	553.0
S009_S135	68607	19466	28.37	554	4190.0	262.0	839.747292418773	581.5
S009_S020	53305	0	0.00	0			0	0
S009_S053	55010	0	0.00	0			0	0
S009_S094	41702	0	0.00	0			0	0
S009_S145	52385	510	0.97	36	722.0	252.0	326.916666666667	301
S009_S081	63704	0	0.00	0			0	0
S009_S124	90121	18884	20.95	664	2978.0	259.0	674.41265060241	509
S009_S061	70802	0	0.00	0			0	0
S009_S129	47746	48	0.10	4	274.0	254.0	262.5	261
S009_S127	62993	909	1.44	65	767.0	252.0	321.615384615385	291.0
S009_S079	53112	0	0.00	0			0	0
S009_S019	66790	0	0.00	0			0	0
S009_S017	53648	0	0.00	0			0	0
S009_S136	50214	12314	24.52	579	2274.0	257.0	521.500863557858	441.0
S009_S144	69813	0	0.00	0			0	0
S009_S143	49583	0	0.00	0			0	0
S009_S110	55724	18	0.03	1	407.0	407.0	407	407.0
S009_S010	53134	0	0.00	0			0	0
S009_S050	62347	0	0.00	0			0	0
S009_S139	42960	290	0.68	21	499.0	250.0	310.761904761905	283.0
S009_S014	52653	0	0.00	0			0	0
S009_S004	54328	0	0.00	0			0	0
S009_S078	68846	0	0.00	0			0	0
S009_S033	102853	0	0.00	0			0	0
S009_S074	66170	0	0.00	0			0	0
S009_S111	88907	902	1.01	61	646.0	278.0	364.508196721311	346.0
S009_S016	53678	0	0.00	0			0	0
S009_S104	58753	1443	2.46	101	646.0	266.0	345.683168316832	339.0
S009_S003	53070	0	0.00	0			0	0
S009_S068	34456	0	0.00	0			0	0
S009_S001	52420	0	0.00	0			0	0
S009_S102	64339	17763	27.61	621	5396.0	264.0	687.750402576489	522.0
S009_S002	79212	0	0.00	0			0	0
S009_S022	49388	0	0.00	0			0	0
S009_S046	78598	0	0.00	0			0	0
S009_S077	63036	0	0.00	0			0	0
S009_S089	75063	0	0.00	0			0	0
S009_S095	32007	0	0.00	0			0	0
S009_S052	64265	0	0.00	0			0	0
S009_S011	53484	0	0.00	0			0	0
S009_S048	53268	0	0.00	0			0	0
S009_S007	52439	0	0.00	0			0	0
S009_S012	53251	0	0.00	0			0	0
S009_S060	75875	0	0.00	0			0	0
S009_S026	106097	0	0.00	0			0	0
S009_S093	81608	0	0.00	0			0	0
S009_S070	52094	0	0.00	0			0	0
S006_S030	66473	0	0.00	0			0	0
S006_S091	74349	0	0.00	0			0	0
S006_S132	59107	2233	3.78	159	867.0	250.0	341.767295597484	325.0
S006_S021	87224	0	0.00	0			0	0
S006_S080	77480	0	0.00	0			0	0
S006_S027	61550	0	0.00	0			0	0
S006_S062	60555	0	0.00	0			0	0
S006_S039	80944	0	0.00	0			0	0
S006_S087	71204	0	0.00	0			0	0
S006_S086	144567	0	0.00	0			0	0
S006_S138	49533	0	0.00	0			0	0
S006_S101	67100	16264	24.24	637	5642.0	251.0	615.356357927786	474.0
S006_S029	55325	0	0.00	0			0	0
S006_S008	62086	0	0.00	0			0	0
S006_S142	63473	19045	30.00	447	8593.0	253.0	1019.84563758389	607.0
S006_S042	60524	0	0.00	0			0	0
S006_S097	66883	0	0.00	0			0	0
S006_S072	90339	0	0.00	0			0	0
S006_S076	71997	0	0.00	0			0	0
S006_S055	71997	0	0.00	0			0	0
S006_S109	67062	3134	4.67	198	1055.0	254.0	378.414141414141	344.5
S006_S040	66016	0	0.00	0			0	0
S006_S088	80695	0	0.00	0			0	0
S006_S024	64677	0	0.00	0			0	0
S006_S141	71820	16633	23.16	764	2635.0	254.0	546.171465968586	445
S006_S063	62044	0	0.00	0			0	0
S006_S032	80380	0	0.00	0			0	0
S006_S073	67901	0	0.00	0			0	0
S006_S037	65858	0	0.00	0			0	0
S006_S028	67639	0	0.00	0			0	0
S006_S103	73673	17364	23.57	685	3365.0	260.0	617.989781021898	495.0
S006_S054	128485	0	0.00	0			0	0
S006_S117	63855	16178	25.34	573	5340.0	256.0	682.237347294939	497.0
S006_S034	71969	0	0.00	0			0	0
S006_S025	90120	0	0.00	0			0	0
S006_S023	61965	0	0.00	0			0	0
S006_S123	62336	16014	25.69	606	3561.0	254.0	659.448844884488	510.5
S006_S106	60873	4920	8.08	304	1061.0	251.0	380.740131578947	341
S006_S137	86937	3937	4.53	259	1052.0	254.0	378.826254826255	343.0
S006_S118	70423	17733	25.18	712	2504.0	256.0	607.192415730337	488
S006_S105	59314	1447	2.44	102	629.0	266.0	344.754901960784	344
S006_S069	91428	0	0.00	0			0	0
S006_S092	63496	0	0.00	0			0	0
S006_S066	87430	0	0.00	0			0	0
S006_S075	69746	0	0.00	0			0	0
S006_S065	77077	0	0.00	0			0	0
S006_S099	77864	0	0.00	0			0	0
S006_S059	47228	0	0.00	0			0	0
S006_S130	89032	4806	5.40	293	1303.0	252.0	396.389078498294	345.0
S006_S126	78397	21202	27.04	541	6343.0	253.0	935.105360443623	615.0
S006_S051	72747	0	0.00	0			0	0
S006_S064	56931	0	0.00	0			0	0
S006_S134	89127	22029	24.72	570	6446.0	253.0	926.433333333333	627.5
S006_S056	65449	0	0.00	0			0	0
S006_S140	48746	81	0.17	6	316.0	251.0	284.833333333333	287
S006_S114	59935	14908	24.87	659	2088.0	252.0	551.593323216995	459.0
S006_S049	65617	0	0.00	0			0	0
S006_S128	69533	16200	23.30	601	6963.0	253.0	642.34608985025	480.0
S006_S036	48259	0	0.00	0			0	0
S006_S112	78389	7088	9.04	410	1286.0	250.0	404.626829268293	363
S006_S045	50578	0	0.00	0			0	0
S006_S058	82014	0	0.00	0			0	0
S006_S057	87083	0	0.00	0			0	0
S006_S113	68243	18659	27.34	655	5595.0	253.0	689.010687022901	542.0
S006_S013	62710	0	0.00	0			0	0
S006_S038	102243	0	0.00	0			0	0
S006_S119	78643	21184	26.94	583	5241.0	253.0	876.114922813036	602.0
S006_S043	94267	0	0.00	0			0	0
S006_S120	72124	20118	27.89	522	5340.0	257.0	920.333333333333	620.5
S006_S135	76851	20619	26.83	419	10992.0	254.0	1164.93794749403	658.0
S006_S020	61549	0	0.00	0			0	0
S006_S053	63254	0	0.00	0			0	0
S006_S094	49946	0	0.00	0			0	0
S006_S145	60629	666	1.10	47	717.0	250.0	320.914893617021	297.0
S006_S081	71948	0	0.00	0			0	0
S006_S124	98365	20746	21.09	648	5020.0	253.0	761.260802469136	558
S006_S061	79046	0	0.00	0			0	0
S006_S129	55990	92	0.16	7	334.0	256.0	281.142857142857	275.0
S006_S127	71237	964	1.35	68	916.0	254.0	328.014705882353	295.5
S006_S079	61356	0	0.00	0			0	0
S006_S019	75034	0	0.00	0			0	0
S006_S017	61892	0	0.00	0			0	0
S006_S136	58458	13738	23.50	611	2229.0	250.0	548.851063829787	467.0
S006_S144	78057	0	0.00	0			0	0
S006_S143	57827	0	0.00	0			0	0
S006_S110	63968	56	0.09	4	401.0	250.0	298	270.5
S006_S010	61378	0	0.00	0			0	0
S006_S050	70591	0	0.00	0			0	0
S006_S139	51204	373	0.73	26	577.0	259.0	323.884615384615	317
S006_S014	60897	0	0.00	0			0	0
S006_S004	62572	0	0.00	0			0	0
S006_S078	77090	0	0.00	0			0	0
S006_S033	111097	0	0.00	0			0	0
S006_S074	74414	0	0.00	0			0	0
S006_S111	97151	1081	1.11	73	595.0	277.0	363.260273972603	346.0
S006_S016	61922	0	0.00	0			0	0
S006_S104	66997	1693	2.53	118	687.0	256.0	349.915254237288	340.5
S006_S003	61314	0	0.00	0			0	0
S006_S068	42700	0	0.00	0			0	0
S006_S001	60664	0	0.00	0			0	0
S006_S102	72583	19587	26.99	593	9133.0	254.0	790.033726812816	526.0
S006_S002	87456	0	0.00	0			0	0
S006_S022	57632	0	0.00	0			0	0
S006_S046	86842	0	0.00	0			0	0
S006_S077	71280	0	0.00	0			0	0
S006_S089	83307	0	0.00	0			0	0
S006_S095	40251	0	0.00	0			0	0
S006_S052	72509	0	0.00	0			0	0
S006_S011	61728	0	0.00	0			0	0
S006_S048	61512	0	0.00	0			0	0
S006_S007	60683	0	0.00	0			0	0
S006_S012	61495	0	0.00	0			0	0
S006_S060	84119	0	0.00	0			0	0
S006_S026	114341	0	0.00	0			0	0
S006_S093	89852	0	0.00	0			0	0
S006_S070	60338	0	0.00	0			0	0
S030_S091	71796	0	0.00	0			0	0
S030_S132	56554	4261	7.53	295	887.0	255.0	363.369491525424	340.0
S030_S021	84671	0	0.00	0			0	0
S030_S080	74927	0	0.00	0			0	0
S030_S027	58997	0	0.00	0			0	0
S030_S062	58002	0	0.00	0			0	0
S030_S039	78391	0	0.00	0			0	0
S030_S087	68651	0	0.00	0			0	0
S030_S086	142014	0	0.00	0			0	0
S030_S138	46980	0	0.00	0			0	0
S030_S101	64547	3337	5.17	216	880.0	254.0	370.75462962963	342
S030_S029	52772	0	0.00	0			0	0
S030_S008	59533	0	0.00	0			0	0
S030_S142	60920	3941	6.47	250	1015.0	251.0	373.196	340
S030_S042	57971	0	0.00	0			0	0
S030_S097	64330	0	0.00	0			0	0
S030_S072	87786	0	0.00	0			0	0
S030_S076	69444	0	0.00	0			0	0
S030_S055	69444	0	0.00	0			0	0
S030_S109	64509	17932	27.80	611	5893.0	252.0	721.438625204583	540.0
S030_S040	63463	0	0.00	0			0	0
S030_S088	78142	0	0.00	0			0	0
S030_S024	62124	0	0.00	0			0	0
S030_S141	69267	2814	4.06	194	971.0	255.0	365.886597938144	344
S030_S063	59491	0	0.00	0			0	0
S030_S032	77827	0	0.00	0			0	0
S030_S073	65348	0	0.00	0			0	0
S030_S037	63305	0	0.00	0			0	0
S030_S028	65086	0	0.00	0			0	0
S030_S103	71120	2821	3.97	193	751.0	255.0	352.642487046632	339.0
S030_S054	125932	0	0.00	0			0	0
S030_S117	61302	3955	6.45	257	1026.0	252.0	366.661478599222	336.0
S030_S034	69416	0	0.00	0			0	0
S030_S025	87567	0	0.00	0			0	0
S030_S023	59412	0	0.00	0			0	0
S030_S123	59783	2768	4.63	185	897.0	253.0	365.081081081081	338.0
S030_S106	58320	16985	29.12	672	3938.0	250.0	617.619047619048	441
S030_S137	84384	23081	27.35	927	3497.0	250.0	664.690399137001	504.0
S030_S118	67870	2935	4.32	188	820.0	254.0	374.202127659574	343.5
S030_S105	56761	830	1.46	59	684.0	255.0	337.152542372881	323.0
S030_S069	88875	0	0.00	0			0	0
S030_S092	60943	0	0.00	0			0	0
S030_S066	84877	0	0.00	0			0	0
S030_S075	67193	0	0.00	0			0	0
S030_S065	74524	0	0.00	0			0	0
S030_S099	75311	0	0.00	0			0	0
S030_S059	44675	0	0.00	0			0	0
S030_S130	86479	1037	1.20	72	637.0	259.0	348.333333333333	338
S030_S126	75844	4180	5.51	259	913.0	250.0	380.266409266409	341.0
S030_S051	70194	0	0.00	0			0	0
S030_S064	54378	0	0.00	0			0	0
S030_S134	86574	4244	4.90	266	1185.0	250.0	380.496240601504	344
S030_S056	62896	0	0.00	0			0	0
S030_S140	46193	110	0.24	8	479.0	251.0	291.75	262
S030_S114	57382	3206	5.59	202	999.0	257.0	385.222772277228	349
S030_S049	63064	0	0.00	0			0	0
S030_S128	66980	4796	7.16	290	1085.0	250.0	389.544827586207	346
S030_S036	45706	0	0.00	0			0	0
S030_S112	75836	3792	5.00	239	947.0	255.0	374.669456066946	344.0
S030_S045	48025	0	0.00	0			0	0
S030_S058	79461	0	0.00	0			0	0
S030_S057	84530	0	0.00	0			0	0
S030_S113	65690	4788	7.29	296	1126.0	252.0	386.341216216216	347.5
S030_S013	60157	0	0.00	0			0	0
S030_S038	99690	0	0.00	0			0	0
S030_S119	76090	4298	5.65	269	916.0	251.0	380.256505576208	343.0
S030_S043	91714	0	0.00	0			0	0
S030_S120	69571	3773	5.42	234	911.0	253.0	381	344
S030_S135	74298	4228	5.69	264	866.0	253.0	377.026515151515	341
S030_S020	58996	0	0.00	0			0	0
S030_S053	60701	0	0.00	0			0	0
S030_S094	47393	0	0.00	0			0	0
S030_S145	58076	486	0.84	35	471.0	252.0	320.971428571429	320.0
S030_S081	69395	0	0.00	0			0	0
S030_S124	95812	3622	3.78	226	934.0	250.0	377.367256637168	341
S030_S061	76493	0	0.00	0			0	0
S030_S129	53437	204	0.38	16	312.0	253.0	275.625	272.5
S030_S127	68684	530	0.77	37	573.0	252.0	324.081081081081	305.0
S030_S079	58803	0	0.00	0			0	0
S030_S019	72481	0	0.00	0			0	0
S030_S017	59339	0	0.00	0			0	0
S030_S136	55905	2872	5.14	179	884.0	251.0	386.832402234637	348.0
S030_S144	75504	0	0.00	0			0	0
S030_S143	55274	0	0.00	0			0	0
S030_S110	61415	18	0.03	1	343.0	343.0	343	343.0
S030_S010	58825	0	0.00	0			0	0
S030_S050	68038	0	0.00	0			0	0
S030_S139	48651	299	0.61	20	503.0	254.0	331.35	305.5
S030_S014	58344	0	0.00	0			0	0
S030_S004	60019	0	0.00	0			0	0
S030_S078	74537	0	0.00	0			0	0
S030_S033	108544	0	0.00	0			0	0
S030_S074	71861	0	0.00	0			0	0
S030_S111	94598	166	0.18	11	447.0	283.0	370.454545454545	348.0
S030_S016	59369	0	0.00	0			0	0
S030_S104	64444	792	1.23	56	795.0	262.0	341.321428571429	332.5
S030_S003	58761	0	0.00	0			0	0
S030_S068	40147	0	0.00	0			0	0
S030_S001	58111	0	0.00	0			0	0
S030_S102	70030	4623	6.60	286	1107.0	254.0	385.531468531469	348
S030_S002	84903	0	0.00	0			0	0
S030_S022	55079	0	0.00	0			0	0
S030_S046	84289	0	0.00	0			0	0
S030_S077	68727	0	0.00	0			0	0
S030_S089	80754	0	0.00	0			0	0
S030_S095	37698	0	0.00	0			0	0
S030_S052	69956	0	0.00	0			0	0
S030_S011	59175	0	0.00	0			0	0
S030_S048	58959	0	0.00	0			0	0
S030_S007	58130	0	0.00	0			0	0
S030_S012	58942	0	0.00	0			0	0
S030_S060	81566	0	0.00	0			0	0
S030_S026	111788	0	0.00	0			0	0
S030_S093	87299	0	0.00	0			0	0
S030_S070	57785	0	0.00	0			0	0
S091_S132	64430	38	0.06	3	309.0	255.0	277.333333333333	268.0
S091_S021	92547	0	0.00	0			0	0
S091_S080	82803	0	0.00	0			0	0
S091_S027	66873	0	0.00	0			0	0
S091_S062	65878	0	0.00	0			0	0
S091_S039	86267	0	0.00	0			0	0
S091_S087	76527	0	0.00	0			0	0
S091_S086	149890	0	0.00	0			0	0
S091_S138	54856	0	0.00	0			0	0
S091_S101	72423	2256	3.12	127	1293.0	251.0	401.086614173228	357.0
S091_S029	60648	0	0.00	0			0	0
S091_S008	67409	0	0.00	0			0	0
S091_S142	68796	3792	5.51	180	1249.0	250.0	461.638888888889	394
S091_S042	65847	0	0.00	0			0	0
S091_S097	72206	0	0.00	0			0	0
S091_S072	95662	0	0.00	0			0	0
S091_S076	77320	0	0.00	0			0	0
S091_S055	77320	0	0.00	0			0	0
S091_S109	72385	172	0.24	13	374.0	251.0	299.153846153846	284.0
S091_S040	71339	0	0.00	0			0	0
S091_S088	86018	0	0.00	0			0	0
S091_S024	70000	0	0.00	0			0	0
S091_S141	77143	2086	2.70	138	958.0	259.0	376.54347826087	345.5
S091_S063	67367	0	0.00	0			0	0
S091_S032	85703	0	0.00	0			0	0
S091_S073	73224	0	0.00	0			0	0
S091_S037	71181	0	0.00	0			0	0
S091_S028	72962	0	0.00	0			0	0
S091_S103	78996	2283	2.89	136	1096.0	254.0	386.360294117647	339.5
S091_S054	133808	0	0.00	0			0	0
S091_S117	69178	2796	4.04	154	1312.0	251.0	411.967532467532	356
S091_S034	77292	0	0.00	0			0	0
S091_S025	95443	0	0.00	0			0	0
S091_S023	67288	0	0.00	0			0	0
S091_S123	67659	2431	3.59	136	1547.0	250.0	412.897058823529	350.5
S091_S106	66196	304	0.46	23	422.0	250.0	297.95652173913	277.0
S091_S137	92260	236	0.26	18	398.0	256.0	307.055555555556	294
S091_S118	75746	2897	3.82	165	1122.0	255.0	440.830303030303	371.0
S091_S105	64637	24	0.04	2	295.0	293.0	294	294
S091_S069	96751	0	0.00	0			0	0
S091_S092	68819	0	0.00	0			0	0
S091_S066	92753	0	0.00	0			0	0
S091_S075	75069	0	0.00	0			0	0
S091_S065	82400	0	0.00	0			0	0
S091_S099	83187	0	0.00	0			0	0
S091_S059	52551	0	0.00	0			0	0
S091_S130	94355	168	0.18	12	497.0	253.0	324.5	305
S091_S126	83720	4426	5.29	210	1510.0	251.0	465.133333333333	392.5
S091_S051	78070	0	0.00	0			0	0
S091_S064	62254	0	0.00	0			0	0
S091_S134	94450	4646	4.92	234	1441.0	251.0	449.739316239316	388
S091_S056	70772	0	0.00	0			0	0
S091_S140	54069	0	0.00	0			0	0
S091_S114	65258	1993	3.05	123	850.0	253.0	376.121951219512	358.0
S091_S049	70940	0	0.00	0			0	0
S091_S128	74856	2682	3.58	149	1249.0	250.0	400.765100671141	348.0
S091_S036	53582	0	0.00	0			0	0
S091_S112	83712	384	0.46	27	466.0	252.0	312.148148148148	292.0
S091_S045	55901	0	0.00	0			0	0
S091_S058	87337	0	0.00	0			0	0
S091_S057	92406	0	0.00	0			0	0
S091_S113	73566	3422	4.65	185	1579.0	252.0	420.513513513513	366.0
S091_S013	68033	0	0.00	0			0	0
S091_S038	107566	0	0.00	0			0	0
S091_S119	83966	4940	5.88	258	1628.0	251.0	492.852713178295	393
S091_S043	99590	0	0.00	0			0	0
S091_S120	77447	3732	4.82	186	1293.0	252.0	438.817204301075	380.5
S091_S135	82174	5103	6.21	215	1604.0	255.0	519.948837209302	420.0
S091_S020	66872	0	0.00	0			0	0
S091_S053	68577	0	0.00	0			0	0
S091_S094	55269	0	0.00	0			0	0
S091_S145	65952	33	0.05	3	279.0	262.0	272.666666666667	277.0
S091_S081	77271	0	0.00	0			0	0
S091_S124	103688	3296	3.18	182	1151.0	253.0	399.653846153846	350.5
S091_S061	84369	0	0.00	0			0	0
S091_S129	61313	12	0.02	1	251.0	251.0	251	251.0
S091_S127	76560	0	0.00	0			0	0
S091_S079	66679	0	0.00	0			0	0
S091_S019	80357	0	0.00	0			0	0
S091_S017	67215	0	0.00	0			0	0
S091_S136	63781	1422	2.23	87	1038.0	251.0	380.965517241379	336.0
S091_S144	83380	16	0.02	1	304.0	304.0	304	304.0
S091_S143	63150	0	0.00	0			0	0
S091_S110	69291	0	0.00	0			0	0
S091_S010	66701	0	0.00	0			0	0
S091_S050	75914	0	0.00	0			0	0
S091_S139	56527	0	0.00	0			0	0
S091_S014	66220	0	0.00	0			0	0
S091_S004	67895	0	0.00	0			0	0
S091_S078	82413	0	0.00	0			0	0
S091_S033	116420	0	0.00	0			0	0
S091_S074	79737	0	0.00	0			0	0
S091_S111	102474	26	0.03	2	341.0	281.0	311	311
S091_S016	67245	0	0.00	0			0	0
S091_S104	72320	52	0.07	4	338.0	265.0	291.25	281
S091_S003	66637	0	0.00	0			0	0
S091_S068	48023	0	0.00	0			0	0
S091_S001	65987	0	0.00	0			0	0
S091_S102	77906	3623	4.65	175	2012.0	250.0	455.485714285714	372.0
S091_S002	92779	0	0.00	0			0	0
S091_S022	62955	0	0.00	0			0	0
S091_S046	92165	0	0.00	0			0	0
S091_S077	76603	0	0.00	0			0	0
S091_S089	88630	0	0.00	0			0	0
S091_S095	45574	0	0.00	0			0	0
S091_S052	77832	0	0.00	0			0	0
S091_S011	67051	0	0.00	0			0	0
S091_S048	66835	0	0.00	0			0	0
S091_S007	66006	0	0.00	0			0	0
S091_S012	66818	0	0.00	0			0	0
S091_S060	89442	0	0.00	0			0	0
S091_S026	119664	0	0.00	0			0	0
S091_S093	95175	0	0.00	0			0	0
S091_S070	65661	0	0.00	0			0	0
S132_S021	77305	1931	2.50	144	940.0	252.0	334.618055555556	319.5
S132_S080	67561	2379	3.52	171	859.0	251.0	343.678362573099	316.0
S132_S027	51631	2919	5.65	195	990.0	258.0	386.876923076923	347.0
S132_S062	50636	2815	5.56	196	888.0	253.0	366.897959183673	342.5
S132_S039	71025	0	0.00	0			0	0
S132_S087	61285	602	0.98	40	777.0	250.0	366.775	338
S132_S086	134648	1097	0.81	79	651.0	250.0	334.101265822785	308.0
S132_S138	39614	0	0.00	0			0	0
S132_S101	57181	0	0.00	0			0	0
S132_S029	45406	1572	3.46	113	642.0	250.0	351.247787610619	336.0
S132_S008	52167	1568	3.01	116	815.0	252.0	339.008620689655	323.5
S132_S142	53554	0	0.00	0			0	0
S132_S042	50605	26	0.05	2	281.0	255.0	268	268
S132_S097	56964	3996	7.01	274	823.0	250.0	364.930656934307	342
S132_S072	80420	0	0.00	0			0	0
S132_S076	62078	2227	3.59	158	831.0	253.0	349.20253164557	333.5
S132_S055	62078	2227	3.59	158	831.0	253.0	349.20253164557	333.5
S132_S109	57143	0	0.00	0			0	0
S132_S040	56097	430	0.77	30	455.0	254.0	336.6	334.5
S132_S088	70776	1863	2.63	135	865.0	251.0	339.62962962963	330.0
S132_S024	54758	8279	15.12	519	1732.0	250.0	410.456647398844	349.0
S132_S141	61901	0	0.00	0			0	0
S132_S063	52125	2388	4.58	172	874.0	250.0	342.337209302326	324
S132_S032	70461	2205	3.13	159	779.0	250.0	343.094339622641	309.0
S132_S073	57982	0	0.00	0			0	0
S132_S037	55939	12	0.02	1	265.0	265.0	265	265.0
S132_S028	57720	3890	6.74	275	977.0	250.0	363.752727272727	342.0
S132_S103	63754	0	0.00	0			0	0
S132_S054	118566	1357	1.14	97	730.0	252.0	334.463917525773	324.0
S132_S117	53936	0	0.00	0			0	0
S132_S034	62050	0	0.00	0			0	0
S132_S025	80201	5134	6.40	377	988.0	256.0	377.376657824934	344.0
S132_S023	52046	1822	3.50	131	861.0	254.0	342.778625954198	323.0
S132_S123	52417	0	0.00	0			0	0
S132_S106	50954	0	0.00	0			0	0
S132_S137	77018	0	0.00	0			0	0
S132_S118	60504	0	0.00	0			0	0
S132_S105	49395	0	0.00	0			0	0
S132_S069	81509	0	0.00	0			0	0
S132_S092	53577	12	0.02	1	275.0	275.0	275	275.0
S132_S066	77511	442	0.57	31	759.0	262.0	345.290322580645	312.0
S132_S075	59827	1240	2.07	92	616.0	251.0	334.434782608696	325.5
S132_S065	67158	36	0.05	3	277.0	271.0	275	277.0
S132_S099	67945	2164	3.18	155	828.0	252.0	346.729032258065	319.0
S132_S059	37309	4473	11.99	240	1274.0	273.0	484.629166666667	397.5
S132_S130	79113	0	0.00	0			0	0
S132_S126	68478	0	0.00	0			0	0
S132_S051	62828	2428	3.86	173	726.0	252.0	342.803468208093	324.0
S132_S064	47012	696	1.48	52	626.0	274.0	343.038461538462	344.5
S132_S134	79208	0	0.00	0			0	0
S132_S056	55530	3067	5.52	212	934.0	254.0	363.88679245283	337
S132_S140	38827	0	0.00	0			0	0
S132_S114	50016	0	0.00	0			0	0
S132_S049	55698	2415	4.34	177	865.0	251.0	343.418079096045	323.0
S132_S128	59614	0	0.00	0			0	0
S132_S036	38340	47	0.12	4	283.0	250.0	271.75	277
S132_S112	68470	0	0.00	0			0	0
S132_S045	40659	65	0.16	5	324.0	270.0	295.8	295.0
S132_S058	72095	2059	2.86	149	770.0	250.0	339.919463087248	320.0
S132_S057	77164	2057	2.67	148	937.0	253.0	339.560810810811	321.5
S132_S113	58324	0	0.00	0			0	0
S132_S013	52791	1871	3.54	134	873.0	252.0	348.440298507463	334.5
S132_S038	92324	1757	1.90	123	724.0	251.0	344.983739837398	331.0
S132_S119	68724	0	0.00	0			0	0
S132_S043	84348	1848	2.19	130	766.0	257.0	349.092307692308	333
S132_S120	62205	0	0.00	0			0	0
S132_S135	66932	0	0.00	0			0	0
S132_S020	51630	1563	3.03	115	816.0	252.0	332.426086956522	320.0
S132_S053	53335	337	0.63	26	626.0	252.0	325.346153846154	295.5
S132_S094	40027	0	0.00	0			0	0
S132_S145	50710	0	0.00	0			0	0
S132_S081	62029	3350	5.40	234	829.0	250.0	358.700854700855	336.5
S132_S124	88446	0	0.00	0			0	0
S132_S061	69127	354	0.51	24	671.0	260.0	341.625	310.5
S132_S129	46071	0	0.00	0			0	0
S132_S127	61318	0	0.00	0			0	0
S132_S079	51437	76	0.15	6	319.0	251.0	272.666666666667	259.5
S132_S019	65115	2146	3.30	154	818.0	252.0	342.428571428571	320.5
S132_S017	51973	1637	3.15	118	820.0	260.0	344.169491525424	324
S132_S136	48539	0	0.00	0			0	0
S132_S144	68138	0	0.00	0			0	0
S132_S143	47908	0	0.00	0			0	0
S132_S110	54049	0	0.00	0			0	0
S132_S010	51459	2073	4.03	150	822.0	250.0	338.506666666667	322.5
S132_S050	60672	4651	7.67	318	893.0	250.0	370.106918238994	340
S132_S139	41285	0	0.00	0			0	0
S132_S014	50978	1743	3.42	127	769.0	250.0	339.488188976378	323.0
S132_S004	52653	2263	4.30	164	822.0	250.0	335.042682926829	317.5
S132_S078	67171	2061	3.07	147	834.0	253.0	347.755102040816	334.0
S132_S033	101178	1555	1.54	110	852.0	251.0	341.718181818182	323.5
S132_S074	64495	339	0.53	24	714.0	250.0	344.125	311.5
S132_S111	87232	0	0.00	0			0	0
S132_S016	52003	1394	2.68	102	867.0	254.0	339.519607843137	328.5
S132_S104	57078	0	0.00	0			0	0
S132_S003	51395	1770	3.44	132	817.0	251.0	331.643939393939	317
S132_S068	32781	0	0.00	0			0	0
S132_S001	50745	1577	3.11	114	721.0	254.0	341.921052631579	327
S132_S102	62664	0	0.00	0			0	0
S132_S002	77537	1911	2.46	140	897.0	250.0	334.421428571429	320.5
S132_S022	47713	1993	4.18	146	871.0	253.0	338.780821917808	329
S132_S046	76923	505	0.66	37	740.0	254.0	331.783783783784	297.0
S132_S077	61361	2338	3.81	169	836.0	258.0	345.12426035503	323.0
S132_S089	73388	1432	1.95	102	851.0	255.0	345.245098039216	334
S132_S095	30332	0	0.00	0			0	0
S132_S052	62590	2090	3.34	150	861.0	258.0	346.486666666667	325.5
S132_S011	51809	1918	3.70	137	869.0	251.0	342.802919708029	327.0
S132_S048	51593	0	0.00	0			0	0
S132_S007	50764	1783	3.51	127	869.0	253.0	344.393700787402	324.0
S132_S012	51576	1414	2.74	105	823.0	254.0	338.152380952381	321.0
S132_S060	74200	372	0.50	26	723.0	253.0	349.653846153846	318
S132_S026	104422	4398	4.21	292	974.0	251.0	371.116438356164	334
S132_S093	79933	459	0.57	32	622.0	250.0	331.78125	305.5
S132_S070	50419	12	0.02	1	252.0	252.0	252	252.0
S021_S080	95678	0	0.00	0			0	0
S021_S027	79748	0	0.00	0			0	0
S021_S062	78753	0	0.00	0			0	0
S021_S039	99142	0	0.00	0			0	0
S021_S087	89402	0	0.00	0			0	0
S021_S086	162765	0	0.00	0			0	0
S021_S138	67731	0	0.00	0			0	0
S021_S101	85298	16398	19.22	651	3804.0	251.0	599.486943164363	478.0
S021_S029	73523	0	0.00	0			0	0
S021_S008	80284	0	0.00	0			0	0
S021_S142	81671	19215	23.53	476	10614.0	255.0	955.044117647059	572.5
S021_S042	78722	0	0.00	0			0	0
S021_S097	85081	0	0.00	0			0	0
S021_S072	108537	0	0.00	0			0	0
S021_S076	90195	0	0.00	0			0	0
S021_S055	90195	0	0.00	0			0	0
S021_S109	85260	2882	3.38	183	926.0	251.0	373.710382513661	335.0
S021_S040	84214	0	0.00	0			0	0
S021_S088	98893	0	0.00	0			0	0
S021_S024	82875	0	0.00	0			0	0
S021_S141	90018	16290	18.10	745	1856.0	261.0	538.24966442953	438.0
S021_S063	80242	0	0.00	0			0	0
S021_S032	98578	0	0.00	0			0	0
S021_S073	86099	0	0.00	0			0	0
S021_S037	84056	0	0.00	0			0	0
S021_S028	85837	0	0.00	0			0	0
S021_S103	91871	17481	19.03	697	3325.0	260.0	600.856527977044	486.0
S021_S054	146683	0	0.00	0			0	0
S021_S117	82053	15849	19.32	573	5249.0	251.0	654.075043630017	492.0
S021_S034	90167	0	0.00	0			0	0
S021_S025	108318	0	0.00	0			0	0
S021_S023	80163	0	0.00	0			0	0
S021_S123	80534	15898	19.74	607	3563.0	253.0	641.818780889621	486.0
S021_S106	79071	4293	5.43	261	929.0	253.0	384.927203065134	345.0
S021_S137	105135	3439	3.27	225	927.0	255.0	380.106666666667	343.0
S021_S118	88621	17305	19.53	691	2737.0	254.0	600.393632416787	484.0
S021_S105	77512	1272	1.64	91	533.0	250.0	334.32967032967	331.0
S021_S069	109626	0	0.00	0			0	0
S021_S092	81694	0	0.00	0			0	0
S021_S066	105628	0	0.00	0			0	0
S021_S075	87944	0	0.00	0			0	0
S021_S065	95275	0	0.00	0			0	0
S021_S099	96062	0	0.00	0			0	0
S021_S059	65426	0	0.00	0			0	0
S021_S130	107230	5035	4.70	301	1319.0	256.0	399.950166112957	345.0
S021_S126	96595	21847	22.62	588	5521.0	250.0	885.238095238095	576
S021_S051	90945	0	0.00	0			0	0
S021_S064	75129	0	0.00	0			0	0
S021_S134	107325	22329	20.81	604	5721.0	254.0	876.056291390728	606
S021_S056	83647	0	0.00	0			0	0
S021_S140	66944	14	0.02	1	296.0	296.0	296	296.0
S021_S114	78133	14533	18.60	638	2261.0	252.0	544.694357366771	452
S021_S049	83815	0	0.00	0			0	0
S021_S128	87731	16088	18.34	618	9292.0	255.0	612.729773462783	469.5
S021_S036	66457	0	0.00	0			0	0
S021_S112	96587	6957	7.20	402	1339.0	250.0	401.221393034826	358
S021_S045	68776	0	0.00	0			0	0
S021_S058	100212	0	0.00	0			0	0
S021_S057	105281	0	0.00	0			0	0
S021_S113	86441	18222	21.08	659	3079.0	252.0	657.57966616085	504.0
S021_S013	80908	0	0.00	0			0	0
S021_S038	120441	0	0.00	0			0	0
S021_S119	96841	21043	21.73	589	4939.0	253.0	846.521222410866	586.0
S021_S043	112465	0	0.00	0			0	0
S021_S120	90322	20396	22.58	547	5755.0	253.0	884.148080438757	570.0
S021_S135	95049	21045	22.14	457	8506.0	252.0	1079.57111597374	629.0
S021_S020	79747	0	0.00	0			0	0
S021_S053	81452	0	0.00	0			0	0
S021_S094	68144	0	0.00	0			0	0
S021_S145	78827	476	0.60	34	748.0	259.0	320.764705882353	290.5
S021_S081	90146	0	0.00	0			0	0
S021_S124	116563	21343	18.31	671	5168.0	251.0	750.888226527571	532.0
S021_S061	97244	0	0.00	0			0	0
S021_S129	74188	26	0.04	2	323.0	250.0	286.5	286.5
S021_S127	89435	780	0.87	54	896.0	256.0	331.240740740741	300.5
S021_S079	79554	0	0.00	0			0	0
S021_S019	93232	0	0.00	0			0	0
S021_S017	80090	0	0.00	0			0	0
S021_S136	76656	13270	17.31	585	2156.0	254.0	541.158974358974	446.0
S021_S144	96255	0	0.00	0			0	0
S021_S143	76025	0	0.00	0			0	0
S021_S110	82166	28	0.03	2	320.0	271.0	295.5	295.5
S021_S010	79576	0	0.00	0			0	0
S021_S050	88789	0	0.00	0			0	0
S021_S139	69402	158	0.23	11	430.0	265.0	326.363636363636	288.0
S021_S014	79095	0	0.00	0			0	0
S021_S004	80770	0	0.00	0			0	0
S021_S078	95288	0	0.00	0			0	0
S021_S033	129295	0	0.00	0			0	0
S021_S074	92612	0	0.00	0			0	0
S021_S111	115349	1104	0.96	74	632.0	271.0	359.864864864865	341.5
S021_S016	80120	0	0.00	0			0	0
S021_S104	85195	1532	1.80	108	621.0	254.0	339.712962962963	325
S021_S003	79512	0	0.00	0			0	0
S021_S068	60898	0	0.00	0			0	0
S021_S001	78862	0	0.00	0			0	0
S021_S102	90781	19371	21.34	583	7267.0	250.0	782.591766723842	530.0
S021_S002	105654	0	0.00	0			0	0
S021_S022	75830	0	0.00	0			0	0
S021_S046	105040	0	0.00	0			0	0
S021_S077	89478	0	0.00	0			0	0
S021_S089	101505	0	0.00	0			0	0
S021_S095	58449	0	0.00	0			0	0
S021_S052	90707	0	0.00	0			0	0
S021_S011	79926	0	0.00	0			0	0
S021_S048	79710	0	0.00	0			0	0
S021_S007	78881	0	0.00	0			0	0
S021_S012	79693	0	0.00	0			0	0
S021_S060	102317	0	0.00	0			0	0
S021_S026	132539	0	0.00	0			0	0
S021_S093	108050	0	0.00	0			0	0
S021_S070	78536	0	0.00	0			0	0
S080_S027	70004	0	0.00	0			0	0
S080_S062	69009	0	0.00	0			0	0
S080_S039	89398	0	0.00	0			0	0
S080_S087	79658	0	0.00	0			0	0
S080_S086	153021	0	0.00	0			0	0
S080_S138	57987	0	0.00	0			0	0
S080_S101	75554	25078	33.19	725	7025.0	251.0	833.645517241379	598.0
S080_S029	63779	0	0.00	0			0	0
S080_S008	70540	0	0.00	0			0	0
S080_S142	71927	20978	29.17	540	9843.0	254.0	924.233333333333	627
S080_S042	68978	0	0.00	0			0	0
S080_S097	75337	0	0.00	0			0	0
S080_S072	98793	0	0.00	0			0	0
S080_S076	80451	0	0.00	0			0	0
S080_S055	80451	0	0.00	0			0	0
S080_S109	75516	3726	4.93	231	1161.0	250.0	381.34632034632	346.0
S080_S040	74470	0	0.00	0			0	0
S080_S088	89149	0	0.00	0			0	0
S080_S024	73131	0	0.00	0			0	0
S080_S141	80274	18800	23.42	844	2355.0	253.0	553.671800947867	451.5
S080_S063	70498	0	0.00	0			0	0
S080_S032	88834	0	0.00	0			0	0
S080_S073	76355	0	0.00	0			0	0
S080_S037	74312	0	0.00	0			0	0
S080_S028	76093	0	0.00	0			0	0
S080_S103	82127	17916	21.81	724	3252.0	256.0	595.74861878453	486.5
S080_S054	136939	0	0.00	0			0	0
S080_S117	72309	25920	35.85	488	11255.0	253.0	1281.25	889
S080_S034	80423	0	0.00	0			0	0
S080_S025	98574	0	0.00	0			0	0
S080_S023	70419	0	0.00	0			0	0
S080_S123	70790	17430	24.62	656	3656.0	260.0	657.599085365854	493
S080_S106	69327	5773	8.33	345	1124.0	251.0	392.582608695652	346.0
S080_S137	95391	4410	4.62	286	1015.0	253.0	386.34965034965	344
S080_S118	78877	19072	24.18	752	4432.0	254.0	612.097074468085	485.5
S080_S105	67768	1661	2.45	113	642.0	263.0	354.141592920354	338.0
S080_S069	99882	0	0.00	0			0	0
S080_S092	71950	0	0.00	0			0	0
S080_S066	95884	0	0.00	0			0	0
S080_S075	78200	0	0.00	0			0	0
S080_S065	85531	0	0.00	0			0	0
S080_S099	86318	0	0.00	0			0	0
S080_S059	55682	0	0.00	0			0	0
S080_S130	97486	7020	7.20	408	1404.0	260.0	413.357843137255	375
S080_S126	86851	23835	27.44	620	6546.0	250.0	913.490322580645	626.5
S080_S051	81201	0	0.00	0			0	0
S080_S064	65385	0	0.00	0			0	0
S080_S134	97581	25043	25.66	643	8478.0	252.0	930.573872472784	655.0
S080_S056	73903	0	0.00	0			0	0
S080_S140	57200	66	0.12	4	459.0	253.0	333.25	310.5
S080_S114	68389	21802	31.88	742	3371.0	260.0	713.123989218329	577
S080_S049	74071	0	0.00	0			0	0
S080_S128	77987	20195	25.90	614	9693.0	253.0	779.019543973941	560
S080_S036	56713	0	0.00	0			0	0
S080_S112	86843	8714	10.03	479	1399.0	251.0	423.409185803758	371.0
S080_S045	59032	0	0.00	0			0	0
S080_S058	90468	0	0.00	0			0	0
S080_S057	95537	0	0.00	0			0	0
S080_S113	76697	25928	33.81	557	7930.0	256.0	1123.87791741472	775.0
S080_S013	71164	0	0.00	0			0	0
S080_S038	110697	0	0.00	0			0	0
S080_S119	87097	23358	26.82	669	5209.0	251.0	836.777279521674	597.0
S080_S043	102721	0	0.00	0			0	0
S080_S120	80578	22120	27.45	594	6454.0	255.0	882.968013468014	618
S080_S135	85305	24263	28.44	523	11919.0	254.0	1098.26195028681	657.0
S080_S020	70003	0	0.00	0			0	0
S080_S053	71708	0	0.00	0			0	0
S080_S094	58400	0	0.00	0			0	0
S080_S145	69083	654	0.95	46	663.0	251.0	323.217391304348	310.5
S080_S081	80402	0	0.00	0			0	0
S080_S124	106819	23587	22.08	716	5369.0	250.0	777.853351955307	569
S080_S061	87500	0	0.00	0			0	0
S080_S129	64444	38	0.06	3	292.0	269.0	280	279.0
S080_S127	79691	973	1.22	66	761.0	250.0	336.757575757576	317.5
S080_S079	69810	0	0.00	0			0	0
S080_S019	83488	0	0.00	0			0	0
S080_S017	70346	0	0.00	0			0	0
S080_S136	66912	19820	29.62	681	3016.0	252.0	703.352422907489	557.0
S080_S144	86511	0	0.00	0			0	0
S080_S143	66281	0	0.00	0			0	0
S080_S110	72422	24	0.03	2	268.0	257.0	262.5	262.5
S080_S010	69832	0	0.00	0			0	0
S080_S050	79045	0	0.00	0			0	0
S080_S139	59658	299	0.50	22	433.0	254.0	306.045454545455	291.5
S080_S014	69351	0	0.00	0			0	0
S080_S004	71026	0	0.00	0			0	0
S080_S078	85544	0	0.00	0			0	0
S080_S033	119551	0	0.00	0			0	0
S080_S074	82868	0	0.00	0			0	0
S080_S111	105605	2154	2.04	144	687.0	250.0	365.208333333333	344
S080_S016	70376	0	0.00	0			0	0
S080_S104	75451	1828	2.42	121	782.0	264.0	361.97520661157	340.0
S080_S003	69768	0	0.00	0			0	0
S080_S068	51154	0	0.00	0			0	0
S080_S001	69118	0	0.00	0			0	0
S080_S102	81037	29025	35.82	418	23546.0	257.0	1670.37320574163	776
S080_S002	95910	0	0.00	0			0	0
S080_S022	66086	0	0.00	0			0	0
S080_S046	95296	0	0.00	0			0	0
S080_S077	79734	0	0.00	0			0	0
S080_S089	91761	0	0.00	0			0	0
S080_S095	48705	0	0.00	0			0	0
S080_S052	80963	0	0.00	0			0	0
S080_S011	70182	0	0.00	0			0	0
S080_S048	69966	0	0.00	0			0	0
S080_S007	69137	0	0.00	0			0	0
S080_S012	69949	0	0.00	0			0	0
S080_S060	92573	0	0.00	0			0	0
S080_S026	122795	0	0.00	0			0	0
S080_S093	98306	0	0.00	0			0	0
S080_S070	68792	0	0.00	0			0	0
S027_S062	53079	0	0.00	0			0	0
S027_S039	73468	0	0.00	0			0	0
S027_S087	63728	0	0.00	0			0	0
S027_S086	137091	0	0.00	0			0	0
S027_S138	42057	0	0.00	0			0	0
S027_S101	59624	2565	4.30	159	934.0	260.0	387.522012578616	348.0
S027_S029	47849	0	0.00	0			0	0
S027_S008	54610	0	0.00	0			0	0
S027_S142	55997	2650	4.73	167	956.0	255.0	378.586826347305	342.0
S027_S042	53048	0	0.00	0			0	0
S027_S097	59407	0	0.00	0			0	0
S027_S072	82863	0	0.00	0			0	0
S027_S076	64521	0	0.00	0			0	0
S027_S055	64521	0	0.00	0			0	0
S027_S109	59586	10278	17.25	514	1961.0	263.0	487.657587548638	397.5
S027_S040	58540	0	0.00	0			0	0
S027_S088	73219	0	0.00	0			0	0
S027_S024	57201	0	0.00	0			0	0
S027_S141	64344	1962	3.05	135	776.0	269.0	369.518518518519	343.0
S027_S063	54568	0	0.00	0			0	0
S027_S032	72904	0	0.00	0			0	0
S027_S073	60425	0	0.00	0			0	0
S027_S037	58382	0	0.00	0			0	0
S027_S028	60163	0	0.00	0			0	0
S027_S103	66197	2098	3.17	136	747.0	262.0	372.345588235294	344
S027_S054	121009	0	0.00	0			0	0
S027_S117	56379	2809	4.98	181	799.0	256.0	371.524861878453	341.0
S027_S034	64493	0	0.00	0			0	0
S027_S025	82644	0	0.00	0			0	0
S027_S023	54489	0	0.00	0			0	0
S027_S123	54860	2165	3.95	142	742.0	256.0	371.612676056338	344
S027_S106	53397	21415	40.11	739	3432.0	269.0	711.799729364005	566.0
S027_S137	79461	13445	16.92	712	2137.0	257.0	492	426.5
S027_S118	62947	2213	3.52	141	792.0	265.0	379.666666666667	346.0
S027_S105	51838	656	1.27	46	683.0	269.0	344.630434782609	340.5
S027_S069	83952	0	0.00	0			0	0
S027_S092	56020	0	0.00	0			0	0
S027_S066	79954	0	0.00	0			0	0
S027_S075	62270	0	0.00	0			0	0
S027_S065	69601	0	0.00	0			0	0
S027_S099	70388	0	0.00	0			0	0
S027_S059	39752	0	0.00	0			0	0
S027_S130	81556	904	1.11	62	639.0	261.0	352.677419354839	339
S027_S126	70921	2996	4.22	183	804.0	261.0	387.715846994536	361.0
S027_S051	65271	0	0.00	0			0	0
S027_S064	49455	0	0.00	0			0	0
S027_S134	81651	3090	3.78	196	768.0	256.0	378.224489795918	345
S027_S056	57973	0	0.00	0			0	0
S027_S140	41270	28	0.07	2	379.0	262.0	320.5	320.5
S027_S114	52459	2461	4.69	156	868.0	271.0	383.525641025641	344.5
S027_S049	58141	0	0.00	0			0	0
S027_S128	62057	3219	5.19	200	1276.0	254.0	384.64	343
S027_S036	40783	0	0.00	0			0	0
S027_S112	70913	2610	3.68	165	848.0	262.0	375.624242424242	342.0
S027_S045	43102	0	0.00	0			0	0
S027_S058	74538	0	0.00	0			0	0
S027_S057	79607	0	0.00	0			0	0
S027_S113	60767	3586	5.90	224	1183.0	259.0	385.174107142857	346
S027_S013	55234	0	0.00	0			0	0
S027_S038	94767	0	0.00	0			0	0
S027_S119	71167	3138	4.41	193	820.0	261.0	387.787564766839	348.0
S027_S043	86791	0	0.00	0			0	0
S027_S120	64648	2855	4.42	182	789.0	252.0	372.884615384615	343
S027_S135	69375	3294	4.75	207	774.0	256.0	376.376811594203	340.0
S027_S020	54073	0	0.00	0			0	0
S027_S053	55778	0	0.00	0			0	0
S027_S094	42470	0	0.00	0			0	0
S027_S145	53153	206	0.39	14	518.0	264.0	341.714285714286	315.5
S027_S081	64472	0	0.00	0			0	0
S027_S124	90889	2755	3.03	173	811.0	259.0	376.005780346821	339.0
S027_S061	71570	0	0.00	0			0	0
S027_S129	48514	26	0.05	2	336.0	251.0	293.5	293.5
S027_S127	63761	390	0.61	29	622.0	263.0	317.862068965517	292.0
S027_S079	53880	0	0.00	0			0	0
S027_S019	67558	0	0.00	0			0	0
S027_S017	54416	0	0.00	0			0	0
S027_S136	50982	2191	4.30	138	745.0	266.0	385.13768115942	346.5
S027_S144	70581	0	0.00	0			0	0
S027_S143	50351	0	0.00	0			0	0
S027_S110	56492	0	0.00	0			0	0
S027_S010	53902	0	0.00	0			0	0
S027_S050	63115	0	0.00	0			0	0
S027_S139	43728	86	0.20	6	471.0	254.0	325.666666666667	310
S027_S014	53421	0	0.00	0			0	0
S027_S004	55096	0	0.00	0			0	0
S027_S078	69614	0	0.00	0			0	0
S027_S033	103621	0	0.00	0			0	0
S027_S074	66938	0	0.00	0			0	0
S027_S111	89675	62	0.07	4	444.0	297.0	379.25	388
S027_S016	54446	0	0.00	0			0	0
S027_S104	59521	623	1.05	43	796.0	270.0	352.697674418605	342.0
S027_S003	53838	0	0.00	0			0	0
S027_S068	35224	0	0.00	0			0	0
S027_S001	53188	0	0.00	0			0	0
S027_S102	65107	3595	5.52	220	1182.0	254.0	391.745454545455	349.5
S027_S002	79980	0	0.00	0			0	0
S027_S022	50156	0	0.00	0			0	0
S027_S046	79366	0	0.00	0			0	0
S027_S077	63804	0	0.00	0			0	0
S027_S089	75831	0	0.00	0			0	0
S027_S095	32775	0	0.00	0			0	0
S027_S052	65033	0	0.00	0			0	0
S027_S011	54252	0	0.00	0			0	0
S027_S048	54036	0	0.00	0			0	0
S027_S007	53207	0	0.00	0			0	0
S027_S012	54019	0	0.00	0			0	0
S027_S060	76643	0	0.00	0			0	0
S027_S026	106865	0	0.00	0			0	0
S027_S093	82376	0	0.00	0			0	0
S027_S070	52862	0	0.00	0			0	0
S062_S039	72473	0	0.00	0			0	0
S062_S087	62733	0	0.00	0			0	0
S062_S086	136096	0	0.00	0			0	0
S062_S138	41062	0	0.00	0			0	0
S062_S101	58629	2258	3.85	151	840.0	260.0	356.543046357616	341.0
S062_S029	46854	0	0.00	0			0	0
S062_S008	53615	0	0.00	0			0	0
S062_S142	55002	2700	4.91	175	1029.0	254.0	366.857142857143	337.0
S062_S042	52053	0	0.00	0			0	0
S062_S097	58412	0	0.00	0			0	0
S062_S072	81868	0	0.00	0			0	0
S062_S076	63526	0	0.00	0			0	0
S062_S055	63526	0	0.00	0			0	0
S062_S109	58591	13063	22.30	605	2305.0	253.0	531.074380165289	439.0
S062_S040	57545	0	0.00	0			0	0
S062_S088	72224	0	0.00	0			0	0
S062_S024	56206	0	0.00	0			0	0
S062_S141	63349	1629	2.57	111	654.0	269.0	374.738738738739	345.0
S062_S063	53573	0	0.00	0			0	0
S062_S032	71909	0	0.00	0			0	0
S062_S073	59430	0	0.00	0			0	0
S062_S037	57387	0	0.00	0			0	0
S062_S028	59168	0	0.00	0			0	0
S062_S103	65202	1677	2.57	117	697.0	252.0	347.589743589744	337.0
S062_S054	120014	0	0.00	0			0	0
S062_S117	55384	2478	4.47	167	741.0	250.0	354.538922155689	336.0
S062_S034	63498	0	0.00	0			0	0
S062_S025	81649	0	0.00	0			0	0
S062_S023	53494	0	0.00	0			0	0
S062_S123	53865	1774	3.29	121	640.0	250.0	361.611570247934	339.0
S062_S106	52402	11981	22.86	578	2000.0	256.0	508.297577854671	430
S062_S137	78466	16429	20.94	813	3263.0	251.0	533.815498154982	442.0
S062_S118	61952	1963	3.17	130	773.0	264.0	365.223076923077	342
S062_S105	50843	648	1.27	46	647.0	252.0	338.239130434783	337.5
S062_S069	82957	0	0.00	0			0	0
S062_S092	55025	0	0.00	0			0	0
S062_S066	78959	0	0.00	0			0	0
S062_S075	61275	0	0.00	0			0	0
S062_S065	68606	0	0.00	0			0	0
S062_S099	69393	0	0.00	0			0	0
S062_S059	38757	0	0.00	0			0	0
S062_S130	80561	595	0.74	40	626.0	250.0	357.55	337
S062_S126	69926	2781	3.98	181	766.0	252.0	365.524861878453	336.0
S062_S051	64276	0	0.00	0			0	0
S062_S064	48460	0	0.00	0			0	0
S062_S134	80656	2470	3.06	161	724.0	251.0	369.298136645963	343.0
S062_S056	56978	0	0.00	0			0	0
S062_S140	40275	58	0.14	4	337.0	262.0	304.75	310
S062_S114	51464	2072	4.03	132	714.0	267.0	380.530303030303	348
S062_S049	57146	0	0.00	0			0	0
S062_S128	61062	3044	4.99	194	986.0	254.0	372.824742268041	339
S062_S036	39788	0	0.00	0			0	0
S062_S112	69918	2520	3.60	167	734.0	250.0	355.778443113772	334.0
S062_S045	42107	0	0.00	0			0	0
S062_S058	73543	0	0.00	0			0	0
S062_S057	78612	0	0.00	0			0	0
S062_S113	59772	3160	5.29	203	836.0	252.0	373.615763546798	342.0
S062_S013	54239	0	0.00	0			0	0
S062_S038	93772	0	0.00	0			0	0
S062_S119	70172	2830	4.03	186	776.0	254.0	364.338709677419	336
S062_S043	85796	0	0.00	0			0	0
S062_S120	63653	2666	4.19	173	735.0	253.0	365.595375722543	333.0
S062_S135	68380	2664	3.90	173	716.0	264.0	364.919075144509	336.0
S062_S020	53078	0	0.00	0			0	0
S062_S053	54783	0	0.00	0			0	0
S062_S094	41475	0	0.00	0			0	0
S062_S145	52158	274	0.53	20	413.0	257.0	316.95	305
S062_S081	63477	0	0.00	0			0	0
S062_S124	89894	2360	2.63	154	764.0	253.0	362.175324675325	336
S062_S061	70575	0	0.00	0			0	0
S062_S129	47519	56	0.12	4	336.0	269.0	288.25	274
S062_S127	62766	296	0.47	22	429.0	252.0	311.818181818182	289.5
S062_S079	52885	0	0.00	0			0	0
S062_S019	66563	0	0.00	0			0	0
S062_S017	53421	0	0.00	0			0	0
S062_S136	49987	2064	4.13	134	695.0	260.0	372.708955223881	343.5
S062_S144	69586	0	0.00	0			0	0
S062_S143	49356	0	0.00	0			0	0
S062_S110	55497	12	0.02	1	288.0	288.0	288	288.0
S062_S010	52907	0	0.00	0			0	0
S062_S050	62120	0	0.00	0			0	0
S062_S139	42733	114	0.27	8	513.0	255.0	324.75	290
S062_S014	52426	0	0.00	0			0	0
S062_S004	54101	0	0.00	0			0	0
S062_S078	68619	0	0.00	0			0	0
S062_S033	102626	0	0.00	0			0	0
S062_S074	65943	0	0.00	0			0	0
S062_S111	88680	86	0.10	6	391.0	339.0	352.166666666667	345.5
S062_S016	53451	0	0.00	0			0	0
S062_S104	58526	536	0.92	38	746.0	265.0	338.552631578947	303
S062_S003	52843	0	0.00	0			0	0
S062_S068	34229	0	0.00	0			0	0
S062_S001	52193	0	0.00	0			0	0
S062_S102	64112	3067	4.78	200	840.0	255.0	366.855	341
S062_S002	78985	0	0.00	0			0	0
S062_S022	49161	0	0.00	0			0	0
S062_S046	78371	0	0.00	0			0	0
S062_S077	62809	0	0.00	0			0	0
S062_S089	74836	0	0.00	0			0	0
S062_S095	31780	0	0.00	0			0	0
S062_S052	64038	0	0.00	0			0	0
S062_S011	53257	0	0.00	0			0	0
S062_S048	53041	0	0.00	0			0	0
S062_S007	52212	0	0.00	0			0	0
S062_S012	53024	0	0.00	0			0	0
S062_S060	75648	0	0.00	0			0	0
S062_S026	105870	0	0.00	0			0	0
S062_S093	81381	0	0.00	0			0	0
S062_S070	51867	0	0.00	0			0	0
S039_S087	83122	0	0.00	0			0	0
S039_S086	156485	0	0.00	0			0	0
S039_S138	61451	0	0.00	0			0	0
S039_S101	79018	0	0.00	0			0	0
S039_S029	67243	0	0.00	0			0	0
S039_S008	74004	0	0.00	0			0	0
S039_S142	75391	0	0.00	0			0	0
S039_S042	72442	0	0.00	0			0	0
S039_S097	78801	0	0.00	0			0	0
S039_S072	102257	0	0.00	0			0	0
S039_S076	83915	0	0.00	0			0	0
S039_S055	83915	0	0.00	0			0	0
S039_S109	78980	12	0.02	1	256.0	256.0	256	256.0
S039_S040	77934	0	0.00	0			0	0
S039_S088	92613	0	0.00	0			0	0
S039_S024	76595	0	0.00	0			0	0
S039_S141	83738	0	0.00	0			0	0
S039_S063	73962	0	0.00	0			0	0
S039_S032	92298	0	0.00	0			0	0
S039_S073	79819	0	0.00	0			0	0
S039_S037	77776	0	0.00	0			0	0
S039_S028	79557	0	0.00	0			0	0
S039_S103	85591	0	0.00	0			0	0
S039_S054	140403	0	0.00	0			0	0
S039_S117	75773	0	0.00	0			0	0
S039_S034	83887	0	0.00	0			0	0
S039_S025	102038	0	0.00	0			0	0
S039_S023	73883	0	0.00	0			0	0
S039_S123	74254	0	0.00	0			0	0
S039_S106	72791	0	0.00	0			0	0
S039_S137	98855	0	0.00	0			0	0
S039_S118	82341	0	0.00	0			0	0
S039_S105	71232	0	0.00	0			0	0
S039_S069	103346	0	0.00	0			0	0
S039_S092	75414	0	0.00	0			0	0
S039_S066	99348	0	0.00	0			0	0
S039_S075	81664	0	0.00	0			0	0
S039_S065	88995	0	0.00	0			0	0
S039_S099	89782	0	0.00	0			0	0
S039_S059	59146	0	0.00	0			0	0
S039_S130	100950	0	0.00	0			0	0
S039_S126	90315	0	0.00	0			0	0
S039_S051	84665	0	0.00	0			0	0
S039_S064	68849	0	0.00	0			0	0
S039_S134	101045	0	0.00	0			0	0
S039_S056	77367	0	0.00	0			0	0
S039_S140	60664	12	0.02	1	254.0	254.0	254	254.0
S039_S114	71853	0	0.00	0			0	0
S039_S049	77535	0	0.00	0			0	0
S039_S128	81451	0	0.00	0			0	0
S039_S036	60177	0	0.00	0			0	0
S039_S112	90307	0	0.00	0			0	0
S039_S045	62496	0	0.00	0			0	0
S039_S058	93932	0	0.00	0			0	0
S039_S057	99001	0	0.00	0			0	0
S039_S113	80161	0	0.00	0			0	0
S039_S013	74628	0	0.00	0			0	0
S039_S038	114161	0	0.00	0			0	0
S039_S119	90561	0	0.00	0			0	0
S039_S043	106185	0	0.00	0			0	0
S039_S120	84042	0	0.00	0			0	0
S039_S135	88769	0	0.00	0			0	0
S039_S020	73467	0	0.00	0			0	0
S039_S053	75172	0	0.00	0			0	0
S039_S094	61864	0	0.00	0			0	0
S039_S145	72547	12	0.02	1	262.0	262.0	262	262.0
S039_S081	83866	0	0.00	0			0	0
S039_S124	110283	12	0.01	1	256.0	256.0	256	256.0
S039_S061	90964	0	0.00	0			0	0
S039_S129	67908	34	0.05	3	345.0	270.0	302	291.0
S039_S127	83155	0	0.00	0			0	0
S039_S079	73274	0	0.00	0			0	0
S039_S019	86952	0	0.00	0			0	0
S039_S017	73810	0	0.00	0			0	0
S039_S136	70376	0	0.00	0			0	0
S039_S144	89975	2030	2.26	142	774.0	258.0	370.478873239437	342
S039_S143	69745	2815	4.04	189	1088.0	258.0	368.306878306878	338.0
S039_S110	75886	0	0.00	0			0	0
S039_S010	73296	0	0.00	0			0	0
S039_S050	82509	0	0.00	0			0	0
S039_S139	63122	0	0.00	0			0	0
S039_S014	72815	0	0.00	0			0	0
S039_S004	74490	0	0.00	0			0	0
S039_S078	89008	0	0.00	0			0	0
S039_S033	123015	0	0.00	0			0	0
S039_S074	86332	0	0.00	0			0	0
S039_S111	109069	0	0.00	0			0	0
S039_S016	73840	0	0.00	0			0	0
S039_S104	78915	0	0.00	0			0	0
S039_S003	73232	0	0.00	0			0	0
S039_S068	54618	0	0.00	0			0	0
S039_S001	72582	0	0.00	0			0	0
S039_S102	84501	0	0.00	0			0	0
S039_S002	99374	0	0.00	0			0	0
S039_S022	69550	0	0.00	0			0	0
S039_S046	98760	0	0.00	0			0	0
S039_S077	83198	0	0.00	0			0	0
S039_S089	95225	0	0.00	0			0	0
S039_S095	52169	0	0.00	0			0	0
S039_S052	84427	0	0.00	0			0	0
S039_S011	73646	0	0.00	0			0	0
S039_S048	73430	0	0.00	0			0	0
S039_S007	72601	0	0.00	0			0	0
S039_S012	73413	0	0.00	0			0	0
S039_S060	96037	0	0.00	0			0	0
S039_S026	126259	0	0.00	0			0	0
S039_S093	101770	0	0.00	0			0	0
S039_S070	72256	0	0.00	0			0	0
S087_S086	146745	0	0.00	0			0	0
S087_S138	51711	0	0.00	0			0	0
S087_S101	69278	8446	12.19	441	1827.0	257.0	463.424036281179	392.0
S087_S029	57503	0	0.00	0			0	0
S087_S008	64264	0	0.00	0			0	0
S087_S142	65651	10211	15.55	470	2440.0	264.0	524.534042553192	435.5
S087_S042	62702	0	0.00	0			0	0
S087_S097	69061	0	0.00	0			0	0
S087_S072	92517	0	0.00	0			0	0
S087_S076	74175	0	0.00	0			0	0
S087_S055	74175	0	0.00	0			0	0
S087_S109	69240	1278	1.85	85	707.0	267.0	364.188235294118	344.0
S087_S040	68194	0	0.00	0			0	0
S087_S088	82873	0	0.00	0			0	0
S087_S024	66855	0	0.00	0			0	0
S087_S141	73998	7849	10.61	445	1134.0	250.0	443.514606741573	394.0
S087_S063	64222	0	0.00	0			0	0
S087_S032	82558	0	0.00	0			0	0
S087_S073	70079	0	0.00	0			0	0
S087_S037	68036	0	0.00	0			0	0
S087_S028	69817	0	0.00	0			0	0
S087_S103	75851	8668	11.43	458	1664.0	273.0	462.2096069869	394
S087_S054	130663	0	0.00	0			0	0
S087_S117	66033	7878	11.93	416	1632.0	262.0	459.757211538462	395
S087_S034	74147	0	0.00	0			0	0
S087_S025	92298	0	0.00	0			0	0
S087_S023	64143	0	0.00	0			0	0
S087_S123	64514	7865	12.19	405	1617.0	262.0	481.034567901235	398.0
S087_S106	63051	1854	2.94	118	850.0	267.0	376.5	345
S087_S137	89115	1515	1.70	104	1083.0	260.0	366.153846153846	341.5
S087_S118	72601	8852	12.19	459	2223.0	265.0	470.535947712418	396.0
S087_S105	61492	516	0.84	36	590.0	271.0	356.25	341
S087_S069	93606	0	0.00	0			0	0
S087_S092	65674	0	0.00	0			0	0
S087_S066	89608	0	0.00	0			0	0
S087_S075	71924	0	0.00	0			0	0
S087_S065	79255	0	0.00	0			0	0
S087_S099	80042	0	0.00	0			0	0
S087_S059	49406	0	0.00	0			0	0
S087_S130	91210	2085	2.29	131	912.0	268.0	386.114503816794	344.0
S087_S126	80575	11461	14.22	516	3125.0	261.0	531.674418604651	439
S087_S051	74925	0	0.00	0			0	0
S087_S064	59109	0	0.00	0			0	0
S087_S134	91305	12245	13.41	565	3010.0	254.0	524.412389380531	435.0
S087_S056	67627	0	0.00	0			0	0
S087_S140	50924	0	0.00	0			0	0
S087_S114	62113	7109	11.45	382	2342.0	267.0	455.287958115183	397
S087_S049	67795	0	0.00	0			0	0
S087_S128	71711	7896	11.01	413	2136.0	256.0	460.544794188862	391.0
S087_S036	50437	0	0.00	0			0	0
S087_S112	80567	2834	3.52	180	823.0	256.0	373.088888888889	340
S087_S045	52756	0	0.00	0			0	0
S087_S058	84192	0	0.00	0			0	0
S087_S057	89261	0	0.00	0			0	0
S087_S113	70421	9515	13.51	481	1933.0	260.0	482.014553014553	400.0
S087_S013	64888	0	0.00	0			0	0
S087_S038	104421	0	0.00	0			0	0
S087_S119	80821	11465	14.19	535	3189.0	259.0	518.891588785047	438.0
S087_S043	96445	0	0.00	0			0	0
S087_S120	74302	10645	14.33	494	2902.0	262.0	515.734817813765	435
S087_S135	79029	11444	14.48	507	3601.0	260.0	538.447731755424	436.0
S087_S020	63727	0	0.00	0			0	0
S087_S053	65432	0	0.00	0			0	0
S087_S094	52124	0	0.00	0			0	0
S087_S145	62807	216	0.34	15	625.0	256.0	337.266666666667	292.0
S087_S081	74126	0	0.00	0			0	0
S087_S124	100543	10902	10.84	518	2179.0	257.0	498.482625482626	430.5
S087_S061	81224	0	0.00	0			0	0
S087_S129	58168	12	0.02	1	269.0	269.0	269	269.0
S087_S127	73415	366	0.50	25	869.0	272.0	347.6	296.0
S087_S079	63534	0	0.00	0			0	0
S087_S019	77212	0	0.00	0			0	0
S087_S017	64070	0	0.00	0			0	0
S087_S136	60636	6414	10.58	343	2359.0	254.0	458.163265306122	396.0
S087_S144	80235	0	0.00	0			0	0
S087_S143	60005	0	0.00	0			0	0
S087_S110	66146	0	0.00	0			0	0
S087_S010	63556	0	0.00	0			0	0
S087_S050	72769	0	0.00	0			0	0
S087_S139	53382	90	0.17	6	433.0	286.0	351	347
S087_S014	63075	0	0.00	0			0	0
S087_S004	64750	0	0.00	0			0	0
S087_S078	79268	0	0.00	0			0	0
S087_S033	113275	0	0.00	0			0	0
S087_S074	76592	0	0.00	0			0	0
S087_S111	99329	416	0.42	28	594.0	293.0	365.75	346
S087_S016	64100	0	0.00	0			0	0
S087_S104	69175	670	0.97	45	639.0	271.0	366.422222222222	347.0
S087_S003	63492	0	0.00	0			0	0
S087_S068	44878	0	0.00	0			0	0
S087_S001	62842	0	0.00	0			0	0
S087_S102	74761	10198	13.64	497	1917.0	257.0	493.963782696177	417.0
S087_S002	89634	0	0.00	0			0	0
S087_S022	59810	0	0.00	0			0	0
S087_S046	89020	0	0.00	0			0	0
S087_S077	73458	0	0.00	0			0	0
S087_S089	85485	0	0.00	0			0	0
S087_S095	42429	0	0.00	0			0	0
S087_S052	74687	0	0.00	0			0	0
S087_S011	63906	0	0.00	0			0	0
S087_S048	63690	0	0.00	0			0	0
S087_S007	62861	0	0.00	0			0	0
S087_S012	63673	0	0.00	0			0	0
S087_S060	86297	0	0.00	0			0	0
S087_S026	116519	0	0.00	0			0	0
S087_S093	92030	0	0.00	0			0	0
S087_S070	62516	0	0.00	0			0	0
S086_S138	125074	0	0.00	0			0	0
S086_S101	142641	12773	8.95	601	2159.0	252.0	498.517470881864	422.0
S086_S029	130866	0	0.00	0			0	0
S086_S008	137627	0	0.00	0			0	0
S086_S142	139014	15520	11.16	607	3416.0	253.0	594.079077429983	458.0
S086_S042	136065	0	0.00	0			0	0
S086_S097	142424	0	0.00	0			0	0
S086_S072	165880	0	0.00	0			0	0
S086_S076	147538	0	0.00	0			0	0
S086_S055	147538	0	0.00	0			0	0
S086_S109	142603	1747	1.23	111	675.0	256.0	368.72972972973	342.0
S086_S040	141557	0	0.00	0			0	0
S086_S088	156236	0	0.00	0			0	0
S086_S024	140218	0	0.00	0			0	0
S086_S141	147361	12887	8.75	663	1565.0	259.0	469.769230769231	418.0
S086_S063	137585	0	0.00	0			0	0
S086_S032	155921	0	0.00	0			0	0
S086_S073	143442	0	0.00	0			0	0
S086_S037	141399	0	0.00	0			0	0
S086_S028	143180	0	0.00	0			0	0
S086_S103	149214	13750	9.21	631	2389.0	253.0	512.621236133122	432.0
S086_S054	204026	0	0.00	0			0	0
S086_S117	139396	12079	8.67	562	2117.0	255.0	502.346975088968	423
S086_S034	147510	0	0.00	0			0	0
S086_S025	165661	0	0.00	0			0	0
S086_S023	137506	0	0.00	0			0	0
S086_S123	137877	12651	9.18	583	2658.0	253.0	520.548885077187	432.0
S086_S106	136414	2681	1.97	166	910.0	253.0	375.722891566265	340
S086_S137	162478	2287	1.41	153	1042.0	257.0	366.346405228758	341.0
S086_S118	145964	14154	9.70	671	2733.0	253.0	496.464977645306	426.0
S086_S105	134855	939	0.70	66	538.0	263.0	337.30303030303	330
S086_S069	166969	0	0.00	0			0	0
S086_S092	139037	0	0.00	0			0	0
S086_S066	162971	0	0.00	0			0	0
S086_S075	145287	0	0.00	0			0	0
S086_S065	152618	0	0.00	0			0	0
S086_S099	153405	0	0.00	0			0	0
S086_S059	122769	0	0.00	0			0	0
S086_S130	164573	3275	1.99	198	1005.0	251.0	390.29797979798	361
S086_S126	153938	17768	11.54	681	3727.0	255.0	606.325991189427	470.0
S086_S051	148288	0	0.00	0			0	0
S086_S064	132472	0	0.00	0			0	0
S086_S134	164668	18951	11.51	724	4878.0	256.0	611.100828729282	481.5
S086_S056	140990	0	0.00	0			0	0
S086_S140	124287	0	0.00	0			0	0
S086_S114	135476	11236	8.29	558	2583.0	257.0	474.191756272401	399
S086_S049	141158	0	0.00	0			0	0
S086_S128	145074	12131	8.36	580	2747.0	251.0	486.091379310345	403
S086_S036	123800	0	0.00	0			0	0
S086_S112	153930	4331	2.81	267	1074.0	251.0	374.408239700375	342.0
S086_S045	126119	0	0.00	0			0	0
S086_S058	157555	0	0.00	0			0	0
S086_S057	162624	0	0.00	0			0	0
S086_S113	143784	14738	10.25	671	1955.0	250.0	514.834575260805	428.0
S086_S013	138251	0	0.00	0			0	0
S086_S038	177784	0	0.00	0			0	0
S086_S119	154184	17717	11.49	702	3090.0	251.0	590.994301994302	473.5
S086_S043	169808	0	0.00	0			0	0
S086_S120	147665	16324	11.05	645	3445.0	252.0	587.291472868217	466.0
S086_S135	152392	17608	11.55	644	4004.0	250.0	633.27950310559	495.5
S086_S020	137090	0	0.00	0			0	0
S086_S053	138795	0	0.00	0			0	0
S086_S094	125487	0	0.00	0			0	0
S086_S145	136170	242	0.18	17	598.0	254.0	321.235294117647	285.0
S086_S081	147489	0	0.00	0			0	0
S086_S124	173906	17027	9.79	705	2679.0	251.0	558.771631205674	448.0
S086_S061	154587	0	0.00	0			0	0
S086_S129	131531	24	0.02	2	347.0	258.0	302.5	302.5
S086_S127	146778	462	0.31	31	702.0	259.0	340.967741935484	327.0
S086_S079	136897	0	0.00	0			0	0
S086_S019	150575	0	0.00	0			0	0
S086_S017	137433	0	0.00	0			0	0
S086_S136	133999	10348	7.72	527	2819.0	254.0	461.459203036053	385.0
S086_S144	153598	0	0.00	0			0	0
S086_S143	133368	0	0.00	0			0	0
S086_S110	139509	0	0.00	0			0	0
S086_S010	136919	0	0.00	0			0	0
S086_S050	146132	0	0.00	0			0	0
S086_S139	126745	108	0.09	7	410.0	284.0	344.857142857143	329.0
S086_S014	136438	0	0.00	0			0	0
S086_S004	138113	0	0.00	0			0	0
S086_S078	152631	0	0.00	0			0	0
S086_S033	186638	0	0.00	0			0	0
S086_S074	149955	0	0.00	0			0	0
S086_S111	172692	931	0.54	62	625.0	265.0	364.209677419355	339.5
S086_S016	137463	0	0.00	0			0	0
S086_S104	142538	1041	0.73	69	632.0	268.0	359.014492753623	338.0
S086_S003	136855	0	0.00	0			0	0
S086_S068	118241	0	0.00	0			0	0
S086_S001	136205	0	0.00	0			0	0
S086_S102	148124	15542	10.49	664	2213.0	251.0	545.558734939759	441.5
S086_S002	162997	0	0.00	0			0	0
S086_S022	133173	0	0.00	0			0	0
S086_S046	162383	0	0.00	0			0	0
S086_S077	146821	0	0.00	0			0	0
S086_S089	158848	0	0.00	0			0	0
S086_S095	115792	0	0.00	0			0	0
S086_S052	148050	0	0.00	0			0	0
S086_S011	137269	0	0.00	0			0	0
S086_S048	137053	0	0.00	0			0	0
S086_S007	136224	0	0.00	0			0	0
S086_S012	137036	0	0.00	0			0	0
S086_S060	159660	0	0.00	0			0	0
S086_S026	189882	0	0.00	0			0	0
S086_S093	165393	0	0.00	0			0	0
S086_S070	135879	0	0.00	0			0	0
S138_S101	47607	0	0.00	0			0	0
S138_S029	35832	0	0.00	0			0	0
S138_S008	42593	0	0.00	0			0	0
S138_S142	43980	0	0.00	0			0	0
S138_S042	41031	0	0.00	0			0	0
S138_S097	47390	0	0.00	0			0	0
S138_S072	70846	0	0.00	0			0	0
S138_S076	52504	0	0.00	0			0	0
S138_S055	52504	0	0.00	0			0	0
S138_S109	47569	0	0.00	0			0	0
S138_S040	46523	0	0.00	0			0	0
S138_S088	61202	0	0.00	0			0	0
S138_S024	45184	0	0.00	0			0	0
S138_S141	52327	0	0.00	0			0	0
S138_S063	42551	0	0.00	0			0	0
S138_S032	60887	0	0.00	0			0	0
S138_S073	48408	0	0.00	0			0	0
S138_S037	46365	0	0.00	0			0	0
S138_S028	48146	0	0.00	0			0	0
S138_S103	54180	0	0.00	0			0	0
S138_S054	108992	0	0.00	0			0	0
S138_S117	44362	0	0.00	0			0	0
S138_S034	52476	0	0.00	0			0	0
S138_S025	70627	0	0.00	0			0	0
S138_S023	42472	0	0.00	0			0	0
S138_S123	42843	0	0.00	0			0	0
S138_S106	41380	0	0.00	0			0	0
S138_S137	67444	0	0.00	0			0	0
S138_S118	50930	0	0.00	0			0	0
S138_S105	39821	0	0.00	0			0	0
S138_S069	71935	0	0.00	0			0	0
S138_S092	44003	0	0.00	0			0	0
S138_S066	67937	0	0.00	0			0	0
S138_S075	50253	0	0.00	0			0	0
S138_S065	57584	0	0.00	0			0	0
S138_S099	58371	0	0.00	0			0	0
S138_S059	27735	0	0.00	0			0	0
S138_S130	69539	0	0.00	0			0	0
S138_S126	58904	0	0.00	0			0	0
S138_S051	53254	0	0.00	0			0	0
S138_S064	37438	0	0.00	0			0	0
S138_S134	69634	0	0.00	0			0	0
S138_S056	45956	0	0.00	0			0	0
S138_S140	29253	0	0.00	0			0	0
S138_S114	40442	0	0.00	0			0	0
S138_S049	46124	0	0.00	0			0	0
S138_S128	50040	0	0.00	0			0	0
S138_S036	28766	0	0.00	0			0	0
S138_S112	58896	0	0.00	0			0	0
S138_S045	31085	0	0.00	0			0	0
S138_S058	62521	0	0.00	0			0	0
S138_S057	67590	0	0.00	0			0	0
S138_S113	48750	0	0.00	0			0	0
S138_S013	43217	0	0.00	0			0	0
S138_S038	82750	0	0.00	0			0	0
S138_S119	59150	0	0.00	0			0	0
S138_S043	74774	0	0.00	0			0	0
S138_S120	52631	0	0.00	0			0	0
S138_S135	57358	0	0.00	0			0	0
S138_S020	42056	0	0.00	0			0	0
S138_S053	43761	0	0.00	0			0	0
S138_S094	30453	40	0.13	3	308.0	264.0	290.666666666667	300.0
S138_S145	41136	0	0.00	0			0	0
S138_S081	52455	0	0.00	0			0	0
S138_S124	78872	0	0.00	0			0	0
S138_S061	59553	0	0.00	0			0	0
S138_S129	36497	0	0.00	0			0	0
S138_S127	51744	0	0.00	0			0	0
S138_S079	41863	0	0.00	0			0	0
S138_S019	55541	0	0.00	0			0	0
S138_S017	42399	0	0.00	0			0	0
S138_S136	38965	0	0.00	0			0	0
S138_S144	58564	0	0.00	0			0	0
S138_S143	38334	0	0.00	0			0	0
S138_S110	44475	0	0.00	0			0	0
S138_S010	41885	0	0.00	0			0	0
S138_S050	51098	0	0.00	0			0	0
S138_S139	31711	0	0.00	0			0	0
S138_S014	41404	0	0.00	0			0	0
S138_S004	43079	0	0.00	0			0	0
S138_S078	57597	0	0.00	0			0	0
S138_S033	91604	0	0.00	0			0	0
S138_S074	54921	0	0.00	0			0	0
S138_S111	77658	0	0.00	0			0	0
S138_S016	42429	0	0.00	0			0	0
S138_S104	47504	0	0.00	0			0	0
S138_S003	41821	0	0.00	0			0	0
S138_S068	23207	0	0.00	0			0	0
S138_S001	41171	0	0.00	0			0	0
S138_S102	53090	0	0.00	0			0	0
S138_S002	67963	0	0.00	0			0	0
S138_S022	38139	0	0.00	0			0	0
S138_S046	67349	0	0.00	0			0	0
S138_S077	51787	0	0.00	0			0	0
S138_S089	63814	0	0.00	0			0	0
S138_S095	20758	0	0.00	0			0	0
S138_S052	53016	0	0.00	0			0	0
S138_S011	42235	0	0.00	0			0	0
S138_S048	42019	0	0.00	0			0	0
S138_S007	41190	0	0.00	0			0	0
S138_S012	42002	0	0.00	0			0	0
S138_S060	64626	0	0.00	0			0	0
S138_S026	94848	0	0.00	0			0	0
S138_S093	70359	0	0.00	0			0	0
S138_S070	40845	0	0.00	0			0	0
S101_S029	53399	1419	2.66	95	682.0	260.0	357.863157894737	340.0
S101_S008	60160	14053	23.36	602	3102.0	251.0	564.453488372093	473.5
S101_S142	61547	0	0.00	0			0	0
S101_S042	58598	76	0.13	6	336.0	266.0	287.666666666667	285
S101_S097	64957	1225	1.89	80	677.0	263.0	362.7	334
S101_S072	88413	0	0.00	0			0	0
S101_S076	70071	20664	29.49	774	3101.0	251.0	650.37338501292	485
S101_S055	70071	20664	29.49	774	3101.0	251.0	650.37338501292	485
S101_S109	65136	0	0.00	0			0	0
S101_S040	64090	864	1.35	58	674.0	254.0	343.741379310345	318
S101_S088	78769	17067	21.67	681	4116.0	253.0	601.271659324523	480.0
S101_S024	62751	6097	9.72	364	1153.0	250.0	401.335164835165	366.5
S101_S141	69894	0	0.00	0			0	0
S101_S063	60118	18098	30.10	668	4418.0	268.0	656.640718562874	491
S101_S032	78454	24585	31.34	733	7107.0	254.0	807.888130968622	570.0
S101_S073	65975	0	0.00	0			0	0
S101_S037	63932	58	0.09	4	437.0	269.0	324.75	296.5
S101_S028	65713	3141	4.78	202	881.0	254.0	370.742574257426	341
S101_S103	71747	0	0.00	0			0	0
S101_S054	126559	19269	15.23	728	3936.0	251.0	615.537087912088	481.5
S101_S117	61929	0	0.00	0			0	0
S101_S034	70043	0	0.00	0			0	0
S101_S025	88194	4350	4.93	297	877.0	256.0	378.535353535354	342.0
S101_S023	60039	14752	24.57	614	3305.0	255.0	580.698697068404	473.5
S101_S123	60410	0	0.00	0			0	0
S101_S106	58947	0	0.00	0			0	0
S101_S137	85011	0	0.00	0			0	0
S101_S118	68497	0	0.00	0			0	0
S101_S105	57388	0	0.00	0			0	0
S101_S069	89502	0	0.00	0			0	0
S101_S092	61570	12	0.02	1	280.0	280.0	280	280.0
S101_S066	85504	1041	1.22	70	707.0	251.0	342.942857142857	319.5
S101_S075	67820	15489	22.84	594	3698.0	253.0	631.208754208754	485
S101_S065	75151	0	0.00	0			0	0
S101_S099	75938	25102	33.06	717	7117.0	252.0	841.297071129707	580.0
S101_S059	45302	564	1.24	37	772.0	281.0	366.162162162162	340.0
S101_S130	87106	0	0.00	0			0	0
S101_S126	76471	0	0.00	0			0	0
S101_S051	70821	26014	36.73	618	5834.0	259.0	1018.18122977346	746.5
S101_S064	55005	8417	15.30	454	1396.0	271.0	451.73127753304	390.5
S101_S134	87201	0	0.00	0			0	0
S101_S056	63523	2495	3.93	163	876.0	251.0	360.564417177914	338.0
S101_S140	46820	0	0.00	0			0	0
S101_S114	58009	0	0.00	0			0	0
S101_S049	63691	25576	40.16	680	4698.0	251.0	919.107352941176	632.5
S101_S128	67607	0	0.00	0			0	0
S101_S036	46333	54	0.12	4	337.0	275.0	296.25	286.5
S101_S112	76463	0	0.00	0			0	0
S101_S045	48652	24	0.05	2	274.0	266.0	270	270
S101_S058	80088	24955	31.16	617	5556.0	251.0	970.186385737439	687.0
S101_S057	85157	20496	24.07	726	4349.0	253.0	670.54958677686	518.5
S101_S113	66317	0	0.00	0			0	0
S101_S013	60784	14540	23.92	621	3092.0	251.0	568.756843800322	464.0
S101_S038	100317	23791	23.72	709	5616.0	250.0	796.72778561354	570.0
S101_S119	76717	0	0.00	0			0	0
S101_S043	92341	24825	26.88	606	6412.0	271.0	979.207920792079	702.5
S101_S120	70198	0	0.00	0			0	0
S101_S135	74925	0	0.00	0			0	0
S101_S020	59623	13965	23.42	597	3794.0	254.0	565.361809045226	456.0
S101_S053	61328	626	1.02	44	773.0	250.0	333.931818181818	311.5
S101_S094	48020	0	0.00	0			0	0
S101_S145	58703	0	0.00	0			0	0
S101_S081	70022	2928	4.18	183	824.0	254.0	377.688524590164	343.0
S101_S124	96439	0	0.00	0			0	0
S101_S061	77120	516	0.67	35	772.0	262.0	340.142857142857	326.0
S101_S129	54064	0	0.00	0			0	0
S101_S127	69311	0	0.00	0			0	0
S101_S079	59430	36	0.06	3	292.0	253.0	266	253.0
S101_S019	73108	16407	22.44	631	3981.0	250.0	625.592709984152	487.0
S101_S017	59966	14418	24.04	611	3588.0	261.0	570.114566284779	476.0
S101_S136	56532	0	0.00	0			0	0
S101_S144	76131	0	0.00	0			0	0
S101_S143	55901	0	0.00	0			0	0
S101_S110	62042	0	0.00	0			0	0
S101_S010	59452	14514	24.41	598	3750.0	257.0	588.632107023411	463.5
S101_S050	68665	3816	5.56	234	923.0	261.0	385.025641025641	356.5
S101_S139	49278	0	0.00	0			0	0
S101_S014	58971	14634	24.82	617	3103.0	255.0	573.178282009725	473.0
S101_S004	60646	15466	25.50	618	5490.0	254.0	604.360841423948	470.5
S101_S078	75164	22669	30.16	731	5690.0	262.0	744.838577291382	536.0
S101_S033	109171	16699	15.30	628	3507.0	254.0	628.59872611465	485.5
S101_S074	72488	372	0.51	24	716.0	262.0	363.916666666667	330
S101_S111	95225	0	0.00	0			0	0
S101_S016	59996	13363	22.27	571	3799.0	251.0	565.824868651489	482.0
S101_S104	65071	0	0.00	0			0	0
S101_S003	59388	14577	24.55	615	3047.0	254.0	572.777235772358	467.0
S101_S068	40774	0	0.00	0			0	0
S101_S001	58738	14532	24.74	613	3248.0	251.0	573.375203915171	471.0
S101_S102	70657	0	0.00	0			0	0
S101_S002	85530	16635	19.45	646	3855.0	251.0	612.696594427245	476
S101_S022	55706	14780	26.53	630	3106.0	251.0	569.598412698413	446
S101_S046	84916	828	0.98	57	726.0	252.0	337.438596491228	311.0
S101_S077	69354	22118	31.89	714	5671.0	255.0	746.74649859944	535
S101_S089	81381	14156	17.39	636	2350.0	250.0	533.364779874214	438
S101_S095	38325	0	0.00	0			0	0
S101_S052	70583	24594	34.84	749	6142.0	252.0	798.02002670227	584.0
S101_S011	59802	15043	25.15	622	3046.0	251.0	584.750803858521	475.5
S101_S048	59586	0	0.00	0			0	0
S101_S007	58757	15006	25.54	607	3832.0	252.0	596.140032948929	484.0
S101_S012	59569	13415	22.52	578	2788.0	254.0	561.536332179931	473.5
S101_S060	82193	512	0.62	35	775.0	252.0	338.514285714286	309.0
S101_S026	112415	3887	3.46	238	945.0	260.0	375.386554621849	334
S101_S093	87926	576	0.66	40	625.0	254.0	331.875	319.5
S101_S070	58412	0	0.00	0			0	0
S029_S008	48385	0	0.00	0			0	0
S029_S142	49772	1747	3.51	116	673.0	265.0	357.887931034483	330
S029_S042	46823	0	0.00	0			0	0
S029_S097	53182	0	0.00	0			0	0
S029_S072	76638	0	0.00	0			0	0
S029_S076	58296	0	0.00	0			0	0
S029_S055	58296	0	0.00	0			0	0
S029_S109	53361	10256	19.22	449	2092.0	264.0	559.124721603563	445.0
S029_S040	52315	0	0.00	0			0	0
S029_S088	66994	0	0.00	0			0	0
S029_S024	50976	0	0.00	0			0	0
S029_S141	58119	1052	1.81	74	593.0	263.0	355.716216216216	342
S029_S063	48343	0	0.00	0			0	0
S029_S032	66679	0	0.00	0			0	0
S029_S073	54200	0	0.00	0			0	0
S029_S037	52157	0	0.00	0			0	0
S029_S028	53938	0	0.00	0			0	0
S029_S103	59972	1053	1.76	74	675.0	267.0	343.418918918919	337
S029_S054	114784	0	0.00	0			0	0
S029_S117	50154	1653	3.30	113	686.0	261.0	353.230088495575	331.0
S029_S034	58268	0	0.00	0			0	0
S029_S025	76419	0	0.00	0			0	0
S029_S023	48264	0	0.00	0			0	0
S029_S123	48635	1148	2.36	80	591.0	262.0	348.8875	338.5
S029_S106	47172	8969	19.01	424	2408.0	254.0	517.096698113208	439
S029_S137	73236	12886	17.60	633	2177.0	270.0	531.018957345972	440.0
S029_S118	56722	1188	2.09	79	770.0	264.0	360.594936708861	341.0
S029_S105	45613	336	0.74	23	490.0	289.0	352.869565217391	341.0
S029_S069	77727	0	0.00	0			0	0
S029_S092	49795	0	0.00	0			0	0
S029_S066	73729	0	0.00	0			0	0
S029_S075	56045	0	0.00	0			0	0
S029_S065	63376	0	0.00	0			0	0
S029_S099	64163	0	0.00	0			0	0
S029_S059	33527	0	0.00	0			0	0
S029_S130	75331	410	0.54	29	535.0	282.0	342.206896551724	331.0
S029_S126	64696	1862	2.88	124	709.0	264.0	355.887096774194	334.5
S029_S051	59046	0	0.00	0			0	0
S029_S064	43230	0	0.00	0			0	0
S029_S134	75426	1692	2.24	111	651.0	258.0	362.396396396396	343.0
S029_S056	51748	0	0.00	0			0	0
S029_S140	35045	24	0.07	2	279.0	257.0	268	268
S029_S114	46234	1464	3.17	97	680.0	256.0	366.051546391753	341.0
S029_S049	51916	0	0.00	0			0	0
S029_S128	55832	2069	3.71	132	989.0	259.0	372.901515151515	341
S029_S036	34558	0	0.00	0			0	0
S029_S112	64688	1618	2.50	110	668.0	256.0	347.990909090909	333.5
S029_S045	36877	0	0.00	0			0	0
S029_S058	68313	0	0.00	0			0	0
S029_S057	73382	0	0.00	0			0	0
S029_S113	54542	2129	3.90	141	679.0	269.0	363.156028368794	340.0
S029_S013	49009	0	0.00	0			0	0
S029_S038	88542	0	0.00	0			0	0
S029_S119	64942	1862	2.87	122	772.0	263.0	363.94262295082	340
S029_S043	80566	0	0.00	0			0	0
S029_S120	58423	1688	2.89	111	673.0	261.0	359.927927927928	336.0
S029_S135	63150	1849	2.93	127	587.0	252.0	343.590551181102	330.0
S029_S020	47848	0	0.00	0			0	0
S029_S053	49553	0	0.00	0			0	0
S029_S094	36245	0	0.00	0			0	0
S029_S145	46928	161	0.34	12	481.0	257.0	312.583333333333	282.5
S029_S081	58247	0	0.00	0			0	0
S029_S124	84664	1524	1.80	99	761.0	253.0	361.515151515152	334.0
S029_S061	65345	0	0.00	0			0	0
S029_S129	42289	14	0.03	1	335.0	335.0	335	335.0
S029_S127	57536	144	0.25	10	581.0	270.0	343.8	335
S029_S079	47655	0	0.00	0			0	0
S029_S019	61333	0	0.00	0			0	0
S029_S017	48191	0	0.00	0			0	0
S029_S136	44757	1321	2.95	88	677.0	270.0	363.875	341
S029_S144	64356	0	0.00	0			0	0
S029_S143	44126	0	0.00	0			0	0
S029_S110	50267	0	0.00	0			0	0
S029_S010	47677	0	0.00	0			0	0
S029_S050	56890	0	0.00	0			0	0
S029_S139	37503	100	0.27	7	484.0	257.0	326.428571428571	274.0
S029_S014	47196	0	0.00	0			0	0
S029_S004	48871	0	0.00	0			0	0
S029_S078	63389	0	0.00	0			0	0
S029_S033	97396	0	0.00	0			0	0
S029_S074	60713	0	0.00	0			0	0
S029_S111	83450	72	0.09	5	397.0	288.0	353.8	346.0
S029_S016	48221	0	0.00	0			0	0
S029_S104	53296	276	0.52	19	541.0	271.0	351.368421052632	341.0
S029_S003	47613	0	0.00	0			0	0
S029_S068	28999	0	0.00	0			0	0
S029_S001	46963	0	0.00	0			0	0
S029_S102	58882	2125	3.61	138	682.0	260.0	366.391304347826	342.5
S029_S002	73755	0	0.00	0			0	0
S029_S022	43931	0	0.00	0			0	0
S029_S046	73141	0	0.00	0			0	0
S029_S077	57579	0	0.00	0			0	0
S029_S089	69606	0	0.00	0			0	0
S029_S095	26550	0	0.00	0			0	0
S029_S052	58808	0	0.00	0			0	0
S029_S011	48027	0	0.00	0			0	0
S029_S048	47811	0	0.00	0			0	0
S029_S007	46982	0	0.00	0			0	0
S029_S012	47794	0	0.00	0			0	0
S029_S060	70418	0	0.00	0			0	0
S029_S026	100640	0	0.00	0			0	0
S029_S093	76151	0	0.00	0			0	0
S029_S070	46637	0	0.00	0			0	0
S008_S142	56533	17008	30.09	550	3502.0	273.0	746.729090909091	554
S008_S042	53584	0	0.00	0			0	0
S008_S097	59943	0	0.00	0			0	0
S008_S072	83399	0	0.00	0			0	0
S008_S076	65057	0	0.00	0			0	0
S008_S055	65057	0	0.00	0			0	0
S008_S109	60122	2601	4.33	170	767.0	254.0	367.352941176471	340.5
S008_S040	59076	0	0.00	0			0	0
S008_S088	73755	0	0.00	0			0	0
S008_S024	57737	0	0.00	0			0	0
S008_S141	64880	14466	22.30	713	1804.0	259.0	510.914446002805	441.0
S008_S063	55104	0	0.00	0			0	0
S008_S032	73440	0	0.00	0			0	0
S008_S073	60961	0	0.00	0			0	0
S008_S037	58918	0	0.00	0			0	0
S008_S028	60699	0	0.00	0			0	0
S008_S103	66733	15188	22.76	656	3529.0	250.0	565.626524390244	489
S008_S054	121545	0	0.00	0			0	0
S008_S117	56915	14248	25.03	584	2336.0	251.0	592.347602739726	475.5
S008_S034	65029	0	0.00	0			0	0
S008_S025	83180	0	0.00	0			0	0
S008_S023	55025	0	0.00	0			0	0
S008_S123	55396	14370	25.94	618	2992.0	269.0	582.2071197411	488
S008_S106	53933	3951	7.33	246	853.0	254.0	381.878048780488	345.5
S008_S137	79997	3118	3.90	209	803.0	250.0	376.387559808612	344.0
S008_S118	63483	15655	24.66	697	2512.0	268.0	549.856527977044	444.0
S008_S105	52374	1196	2.28	86	537.0	262.0	336.56976744186	335
S008_S069	84488	0	0.00	0			0	0
S008_S092	56556	0	0.00	0			0	0
S008_S066	80490	0	0.00	0			0	0
S008_S075	62806	0	0.00	0			0	0
S008_S065	70137	0	0.00	0			0	0
S008_S099	70924	0	0.00	0			0	0
S008_S059	40288	0	0.00	0			0	0
S008_S130	82092	3882	4.73	235	1310.0	279.0	400.451063829787	347.0
S008_S126	71457	19242	26.93	645	4027.0	257.0	715.31007751938	545.0
S008_S051	65807	0	0.00	0			0	0
S008_S064	49991	0	0.00	0			0	0
S008_S134	82187	20068	24.42	670	4695.0	251.0	723.031343283582	575.5
S008_S056	58509	0	0.00	0			0	0
S008_S140	41806	38	0.09	3	274.0	254.0	261.333333333333	256.0
S008_S114	52995	12750	24.06	599	1716.0	271.0	521.051752921536	445.0
S008_S049	58677	0	0.00	0			0	0
S008_S128	62593	14080	22.49	607	2451.0	252.0	557.438220757825	462.0
S008_S036	41319	0	0.00	0			0	0
S008_S112	71449	5939	8.31	359	1181.0	253.0	389.362116991643	342.0
S008_S045	43638	0	0.00	0			0	0
S008_S058	75074	0	0.00	0			0	0
S008_S057	80143	0	0.00	0			0	0
S008_S113	61303	16564	27.02	667	3340.0	257.0	604.254872563718	492.0
S008_S013	55770	0	0.00	0			0	0
S008_S038	95303	0	0.00	0			0	0
S008_S119	71703	19170	26.74	671	4182.0	264.0	691.92697466468	535.0
S008_S043	87327	0	0.00	0			0	0
S008_S120	65184	18060	27.71	603	4560.0	254.0	719.845771144279	561.0
S008_S135	69911	18976	27.14	573	3912.0	256.0	790.319371727749	583.0
S008_S020	54609	0	0.00	0			0	0
S008_S053	56314	0	0.00	0			0	0
S008_S094	43006	0	0.00	0			0	0
S008_S145	53689	532	0.99	37	719.0	257.0	332.594594594595	305.0
S008_S081	65008	0	0.00	0			0	0
S008_S124	91425	18670	20.42	699	2843.0	253.0	633.107296137339	497.0
S008_S061	72106	0	0.00	0			0	0
S008_S129	49050	48	0.10	4	273.0	256.0	262.75	261
S008_S127	64297	731	1.14	51	767.0	250.0	331.352941176471	296.0
S008_S079	54416	0	0.00	0			0	0
S008_S019	68094	0	0.00	0			0	0
S008_S017	54952	0	0.00	0			0	0
S008_S136	51518	12027	23.35	573	2151.0	258.0	514.558464223386	442.0
S008_S144	71117	0	0.00	0			0	0
S008_S143	50887	0	0.00	0			0	0
S008_S110	57028	40	0.07	3	305.0	254.0	271	254.0
S008_S010	54438	0	0.00	0			0	0
S008_S050	63651	0	0.00	0			0	0
S008_S139	44264	210	0.47	15	548.0	250.0	318.2	296.0
S008_S014	53957	0	0.00	0			0	0
S008_S004	55632	0	0.00	0			0	0
S008_S078	70150	0	0.00	0			0	0
S008_S033	104157	0	0.00	0			0	0
S008_S074	67474	0	0.00	0			0	0
S008_S111	90211	923	1.02	62	646.0	291.0	366.564516129032	347
S008_S016	54982	0	0.00	0			0	0
S008_S104	60057	1271	2.12	88	645.0	250.0	347.568181818182	330
S008_S003	54374	0	0.00	0			0	0
S008_S068	35760	0	0.00	0			0	0
S008_S001	53724	0	0.00	0			0	0
S008_S102	65643	17445	26.58	630	6879.0	254.0	666.563492063492	511.5
S008_S002	80516	0	0.00	0			0	0
S008_S022	50692	0	0.00	0			0	0
S008_S046	79902	0	0.00	0			0	0
S008_S077	64340	0	0.00	0			0	0
S008_S089	76367	0	0.00	0			0	0
S008_S095	33311	0	0.00	0			0	0
S008_S052	65569	0	0.00	0			0	0
S008_S011	54788	0	0.00	0			0	0
S008_S048	54572	0	0.00	0			0	0
S008_S007	53743	0	0.00	0			0	0
S008_S012	54555	0	0.00	0			0	0
S008_S060	77179	0	0.00	0			0	0
S008_S026	107401	0	0.00	0			0	0
S008_S093	82912	0	0.00	0			0	0
S008_S070	53398	0	0.00	0			0	0
S142_S042	54971	26	0.05	2	292.0	261.0	276.5	276.5
S142_S097	61330	1622	2.64	111	723.0	250.0	342.558558558559	326.0
S142_S072	84786	0	0.00	0			0	0
S142_S076	66444	19132	28.79	676	9615.0	251.0	688.230769230769	500
S142_S055	66444	19132	28.79	676	9615.0	251.0	688.230769230769	500
S142_S109	61509	0	0.00	0			0	0
S142_S040	60463	1385	2.29	97	681.0	251.0	332.79381443299	324.0
S142_S088	75142	19855	26.42	526	5529.0	251.0	897.011406844106	579.5
S142_S024	59124	7250	12.26	426	1157.0	252.0	403.100938967136	361
S142_S141	66267	0	0.00	0			0	0
S142_S063	56491	20713	36.67	414	8010.0	259.0	1207.06038647343	745
S142_S032	74827	20534	27.44	573	8175.0	250.0	850.973821989529	586.0
S142_S073	62348	0	0.00	0			0	0
S142_S037	60305	130	0.22	10	392.0	250.0	287.9	272
S142_S028	62086	4049	6.52	261	1012.0	251.0	367.7969348659	335.0
S142_S103	68120	0	0.00	0			0	0
S142_S054	122932	25450	20.70	398	12057.0	250.0	1475.53266331658	890.5
S142_S117	58302	0	0.00	0			0	0
S142_S034	66416	12	0.02	1	287.0	287.0	287	287.0
S142_S025	84567	4973	5.88	339	901.0	252.0	376.480825958702	340.0
S142_S023	56412	17861	31.66	511	5409.0	260.0	841.58904109589	584.0
S142_S123	56783	0	0.00	0			0	0
S142_S106	55320	0	0.00	0			0	0
S142_S137	81384	0	0.00	0			0	0
S142_S118	64870	0	0.00	0			0	0
S142_S105	53761	0	0.00	0			0	0
S142_S069	85875	0	0.00	0			0	0
S142_S092	57943	12	0.02	1	290.0	290.0	290	290.0
S142_S066	81877	1432	1.75	95	1187.0	250.0	343.189473684211	311.0
S142_S075	64193	18116	28.22	387	7856.0	254.0	1127.37726098191	653.0
S142_S065	71524	24	0.03	2	262.0	256.0	259	259
S142_S099	72311	21592	29.86	560	9069.0	250.0	915.723214285714	631
S142_S059	41675	636	1.53	40	721.0	275.0	379.175	342.5
S142_S130	83479	0	0.00	0			0	0
S142_S126	72844	0	0.00	0			0	0
S142_S051	67194	20977	31.22	603	8424.0	251.0	831.250414593698	553.0
S142_S064	51378	10310	20.07	520	2889.0	265.0	484.917307692308	396.5
S142_S134	83574	0	0.00	0			0	0
S142_S056	59896	3066	5.12	197	818.0	250.0	365.61421319797	339.0
S142_S140	43193	0	0.00	0			0	0
S142_S114	54382	0	0.00	0			0	0
S142_S049	60064	19873	33.09	599	6633.0	251.0	798.315525876461	577.0
S142_S128	63980	0	0.00	0			0	0
S142_S036	42706	66	0.15	5	308.0	252.0	284.6	292.0
S142_S112	72836	0	0.00	0			0	0
S142_S045	45025	62	0.14	5	304.0	252.0	273	266.0
S142_S058	76461	18624	24.36	538	7189.0	259.0	815.899628252788	572.5
S142_S057	81530	27184	33.34	205	34653.0	254.0	3147.90243902439	956.0
S142_S113	62690	0	0.00	0			0	0
S142_S013	57157	17736	31.03	535	5192.0	267.0	806.542056074766	589.0
S142_S038	96690	19892	20.57	545	6389.0	251.0	851.093577981651	614.0
S142_S119	73090	0	0.00	0			0	0
S142_S043	88714	19682	22.19	564	6381.0	251.0	820.789007092199	571.5
S142_S120	66571	0	0.00	0			0	0
S142_S135	71298	0	0.00	0			0	0
S142_S020	55996	17317	30.93	551	4195.0	263.0	758.865698729583	576.0
S142_S053	57701	963	1.67	68	626.0	254.0	322.617647058824	315.5
S142_S094	44393	0	0.00	0			0	0
S142_S145	55076	0	0.00	0			0	0
S142_S081	66395	3600	5.42	228	1056.0	250.0	369.855263157895	333.5
S142_S124	92812	0	0.00	0			0	0
S142_S061	73493	1009	1.37	70	701.0	253.0	327.171428571429	308
S142_S129	50437	0	0.00	0			0	0
S142_S127	65684	0	0.00	0			0	0
S142_S079	55803	60	0.11	5	281.0	258.0	268.2	265.0
S142_S019	69481	19388	27.90	463	9016.0	250.0	1002.42548596112	609.0
S142_S017	56339	17438	30.95	516	4591.0	262.0	814.441860465116	600.5
S142_S136	52905	0	0.00	0			0	0
S142_S144	72504	0	0.00	0			0	0
S142_S143	52274	0	0.00	0			0	0
S142_S110	58415	0	0.00	0			0	0
S142_S010	55825	17274	30.94	440	7928.0	253.0	944.938636363636	613.5
S142_S050	65038	4492	6.91	272	971.0	252.0	386.900735294118	343
S142_S139	45651	0	0.00	0			0	0
S142_S014	55344	17786	32.14	530	4524.0	262.0	809.605660377359	582
S142_S004	57019	18162	31.85	447	5131.0	266.0	975.765100671141	629.0
S142_S078	71537	20456	28.59	591	5092.0	251.0	824.63282571912	575.0
S142_S033	105544	19809	18.77	519	5204.0	255.0	897.722543352601	617.0
S142_S074	68861	878	1.28	63	646.0	250.0	316.111111111111	292.0
S142_S111	91598	0	0.00	0			0	0
S142_S016	56369	16727	29.67	552	3777.0	259.0	732.449275362319	572
S142_S104	61444	0	0.00	0			0	0
S142_S003	55761	17488	31.36	529	6533.0	260.0	798.10775047259	568.0
S142_S068	37147	0	0.00	0			0	0
S142_S001	55111	17722	32.16	542	4669.0	262.0	789.440959409594	577
S142_S102	67030	0	0.00	0			0	0
S142_S002	81903	19886	24.28	473	7995.0	260.0	993.993657505285	608.0
S142_S022	52079	17704	33.99	527	5674.0	271.0	814.76660341556	587.0
S142_S046	81289	1247	1.53	88	759.0	254.0	328.772727272727	302.5
S142_S077	65727	20421	31.07	580	4616.0	252.0	843.527586206897	586
S142_S089	77754	18035	23.19	634	3066.0	252.0	680.389589905363	528
S142_S095	34698	0	0.00	0			0	0
S142_S052	66956	20490	30.60	598	5989.0	252.0	821.979933110368	602.5
S142_S011	56175	17902	31.87	510	6613.0	258.0	845.866666666667	615
S142_S048	55959	0	0.00	0			0	0
S142_S007	55130	18117	32.86	493	4644.0	250.0	884.904665314402	623.0
S142_S012	55942	16623	29.71	563	2981.0	269.0	713.339253996448	537.0
S142_S060	78566	1077	1.37	76	651.0	252.0	324.184210526316	316.5
S142_S026	108788	4435	4.08	269	1014.0	252.0	376.137546468401	327.0
S142_S093	84299	988	1.17	70	556.0	251.0	319.085714285714	300
S142_S070	54785	0	0.00	0			0	0
S042_S097	58381	0	0.00	0			0	0
S042_S072	81837	0	0.00	0			0	0
S042_S076	63495	0	0.00	0			0	0
S042_S055	63495	0	0.00	0			0	0
S042_S109	58560	14	0.02	1	295.0	295.0	295	295.0
S042_S040	57514	0	0.00	0			0	0
S042_S088	72193	0	0.00	0			0	0
S042_S024	56175	0	0.00	0			0	0
S042_S141	63318	28	0.04	2	359.0	272.0	315.5	315.5
S042_S063	53542	0	0.00	0			0	0
S042_S032	71878	0	0.00	0			0	0
S042_S073	59399	0	0.00	0			0	0
S042_S037	57356	0	0.00	0			0	0
S042_S028	59137	0	0.00	0			0	0
S042_S103	65171	40	0.06	3	332.0	286.0	301.333333333333	286.0
S042_S054	119983	0	0.00	0			0	0
S042_S117	55353	38	0.07	3	311.0	256.0	280	273.0
S042_S034	63467	0	0.00	0			0	0
S042_S025	81618	0	0.00	0			0	0
S042_S023	53463	0	0.00	0			0	0
S042_S123	53834	0	0.00	0			0	0
S042_S106	52371	28	0.05	2	315.0	309.0	312	312
S042_S137	78435	26	0.03	2	289.0	265.0	277	277
S042_S118	61921	0	0.00	0			0	0
S042_S105	50812	0	0.00	0			0	0
S042_S069	82926	0	0.00	0			0	0
S042_S092	54994	0	0.00	0			0	0
S042_S066	78928	0	0.00	0			0	0
S042_S075	61244	0	0.00	0			0	0
S042_S065	68575	0	0.00	0			0	0
S042_S099	69362	0	0.00	0			0	0
S042_S059	38726	0	0.00	0			0	0
S042_S130	80530	0	0.00	0			0	0
S042_S126	69895	0	0.00	0			0	0
S042_S051	64245	0	0.00	0			0	0
S042_S064	48429	0	0.00	0			0	0
S042_S134	80625	36	0.04	3	271.0	253.0	263	265.0
S042_S056	56947	0	0.00	0			0	0
S042_S140	40244	359	0.89	26	411.0	252.0	302.576923076923	290
S042_S114	51433	56	0.11	4	321.0	268.0	302.5	310.5
S042_S049	57115	0	0.00	0			0	0
S042_S128	61031	42	0.07	3	362.0	257.0	293.333333333333	261.0
S042_S036	39757	0	0.00	0			0	0
S042_S112	69887	28	0.04	2	320.0	253.0	286.5	286.5
S042_S045	42076	0	0.00	0			0	0
S042_S058	73512	0	0.00	0			0	0
S042_S057	78581	0	0.00	0			0	0
S042_S113	59741	42	0.07	3	325.0	268.0	300.333333333333	308.0
S042_S013	54208	0	0.00	0			0	0
S042_S038	93741	0	0.00	0			0	0
S042_S119	70141	28	0.04	2	334.0	289.0	311.5	311.5
S042_S043	85765	0	0.00	0			0	0
S042_S120	63622	36	0.06	3	285.0	271.0	277	275.0
S042_S135	68349	62	0.09	5	287.0	258.0	270	269.0
S042_S020	53047	0	0.00	0			0	0
S042_S053	54752	0	0.00	0			0	0
S042_S094	41444	0	0.00	0			0	0
S042_S145	52127	32	0.06	2	363.0	262.0	312.5	312.5
S042_S081	63446	0	0.00	0			0	0
S042_S124	89863	28	0.03	2	335.0	326.0	330.5	330.5
S042_S061	70544	0	0.00	0			0	0
S042_S129	47488	14707	30.97	506	4147.0	253.0	697.302371541502	534.5
S042_S127	62735	40	0.06	3	298.0	265.0	280.666666666667	279.0
S042_S079	52854	0	0.00	0			0	0
S042_S019	66532	0	0.00	0			0	0
S042_S017	53390	0	0.00	0			0	0
S042_S136	49956	50	0.10	4	286.0	271.0	278	277.5
S042_S144	69555	0	0.00	0			0	0
S042_S143	49325	0	0.00	0			0	0
S042_S110	55466	6530	11.77	373	1252.0	254.0	412.951742627346	352.0
S042_S010	52876	0	0.00	0			0	0
S042_S050	62089	0	0.00	0			0	0
S042_S139	42702	121	0.28	9	359.0	251.0	276.444444444444	261.0
S042_S014	52395	0	0.00	0			0	0
S042_S004	54070	0	0.00	0			0	0
S042_S078	68588	0	0.00	0			0	0
S042_S033	102595	0	0.00	0			0	0
S042_S074	65912	0	0.00	0			0	0
S042_S111	88649	0	0.00	0			0	0
S042_S016	53420	0	0.00	0			0	0
S042_S104	58495	0	0.00	0			0	0
S042_S003	52812	0	0.00	0			0	0
S042_S068	34198	0	0.00	0			0	0
S042_S001	52162	0	0.00	0			0	0
S042_S102	64081	48	0.07	4	271.0	250.0	259.25	258
S042_S002	78954	0	0.00	0			0	0
S042_S022	49130	0	0.00	0			0	0
S042_S046	78340	0	0.00	0			0	0
S042_S077	62778	0	0.00	0			0	0
S042_S089	74805	0	0.00	0			0	0
S042_S095	31749	0	0.00	0			0	0
S042_S052	64007	0	0.00	0			0	0
S042_S011	53226	0	0.00	0			0	0
S042_S048	53010	0	0.00	0			0	0
S042_S007	52181	0	0.00	0			0	0
S042_S012	52993	0	0.00	0			0	0
S042_S060	75617	0	0.00	0			0	0
S042_S026	105839	0	0.00	0			0	0
S042_S093	81350	0	0.00	0			0	0
S042_S070	51836	0	0.00	0			0	0
S097_S072	88196	0	0.00	0			0	0
S097_S076	69854	0	0.00	0			0	0
S097_S055	69854	0	0.00	0			0	0
S097_S109	64919	1943	2.99	132	812.0	255.0	351.939393939394	337.5
S097_S040	63873	0	0.00	0			0	0
S097_S088	78552	0	0.00	0			0	0
S097_S024	62534	0	0.00	0			0	0
S097_S141	69677	979	1.41	72	588.0	254.0	338.694444444444	326
S097_S063	59901	0	0.00	0			0	0
S097_S032	78237	0	0.00	0			0	0
S097_S073	65758	0	0.00	0			0	0
S097_S037	63715	0	0.00	0			0	0
S097_S028	65496	0	0.00	0			0	0
S097_S103	71530	942	1.32	64	716.0	258.0	350.96875	333
S097_S054	126342	0	0.00	0			0	0
S097_S117	61712	1279	2.07	89	672.0	250.0	336.213483146067	325.0
S097_S034	69826	0	0.00	0			0	0
S097_S025	87977	0	0.00	0			0	0
S097_S023	59822	0	0.00	0			0	0
S097_S123	60193	914	1.52	66	663.0	255.0	338.666666666667	314
S097_S106	58730	3393	5.78	217	732.0	250.0	369.847926267281	345.0
S097_S137	84794	2706	3.19	191	726.0	250.0	356.324607329843	336.0
S097_S118	68280	1101	1.61	77	617.0	252.0	339.623376623377	330.0
S097_S105	57171	430	0.75	32	539.0	254.0	322.84375	313
S097_S069	89285	0	0.00	0			0	0
S097_S092	61353	0	0.00	0			0	0
S097_S066	85287	0	0.00	0			0	0
S097_S075	67603	0	0.00	0			0	0
S097_S065	74934	0	0.00	0			0	0
S097_S099	75721	0	0.00	0			0	0
S097_S059	45085	0	0.00	0			0	0
S097_S130	86889	248	0.29	19	488.0	275.0	312.315789473684	292.0
S097_S126	76254	1510	1.98	103	642.0	252.0	344.359223300971	330.0
S097_S051	70604	0	0.00	0			0	0
S097_S064	54788	0	0.00	0			0	0
S097_S134	86984	1451	1.67	96	875.0	250.0	354.541666666667	334.5
S097_S056	63306	0	0.00	0			0	0
S097_S140	46603	12	0.03	1	280.0	280.0	280	280.0
S097_S114	57792	1126	1.95	75	628.0	255.0	355.56	336.0
S097_S049	63474	0	0.00	0			0	0
S097_S128	67390	1546	2.29	104	875.0	254.0	346.346153846154	328
S097_S036	46116	0	0.00	0			0	0
S097_S112	76246	1340	1.76	93	824.0	255.0	336.043010752688	304.0
S097_S045	48435	0	0.00	0			0	0
S097_S058	79871	0	0.00	0			0	0
S097_S057	84940	0	0.00	0			0	0
S097_S113	66100	1700	2.57	114	709.0	253.0	350.80701754386	331.5
S097_S013	60567	0	0.00	0			0	0
S097_S038	100100	0	0.00	0			0	0
S097_S119	76500	1529	2.00	106	707.0	251.0	341.38679245283	326
S097_S043	92124	0	0.00	0			0	0
S097_S120	69981	1453	2.08	101	596.0	254.0	336.673267326733	323.0
S097_S135	74708	1332	1.78	90	772.0	255.0	345.244444444444	323.5
S097_S020	59406	0	0.00	0			0	0
S097_S053	61111	0	0.00	0			0	0
S097_S094	47803	0	0.00	0			0	0
S097_S145	58486	216	0.37	16	414.0	256.0	311.0625	307
S097_S081	69805	0	0.00	0			0	0
S097_S124	96222	1214	1.26	83	682.0	250.0	341.78313253012	330.0
S097_S061	76903	0	0.00	0			0	0
S097_S129	53847	36	0.07	3	287.0	261.0	272.333333333333	269.0
S097_S127	69094	339	0.49	25	431.0	251.0	307.56	303.0
S097_S079	59213	0	0.00	0			0	0
S097_S019	72891	0	0.00	0			0	0
S097_S017	59749	0	0.00	0			0	0
S097_S136	56315	1082	1.92	73	675.0	254.0	349.506849315069	333.0
S097_S144	75914	0	0.00	0			0	0
S097_S143	55684	0	0.00	0			0	0
S097_S110	61825	0	0.00	0			0	0
S097_S010	59235	0	0.00	0			0	0
S097_S050	68448	0	0.00	0			0	0
S097_S139	49061	68	0.14	5	343.0	268.0	294.8	270.0
S097_S014	58754	0	0.00	0			0	0
S097_S004	60429	0	0.00	0			0	0
S097_S078	74947	0	0.00	0			0	0
S097_S033	108954	0	0.00	0			0	0
S097_S074	72271	0	0.00	0			0	0
S097_S111	95008	36	0.04	3	296.0	282.0	289.666666666667	291.0
S097_S016	59779	0	0.00	0			0	0
S097_S104	64854	434	0.67	32	537.0	264.0	325.625	309.5
S097_S003	59171	0	0.00	0			0	0
S097_S068	40557	0	0.00	0			0	0
S097_S001	58521	0	0.00	0			0	0
S097_S102	70440	1749	2.48	117	928.0	251.0	350.74358974359	329.0
S097_S002	85313	0	0.00	0			0	0
S097_S022	55489	0	0.00	0			0	0
S097_S046	84699	0	0.00	0			0	0
S097_S077	69137	0	0.00	0			0	0
S097_S089	81164	0	0.00	0			0	0
S097_S095	38108	0	0.00	0			0	0
S097_S052	70366	0	0.00	0			0	0
S097_S011	59585	0	0.00	0			0	0
S097_S048	59369	0	0.00	0			0	0
S097_S007	58540	0	0.00	0			0	0
S097_S012	59352	0	0.00	0			0	0
S097_S060	81976	0	0.00	0			0	0
S097_S026	112198	0	0.00	0			0	0
S097_S093	87709	0	0.00	0			0	0
S097_S070	58195	0	0.00	0			0	0
S072_S076	93310	0	0.00	0			0	0
S072_S055	93310	0	0.00	0			0	0
S072_S109	88375	0	0.00	0			0	0
S072_S040	87329	0	0.00	0			0	0
S072_S088	102008	0	0.00	0			0	0
S072_S024	85990	0	0.00	0			0	0
S072_S141	93133	0	0.00	0			0	0
S072_S063	83357	0	0.00	0			0	0
S072_S032	101693	0	0.00	0			0	0
S072_S073	89214	0	0.00	0			0	0
S072_S037	87171	0	0.00	0			0	0
S072_S028	88952	0	0.00	0			0	0
S072_S103	94986	0	0.00	0			0	0
S072_S054	149798	0	0.00	0			0	0
S072_S117	85168	0	0.00	0			0	0
S072_S034	93282	0	0.00	0			0	0
S072_S025	111433	0	0.00	0			0	0
S072_S023	83278	0	0.00	0			0	0
S072_S123	83649	0	0.00	0			0	0
S072_S106	82186	0	0.00	0			0	0
S072_S137	108250	0	0.00	0			0	0
S072_S118	91736	0	0.00	0			0	0
S072_S105	80627	0	0.00	0			0	0
S072_S069	112741	0	0.00	0			0	0
S072_S092	84809	0	0.00	0			0	0
S072_S066	108743	0	0.00	0			0	0
S072_S075	91059	0	0.00	0			0	0
S072_S065	98390	0	0.00	0			0	0
S072_S099	99177	0	0.00	0			0	0
S072_S059	68541	0	0.00	0			0	0
S072_S130	110345	0	0.00	0			0	0
S072_S126	99710	0	0.00	0			0	0
S072_S051	94060	0	0.00	0			0	0
S072_S064	78244	0	0.00	0			0	0
S072_S134	110440	0	0.00	0			0	0
S072_S056	86762	0	0.00	0			0	0
S072_S140	70059	0	0.00	0			0	0
S072_S114	81248	0	0.00	0			0	0
S072_S049	86930	0	0.00	0			0	0
S072_S128	90846	0	0.00	0			0	0
S072_S036	69572	0	0.00	0			0	0
S072_S112	99702	0	0.00	0			0	0
S072_S045	71891	0	0.00	0			0	0
S072_S058	103327	0	0.00	0			0	0
S072_S057	108396	0	0.00	0			0	0
S072_S113	89556	0	0.00	0			0	0
S072_S013	84023	0	0.00	0			0	0
S072_S038	123556	0	0.00	0			0	0
S072_S119	99956	0	0.00	0			0	0
S072_S043	115580	0	0.00	0			0	0
S072_S120	93437	0	0.00	0			0	0
S072_S135	98164	0	0.00	0			0	0
S072_S020	82862	0	0.00	0			0	0
S072_S053	84567	0	0.00	0			0	0
S072_S094	71259	0	0.00	0			0	0
S072_S145	81942	0	0.00	0			0	0
S072_S081	93261	0	0.00	0			0	0
S072_S124	119678	0	0.00	0			0	0
S072_S061	100359	0	0.00	0			0	0
S072_S129	77303	0	0.00	0			0	0
S072_S127	92550	0	0.00	0			0	0
S072_S079	82669	0	0.00	0			0	0
S072_S019	96347	0	0.00	0			0	0
S072_S017	83205	0	0.00	0			0	0
S072_S136	79771	0	0.00	0			0	0
S072_S144	99370	102	0.10	7	420.0	271.0	335.428571428571	332.0
S072_S143	79140	148	0.19	11	480.0	269.0	313.272727272727	294.0
S072_S110	85281	0	0.00	0			0	0
S072_S010	82691	0	0.00	0			0	0
S072_S050	91904	0	0.00	0			0	0
S072_S139	72517	14	0.02	1	330.0	330.0	330	330.0
S072_S014	82210	0	0.00	0			0	0
S072_S004	83885	0	0.00	0			0	0
S072_S078	98403	0	0.00	0			0	0
S072_S033	132410	0	0.00	0			0	0
S072_S074	95727	0	0.00	0			0	0
S072_S111	118464	0	0.00	0			0	0
S072_S016	83235	0	0.00	0			0	0
S072_S104	88310	0	0.00	0			0	0
S072_S003	82627	0	0.00	0			0	0
S072_S068	64013	0	0.00	0			0	0
S072_S001	81977	0	0.00	0			0	0
S072_S102	93896	0	0.00	0			0	0
S072_S002	108769	0	0.00	0			0	0
S072_S022	78945	0	0.00	0			0	0
S072_S046	108155	0	0.00	0			0	0
S072_S077	92593	0	0.00	0			0	0
S072_S089	104620	0	0.00	0			0	0
S072_S095	61564	0	0.00	0			0	0
S072_S052	93822	0	0.00	0			0	0
S072_S011	83041	0	0.00	0			0	0
S072_S048	82825	0	0.00	0			0	0
S072_S007	81996	0	0.00	0			0	0
S072_S012	82808	0	0.00	0			0	0
S072_S060	105432	0	0.00	0			0	0
S072_S026	135654	0	0.00	0			0	0
S072_S093	111165	0	0.00	0			0	0
S072_S070	81651	0	0.00	0			0	0
S076_S055	74968	0	0.00	0			0	0
S076_S109	70033	3472	4.96	218	1012.0	252.0	382.311926605505	339.5
S076_S040	68987	0	0.00	0			0	0
S076_S088	83666	0	0.00	0			0	0
S076_S024	67648	0	0.00	0			0	0
S076_S141	74791	15583	20.84	774	2086.0	252.0	507.273901808786	435
S076_S063	65015	0	0.00	0			0	0
S076_S032	83351	0	0.00	0			0	0
S076_S073	70872	0	0.00	0			0	0
S076_S037	68829	0	0.00	0			0	0
S076_S028	70610	0	0.00	0			0	0
S076_S103	76644	15220	19.86	706	3473.0	262.0	526.963172804533	436.5
S076_S054	131456	0	0.00	0			0	0
S076_S117	66826	20482	30.65	701	5420.0	250.0	714.636233951498	514.0
S076_S034	74940	0	0.00	0			0	0
S076_S025	93091	0	0.00	0			0	0
S076_S023	64936	0	0.00	0			0	0
S076_S123	65307	14837	22.72	635	3795.0	253.0	581.908661417323	479.0
S076_S106	63844	4376	6.85	264	1015.0	256.0	394.371212121212	355.5
S076_S137	89908	4030	4.48	258	1143.0	250.0	390.368217054264	344
S076_S118	73394	16529	22.52	727	3735.0	255.0	555.748280605227	483.0
S076_S105	62285	1472	2.36	102	540.0	253.0	349.990196078431	340.5
S076_S069	94399	0	0.00	0			0	0
S076_S092	66467	0	0.00	0			0	0
S076_S066	90401	0	0.00	0			0	0
S076_S075	72717	0	0.00	0			0	0
S076_S065	80048	0	0.00	0			0	0
S076_S099	80835	0	0.00	0			0	0
S076_S059	50199	0	0.00	0			0	0
S076_S130	92003	5596	6.08	332	1550.0	266.0	409.439759036145	374.5
S076_S126	81368	21175	26.02	755	6351.0	254.0	676.687417218543	508.0
S076_S051	75718	0	0.00	0			0	0
S076_S064	59902	0	0.00	0			0	0
S076_S134	92098	22930	24.90	819	6422.0	253.0	682.968253968254	508.0
S076_S056	68420	0	0.00	0			0	0
S076_S140	51717	40	0.08	3	361.0	251.0	289.333333333333	256.0
S076_S114	62906	18560	29.50	748	3112.0	254.0	610.470588235294	494
S076_S049	68588	0	0.00	0			0	0
S076_S128	72504	17444	24.06	713	4566.0	251.0	590.561009817672	464.0
S076_S036	51230	0	0.00	0			0	0
S076_S112	81360	7448	9.15	423	1288.0	251.0	416.364066193853	371.0
S076_S045	53549	0	0.00	0			0	0
S076_S058	84985	0	0.00	0			0	0
S076_S057	90054	0	0.00	0			0	0
S076_S113	71214	23195	32.57	756	5292.0	253.0	752.363756613757	549.5
S076_S013	65681	0	0.00	0			0	0
S076_S038	105214	0	0.00	0			0	0
S076_S119	81614	21020	25.76	765	4340.0	254.0	670.6	515.0
S076_S043	97238	0	0.00	0			0	0
S076_S120	75095	19713	26.25	711	6316.0	250.0	668.227848101266	506.0
S076_S135	79822	20712	25.95	683	9131.0	264.0	729.691068814056	529.0
S076_S020	64520	0	0.00	0			0	0
S076_S053	66225	0	0.00	0			0	0
S076_S094	52917	0	0.00	0			0	0
S076_S145	63600	596	0.94	42	623.0	256.0	327.642857142857	310.5
S076_S081	74919	0	0.00	0			0	0
S076_S124	101336	20718	20.44	783	4568.0	260.0	633.500638569604	488.0
S076_S061	82017	0	0.00	0			0	0
S076_S129	58961	38	0.06	3	286.0	264.0	272.333333333333	267.0
S076_S127	74208	926	1.25	65	723.0	252.0	329.092307692308	307.0
S076_S079	64327	0	0.00	0			0	0
S076_S019	78005	0	0.00	0			0	0
S076_S017	64863	0	0.00	0			0	0
S076_S136	61429	16412	26.72	667	3313.0	267.0	604.484257871064	483.0
S076_S144	81028	0	0.00	0			0	0
S076_S143	60798	0	0.00	0			0	0
S076_S110	66939	38	0.06	3	286.0	260.0	271	267.0
S076_S010	64349	0	0.00	0			0	0
S076_S050	73562	0	0.00	0			0	0
S076_S139	54175	228	0.42	16	486.0	257.0	321.75	315
S076_S014	63868	0	0.00	0			0	0
S076_S004	65543	0	0.00	0			0	0
S076_S078	80061	0	0.00	0			0	0
S076_S033	114068	0	0.00	0			0	0
S076_S074	77385	0	0.00	0			0	0
S076_S111	100122	1888	1.89	125	645.0	275.0	371.544	347.0
S076_S016	64893	0	0.00	0			0	0
S076_S104	69968	1565	2.24	103	686.0	253.0	368.747572815534	344.0
S076_S003	64285	0	0.00	0			0	0
S076_S068	45671	0	0.00	0			0	0
S076_S001	63635	0	0.00	0			0	0
S076_S102	75554	24475	32.39	723	8854.0	252.0	823.959889349931	558.0
S076_S002	90427	0	0.00	0			0	0
S076_S022	60603	0	0.00	0			0	0
S076_S046	89813	0	0.00	0			0	0
S076_S077	74251	0	0.00	0			0	0
S076_S089	86278	0	0.00	0			0	0
S076_S095	43222	0	0.00	0			0	0
S076_S052	75480	0	0.00	0			0	0
S076_S011	64699	0	0.00	0			0	0
S076_S048	64483	0	0.00	0			0	0
S076_S007	63654	0	0.00	0			0	0
S076_S012	64466	0	0.00	0			0	0
S076_S060	87090	0	0.00	0			0	0
S076_S026	117312	0	0.00	0			0	0
S076_S093	92823	0	0.00	0			0	0
S076_S070	63309	0	0.00	0			0	0
S055_S109	70033	3472	4.96	218	1012.0	252.0	382.311926605505	339.5
S055_S040	68987	0	0.00	0			0	0
S055_S088	83666	0	0.00	0			0	0
S055_S024	67648	0	0.00	0			0	0
S055_S141	74791	15583	20.84	774	2086.0	252.0	507.273901808786	435
S055_S063	65015	0	0.00	0			0	0
S055_S032	83351	0	0.00	0			0	0
S055_S073	70872	0	0.00	0			0	0
S055_S037	68829	0	0.00	0			0	0
S055_S028	70610	0	0.00	0			0	0
S055_S103	76644	15220	19.86	706	3473.0	262.0	526.963172804533	436.5
S055_S054	131456	0	0.00	0			0	0
S055_S117	66826	20482	30.65	701	5420.0	250.0	714.636233951498	514.0
S055_S034	74940	0	0.00	0			0	0
S055_S025	93091	0	0.00	0			0	0
S055_S023	64936	0	0.00	0			0	0
S055_S123	65307	14837	22.72	635	3795.0	253.0	581.908661417323	479.0
S055_S106	63844	4376	6.85	264	1015.0	256.0	394.371212121212	355.5
S055_S137	89908	4030	4.48	258	1143.0	250.0	390.368217054264	344
S055_S118	73394	16529	22.52	727	3735.0	255.0	555.748280605227	483.0
S055_S105	62285	1472	2.36	102	540.0	253.0	349.990196078431	340.5
S055_S069	94399	0	0.00	0			0	0
S055_S092	66467	0	0.00	0			0	0
S055_S066	90401	0	0.00	0			0	0
S055_S075	72717	0	0.00	0			0	0
S055_S065	80048	0	0.00	0			0	0
S055_S099	80835	0	0.00	0			0	0
S055_S059	50199	0	0.00	0			0	0
S055_S130	92003	5596	6.08	332	1550.0	266.0	409.439759036145	374.5
S055_S126	81368	21175	26.02	755	6351.0	254.0	676.687417218543	508.0
S055_S051	75718	0	0.00	0			0	0
S055_S064	59902	0	0.00	0			0	0
S055_S134	92098	22930	24.90	819	6422.0	253.0	682.968253968254	508.0
S055_S056	68420	0	0.00	0			0	0
S055_S140	51717	40	0.08	3	361.0	251.0	289.333333333333	256.0
S055_S114	62906	18560	29.50	748	3112.0	254.0	610.470588235294	494
S055_S049	68588	0	0.00	0			0	0
S055_S128	72504	17444	24.06	713	4566.0	251.0	590.561009817672	464.0
S055_S036	51230	0	0.00	0			0	0
S055_S112	81360	7448	9.15	423	1288.0	251.0	416.364066193853	371.0
S055_S045	53549	0	0.00	0			0	0
S055_S058	84985	0	0.00	0			0	0
S055_S057	90054	0	0.00	0			0	0
S055_S113	71214	23195	32.57	756	5292.0	253.0	752.363756613757	549.5
S055_S013	65681	0	0.00	0			0	0
S055_S038	105214	0	0.00	0			0	0
S055_S119	81614	21020	25.76	765	4340.0	254.0	670.6	515.0
S055_S043	97238	0	0.00	0			0	0
S055_S120	75095	19713	26.25	711	6316.0	250.0	668.227848101266	506.0
S055_S135	79822	20712	25.95	683	9131.0	264.0	729.691068814056	529.0
S055_S020	64520	0	0.00	0			0	0
S055_S053	66225	0	0.00	0			0	0
S055_S094	52917	0	0.00	0			0	0
S055_S145	63600	596	0.94	42	623.0	256.0	327.642857142857	310.5
S055_S081	74919	0	0.00	0			0	0
S055_S124	101336	20718	20.44	783	4568.0	260.0	633.500638569604	488.0
S055_S061	82017	0	0.00	0			0	0
S055_S129	58961	38	0.06	3	286.0	264.0	272.333333333333	267.0
S055_S127	74208	926	1.25	65	723.0	252.0	329.092307692308	307.0
S055_S079	64327	0	0.00	0			0	0
S055_S019	78005	0	0.00	0			0	0
S055_S017	64863	0	0.00	0			0	0
S055_S136	61429	16412	26.72	667	3313.0	267.0	604.484257871064	483.0
S055_S144	81028	0	0.00	0			0	0
S055_S143	60798	0	0.00	0			0	0
S055_S110	66939	38	0.06	3	286.0	260.0	271	267.0
S055_S010	64349	0	0.00	0			0	0
S055_S050	73562	0	0.00	0			0	0
S055_S139	54175	228	0.42	16	486.0	257.0	321.75	315
S055_S014	63868	0	0.00	0			0	0
S055_S004	65543	0	0.00	0			0	0
S055_S078	80061	0	0.00	0			0	0
S055_S033	114068	0	0.00	0			0	0
S055_S074	77385	0	0.00	0			0	0
S055_S111	100122	1888	1.89	125	645.0	275.0	371.544	347.0
S055_S016	64893	0	0.00	0			0	0
S055_S104	69968	1565	2.24	103	686.0	253.0	368.747572815534	344.0
S055_S003	64285	0	0.00	0			0	0
S055_S068	45671	0	0.00	0			0	0
S055_S001	63635	0	0.00	0			0	0
S055_S102	75554	24475	32.39	723	8854.0	252.0	823.959889349931	558.0
S055_S002	90427	0	0.00	0			0	0
S055_S022	60603	0	0.00	0			0	0
S055_S046	89813	0	0.00	0			0	0
S055_S077	74251	0	0.00	0			0	0
S055_S089	86278	0	0.00	0			0	0
S055_S095	43222	0	0.00	0			0	0
S055_S052	75480	0	0.00	0			0	0
S055_S011	64699	0	0.00	0			0	0
S055_S048	64483	0	0.00	0			0	0
S055_S007	63654	0	0.00	0			0	0
S055_S012	64466	0	0.00	0			0	0
S055_S060	87090	0	0.00	0			0	0
S055_S026	117312	0	0.00	0			0	0
S055_S093	92823	0	0.00	0			0	0
S055_S070	63309	0	0.00	0			0	0
S109_S040	64052	492	0.77	35	579.0	252.0	324	317.0
S109_S088	78731	3106	3.95	195	842.0	250.0	375.769230769231	341.0
S109_S024	62713	10542	16.81	551	1907.0	250.0	467.854809437387	395.0
S109_S141	69856	0	0.00	0			0	0
S109_S063	60080	3554	5.92	224	1044.0	251.0	379.991071428571	344.5
S109_S032	78416	3484	4.44	216	1010.0	254.0	383.24537037037	346
S109_S073	65937	0	0.00	0			0	0
S109_S037	63894	26	0.04	2	311.0	260.0	285.5	285.5
S109_S028	65675	21242	32.34	601	6770.0	257.0	867.975041597338	587.0
S109_S103	71709	0	0.00	0			0	0
S109_S054	126521	2881	2.28	182	981.0	251.0	367.901098901099	333.5
S109_S117	61891	0	0.00	0			0	0
S109_S034	70005	0	0.00	0			0	0
S109_S025	88156	16270	18.46	851	3840.0	263.0	516.015276145711	436.0
S109_S023	60001	2796	4.66	177	905.0	260.0	377.819209039548	344.0
S109_S123	60372	0	0.00	0			0	0
S109_S106	58909	0	0.00	0			0	0
S109_S137	84973	0	0.00	0			0	0
S109_S118	68459	0	0.00	0			0	0
S109_S105	57350	0	0.00	0			0	0
S109_S069	89464	0	0.00	0			0	0
S109_S092	61532	0	0.00	0			0	0
S109_S066	85466	475	0.56	33	579.0	252.0	333.060606060606	334.0
S109_S075	67782	2385	3.52	157	894.0	253.0	363.331210191083	339.0
S109_S065	75113	0	0.00	0			0	0
S109_S099	75900	3708	4.89	233	1173.0	252.0	376.961373390558	342.0
S109_S059	45264	1108	2.45	72	729.0	262.0	372.666666666667	347.5
S109_S130	87068	0	0.00	0			0	0
S109_S126	76433	0	0.00	0			0	0
S109_S051	70783	3744	5.29	233	1152.0	251.0	381.978540772532	358.0
S109_S064	54967	1242	2.26	83	695.0	265.0	364.012048192771	343.0
S109_S134	87163	0	0.00	0			0	0
S109_S056	63485	13527	21.31	613	3381.0	255.0	532.218597063622	443.0
S109_S140	46782	0	0.00	0			0	0
S109_S114	57971	0	0.00	0			0	0
S109_S049	63653	3626	5.70	223	1240.0	251.0	388.726457399103	361.0
S109_S128	67569	0	0.00	0			0	0
S109_S036	46295	24	0.05	2	271.0	266.0	268.5	268.5
S109_S112	76425	0	0.00	0			0	0
S109_S045	48614	12	0.02	1	281.0	281.0	281	281.0
S109_S058	80050	3164	3.95	201	873.0	253.0	372.258706467662	347.0
S109_S057	85119	3439	4.04	215	946.0	256.0	376.502325581395	340.0
S109_S113	66279	0	0.00	0			0	0
S109_S013	60746	2941	4.84	190	908.0	256.0	372.652631578947	343
S109_S038	100279	3281	3.27	201	1249.0	267.0	384.363184079602	359.0
S109_S119	76679	0	0.00	0			0	0
S109_S043	92303	3223	3.49	198	1141.0	254.0	382.156565656566	343
S109_S120	70160	0	0.00	0			0	0
S109_S135	74887	0	0.00	0			0	0
S109_S020	59585	2626	4.41	168	908.0	252.0	373.488095238095	343
S109_S053	61290	372	0.61	27	588.0	258.0	320.333333333333	304.0
S109_S094	47982	0	0.00	0			0	0
S109_S145	58665	0	0.00	0			0	0
S109_S081	69984	16480	23.55	687	4072.0	260.0	578.250363901019	464.0
S109_S124	96401	0	0.00	0			0	0
S109_S061	77082	404	0.52	29	474.0	250.0	324.793103448276	321.0
S109_S129	54026	0	0.00	0			0	0
S109_S127	69273	0	0.00	0			0	0
S109_S079	59392	36	0.06	3	266.0	257.0	260	257.0
S109_S019	73070	3251	4.45	202	1090.0	251.0	383.712871287129	345.5
S109_S017	59928	2813	4.69	178	1033.0	254.0	377.955056179775	344
S109_S136	56494	0	0.00	0			0	0
S109_S144	76093	0	0.00	0			0	0
S109_S143	55863	0	0.00	0			0	0
S109_S110	62004	0	0.00	0			0	0
S109_S010	59414	2946	4.96	188	906.0	252.0	373.228723404255	344
S109_S050	68627	13597	19.81	608	3571.0	250.0	538.588815789474	434.5
S109_S139	49240	0	0.00	0			0	0
S109_S014	58933	2853	4.84	184	1015.0	250.0	370.407608695652	340
S109_S004	60608	3214	5.30	206	977.0	252.0	370.616504854369	337.5
S109_S078	75126	3630	4.83	223	1321.0	250.0	384.825112107623	343.0
S109_S033	109133	2684	2.46	166	989.0	254.0	379.728915662651	337.5
S109_S074	72450	282	0.39	19	580.0	270.0	348.684210526316	333.0
S109_S111	95187	0	0.00	0			0	0
S109_S016	59958	2392	3.99	150	960.0	254.0	381.886666666667	347.5
S109_S104	65033	0	0.00	0			0	0
S109_S003	59350	2937	4.95	193	864.0	250.0	366.922279792746	340.0
S109_S068	40736	0	0.00	0			0	0
S109_S001	58700	2817	4.80	182	1059.0	250.0	370.543956043956	343
S109_S102	70619	0	0.00	0			0	0
S109_S002	85492	3147	3.68	198	1012.0	253.0	376.126262626263	340.5
S109_S022	55668	2989	5.37	193	861.0	250.0	371.19170984456	344.0
S109_S046	84878	540	0.64	38	539.0	251.0	328.342105263158	324
S109_S077	69316	3563	5.14	217	1390.0	253.0	390.506912442396	349.0
S109_S089	81343	2353	2.89	146	901.0	253.0	381.445205479452	372.5
S109_S095	38287	0	0.00	0			0	0
S109_S052	70545	3663	5.19	231	1044.0	251.0	378.69696969697	343.0
S109_S011	59764	3106	5.20	200	1035.0	253.0	372.9	338.5
S109_S048	59548	12	0.02	1	260.0	260.0	260	260.0
S109_S007	58719	3049	5.19	196	1014.0	251.0	372.341836734694	339
S109_S012	59531	2539	4.27	164	856.0	250.0	370.871951219512	341.5
S109_S060	82155	356	0.43	25	394.0	270.0	327.48	330.0
S109_S026	112377	14507	12.91	622	3962.0	251.0	540.853697749196	429
S109_S093	87888	274	0.31	18	691.0	275.0	359.111111111111	326
S109_S070	58374	0	0.00	0			0	0
S040_S088	77685	0	0.00	0			0	0
S040_S024	61667	0	0.00	0			0	0
S040_S141	68810	598	0.87	45	573.0	252.0	317.622222222222	291.0
S040_S063	59034	0	0.00	0			0	0
S040_S032	77370	0	0.00	0			0	0
S040_S073	64891	0	0.00	0			0	0
S040_S037	62848	0	0.00	0			0	0
S040_S028	64629	0	0.00	0			0	0
S040_S103	70663	705	1.00	51	608.0	266.0	325.588235294118	305.0
S040_S054	125475	0	0.00	0			0	0
S040_S117	60845	999	1.64	69	658.0	252.0	333.579710144928	309.0
S040_S034	68959	0	0.00	0			0	0
S040_S025	87110	0	0.00	0			0	0
S040_S023	58955	0	0.00	0			0	0
S040_S123	59326	699	1.18	48	720.0	257.0	336.604166666667	323
S040_S106	57863	801	1.38	57	534.0	254.0	322.421052631579	292.0
S040_S137	83927	518	0.62	40	574.0	262.0	326.15	312
S040_S118	67413	654	0.97	45	570.0	250.0	335.422222222222	321.0
S040_S105	56304	260	0.46	20	433.0	257.0	303.7	286.5
S040_S069	88418	0	0.00	0			0	0
S040_S092	60486	0	0.00	0			0	0
S040_S066	84420	0	0.00	0			0	0
S040_S075	66736	0	0.00	0			0	0
S040_S065	74067	0	0.00	0			0	0
S040_S099	74854	0	0.00	0			0	0
S040_S059	44218	0	0.00	0			0	0
S040_S130	86022	208	0.24	14	607.0	266.0	349.5	329.5
S040_S126	75387	1108	1.47	76	673.0	255.0	336.315789473684	316.5
S040_S051	69737	0	0.00	0			0	0
S040_S064	53921	0	0.00	0			0	0
S040_S134	86117	1003	1.16	71	666.0	251.0	331.760563380282	323.0
S040_S056	62439	0	0.00	0			0	0
S040_S140	45736	56	0.12	4	304.0	257.0	279.25	278
S040_S114	56925	724	1.27	50	560.0	253.0	338.6	322
S040_S049	62607	0	0.00	0			0	0
S040_S128	66523	1357	2.04	91	670.0	253.0	339.054945054945	318.0
S040_S036	45249	0	0.00	0			0	0
S040_S112	75379	1016	1.35	71	566.0	254.0	328.014084507042	320.0
S040_S045	47568	0	0.00	0			0	0
S040_S058	79004	0	0.00	0			0	0
S040_S057	84073	0	0.00	0			0	0
S040_S113	65233	1220	1.87	83	662.0	252.0	339.385542168675	317.0
S040_S013	59700	0	0.00	0			0	0
S040_S038	99233	0	0.00	0			0	0
S040_S119	75633	1168	1.54	83	674.0	258.0	325.602409638554	303.0
S040_S043	91257	0	0.00	0			0	0
S040_S120	69114	1134	1.64	78	622.0	252.0	331.089743589744	307
S040_S135	73841	995	1.35	66	664.0	253.0	341.666666666667	326
S040_S020	58539	0	0.00	0			0	0
S040_S053	60244	0	0.00	0			0	0
S040_S094	46936	0	0.00	0			0	0
S040_S145	57619	9670	16.78	460	3379.0	250.0	496.269565217391	417
S040_S081	68938	0	0.00	0			0	0
S040_S124	95355	912	0.96	63	623.0	251.0	331.603174603175	312.0
S040_S061	76036	0	0.00	0			0	0
S040_S129	52980	76	0.14	5	331.0	251.0	295.6	297.0
S040_S127	68227	14448	21.18	527	4521.0	253.0	651.648956356736	470.0
S040_S079	58346	0	0.00	0			0	0
S040_S019	72024	0	0.00	0			0	0
S040_S017	58882	0	0.00	0			0	0
S040_S136	55448	808	1.46	57	530.0	251.0	327.947368421053	291.0
S040_S144	75047	0	0.00	0			0	0
S040_S143	54817	0	0.00	0			0	0
S040_S110	60958	38	0.06	3	309.0	263.0	279.333333333333	266.0
S040_S010	58368	0	0.00	0			0	0
S040_S050	67581	0	0.00	0			0	0
S040_S139	48194	4090	8.49	185	2551.0	254.0	526.389189189189	419.0
S040_S014	57887	0	0.00	0			0	0
S040_S004	59562	0	0.00	0			0	0
S040_S078	74080	0	0.00	0			0	0
S040_S033	108087	0	0.00	0			0	0
S040_S074	71404	0	0.00	0			0	0
S040_S111	94141	14	0.01	1	335.0	335.0	335	335.0
S040_S016	58912	0	0.00	0			0	0
S040_S104	63987	254	0.40	19	434.0	258.0	313.473684210526	287.0
S040_S003	58304	0	0.00	0			0	0
S040_S068	39690	0	0.00	0			0	0
S040_S001	57654	0	0.00	0			0	0
S040_S102	69573	1333	1.92	92	647.0	256.0	335.554347826087	311.5
S040_S002	84446	0	0.00	0			0	0
S040_S022	54622	0	0.00	0			0	0
S040_S046	83832	0	0.00	0			0	0
S040_S077	68270	0	0.00	0			0	0
S040_S089	80297	0	0.00	0			0	0
S040_S095	37241	0	0.00	0			0	0
S040_S052	69499	0	0.00	0			0	0
S040_S011	58718	0	0.00	0			0	0
S040_S048	58502	0	0.00	0			0	0
S040_S007	57673	0	0.00	0			0	0
S040_S012	58485	0	0.00	0			0	0
S040_S060	81109	0	0.00	0			0	0
S040_S026	111331	0	0.00	0			0	0
S040_S093	86842	0	0.00	0			0	0
S040_S070	57328	0	0.00	0			0	0
S088_S024	76346	0	0.00	0			0	0
S088_S141	83489	16610	19.89	777	2159.0	250.0	532.366795366795	441.0
S088_S063	73713	0	0.00	0			0	0
S088_S032	92049	0	0.00	0			0	0
S088_S073	79570	0	0.00	0			0	0
S088_S037	77527	0	0.00	0			0	0
S088_S028	79308	0	0.00	0			0	0
S088_S103	85342	17561	20.58	718	4071.0	250.0	592.885793871866	483
S088_S054	140154	0	0.00	0			0	0
S088_S117	75524	16047	21.25	603	3546.0	250.0	636.225538971808	492.0
S088_S034	83638	0	0.00	0			0	0
S088_S025	101789	0	0.00	0			0	0
S088_S023	73634	0	0.00	0			0	0
S088_S123	74005	15981	21.59	629	4528.0	251.0	628.678855325914	494.0
S088_S106	72542	4554	6.28	282	1063.0	250.0	380.294326241135	342.5
S088_S137	98606	3448	3.50	233	1208.0	252.0	369.270386266094	340.0
S088_S118	82092	17255	21.02	712	3442.0	255.0	586.262640449438	479
S088_S105	70983	1339	1.89	96	543.0	259.0	336.010416666667	330
S088_S069	103097	0	0.00	0			0	0
S088_S092	75165	0	0.00	0			0	0
S088_S066	99099	0	0.00	0			0	0
S088_S075	81415	0	0.00	0			0	0
S088_S065	88746	0	0.00	0			0	0
S088_S099	89533	0	0.00	0			0	0
S088_S059	58897	0	0.00	0			0	0
S088_S130	100701	4717	4.68	289	1444.0	256.0	392.937716262976	343.0
S088_S126	90066	21282	23.63	587	5248.0	250.0	859.357751277683	578.0
S088_S051	84416	0	0.00	0			0	0
S088_S064	68600	0	0.00	0			0	0
S088_S134	100796	22403	22.23	632	7076.0	252.0	847.974683544304	579
S088_S056	77118	0	0.00	0			0	0
S088_S140	60415	40	0.07	3	309.0	272.0	285	274.0
S088_S114	71604	14551	20.32	665	2817.0	252.0	526.613533834587	434.0
S088_S049	77286	0	0.00	0			0	0
S088_S128	81202	15861	19.53	626	4210.0	251.0	597.894568690096	457.5
S088_S036	59928	0	0.00	0			0	0
S088_S112	90058	6610	7.34	387	1288.0	250.0	397.772609819121	350.0
S088_S045	62247	0	0.00	0			0	0
S088_S058	93683	0	0.00	0			0	0
S088_S057	98752	0	0.00	0			0	0
S088_S113	79912	18623	23.30	708	3357.0	252.0	630.638418079096	496
S088_S013	74379	0	0.00	0			0	0
S088_S038	113912	0	0.00	0			0	0
S088_S119	90312	21240	23.52	648	4192.0	250.0	786.373456790123	557.5
S088_S043	105936	0	0.00	0			0	0
S088_S120	83793	20250	24.17	572	5116.0	252.0	840.468531468532	572
S088_S135	88520	21133	23.87	510	7995.0	256.0	975.735294117647	634
S088_S020	73218	0	0.00	0			0	0
S088_S053	74923	0	0.00	0			0	0
S088_S094	61615	0	0.00	0			0	0
S088_S145	72298	514	0.71	36	720.0	250.0	327.166666666667	291.5
S088_S081	83617	0	0.00	0			0	0
S088_S124	110034	20666	18.78	677	4507.0	250.0	719.521418020679	530.0
S088_S061	90715	0	0.00	0			0	0
S088_S129	67659	40	0.06	3	336.0	263.0	295.666666666667	288.0
S088_S127	82906	820	0.99	57	912.0	255.0	332.894736842105	311.0
S088_S079	73025	0	0.00	0			0	0
S088_S019	86703	0	0.00	0			0	0
S088_S017	73561	0	0.00	0			0	0
S088_S136	70127	13556	19.33	626	2255.0	252.0	522.779552715655	445
S088_S144	89726	0	0.00	0			0	0
S088_S143	69496	0	0.00	0			0	0
S088_S110	75637	12	0.02	1	251.0	251.0	251	251.0
S088_S010	73047	0	0.00	0			0	0
S088_S050	82260	0	0.00	0			0	0
S088_S139	62873	244	0.39	17	463.0	254.0	311.941176470588	292.0
S088_S014	72566	0	0.00	0			0	0
S088_S004	74241	0	0.00	0			0	0
S088_S078	88759	0	0.00	0			0	0
S088_S033	122766	0	0.00	0			0	0
S088_S074	86083	0	0.00	0			0	0
S088_S111	108820	1079	0.99	72	630.0	261.0	363.708333333333	344
S088_S016	73591	0	0.00	0			0	0
S088_S104	78666	1462	1.86	98	692.0	250.0	360.479591836735	338
S088_S003	72983	0	0.00	0			0	0
S088_S068	54369	0	0.00	0			0	0
S088_S001	72333	0	0.00	0			0	0
S088_S102	84252	20207	23.98	657	4801.0	251.0	732.815829528158	521.0
S088_S002	99125	0	0.00	0			0	0
S088_S022	69301	0	0.00	0			0	0
S088_S046	98511	0	0.00	0			0	0
S088_S077	82949	0	0.00	0			0	0
S088_S089	94976	0	0.00	0			0	0
S088_S095	51920	0	0.00	0			0	0
S088_S052	84178	0	0.00	0			0	0
S088_S011	73397	0	0.00	0			0	0
S088_S048	73181	0	0.00	0			0	0
S088_S007	72352	0	0.00	0			0	0
S088_S012	73164	0	0.00	0			0	0
S088_S060	95788	0	0.00	0			0	0
S088_S026	126010	0	0.00	0			0	0
S088_S093	101521	0	0.00	0			0	0
S088_S070	72007	0	0.00	0			0	0
S024_S141	67471	4945	7.33	327	1073.0	256.0	378.305810397554	346.0
S024_S063	57695	0	0.00	0			0	0
S024_S032	76031	0	0.00	0			0	0
S024_S073	63552	0	0.00	0			0	0
S024_S037	61509	0	0.00	0			0	0
S024_S028	63290	0	0.00	0			0	0
S024_S103	69324	4828	6.96	299	900.0	250.0	389.351170568562	344.0
S024_S054	124136	0	0.00	0			0	0
S024_S117	59506	6493	10.91	382	1055.0	255.0	405.821989528796	365
S024_S034	67620	0	0.00	0			0	0
S024_S025	85771	0	0.00	0			0	0
S024_S023	57616	0	0.00	0			0	0
S024_S123	57987	4872	8.40	301	1014.0	252.0	394.747508305648	354.0
S024_S106	56524	15472	27.37	698	2349.0	254.0	539.040114613181	442
S024_S137	82588	13165	15.94	741	1915.0	259.0	464.620782726046	393.0
S024_S118	66074	5445	8.24	329	923.0	254.0	399.629179331307	374.0
S024_S105	54965	1604	2.92	112	689.0	250.0	346	331.5
S024_S069	87079	0	0.00	0			0	0
S024_S092	59147	0	0.00	0			0	0
S024_S066	83081	0	0.00	0			0	0
S024_S075	65397	0	0.00	0			0	0
S024_S065	72728	0	0.00	0			0	0
S024_S099	73515	0	0.00	0			0	0
S024_S059	42879	0	0.00	0			0	0
S024_S130	84683	1708	2.02	115	635.0	250.0	360.747826086957	340.0
S024_S126	74048	7506	10.14	432	1065.0	251.0	410.398148148148	372
S024_S051	68398	0	0.00	0			0	0
S024_S064	52582	0	0.00	0			0	0
S024_S134	84778	7668	9.04	448	1436.0	252.0	409.129464285714	373.5
S024_S056	61100	0	0.00	0			0	0
S024_S140	44397	158	0.36	11	425.0	251.0	297.545454545455	280.0
S024_S114	55586	5528	9.94	329	1630.0	256.0	406.686930091185	367.0
S024_S049	61268	0	0.00	0			0	0
S024_S128	65184	7551	11.58	424	1547.0	251.0	421.271226415094	377.5
S024_S036	43910	0	0.00	0			0	0
S024_S112	74040	6631	8.96	401	1119.0	250.0	391.027431421446	345.0
S024_S045	46229	0	0.00	0			0	0
S024_S058	77665	0	0.00	0			0	0
S024_S057	82734	0	0.00	0			0	0
S024_S113	63894	7749	12.13	438	1418.0	252.0	424.061643835616	373
S024_S013	58361	0	0.00	0			0	0
S024_S038	97894	0	0.00	0			0	0
S024_S119	74294	7507	10.10	435	1113.0	252.0	411.868965517241	378.0
S024_S043	89918	0	0.00	0			0	0
S024_S120	67775	7074	10.44	414	1061.0	254.0	403.227053140097	366.5
S024_S135	72502	7208	9.94	416	1333.0	251.0	407.894230769231	370.5
S024_S020	57200	0	0.00	0			0	0
S024_S053	58905	0	0.00	0			0	0
S024_S094	45597	0	0.00	0			0	0
S024_S145	56280	830	1.47	58	661.0	250.0	321.155172413793	291.5
S024_S081	67599	0	0.00	0			0	0
S024_S124	94016	6726	7.15	397	989.0	250.0	398.627204030227	363.0
S024_S061	74697	0	0.00	0			0	0
S024_S129	51641	126	0.24	10	313.0	250.0	268.6	265
S024_S127	66888	964	1.44	68	710.0	254.0	325.955882352941	306
S024_S079	57007	0	0.00	0			0	0
S024_S019	70685	0	0.00	0			0	0
S024_S017	57543	0	0.00	0			0	0
S024_S136	54109	5048	9.33	301	1479.0	253.0	406.986710963455	363.0
S024_S144	73708	0	0.00	0			0	0
S024_S143	53478	12	0.02	1	262.0	262.0	262	262.0
S024_S110	59619	46	0.08	3	372.0	261.0	317.333333333333	319.0
S024_S010	57029	0	0.00	0			0	0
S024_S050	66242	0	0.00	0			0	0
S024_S139	46855	446	0.95	33	523.0	251.0	303.424242424242	288.0
S024_S014	56548	0	0.00	0			0	0
S024_S004	58223	0	0.00	0			0	0
S024_S078	72741	0	0.00	0			0	0
S024_S033	106748	0	0.00	0			0	0
S024_S074	70065	0	0.00	0			0	0
S024_S111	92802	406	0.44	28	541.0	284.0	355.142857142857	344.5
S024_S016	57573	0	0.00	0			0	0
S024_S104	62648	1574	2.51	113	644.0	250.0	336.734513274336	330.0
S024_S003	56965	0	0.00	0			0	0
S024_S068	38351	0	0.00	0			0	0
S024_S001	56315	0	0.00	0			0	0
S024_S102	68234	8033	11.77	445	1463.0	250.0	427.795505617978	376.0
S024_S002	83107	0	0.00	0			0	0
S024_S022	53283	0	0.00	0			0	0
S024_S046	82493	0	0.00	0			0	0
S024_S077	66931	0	0.00	0			0	0
S024_S089	78958	0	0.00	0			0	0
S024_S095	35902	0	0.00	0			0	0
S024_S052	68160	0	0.00	0			0	0
S024_S011	57379	0	0.00	0			0	0
S024_S048	57163	0	0.00	0			0	0
S024_S007	56334	0	0.00	0			0	0
S024_S012	57146	0	0.00	0			0	0
S024_S060	79770	0	0.00	0			0	0
S024_S026	109992	0	0.00	0			0	0
S024_S093	85503	0	0.00	0			0	0
S024_S070	55989	0	0.00	0			0	0
S141_S063	64838	19443	29.99	836	2782.0	255.0	590.769138755981	486
S141_S032	83174	18695	22.48	833	2289.0	261.0	557.564225690276	468.0
S141_S073	70695	0	0.00	0			0	0
S141_S037	68652	38	0.06	3	341.0	276.0	300	283.0
S141_S028	70433	2819	4.00	196	1015.0	254.0	365.255102040816	338
S141_S103	76467	0	0.00	0			0	0
S141_S054	131279	28326	21.58	951	3716.0	255.0	726.184016824395	573.0
S141_S117	66649	0	0.00	0			0	0
S141_S034	74763	0	0.00	0			0	0
S141_S025	92914	3734	4.02	277	948.0	260.0	367.28880866426	340.0
S141_S023	64759	14961	23.10	713	2125.0	269.0	527.019635343618	443.0
S141_S123	65130	0	0.00	0			0	0
S141_S106	63667	0	0.00	0			0	0
S141_S137	89731	0	0.00	0			0	0
S141_S118	73217	0	0.00	0			0	0
S141_S105	62108	0	0.00	0			0	0
S141_S069	94222	0	0.00	0			0	0
S141_S092	66290	0	0.00	0			0	0
S141_S066	90224	661	0.73	50	526.0	256.0	312.88	292
S141_S075	72540	16108	22.21	721	2399.0	250.0	564.396671289875	476.0
S141_S065	79871	18	0.02	2	280.0	279.0	279.5	279.5
S141_S099	80658	18958	23.50	849	2400.0	256.0	553.372202591284	448.0
S141_S059	50022	340	0.68	24	638.0	278.0	357.416666666667	339
S141_S130	91826	0	0.00	0			0	0
S141_S126	81191	0	0.00	0			0	0
S141_S051	75541	17183	22.75	791	2652.0	252.0	538.747155499368	440.0
S141_S064	59725	8885	14.88	522	1040.0	283.0	431.216475095785	395
S141_S134	91921	0	0.00	0			0	0
S141_S056	68243	1970	2.89	135	769.0	255.0	365.503703703704	331.0
S141_S140	51540	0	0.00	0			0	0
S141_S114	62729	0	0.00	0			0	0
S141_S049	68411	17721	25.90	826	2096.0	251.0	539.338983050847	443.5
S141_S128	72327	0	0.00	0			0	0
S141_S036	51053	38	0.07	3	317.0	266.0	291	290.0
S141_S112	81183	0	0.00	0			0	0
S141_S045	53372	12	0.02	1	283.0	283.0	283	283.0
S141_S058	84808	16306	19.23	763	2247.0	254.0	526.543905635649	438.0
S141_S057	89877	26829	29.85	920	3499.0	251.0	726.248913043478	574.5
S141_S113	71037	0	0.00	0			0	0
S141_S013	65504	14926	22.79	726	1823.0	261.0	522.88567493113	440.5
S141_S038	105037	17749	16.90	792	2442.0	250.0	544.986111111111	441.5
S141_S119	81437	0	0.00	0			0	0
S141_S043	97061	16373	16.87	760	2362.0	260.0	526.18947368421	434
S141_S120	74918	0	0.00	0			0	0
S141_S135	79645	0	0.00	0			0	0
S141_S020	64343	14494	22.53	708	1661.0	253.0	514.795197740113	441
S141_S053	66048	539	0.82	40	443.0	253.0	316.425	312
S141_S094	52740	0	0.00	0			0	0
S141_S145	63423	0	0.00	0			0	0
S141_S081	74742	2284	3.06	154	1008.0	251.0	370.428571428571	339
S141_S124	101159	0	0.00	0			0	0
S141_S061	81840	482	0.59	36	436.0	254.0	306.305555555556	292.5
S141_S129	58784	0	0.00	0			0	0
S141_S127	74031	0	0.00	0			0	0
S141_S079	64150	42	0.07	3	365.0	279.0	314.666666666667	300.0
S141_S019	77828	16862	21.67	771	2587.0	250.0	547.398184176394	445.0
S141_S017	64686	14641	22.63	703	1624.0	262.0	522.950213371266	442.0
S141_S136	61252	0	0.00	0			0	0
S141_S144	80851	0	0.00	0			0	0
S141_S143	60621	0	0.00	0			0	0
S141_S110	66762	0	0.00	0			0	0
S141_S010	64172	14220	22.16	685	1885.0	263.0	523.554744525547	442.0
S141_S050	73385	3172	4.32	218	921.0	253.0	363.01376146789	334.5
S141_S139	53998	0	0.00	0			0	0
S141_S014	63691	14941	23.46	710	1951.0	251.0	528.974647887324	441
S141_S004	65366	16023	24.51	743	2086.0	267.0	542.515477792732	447.0
S141_S078	79884	17658	22.10	801	2282.0	253.0	546.968789013733	442.0
S141_S033	113891	16986	14.91	740	2565.0	257.0	562.418918918919	467.5
S141_S074	77208	420	0.54	35	436.0	256.0	308.057142857143	290.0
S141_S111	99945	0	0.00	0			0	0
S141_S016	64716	13697	21.16	675	1760.0	258.0	511.324444444444	440.0
S141_S104	69791	0	0.00	0			0	0
S141_S003	64108	14799	23.08	719	2420.0	261.0	517.411682892907	440.0
S141_S068	45494	0	0.00	0			0	0
S141_S001	63458	15053	23.72	727	2229.0	268.0	521.167812929849	441.0
S141_S102	75377	0	0.00	0			0	0
S141_S002	90250	16854	18.67	762	2676.0	261.0	544.740157480315	446.5
S141_S022	60426	15132	25.04	734	2093.0	267.0	522.182561307902	443
S141_S046	89636	616	0.69	46	462.0	250.0	319.630434782609	299.5
S141_S077	74074	17240	23.27	785	2447.0	253.0	546.216560509554	442.0
S141_S089	86101	14473	16.81	730	1650.0	254.0	492.442465753425	430
S141_S095	43045	0	0.00	0			0	0
S141_S052	75303	18677	24.80	856	2471.0	259.0	546.93808411215	443
S141_S011	64522	15270	23.67	728	2055.0	266.0	528.200549450549	441
S141_S048	64306	0	0.00	0			0	0
S141_S007	63477	15487	24.40	729	2625.0	266.0	533.995884773663	440.0
S141_S012	64289	13878	21.59	678	2080.0	271.0	513.163716814159	441
S141_S060	86913	531	0.61	40	382.0	252.0	302.95	294.5
S141_S026	117135	2865	2.45	191	1039.0	251.0	360.30890052356	324.0
S141_S093	92646	450	0.49	36	443.0	254.0	298.166666666667	288
S141_S070	63132	0	0.00	0			0	0
S063_S032	73398	0	0.00	0			0	0
S063_S073	60919	0	0.00	0			0	0
S063_S037	58876	0	0.00	0			0	0
S063_S028	60657	0	0.00	0			0	0
S063_S103	66691	21312	31.96	715	4601.0	273.0	732.958041958042	581.0
S063_S054	121503	0	0.00	0			0	0
S063_S117	56873	18522	32.57	628	5179.0	254.0	717.877388535032	541.5
S063_S034	64987	0	0.00	0			0	0
S063_S025	83138	0	0.00	0			0	0
S063_S023	54983	0	0.00	0			0	0
S063_S123	55354	18217	32.91	624	5402.0	266.0	737.995192307692	564
S063_S106	53891	5236	9.72	318	1073.0	253.0	390.452830188679	348.5
S063_S137	79955	4197	5.25	274	1073.0	252.0	383.408759124088	345
S063_S118	63441	20371	32.11	770	3663.0	263.0	648.72987012987	522
S063_S105	52332	1654	3.16	113	684.0	263.0	355.256637168142	344.0
S063_S069	84446	0	0.00	0			0	0
S063_S092	56514	0	0.00	0			0	0
S063_S066	80448	0	0.00	0			0	0
S063_S075	62764	0	0.00	0			0	0
S063_S065	70095	0	0.00	0			0	0
S063_S099	70882	0	0.00	0			0	0
S063_S059	40246	0	0.00	0			0	0
S063_S130	82050	5481	6.68	322	1566.0	266.0	413.251552795031	383
S063_S126	71415	23646	33.11	495	7404.0	260.0	1144.4	776.0
S063_S051	65765	0	0.00	0			0	0
S063_S064	49949	0	0.00	0			0	0
S063_S134	82145	25777	31.38	517	9267.0	256.0	1206.42553191489	787.0
S063_S056	58467	0	0.00	0			0	0
S063_S140	41764	82	0.20	5	553.0	272.0	355.6	288.0
S063_S114	52953	16725	31.58	695	3091.0	254.0	590.972661870504	492.0
S063_S049	58635	0	0.00	0			0	0
S063_S128	62551	17773	28.41	608	7181.0	254.0	700.172697368421	527
S063_S036	41277	0	0.00	0			0	0
S063_S112	71407	8113	11.36	466	1643.0	253.0	409.115879828326	352
S063_S045	43596	0	0.00	0			0	0
S063_S058	75032	0	0.00	0			0	0
S063_S057	80101	0	0.00	0			0	0
S063_S113	61261	21258	34.70	698	5862.0	254.0	742.525787965616	568.5
S063_S013	55728	0	0.00	0			0	0
S063_S038	95261	0	0.00	0			0	0
S063_S119	71661	23965	33.44	585	6132.0	250.0	995.270085470086	712.0
S063_S043	87285	0	0.00	0			0	0
S063_S120	65142	22058	33.86	474	8243.0	256.0	1115.36708860759	738.5
S063_S135	69869	23791	34.05	399	10884.0	256.0	1425.92481203008	891.0
S063_S020	54567	0	0.00	0			0	0
S063_S053	56272	0	0.00	0			0	0
S063_S094	42964	0	0.00	0			0	0
S063_S145	53647	896	1.67	62	777.0	250.0	329.629032258065	307.5
S063_S081	64966	0	0.00	0			0	0
S063_S124	91383	23611	25.84	653	5456.0	261.0	861.600306278714	636.0
S063_S061	72064	0	0.00	0			0	0
S063_S129	49008	76	0.16	6	304.0	255.0	277	270
S063_S127	64255	930	1.45	62	870.0	255.0	346.193548387097	302
S063_S079	54374	0	0.00	0			0	0
S063_S019	68052	0	0.00	0			0	0
S063_S017	54910	0	0.00	0			0	0
S063_S136	51476	15305	29.73	656	3874.0	264.0	572.510670731707	485
S063_S144	71075	0	0.00	0			0	0
S063_S143	50845	0	0.00	0			0	0
S063_S110	56986	36	0.06	3	269.0	255.0	259.666666666667	255.0
S063_S010	54396	0	0.00	0			0	0
S063_S050	63609	0	0.00	0			0	0
S063_S139	44222	513	1.16	37	519.0	250.0	319.513513513513	299.0
S063_S014	53915	0	0.00	0			0	0
S063_S004	55590	0	0.00	0			0	0
S063_S078	70108	0	0.00	0			0	0
S063_S033	104115	0	0.00	0			0	0
S063_S074	67432	0	0.00	0			0	0
S063_S111	90169	1334	1.48	88	642.0	265.0	374.306818181818	347.5
S063_S016	54940	0	0.00	0			0	0
S063_S104	60015	1900	3.17	128	789.0	258.0	358.734375	340.5
S063_S003	54332	0	0.00	0			0	0
S063_S068	35718	0	0.00	0			0	0
S063_S001	53682	0	0.00	0			0	0
S063_S102	65601	22121	33.72	613	9519.0	256.0	868.810766721044	593.0
S063_S002	80474	0	0.00	0			0	0
S063_S022	50650	0	0.00	0			0	0
S063_S046	79860	0	0.00	0			0	0
S063_S077	64298	0	0.00	0			0	0
S063_S089	76325	0	0.00	0			0	0
S063_S095	33269	0	0.00	0			0	0
S063_S052	65527	0	0.00	0			0	0
S063_S011	54746	0	0.00	0			0	0
S063_S048	54530	0	0.00	0			0	0
S063_S007	53701	0	0.00	0			0	0
S063_S012	54513	0	0.00	0			0	0
S063_S060	77137	0	0.00	0			0	0
S063_S026	107359	0	0.00	0			0	0
S063_S093	82870	0	0.00	0			0	0
S063_S070	53356	0	0.00	0			0	0
S032_S073	79255	0	0.00	0			0	0
S032_S037	77212	0	0.00	0			0	0
S032_S028	78993	0	0.00	0			0	0
S032_S103	85027	17723	20.84	732	2484.0	256.0	583.987704918033	484
S032_S054	139839	0	0.00	0			0	0
S032_S117	75209	26714	35.52	564	11996.0	252.0	1151.06205673759	773.5
S032_S034	83323	0	0.00	0			0	0
S032_S025	101474	0	0.00	0			0	0
S032_S023	73319	0	0.00	0			0	0
S032_S123	73690	17096	23.20	663	3070.0	256.0	640.363499245852	497.0
S032_S106	72227	5611	7.77	332	1173.0	250.0	398.590361445783	355
S032_S137	98291	4470	4.55	291	1059.0	252.0	385.460481099656	345.0
S032_S118	81777	19089	23.34	766	3374.0	262.0	603.237597911227	488
S032_S105	70668	1801	2.55	120	687.0	255.0	364.433333333333	345
S032_S069	102782	0	0.00	0			0	0
S032_S092	74850	0	0.00	0			0	0
S032_S066	98784	0	0.00	0			0	0
S032_S075	81100	0	0.00	0			0	0
S032_S065	88431	0	0.00	0			0	0
S032_S099	89218	0	0.00	0			0	0
S032_S059	58582	0	0.00	0			0	0
S032_S130	100386	6633	6.61	391	1280.0	251.0	407.296675191816	367.0
S032_S126	89751	23190	25.84	650	6473.0	253.0	843.915384615385	598.5
S032_S051	84101	0	0.00	0			0	0
S032_S064	68285	0	0.00	0			0	0
S032_S134	100481	25787	25.66	711	6192.0	250.0	872.414908579466	612.0
S032_S056	76803	0	0.00	0			0	0
S032_S140	60100	86	0.14	6	341.0	255.0	299.666666666667	303
S032_S114	71289	21428	30.06	743	3346.0	253.0	700.549125168237	563.0
S032_S049	76971	0	0.00	0			0	0
S032_S128	80887	19552	24.17	641	4826.0	257.0	723.489859594384	543.0
S032_S036	59613	0	0.00	0			0	0
S032_S112	89743	8294	9.24	450	1724.0	253.0	430.191111111111	377
S032_S045	61932	0	0.00	0			0	0
S032_S058	93368	0	0.00	0			0	0
S032_S057	98437	0	0.00	0			0	0
S032_S113	79597	26240	32.97	601	8190.0	251.0	1056.20965058236	716.0
S032_S013	74064	0	0.00	0			0	0
S032_S038	113597	0	0.00	0			0	0
S032_S119	89997	23714	26.35	712	6425.0	251.0	798.72893258427	587.5
S032_S043	105621	0	0.00	0			0	0
S032_S120	83478	21491	25.74	624	6095.0	252.0	813.424679487179	590.5
S032_S135	88205	23616	26.77	563	10974.0	254.0	991.364120781528	631.0
S032_S020	72903	0	0.00	0			0	0
S032_S053	74608	0	0.00	0			0	0
S032_S094	61300	0	0.00	0			0	0
S032_S145	71983	666	0.93	47	683.0	253.0	326.617021276596	303.0
S032_S081	83302	0	0.00	0			0	0
S032_S124	109719	23081	21.04	747	6256.0	250.0	729.227576974565	523.0
S032_S061	90400	0	0.00	0			0	0
S032_S129	67344	62	0.09	5	291.0	252.0	270.2	277.0
S032_S127	82591	836	1.01	55	776.0	254.0	350.727272727273	324.0
S032_S079	72710	0	0.00	0			0	0
S032_S019	86388	0	0.00	0			0	0
S032_S017	73246	0	0.00	0			0	0
S032_S136	69812	19098	27.36	683	3029.0	260.0	677.496339677892	536.0
S032_S144	89411	0	0.00	0			0	0
S032_S143	69181	0	0.00	0			0	0
S032_S110	75322	12	0.02	1	272.0	272.0	272	272.0
S032_S010	72732	0	0.00	0			0	0
S032_S050	81945	0	0.00	0			0	0
S032_S139	62558	294	0.47	20	559.0	251.0	329.45	311.5
S032_S014	72251	0	0.00	0			0	0
S032_S004	73926	0	0.00	0			0	0
S032_S078	88444	0	0.00	0			0	0
S032_S033	122451	0	0.00	0			0	0
S032_S074	85768	0	0.00	0			0	0
S032_S111	108505	2268	2.09	148	737.0	271.0	375.466216216216	347.5
S032_S016	73276	0	0.00	0			0	0
S032_S104	78351	1909	2.44	126	783.0	272.0	366.365079365079	343
S032_S003	72668	0	0.00	0			0	0
S032_S068	54054	0	0.00	0			0	0
S032_S001	72018	0	0.00	0			0	0
S032_S102	83937	29195	34.78	482	23554.0	250.0	1457.57676348548	725
S032_S002	98810	0	0.00	0			0	0
S032_S022	68986	0	0.00	0			0	0
S032_S046	98196	0	0.00	0			0	0
S032_S077	82634	0	0.00	0			0	0
S032_S089	94661	0	0.00	0			0	0
S032_S095	51605	0	0.00	0			0	0
S032_S052	83863	0	0.00	0			0	0
S032_S011	73082	0	0.00	0			0	0
S032_S048	72866	0	0.00	0			0	0
S032_S007	72037	0	0.00	0			0	0
S032_S012	72849	0	0.00	0			0	0
S032_S060	95473	0	0.00	0			0	0
S032_S026	125695	0	0.00	0			0	0
S032_S093	101206	0	0.00	0			0	0
S032_S070	71692	0	0.00	0			0	0
S073_S037	64733	0	0.00	0			0	0
S073_S028	66514	0	0.00	0			0	0
S073_S103	72548	0	0.00	0			0	0
S073_S054	127360	0	0.00	0			0	0
S073_S117	62730	0	0.00	0			0	0
S073_S034	70844	0	0.00	0			0	0
S073_S025	88995	0	0.00	0			0	0
S073_S023	60840	0	0.00	0			0	0
S073_S123	61211	0	0.00	0			0	0
S073_S106	59748	0	0.00	0			0	0
S073_S137	85812	0	0.00	0			0	0
S073_S118	69298	0	0.00	0			0	0
S073_S105	58189	0	0.00	0			0	0
S073_S069	90303	0	0.00	0			0	0
S073_S092	62371	0	0.00	0			0	0
S073_S066	86305	0	0.00	0			0	0
S073_S075	68621	0	0.00	0			0	0
S073_S065	75952	0	0.00	0			0	0
S073_S099	76739	0	0.00	0			0	0
S073_S059	46103	0	0.00	0			0	0
S073_S130	87907	0	0.00	0			0	0
S073_S126	77272	0	0.00	0			0	0
S073_S051	71622	0	0.00	0			0	0
S073_S064	55806	0	0.00	0			0	0
S073_S134	88002	0	0.00	0			0	0
S073_S056	64324	0	0.00	0			0	0
S073_S140	47621	0	0.00	0			0	0
S073_S114	58810	0	0.00	0			0	0
S073_S049	64492	0	0.00	0			0	0
S073_S128	68408	0	0.00	0			0	0
S073_S036	47134	0	0.00	0			0	0
S073_S112	77264	0	0.00	0			0	0
S073_S045	49453	0	0.00	0			0	0
S073_S058	80889	0	0.00	0			0	0
S073_S057	85958	0	0.00	0			0	0
S073_S113	67118	0	0.00	0			0	0
S073_S013	61585	0	0.00	0			0	0
S073_S038	101118	0	0.00	0			0	0
S073_S119	77518	0	0.00	0			0	0
S073_S043	93142	0	0.00	0			0	0
S073_S120	70999	0	0.00	0			0	0
S073_S135	75726	0	0.00	0			0	0
S073_S020	60424	0	0.00	0			0	0
S073_S053	62129	0	0.00	0			0	0
S073_S094	48821	0	0.00	0			0	0
S073_S145	59504	0	0.00	0			0	0
S073_S081	70823	0	0.00	0			0	0
S073_S124	97240	0	0.00	0			0	0
S073_S061	77921	0	0.00	0			0	0
S073_S129	54865	0	0.00	0			0	0
S073_S127	70112	0	0.00	0			0	0
S073_S079	60231	0	0.00	0			0	0
S073_S019	73909	0	0.00	0			0	0
S073_S017	60767	0	0.00	0			0	0
S073_S136	57333	0	0.00	0			0	0
S073_S144	76932	70	0.09	5	366.0	289.0	328.2	326.0
S073_S143	56702	158	0.28	12	371.0	270.0	307.916666666667	299
S073_S110	62843	0	0.00	0			0	0
S073_S010	60253	0	0.00	0			0	0
S073_S050	69466	0	0.00	0			0	0
S073_S139	50079	0	0.00	0			0	0
S073_S014	59772	0	0.00	0			0	0
S073_S004	61447	0	0.00	0			0	0
S073_S078	75965	0	0.00	0			0	0
S073_S033	109972	0	0.00	0			0	0
S073_S074	73289	0	0.00	0			0	0
S073_S111	96026	0	0.00	0			0	0
S073_S016	60797	0	0.00	0			0	0
S073_S104	65872	0	0.00	0			0	0
S073_S003	60189	0	0.00	0			0	0
S073_S068	41575	0	0.00	0			0	0
S073_S001	59539	0	0.00	0			0	0
S073_S102	71458	0	0.00	0			0	0
S073_S002	86331	0	0.00	0			0	0
S073_S022	56507	0	0.00	0			0	0
S073_S046	85717	0	0.00	0			0	0
S073_S077	70155	0	0.00	0			0	0
S073_S089	82182	0	0.00	0			0	0
S073_S095	39126	0	0.00	0			0	0
S073_S052	71384	0	0.00	0			0	0
S073_S011	60603	0	0.00	0			0	0
S073_S048	60387	0	0.00	0			0	0
S073_S007	59558	0	0.00	0			0	0
S073_S012	60370	0	0.00	0			0	0
S073_S060	82994	0	0.00	0			0	0
S073_S026	113216	0	0.00	0			0	0
S073_S093	88727	0	0.00	0			0	0
S073_S070	59213	0	0.00	0			0	0
S037_S028	64471	0	0.00	0			0	0
S037_S103	70505	38	0.05	3	338.0	263.0	293.333333333333	279.0
S037_S054	125317	0	0.00	0			0	0
S037_S117	60687	26	0.04	2	280.0	252.0	266	266
S037_S034	68801	0	0.00	0			0	0
S037_S025	86952	0	0.00	0			0	0
S037_S023	58797	0	0.00	0			0	0
S037_S123	59168	12	0.02	1	281.0	281.0	281	281.0
S037_S106	57705	154	0.27	12	385.0	261.0	293.333333333333	288.5
S037_S137	83769	26	0.03	2	319.0	263.0	291	291
S037_S118	67255	0	0.00	0			0	0
S037_S105	56146	12	0.02	1	276.0	276.0	276	276.0
S037_S069	88260	0	0.00	0			0	0
S037_S092	60328	0	0.00	0			0	0
S037_S066	84262	0	0.00	0			0	0
S037_S075	66578	0	0.00	0			0	0
S037_S065	73909	0	0.00	0			0	0
S037_S099	74696	0	0.00	0			0	0
S037_S059	44060	0	0.00	0			0	0
S037_S130	85864	0	0.00	0			0	0
S037_S126	75229	38	0.05	3	326.0	267.0	291.333333333333	281.0
S037_S051	69579	0	0.00	0			0	0
S037_S064	53763	0	0.00	0			0	0
S037_S134	85959	50	0.06	4	342.0	259.0	290.5	280.5
S037_S056	62281	0	0.00	0			0	0
S037_S140	45578	369	0.81	27	418.0	250.0	302.777777777778	284.0
S037_S114	56767	18	0.03	1	406.0	406.0	406	406.0
S037_S049	62449	0	0.00	0			0	0
S037_S128	66365	88	0.13	7	335.0	250.0	270.285714285714	256.0
S037_S036	45091	0	0.00	0			0	0
S037_S112	75221	64	0.09	5	340.0	268.0	299.8	279.0
S037_S045	47410	0	0.00	0			0	0
S037_S058	78846	0	0.00	0			0	0
S037_S057	83915	0	0.00	0			0	0
S037_S113	65075	58	0.09	4	410.0	271.0	325	309.5
S037_S013	59542	0	0.00	0			0	0
S037_S038	99075	0	0.00	0			0	0
S037_S119	75475	28	0.04	2	343.0	271.0	307	307
S037_S043	91099	0	0.00	0			0	0
S037_S120	68956	38	0.06	3	339.0	278.0	298.666666666667	279.0
S037_S135	73683	26	0.04	2	334.0	282.0	308	308
S037_S020	58381	0	0.00	0			0	0
S037_S053	60086	0	0.00	0			0	0
S037_S094	46778	0	0.00	0			0	0
S037_S145	57461	56	0.10	4	294.0	251.0	276.5	280.5
S037_S081	68780	0	0.00	0			0	0
S037_S124	95197	28	0.03	2	379.0	267.0	323	323
S037_S061	75878	0	0.00	0			0	0
S037_S129	52822	15349	29.06	528	4052.0	252.0	695.962121212121	535.5
S037_S127	68069	12	0.02	1	263.0	263.0	263	263.0
S037_S079	58188	0	0.00	0			0	0
S037_S019	71866	0	0.00	0			0	0
S037_S017	58724	0	0.00	0			0	0
S037_S136	55290	28	0.05	2	374.0	259.0	316.5	316.5
S037_S144	74889	0	0.00	0			0	0
S037_S143	54659	0	0.00	0			0	0
S037_S110	60800	7625	12.54	419	2241.0	255.0	430.739856801909	377.0
S037_S010	58210	0	0.00	0			0	0
S037_S050	67423	0	0.00	0			0	0
S037_S139	48036	40	0.08	3	286.0	252.0	266.333333333333	261.0
S037_S014	57729	0	0.00	0			0	0
S037_S004	59404	0	0.00	0			0	0
S037_S078	73922	0	0.00	0			0	0
S037_S033	107929	0	0.00	0			0	0
S037_S074	71246	0	0.00	0			0	0
S037_S111	93983	0	0.00	0			0	0
S037_S016	58754	0	0.00	0			0	0
S037_S104	63829	12	0.02	1	275.0	275.0	275	275.0
S037_S003	58146	0	0.00	0			0	0
S037_S068	39532	0	0.00	0			0	0
S037_S001	57496	0	0.00	0			0	0
S037_S102	69415	14	0.02	1	337.0	337.0	337	337.0
S037_S002	84288	0	0.00	0			0	0
S037_S022	54464	0	0.00	0			0	0
S037_S046	83674	0	0.00	0			0	0
S037_S077	68112	0	0.00	0			0	0
S037_S089	80139	0	0.00	0			0	0
S037_S095	37083	0	0.00	0			0	0
S037_S052	69341	0	0.00	0			0	0
S037_S011	58560	0	0.00	0			0	0
S037_S048	58344	0	0.00	0			0	0
S037_S007	57515	0	0.00	0			0	0
S037_S012	58327	0	0.00	0			0	0
S037_S060	80951	0	0.00	0			0	0
S037_S026	111173	0	0.00	0			0	0
S037_S093	86684	0	0.00	0			0	0
S037_S070	57170	0	0.00	0			0	0
S028_S103	72286	2621	3.63	178	749.0	252.0	354.668539325843	337.5
S028_S054	127098	0	0.00	0			0	0
S028_S117	62468	3510	5.62	225	961.0	251.0	372.595555555556	338.0
S028_S034	70582	0	0.00	0			0	0
S028_S025	88733	0	0.00	0			0	0
S028_S023	60578	0	0.00	0			0	0
S028_S123	60949	2620	4.30	170	943.0	252.0	372.676470588235	339.5
S028_S106	59486	16737	28.14	721	3912.0	251.0	569.515950069348	445.0
S028_S137	85550	26663	31.17	923	5341.0	257.0	772.203683640303	569.0
S028_S118	69036	2883	4.18	186	822.0	250.0	371.908602150538	344
S028_S105	57927	915	1.58	66	627.0	259.0	333.924242424242	297
S028_S069	90041	0	0.00	0			0	0
S028_S092	62109	0	0.00	0			0	0
S028_S066	86043	0	0.00	0			0	0
S028_S075	68359	0	0.00	0			0	0
S028_S065	75690	0	0.00	0			0	0
S028_S099	76477	0	0.00	0			0	0
S028_S059	45841	0	0.00	0			0	0
S028_S130	87645	936	1.07	65	631.0	250.0	346.784615384615	338.0
S028_S126	77010	4023	5.22	252	1062.0	252.0	376.265873015873	338
S028_S051	71360	0	0.00	0			0	0
S028_S064	55544	0	0.00	0			0	0
S028_S134	87740	3855	4.39	242	1136.0	250.0	377.776859504132	343
S028_S056	64062	0	0.00	0			0	0
S028_S140	47359	42	0.09	3	374.0	251.0	296.333333333333	264.0
S028_S114	58548	3192	5.45	203	1024.0	252.0	379.103448275862	344.0
S028_S049	64230	0	0.00	0			0	0
S028_S128	68146	4506	6.61	279	1122.0	251.0	381.770609318996	344.0
S028_S036	46872	0	0.00	0			0	0
S028_S112	77002	3389	4.40	215	1091.0	253.0	372.297674418605	336.0
S028_S045	49191	0	0.00	0			0	0
S028_S058	80627	0	0.00	0			0	0
S028_S057	85696	0	0.00	0			0	0
S028_S113	66856	4520	6.76	275	1240.0	250.0	392.043636363636	360.0
S028_S013	61323	0	0.00	0			0	0
S028_S038	100856	0	0.00	0			0	0
S028_S119	77256	4019	5.20	249	1021.0	251.0	383.269076305221	346.0
S028_S043	92880	0	0.00	0			0	0
S028_S120	70737	3749	5.30	236	959.0	252.0	374.148305084746	338
S028_S135	75464	3923	5.20	246	911.0	254.0	374.70325203252	339.5
S028_S020	60162	0	0.00	0			0	0
S028_S053	61867	0	0.00	0			0	0
S028_S094	48559	0	0.00	0			0	0
S028_S145	59242	423	0.71	31	422.0	253.0	314.096774193548	314.0
S028_S081	70561	0	0.00	0			0	0
S028_S124	96978	3628	3.74	231	1091.0	250.0	369.961038961039	338.0
S028_S061	77659	0	0.00	0			0	0
S028_S129	54603	68	0.12	5	335.0	267.0	297.2	300.0
S028_S127	69850	583	0.83	43	397.0	252.0	313.674418604651	302.0
S028_S079	59969	0	0.00	0			0	0
S028_S019	73647	0	0.00	0			0	0
S028_S017	60505	0	0.00	0			0	0
S028_S136	57071	2935	5.14	188	976.0	254.0	377.962765957447	344
S028_S144	76670	0	0.00	0			0	0
S028_S143	56440	0	0.00	0			0	0
S028_S110	62581	0	0.00	0			0	0
S028_S010	59991	0	0.00	0			0	0
S028_S050	69204	0	0.00	0			0	0
S028_S139	49817	332	0.67	23	484.0	250.0	315.478260869565	302.0
S028_S014	59510	0	0.00	0			0	0
S028_S004	61185	0	0.00	0			0	0
S028_S078	75703	0	0.00	0			0	0
S028_S033	109710	0	0.00	0			0	0
S028_S074	73027	0	0.00	0			0	0
S028_S111	95764	106	0.11	7	448.0	294.0	371.857142857143	390.0
S028_S016	60535	0	0.00	0			0	0
S028_S104	65610	822	1.25	59	742.0	257.0	334.152542372881	299.0
S028_S003	59927	0	0.00	0			0	0
S028_S068	41313	0	0.00	0			0	0
S028_S001	59277	0	0.00	0			0	0
S028_S102	71196	4282	6.01	259	1380.0	251.0	391.459459459459	347.0
S028_S002	86069	0	0.00	0			0	0
S028_S022	56245	0	0.00	0			0	0
S028_S046	85455	0	0.00	0			0	0
S028_S077	69893	0	0.00	0			0	0
S028_S089	81920	0	0.00	0			0	0
S028_S095	38864	0	0.00	0			0	0
S028_S052	71122	0	0.00	0			0	0
S028_S011	60341	0	0.00	0			0	0
S028_S048	60125	0	0.00	0			0	0
S028_S007	59296	0	0.00	0			0	0
S028_S012	60108	0	0.00	0			0	0
S028_S060	82732	0	0.00	0			0	0
S028_S026	112954	0	0.00	0			0	0
S028_S093	88465	0	0.00	0			0	0
S028_S070	58951	0	0.00	0			0	0
S103_S054	133132	19568	14.70	744	2372.0	253.0	614.305107526882	514
S103_S117	68502	0	0.00	0			0	0
S103_S034	76616	0	0.00	0			0	0
S103_S025	94767	3509	3.70	247	778.0	251.0	367.82995951417	343.0
S103_S023	66612	15937	23.93	660	2831.0	257.0	590.093939393939	488
S103_S123	66983	0	0.00	0			0	0
S103_S106	65520	0	0.00	0			0	0
S103_S137	91584	0	0.00	0			0	0
S103_S118	75070	0	0.00	0			0	0
S103_S105	63961	0	0.00	0			0	0
S103_S069	96075	0	0.00	0			0	0
S103_S092	68143	24	0.04	2	287.0	281.0	284	284
S103_S066	92077	733	0.80	51	661.0	256.0	333.098039215686	313.0
S103_S075	74393	17141	23.04	675	3734.0	256.0	623.943703703704	491.0
S103_S065	81724	24	0.03	2	278.0	275.0	276.5	276.5
S103_S099	82511	18448	22.36	757	3449.0	251.0	586.762219286658	480.0
S103_S059	51875	458	0.88	29	678.0	255.0	380.206896551724	341.0
S103_S130	93679	0	0.00	0			0	0
S103_S126	83044	0	0.00	0			0	0
S103_S051	77394	16885	21.82	713	3201.0	257.0	572.228611500701	470.0
S103_S064	61578	10479	17.02	539	1873.0	275.0	480.048237476809	398.0
S103_S134	93774	0	0.00	0			0	0
S103_S056	70096	1968	2.81	133	846.0	252.0	350.714285714286	323.0
S103_S140	53393	0	0.00	0			0	0
S103_S114	64582	0	0.00	0			0	0
S103_S049	70264	17248	24.55	744	2387.0	260.0	565.385752688172	463
S103_S128	74180	0	0.00	0			0	0
S103_S036	52906	54	0.10	4	339.0	273.0	303	300
S103_S112	83036	0	0.00	0			0	0
S103_S045	55225	52	0.09	4	313.0	265.0	289.5	290
S103_S058	86661	15997	18.46	689	3136.0	257.0	555.908563134978	454.0
S103_S057	91730	20846	22.73	740	4137.0	251.0	672.755405405405	531
S103_S113	72890	0	0.00	0			0	0
S103_S013	67357	15938	23.66	689	2469.0	263.0	569.606676342525	483.0
S103_S038	106890	17607	16.47	727	2927.0	251.0	573.383768913342	474.0
S103_S119	83290	0	0.00	0			0	0
S103_S043	98914	15827	16.00	670	2962.0	262.0	562.240298507463	460
S103_S120	76771	0	0.00	0			0	0
S103_S135	81498	0	0.00	0			0	0
S103_S020	66196	15244	23.03	659	2660.0	262.0	564.881638846737	488.0
S103_S053	67901	460	0.68	34	682.0	254.0	315.558823529412	295.5
S103_S094	54593	0	0.00	0			0	0
S103_S145	65276	0	0.00	0			0	0
S103_S081	76595	2322	3.03	150	794.0	250.0	368.62	344
S103_S124	103012	0	0.00	0			0	0
S103_S061	83693	496	0.59	36	727.0	253.0	318.75	308.5
S103_S129	60637	0	0.00	0			0	0
S103_S127	75884	0	0.00	0			0	0
S103_S079	66003	12	0.02	1	260.0	260.0	260	260.0
S103_S019	79681	17747	22.27	700	3367.0	257.0	618.902857142857	491.5
S103_S017	66539	15660	23.54	666	2422.0	257.0	573.993993993994	488
S103_S136	63105	0	0.00	0			0	0
S103_S144	82704	0	0.00	0			0	0
S103_S143	62474	0	0.00	0			0	0
S103_S110	68615	0	0.00	0			0	0
S103_S010	66025	15529	23.52	646	3108.0	256.0	590.181114551084	487.5
S103_S050	75238	3177	4.22	209	821.0	252.0	361.287081339713	338.0
S103_S139	55851	0	0.00	0			0	0
S103_S014	65544	15892	24.25	666	3377.0	266.0	583.926426426426	488
S103_S004	67219	16593	24.68	654	3534.0	254.0	619.723241590214	520.5
S103_S078	81737	17579	21.51	755	3435.0	258.0	561.529801324503	453.0
S103_S033	115744	17995	15.55	687	4037.0	250.0	623.771470160116	515.0
S103_S074	79061	428	0.54	32	669.0	250.0	319.9375	304.5
S103_S111	101798	0	0.00	0			0	0
S103_S016	66569	14763	22.18	648	2884.0	250.0	557.387345679012	485
S103_S104	71644	0	0.00	0			0	0
S103_S003	65961	15720	23.83	670	2965.0	259.0	572.764179104478	488
S103_S068	47347	0	0.00	0			0	0
S103_S001	65311	15781	24.16	670	2782.0	269.0	577.111940298507	488.5
S103_S102	77230	0	0.00	0			0	0
S103_S002	92103	18140	19.70	710	3391.0	253.0	612.869014084507	513.5
S103_S022	62279	15880	25.50	660	3327.0	258.0	590.401515151515	494
S103_S046	91489	926	1.01	68	681.0	255.0	322.058823529412	298
S103_S077	75927	17203	22.66	743	3366.0	260.0	559.759084791386	450.0
S103_S089	87954	15258	17.35	675	2880.0	262.0	545.922962962963	452.0
S103_S095	44898	0	0.00	0			0	0
S103_S052	77156	18065	23.41	765	3554.0	253.0	574.602614379085	465.0
S103_S011	66375	16130	24.30	670	3477.0	262.0	587.683582089552	493.5
S103_S048	66159	0	0.00	0			0	0
S103_S007	65330	16334	25.00	683	3426.0	263.0	584.950219619327	487.0
S103_S012	66142	15043	22.74	674	2878.0	258.0	546.056379821958	481.5
S103_S060	88766	466	0.52	34	726.0	258.0	319.882352941176	299.5
S103_S026	118988	3028	2.54	192	779.0	255.0	361.984375	330.5
S103_S093	94499	500	0.53	37	577.0	253.0	313.540540540541	296.0
S103_S070	64985	0	0.00	0			0	0
S054_S117	123314	18166	14.73	675	3046.0	259.0	621.028148148148	499.0
S054_S034	131428	0	0.00	0			0	0
S054_S025	149579	0	0.00	0			0	0
S054_S023	121424	0	0.00	0			0	0
S054_S123	121795	19830	16.28	659	4842.0	251.0	725.128983308043	531.0
S054_S106	120332	4263	3.54	261	1000.0	250.0	376.011494252874	336.0
S054_S137	146396	3490	2.38	231	1068.0	257.0	371.480519480519	339.0
S054_S118	129882	22172	17.07	750	4055.0	251.0	691.06	547
S054_S105	118773	1379	1.16	96	666.0	253.0	339.125	326.5
S054_S069	150887	0	0.00	0			0	0
S054_S092	122955	0	0.00	0			0	0
S054_S066	146889	0	0.00	0			0	0
S054_S075	129205	0	0.00	0			0	0
S054_S065	136536	0	0.00	0			0	0
S054_S099	137323	0	0.00	0			0	0
S054_S059	106687	0	0.00	0			0	0
S054_S130	148491	5347	3.60	317	1237.0	250.0	395.362776025237	354.0
S054_S126	137856	26166	18.98	482	8327.0	252.0	1249.34232365145	810.5
S054_S051	132206	0	0.00	0			0	0
S054_S064	116390	0	0.00	0			0	0
S054_S134	148586	26895	18.10	607	9231.0	251.0	1031.22899505766	718.0
S054_S056	124908	0	0.00	0			0	0
S054_S140	108205	20	0.02	1	452.0	452.0	452	452.0
S054_S114	119394	16445	13.77	688	2213.0	261.0	557.24273255814	463.5
S054_S049	125076	0	0.00	0			0	0
S054_S128	128992	17133	13.28	683	3673.0	252.0	576.512445095168	463.0
S054_S036	107718	0	0.00	0			0	0
S054_S112	137848	6776	4.92	392	1050.0	251.0	395.627551020408	345
S054_S045	110037	0	0.00	0			0	0
S054_S058	141473	0	0.00	0			0	0
S054_S057	146542	0	0.00	0			0	0
S054_S113	127702	20974	16.42	719	4276.0	253.0	676.898470097357	521.0
S054_S013	122169	0	0.00	0			0	0
S054_S038	161702	0	0.00	0			0	0
S054_S119	138102	26690	19.33	569	9497.0	252.0	1089.24428822496	755.0
S054_S043	153726	0	0.00	0			0	0
S054_S120	131583	24107	18.32	483	7572.0	259.0	1143.67494824017	785.0
S054_S135	136310	24424	17.92	506	6635.0	250.0	1108.19367588933	787
S054_S020	121008	0	0.00	0			0	0
S054_S053	122713	0	0.00	0			0	0
S054_S094	109405	0	0.00	0			0	0
S054_S145	120088	376	0.31	27	473.0	259.0	312	289.0
S054_S081	131407	0	0.00	0			0	0
S054_S124	157824	26512	16.80	627	7243.0	257.0	971.535885167464	691.0
S054_S061	138505	0	0.00	0			0	0
S054_S129	115449	0	0.00	0			0	0
S054_S127	130696	646	0.49	43	699.0	265.0	341.325581395349	317.0
S054_S079	120815	0	0.00	0			0	0
S054_S019	134493	0	0.00	0			0	0
S054_S017	121351	0	0.00	0			0	0
S054_S136	117917	14813	12.56	644	2410.0	257.0	533.979813664596	446
S054_S144	137516	0	0.00	0			0	0
S054_S143	117286	0	0.00	0			0	0
S054_S110	123427	0	0.00	0			0	0
S054_S010	120837	0	0.00	0			0	0
S054_S050	130050	0	0.00	0			0	0
S054_S139	110663	182	0.16	13	422.0	252.0	314.615384615385	281.0
S054_S014	120356	0	0.00	0			0	0
S054_S004	122031	0	0.00	0			0	0
S054_S078	136549	0	0.00	0			0	0
S054_S033	170556	0	0.00	0			0	0
S054_S074	133873	0	0.00	0			0	0
S054_S111	156610	1522	0.97	102	619.0	267.0	353.676470588235	336
S054_S016	121381	0	0.00	0			0	0
S054_S104	126456	1594	1.26	108	668.0	253.0	342.601851851852	325.5
S054_S003	120773	0	0.00	0			0	0
S054_S068	102159	0	0.00	0			0	0
S054_S001	120123	0	0.00	0			0	0
S054_S102	132042	22076	16.72	682	4675.0	255.0	746.124633431085	565.5
S054_S002	146915	0	0.00	0			0	0
S054_S022	117091	0	0.00	0			0	0
S054_S046	146301	0	0.00	0			0	0
S054_S077	130739	0	0.00	0			0	0
S054_S089	142766	0	0.00	0			0	0
S054_S095	99710	0	0.00	0			0	0
S054_S052	131968	0	0.00	0			0	0
S054_S011	121187	0	0.00	0			0	0
S054_S048	120971	0	0.00	0			0	0
S054_S007	120142	0	0.00	0			0	0
S054_S012	120954	0	0.00	0			0	0
S054_S060	143578	0	0.00	0			0	0
S054_S026	173800	0	0.00	0			0	0
S054_S093	149311	0	0.00	0			0	0
S054_S070	119797	0	0.00	0			0	0
S117_S034	66798	0	0.00	0			0	0
S117_S025	84949	4941	5.82	339	941.0	256.0	374.445427728614	341.0
S117_S023	56794	14980	26.38	581	5121.0	253.0	624.487091222031	486.0
S117_S123	57165	0	0.00	0			0	0
S117_S106	55702	0	0.00	0			0	0
S117_S137	81766	0	0.00	0			0	0
S117_S118	65252	0	0.00	0			0	0
S117_S105	54143	0	0.00	0			0	0
S117_S069	86257	0	0.00	0			0	0
S117_S092	58325	0	0.00	0			0	0
S117_S066	82259	1046	1.27	72	731.0	253.0	332.263888888889	316
S117_S075	64575	15960	24.72	564	4800.0	251.0	686.269503546099	524
S117_S065	71906	28	0.04	2	306.0	272.0	289	289
S117_S099	72693	26412	36.33	484	10249.0	255.0	1315.04958677686	880.5
S117_S059	42057	633	1.51	46	682.0	257.0	348.152173913043	321
S117_S130	83861	0	0.00	0			0	0
S117_S126	73226	0	0.00	0			0	0
S117_S051	67576	22709	33.61	580	7569.0	252.0	944.637931034483	664
S117_S064	51760	8339	16.11	462	1449.0	262.0	443.467532467532	393
S117_S134	83956	0	0.00	0			0	0
S117_S056	60278	2587	4.29	170	689.0	253.0	357.276470588235	331
S117_S140	43575	0	0.00	0			0	0
S117_S114	54764	0	0.00	0			0	0
S117_S049	60446	23374	38.67	610	7981.0	251.0	935.772131147541	648.5
S117_S128	64362	0	0.00	0			0	0
S117_S036	43088	78	0.18	6	340.0	253.0	281.333333333333	271
S117_S112	73218	0	0.00	0			0	0
S117_S045	45407	92	0.20	8	346.0	255.0	280.75	268
S117_S058	76843	21880	28.47	558	10588.0	253.0	935.867383512545	655.5
S117_S057	81912	20255	24.73	671	3644.0	252.0	713.688524590164	550.0
S117_S113	63072	0	0.00	0			0	0
S117_S013	57539	14808	25.74	594	3455.0	256.0	608.12962962963	478.5
S117_S038	97072	24192	24.92	516	10130.0	255.0	1106.06782945736	744.5
S117_S119	73472	0	0.00	0			0	0
S117_S043	89096	21601	24.24	562	7492.0	264.0	911.464412811388	677
S117_S120	66953	0	0.00	0			0	0
S117_S135	71680	0	0.00	0			0	0
S117_S020	56378	14235	25.25	589	3404.0	251.0	586.641765704584	478.0
S117_S053	58083	745	1.28	53	558.0	253.0	320.754716981132	307.0
S117_S094	44775	0	0.00	0			0	0
S117_S145	55458	0	0.00	0			0	0
S117_S081	66777	3173	4.75	204	932.0	251.0	366.676470588235	337.5
S117_S124	93194	0	0.00	0			0	0
S117_S061	73875	572	0.77	41	525.0	254.0	318.682926829268	294.0
S117_S129	50819	0	0.00	0			0	0
S117_S127	66066	0	0.00	0			0	0
S117_S079	56185	115	0.20	10	333.0	258.0	284	284.5
S117_S019	69863	16370	23.43	577	5568.0	258.0	684.218370883882	493.0
S117_S017	56721	14629	25.79	582	4030.0	251.0	609.517182130584	479.5
S117_S136	53287	0	0.00	0			0	0
S117_S144	72886	0	0.00	0			0	0
S117_S143	52656	0	0.00	0			0	0
S117_S110	58797	0	0.00	0			0	0
S117_S010	56207	14470	25.74	552	5028.0	250.0	637.804347826087	481
S117_S050	65420	4329	6.62	269	1060.0	252.0	379.029739776952	338.0
S117_S139	46033	0	0.00	0			0	0
S117_S014	55726	14793	26.55	589	3405.0	250.0	609.680814940577	484.0
S117_S004	57401	15604	27.18	574	3343.0	258.0	659.094076655052	524
S117_S078	71919	22566	31.38	591	8250.0	256.0	916.859560067682	667.0
S117_S033	105926	16427	15.51	595	4427.0	251.0	649.695798319328	511.0
S117_S074	69243	731	1.06	53	532.0	253.0	316.018867924528	295.0
S117_S111	91980	0	0.00	0			0	0
S117_S016	56751	13615	23.99	573	2420.0	254.0	577.771378708552	480.0
S117_S104	61826	0	0.00	0			0	0
S117_S003	56143	14792	26.35	596	4258.0	253.0	601.854026845638	481.5
S117_S068	37529	0	0.00	0			0	0
S117_S001	55493	14725	26.53	589	3247.0	250.0	607.548387096774	484.0
S117_S102	67412	0	0.00	0			0	0
S117_S002	82285	16427	19.96	593	5712.0	252.0	655.306913996627	494.0
S117_S022	52461	14907	28.42	598	3066.0	252.0	608.842809364549	478
S117_S046	81671	1024	1.25	70	675.0	259.0	340.628571428571	318.5
S117_S077	66109	22045	33.35	579	7665.0	250.0	918.759930915371	673.0
S117_S089	78136	13769	17.62	606	2015.0	260.0	542.739273927393	439
S117_S095	35080	0	0.00	0			0	0
S117_S052	67338	26419	39.23	578	6852.0	257.0	1114.93079584775	796
S117_S011	56557	15183	26.85	592	5100.0	255.0	621.900337837838	502.5
S117_S048	56341	18	0.03	1	363.0	363.0	363	363.0
S117_S007	55512	15143	27.28	575	4301.0	255.0	638.053913043478	491.0
S117_S012	56324	13866	24.62	590	2884.0	263.0	570.603389830508	458.5
S117_S060	78948	626	0.79	46	480.0	254.0	312.108695652174	294.5
S117_S026	109170	3959	3.63	244	965.0	251.0	370.479508196721	328
S117_S093	84681	849	1.00	62	540.0	251.0	311.451612903226	288.5
S117_S070	55167	26	0.05	3	361.0	269.0	309	297.0
S034_S025	93063	0	0.00	0			0	0
S034_S023	64908	0	0.00	0			0	0
S034_S123	65279	0	0.00	0			0	0
S034_S106	63816	0	0.00	0			0	0
S034_S137	89880	0	0.00	0			0	0
S034_S118	73366	0	0.00	0			0	0
S034_S105	62257	0	0.00	0			0	0
S034_S069	94371	0	0.00	0			0	0
S034_S092	66439	0	0.00	0			0	0
S034_S066	90373	0	0.00	0			0	0
S034_S075	72689	0	0.00	0			0	0
S034_S065	80020	0	0.00	0			0	0
S034_S099	80807	0	0.00	0			0	0
S034_S059	50171	0	0.00	0			0	0
S034_S130	91975	0	0.00	0			0	0
S034_S126	81340	0	0.00	0			0	0
S034_S051	75690	0	0.00	0			0	0
S034_S064	59874	0	0.00	0			0	0
S034_S134	92070	0	0.00	0			0	0
S034_S056	68392	0	0.00	0			0	0
S034_S140	51689	0	0.00	0			0	0
S034_S114	62878	0	0.00	0			0	0
S034_S049	68560	0	0.00	0			0	0
S034_S128	72476	0	0.00	0			0	0
S034_S036	51202	0	0.00	0			0	0
S034_S112	81332	0	0.00	0			0	0
S034_S045	53521	0	0.00	0			0	0
S034_S058	84957	0	0.00	0			0	0
S034_S057	90026	0	0.00	0			0	0
S034_S113	71186	0	0.00	0			0	0
S034_S013	65653	0	0.00	0			0	0
S034_S038	105186	0	0.00	0			0	0
S034_S119	81586	0	0.00	0			0	0
S034_S043	97210	0	0.00	0			0	0
S034_S120	75067	0	0.00	0			0	0
S034_S135	79794	0	0.00	0			0	0
S034_S020	64492	0	0.00	0			0	0
S034_S053	66197	0	0.00	0			0	0
S034_S094	52889	0	0.00	0			0	0
S034_S145	63572	0	0.00	0			0	0
S034_S081	74891	0	0.00	0			0	0
S034_S124	101308	0	0.00	0			0	0
S034_S061	81989	0	0.00	0			0	0
S034_S129	58933	4139	7.02	225	1103.0	261.0	437.235555555556	392.0
S034_S127	74180	0	0.00	0			0	0
S034_S079	64299	0	0.00	0			0	0
S034_S019	77977	0	0.00	0			0	0
S034_S017	64835	0	0.00	0			0	0
S034_S136	61401	0	0.00	0			0	0
S034_S144	81000	0	0.00	0			0	0
S034_S143	60770	0	0.00	0			0	0
S034_S110	66911	1222	1.83	76	722.0	272.0	381.026315789474	336
S034_S010	64321	0	0.00	0			0	0
S034_S050	73534	0	0.00	0			0	0
S034_S139	54147	0	0.00	0			0	0
S034_S014	63840	0	0.00	0			0	0
S034_S004	65515	0	0.00	0			0	0
S034_S078	80033	0	0.00	0			0	0
S034_S033	114040	0	0.00	0			0	0
S034_S074	77357	0	0.00	0			0	0
S034_S111	100094	0	0.00	0			0	0
S034_S016	64865	0	0.00	0			0	0
S034_S104	69940	0	0.00	0			0	0
S034_S003	64257	0	0.00	0			0	0
S034_S068	45643	0	0.00	0			0	0
S034_S001	63607	0	0.00	0			0	0
S034_S102	75526	0	0.00	0			0	0
S034_S002	90399	0	0.00	0			0	0
S034_S022	60575	0	0.00	0			0	0
S034_S046	89785	0	0.00	0			0	0
S034_S077	74223	0	0.00	0			0	0
S034_S089	86250	0	0.00	0			0	0
S034_S095	43194	0	0.00	0			0	0
S034_S052	75452	0	0.00	0			0	0
S034_S011	64671	0	0.00	0			0	0
S034_S048	64455	0	0.00	0			0	0
S034_S007	63626	0	0.00	0			0	0
S034_S012	64438	0	0.00	0			0	0
S034_S060	87062	0	0.00	0			0	0
S034_S026	117284	0	0.00	0			0	0
S034_S093	92795	0	0.00	0			0	0
S034_S070	63281	0	0.00	0			0	0
S025_S023	83059	0	0.00	0			0	0
S025_S123	83430	3688	4.42	263	775.0	252.0	373.395437262357	341.0
S025_S106	81967	31780	38.77	938	7094.0	251.0	951.791044776119	640
S025_S137	108031	20652	19.12	1155	2684.0	254.0	517.738528138528	433.0
S025_S118	91517	3861	4.22	265	825.0	252.0	381.188679245283	345.0
S025_S105	80408	1015	1.26	75	642.0	256.0	351.92	341.0
S025_S069	112522	0	0.00	0			0	0
S025_S092	84590	0	0.00	0			0	0
S025_S066	108524	0	0.00	0			0	0
S025_S075	90840	0	0.00	0			0	0
S025_S065	98171	0	0.00	0			0	0
S025_S099	98958	0	0.00	0			0	0
S025_S059	68322	0	0.00	0			0	0
S025_S130	110126	1375	1.25	102	678.0	266.0	357.441176470588	340
S025_S126	99491	5251	5.28	346	1127.0	251.0	389.947976878613	343
S025_S051	93841	0	0.00	0			0	0
S025_S064	78025	0	0.00	0			0	0
S025_S134	110221	5428	4.92	368	813.0	251.0	383.815217391304	345
S025_S056	86543	0	0.00	0			0	0
S025_S140	69840	58	0.08	4	405.0	263.0	310	286
S025_S114	81029	4225	5.21	290	989.0	257.0	381.662068965517	343.5
S025_S049	86711	0	0.00	0			0	0
S025_S128	90627	5827	6.43	391	1320.0	250.0	383.585677749361	343.0
S025_S036	69353	0	0.00	0			0	0
S025_S112	99483	4543	4.57	307	893.0	253.0	381.765472312704	344.0
S025_S045	71672	0	0.00	0			0	0
S025_S058	103108	0	0.00	0			0	0
S025_S057	108177	0	0.00	0			0	0
S025_S113	89337	6001	6.72	398	1227.0	253.0	391.527638190955	347
S025_S013	83804	0	0.00	0			0	0
S025_S038	123337	0	0.00	0			0	0
S025_S119	99737	5401	5.42	359	989.0	254.0	391.523676880223	347.0
S025_S043	115361	0	0.00	0			0	0
S025_S120	93218	4837	5.19	323	1085.0	250.0	384.315789473684	344.0
S025_S135	97945	5375	5.49	364	987.0	252.0	379.32967032967	341
S025_S020	82643	0	0.00	0			0	0
S025_S053	84348	0	0.00	0			0	0
S025_S094	71040	0	0.00	0			0	0
S025_S145	81723	458	0.56	37	483.0	261.0	312.351351351351	288.0
S025_S081	93042	0	0.00	0			0	0
S025_S124	119459	4785	4.01	319	1113.0	257.0	382.545454545455	340.0
S025_S061	100140	0	0.00	0			0	0
S025_S129	77084	36	0.05	3	280.0	251.0	263.666666666667	260.0
S025_S127	92331	691	0.75	52	484.0	265.0	316.365384615385	292
S025_S079	82450	0	0.00	0			0	0
S025_S019	96128	0	0.00	0			0	0
S025_S017	82986	0	0.00	0			0	0
S025_S136	79552	3447	4.33	230	939.0	255.0	394.169565217391	357
S025_S144	99151	0	0.00	0			0	0
S025_S143	78921	0	0.00	0			0	0
S025_S110	85062	12	0.01	1	269.0	269.0	269	269.0
S025_S010	82472	0	0.00	0			0	0
S025_S050	91685	0	0.00	0			0	0
S025_S139	72298	220	0.30	17	385.0	252.0	306.470588235294	302.0
S025_S014	81991	0	0.00	0			0	0
S025_S004	83666	0	0.00	0			0	0
S025_S078	98184	0	0.00	0			0	0
S025_S033	132191	0	0.00	0			0	0
S025_S074	95508	0	0.00	0			0	0
S025_S111	118245	172	0.15	12	484.0	278.0	361.166666666667	347
S025_S016	83016	0	0.00	0			0	0
S025_S104	88091	1076	1.22	81	791.0	257.0	342.740740740741	338.0
S025_S003	82408	0	0.00	0			0	0
S025_S068	63794	0	0.00	0			0	0
S025_S001	81758	0	0.00	0			0	0
S025_S102	93677	5894	6.29	390	1178.0	252.0	391.312820512821	346
S025_S002	108550	0	0.00	0			0	0
S025_S022	78726	0	0.00	0			0	0
S025_S046	107936	0	0.00	0			0	0
S025_S077	92374	0	0.00	0			0	0
S025_S089	104401	0	0.00	0			0	0
S025_S095	61345	0	0.00	0			0	0
S025_S052	93603	0	0.00	0			0	0
S025_S011	82822	0	0.00	0			0	0
S025_S048	82606	0	0.00	0			0	0
S025_S007	81777	0	0.00	0			0	0
S025_S012	82589	0	0.00	0			0	0
S025_S060	105213	0	0.00	0			0	0
S025_S026	135435	0	0.00	0			0	0
S025_S093	110946	0	0.00	0			0	0
S025_S070	81432	0	0.00	0			0	0
S023_S123	55275	14892	26.94	620	2570.0	255.0	601.593548387097	483.5
S023_S106	53812	4403	8.18	277	972.0	256.0	375.935018050542	342.0
S023_S137	79876	3287	4.12	218	1007.0	253.0	377.261467889908	343
S023_S118	63362	16523	26.08	714	2840.0	264.0	565.666666666667	446
S023_S105	52253	1320	2.53	94	587.0	251.0	339.86170212766	339
S023_S069	84367	0	0.00	0			0	0
S023_S092	56435	0	0.00	0			0	0
S023_S066	80369	0	0.00	0			0	0
S023_S075	62685	0	0.00	0			0	0
S023_S065	70016	0	0.00	0			0	0
S023_S099	70803	0	0.00	0			0	0
S023_S059	40167	0	0.00	0			0	0
S023_S130	81971	4341	5.30	265	1060.0	264.0	396.584905660377	345.0
S023_S126	71336	19730	27.66	603	4221.0	264.0	782.67495854063	574.0
S023_S051	65686	0	0.00	0			0	0
S023_S064	49870	0	0.00	0			0	0
S023_S134	82066	20670	25.19	630	4608.0	252.0	789.869841269841	591
S023_S056	58388	0	0.00	0			0	0
S023_S140	41685	26	0.06	2	262.0	259.0	260.5	260.5
S023_S114	52874	13439	25.42	612	2199.0	255.0	537.240196078431	445
S023_S049	58556	0	0.00	0			0	0
S023_S128	62472	14769	23.64	593	4885.0	254.0	595.993254637437	477.0
S023_S036	41198	0	0.00	0			0	0
S023_S112	71328	6365	8.92	377	1250.0	254.0	396.493368700265	361.0
S023_S045	43517	0	0.00	0			0	0
S023_S058	74953	0	0.00	0			0	0
S023_S057	80022	0	0.00	0			0	0
S023_S113	61182	17137	28.01	660	2989.0	256.0	630.856060606061	499
S023_S013	55649	0	0.00	0			0	0
S023_S038	95182	0	0.00	0			0	0
S023_S119	71582	19969	27.90	653	3781.0	264.0	739.433384379786	538.0
S023_S043	87206	0	0.00	0			0	0
S023_S120	65063	18770	28.85	576	5386.0	259.0	780.199652777778	575.5
S023_S135	69790	19551	28.01	518	6107.0	254.0	900.150579150579	617
S023_S020	54488	0	0.00	0			0	0
S023_S053	56193	0	0.00	0			0	0
S023_S094	42885	0	0.00	0			0	0
S023_S145	53568	496	0.93	35	713.0	250.0	326.485714285714	297.0
S023_S081	64887	0	0.00	0			0	0
S023_S124	91304	19267	21.10	673	3473.0	254.0	678.945022288261	523.0
S023_S061	71985	0	0.00	0			0	0
S023_S129	48929	50	0.10	4	294.0	250.0	270.75	269.5
S023_S127	64176	809	1.26	56	910.0	252.0	332	301.5
S023_S079	54295	0	0.00	0			0	0
S023_S019	67973	0	0.00	0			0	0
S023_S017	54831	0	0.00	0			0	0
S023_S136	51397	12474	24.27	577	2077.0	270.0	528.528596187175	443.0
S023_S144	70996	0	0.00	0			0	0
S023_S143	50766	0	0.00	0			0	0
S023_S110	56907	32	0.06	2	404.0	273.0	338.5	338.5
S023_S010	54317	0	0.00	0			0	0
S023_S050	63530	0	0.00	0			0	0
S023_S139	44143	264	0.60	19	442.0	251.0	309.789473684211	313.0
S023_S014	53836	0	0.00	0			0	0
S023_S004	55511	0	0.00	0			0	0
S023_S078	70029	0	0.00	0			0	0
S023_S033	104036	0	0.00	0			0	0
S023_S074	67353	0	0.00	0			0	0
S023_S111	90090	921	1.02	62	595.0	278.0	365.596774193548	346
S023_S016	54861	0	0.00	0			0	0
S023_S104	59936	1466	2.45	101	639.0	255.0	350.29702970297	342.0
S023_S003	54253	0	0.00	0			0	0
S023_S068	35639	0	0.00	0			0	0
S023_S001	53603	0	0.00	0			0	0
S023_S102	65522	18226	27.82	613	5395.0	250.0	713.584013050571	501.0
S023_S002	80395	0	0.00	0			0	0
S023_S022	50571	0	0.00	0			0	0
S023_S046	79781	0	0.00	0			0	0
S023_S077	64219	0	0.00	0			0	0
S023_S089	76246	0	0.00	0			0	0
S023_S095	33190	0	0.00	0			0	0
S023_S052	65448	0	0.00	0			0	0
S023_S011	54667	0	0.00	0			0	0
S023_S048	54451	0	0.00	0			0	0
S023_S007	53622	0	0.00	0			0	0
S023_S012	54434	0	0.00	0			0	0
S023_S060	77058	0	0.00	0			0	0
S023_S026	107280	0	0.00	0			0	0
S023_S093	82791	0	0.00	0			0	0
S023_S070	53277	0	0.00	0			0	0
S123_S106	54183	0	0.00	0			0	0
S123_S137	80247	0	0.00	0			0	0
S123_S118	63733	0	0.00	0			0	0
S123_S105	52624	0	0.00	0			0	0
S123_S069	84738	0	0.00	0			0	0
S123_S092	56806	0	0.00	0			0	0
S123_S066	80740	735	0.91	48	839.0	254.0	353.625	319.5
S123_S075	63056	14955	23.72	549	3070.0	265.0	682.659380692168	534.0
S123_S065	70387	24	0.03	2	262.0	255.0	258.5	258.5
S123_S099	71174	17569	24.68	660	4092.0	255.0	657.362121212121	502.5
S123_S059	40538	463	1.14	33	490.0	269.0	343.30303030303	340.0
S123_S130	82342	0	0.00	0			0	0
S123_S126	71707	0	0.00	0			0	0
S123_S051	66057	16124	24.41	633	3987.0	257.0	631.928909952607	497.0
S123_S064	50241	8672	17.26	472	1575.0	271.0	463.415254237288	396
S123_S134	82437	0	0.00	0			0	0
S123_S056	58759	1960	3.34	129	771.0	255.0	365.356589147287	339.0
S123_S140	42056	0	0.00	0			0	0
S123_S114	53245	0	0.00	0			0	0
S123_S049	58927	16585	28.14	662	3815.0	252.0	629.462235649547	492
S123_S128	62843	0	0.00	0			0	0
S123_S036	41569	14	0.03	1	311.0	311.0	311	311.0
S123_S112	71699	0	0.00	0			0	0
S123_S045	43888	24	0.05	2	284.0	283.0	283.5	283.5
S123_S058	75324	15580	20.68	624	3779.0	253.0	614.729166666667	476
S123_S057	80393	21463	26.70	629	5546.0	264.0	845.643879173291	622.0
S123_S113	61553	0	0.00	0			0	0
S123_S013	56020	14763	26.35	624	2477.0	264.0	597.958333333333	492
S123_S038	95553	16764	17.54	637	3963.0	250.0	640.213500784929	504.0
S123_S119	71953	0	0.00	0			0	0
S123_S043	87577	15309	17.48	616	3670.0	253.0	606.852272727273	480
S123_S120	65434	0	0.00	0			0	0
S123_S135	70161	0	0.00	0			0	0
S123_S020	54859	14384	26.22	618	3308.0	269.0	584.551779935275	484
S123_S053	56564	614	1.09	44	730.0	257.0	329.068181818182	301.5
S123_S094	43256	0	0.00	0			0	0
S123_S145	53939	0	0.00	0			0	0
S123_S081	65258	2378	3.64	152	960.0	250.0	375.322368421053	341.5
S123_S124	91675	0	0.00	0			0	0
S123_S061	72356	493	0.68	34	724.0	257.0	332.441176470588	314
S123_S129	49300	0	0.00	0			0	0
S123_S127	64547	0	0.00	0			0	0
S123_S079	54666	40	0.07	3	271.0	261.0	267.666666666667	271.0
S123_S019	68344	16108	23.57	612	3117.0	253.0	657.357843137255	494.5
S123_S017	55202	14682	26.60	618	3099.0	255.0	594.677993527508	484
S123_S136	51768	0	0.00	0			0	0
S123_S144	71367	0	0.00	0			0	0
S123_S143	51137	0	0.00	0			0	0
S123_S110	57278	0	0.00	0			0	0
S123_S010	54688	14147	25.87	578	2555.0	253.0	615.31660899654	491
S123_S050	63901	3385	5.30	219	874.0	255.0	371.62100456621	343.0
S123_S139	44514	0	0.00	0			0	0
S123_S014	54207	14903	27.49	618	3095.0	264.0	603.333333333333	486.5
S123_S004	55882	15250	27.29	598	3549.0	263.0	637.802675585284	496
S123_S078	70400	16771	23.82	667	4019.0	254.0	622.586206896552	487.0
S123_S033	104407	16219	15.53	607	3843.0	255.0	652.831960461285	484.0
S123_S074	67724	508	0.75	35	772.0	256.0	331.8	321.0
S123_S111	90461	0	0.00	0			0	0
S123_S016	55232	13801	24.99	596	3097.0	257.0	578.85067114094	485
S123_S104	60307	0	0.00	0			0	0
S123_S003	54624	14548	26.63	607	2966.0	269.0	599.186161449753	484.0
S123_S068	36010	0	0.00	0			0	0
S123_S001	53974	14849	27.51	624	2967.0	254.0	597.645833333333	489
S123_S102	65893	0	0.00	0			0	0
S123_S002	80766	16192	20.05	617	3557.0	259.0	644.335494327391	486.0
S123_S022	50942	14832	29.12	624	2426.0	254.0	599.503205128205	489.5
S123_S046	80152	690	0.86	46	801.0	259.0	351.869565217391	323
S123_S077	64590	16522	25.58	666	4184.0	251.0	615.57957957958	484
S123_S089	76617	13974	18.24	622	2772.0	268.0	556.008038585209	440
S123_S095	33561	0	0.00	0			0	0
S123_S052	65819	17473	26.55	693	4155.0	251.0	630.683982683983	484.0
S123_S011	55038	15150	27.53	620	3184.0	267.0	613.372580645161	490.5
S123_S048	54822	0	0.00	0			0	0
S123_S007	53993	14991	27.76	600	3059.0	272.0	624.496666666667	492
S123_S012	54805	13962	25.48	624	1845.0	268.0	561.525641025641	482
S123_S060	77429	475	0.61	33	777.0	250.0	333.121212121212	324.0
S123_S026	107651	3125	2.90	200	991.0	254.0	366.03	335
S123_S093	83162	512	0.62	36	680.0	252.0	328.388888888889	315.5
S123_S070	53648	0	0.00	0			0	0
S106_S137	78784	0	0.00	0			0	0
S106_S118	62270	0	0.00	0			0	0
S106_S105	51161	0	0.00	0			0	0
S106_S069	83275	0	0.00	0			0	0
S106_S092	55343	0	0.00	0			0	0
S106_S066	79277	858	1.08	59	587.0	258.0	333.389830508475	332.0
S106_S075	61593	3540	5.75	229	848.0	252.0	365.580786026201	337.0
S106_S065	68924	0	0.00	0			0	0
S106_S099	69711	5383	7.72	314	1117.0	251.0	402.875796178344	361
S106_S059	39075	1500	3.84	88	877.0	265.0	409.272727272727	376
S106_S130	80879	0	0.00	0			0	0
S106_S126	70244	0	0.00	0			0	0
S106_S051	64594	5115	7.92	301	1125.0	250.0	400.089700996678	364.0
S106_S064	48778	1846	3.78	122	749.0	257.0	365.926229508197	343.5
S106_S134	80974	0	0.00	0			0	0
S106_S056	57296	12124	21.16	572	3121.0	256.0	509.003496503496	420
S106_S140	40593	0	0.00	0			0	0
S106_S114	51782	0	0.00	0			0	0
S106_S049	57464	5616	9.77	335	1287.0	251.0	397.217910447761	350.0
S106_S128	61380	0	0.00	0			0	0
S106_S036	40106	123	0.31	9	368.0	250.0	291.555555555556	280.0
S106_S112	70236	0	0.00	0			0	0
S106_S045	42425	145	0.34	11	315.0	251.0	275.636363636364	269.0
S106_S058	73861	4745	6.42	287	1073.0	251.0	386.390243902439	347.0
S106_S057	78930	5113	6.48	308	986.0	251.0	388.399350649351	359.5
S106_S113	60090	0	0.00	0			0	0
S106_S013	54557	4348	7.97	273	927.0	250.0	378.021978021978	340.0
S106_S038	94090	5015	5.33	296	995.0	254.0	393.763513513513	352.5
S106_S119	70490	0	0.00	0			0	0
S106_S043	86114	4563	5.30	272	1168.0	253.0	391.088235294118	339
S106_S120	63971	0	0.00	0			0	0
S106_S135	68698	0	0.00	0			0	0
S106_S020	53396	3862	7.23	246	799.0	258.0	373.138211382114	343
S106_S053	55101	734	1.33	53	538.0	251.0	315.056603773585	311.0
S106_S094	41793	0	0.00	0			0	0
S106_S145	52476	0	0.00	0			0	0
S106_S081	63795	14740	23.11	640	3584.0	261.0	553.2046875	434
S106_S124	90212	0	0.00	0			0	0
S106_S061	70893	580	0.82	40	510.0	255.0	332.15	323.5
S106_S129	47837	0	0.00	0			0	0
S106_S127	63084	0	0.00	0			0	0
S106_S079	53203	52	0.10	4	312.0	255.0	281.5	279.5
S106_S019	66881	4831	7.22	295	1080.0	251.0	385.315254237288	346.0
S106_S017	53739	4044	7.53	255	805.0	253.0	375.909803921569	342.0
S106_S136	50305	0	0.00	0			0	0
S106_S144	69904	0	0.00	0			0	0
S106_S143	49674	0	0.00	0			0	0
S106_S110	55815	0	0.00	0			0	0
S106_S010	53225	4336	8.15	275	838.0	251.0	371.665454545455	336.0
S106_S050	62438	27014	43.27	126	28400.0	261.0	5175.96031746032	1192.5
S106_S139	43051	0	0.00	0			0	0
S106_S014	52744	4354	8.25	277	809.0	250.0	372.967509025271	343.0
S106_S004	54419	4757	8.74	297	865.0	251.0	378.057239057239	344.0
S106_S078	68937	5268	7.64	317	1173.0	250.0	390.703470031546	343.0
S106_S033	102944	3994	3.88	236	1021.0	251.0	394.313559322034	367.5
S106_S074	66261	498	0.75	34	528.0	266.0	336.088235294118	317.5
S106_S111	88998	0	0.00	0			0	0
S106_S016	53769	3730	6.94	239	894.0	250.0	372.89539748954	343.0
S106_S104	58844	0	0.00	0			0	0
S106_S003	53161	4194	7.89	267	845.0	250.0	372.404494382022	342.0
S106_S068	34547	0	0.00	0			0	0
S106_S001	52511	4181	7.96	261	839.0	255.0	378.934865900383	346.0
S106_S102	64430	0	0.00	0			0	0
S106_S002	79303	4393	5.54	268	873.0	254.0	382.779850746269	342.5
S106_S022	49479	4499	9.09	282	741.0	250.0	380.390070921986	345
S106_S046	78689	975	1.24	71	490.0	251.0	315.507042253521	305.0
S106_S077	63127	5233	8.29	311	1178.0	251.0	395.530546623794	347.0
S106_S089	75154	3491	4.65	215	941.0	251.0	381.632558139535	342.0
S106_S095	32098	0	0.00	0			0	0
S106_S052	64356	5603	8.71	337	1285.0	250.0	393.688427299703	349.0
S106_S011	53575	4332	8.09	267	995.0	250.0	383.850187265918	345.0
S106_S048	53359	0	0.00	0			0	0
S106_S007	52530	4366	8.31	274	854.0	251.0	378.660583941606	343
S106_S012	53342	3712	6.96	236	911.0	251.0	376.283898305085	345
S106_S060	75966	592	0.78	42	494.0	253.0	319.142857142857	296.5
S106_S026	106188	27061	25.48	393	15274.0	250.0	1597.23155216285	908.0
S106_S093	81699	616	0.75	43	540.0	255.0	329.511627906977	306.0
S106_S070	52185	0	0.00	0			0	0
S137_S118	88334	0	0.00	0			0	0
S137_S105	77225	0	0.00	0			0	0
S137_S069	109339	12	0.01	1	267.0	267.0	267	267.0
S137_S092	81407	12	0.01	1	277.0	277.0	277	277.0
S137_S066	105341	660	0.63	51	625.0	250.0	322.490196078431	318.0
S137_S075	87657	2846	3.25	195	940.0	257.0	364.261538461538	332.0
S137_S065	94988	0	0.00	0			0	0
S137_S099	95775	4541	4.74	293	1174.0	251.0	387.634812286689	344.0
S137_S059	65139	1545	2.37	103	972.0	268.0	380.728155339806	348.0
S137_S130	106943	0	0.00	0			0	0
S137_S126	96308	0	0.00	0			0	0
S137_S051	90658	4428	4.88	289	1252.0	250.0	379.785467128028	342.0
S137_S064	74842	1503	2.01	105	640.0	276.0	360.771428571429	344.0
S137_S134	107038	0	0.00	0			0	0
S137_S056	83360	17159	20.58	854	3107.0	254.0	520.610070257611	440
S137_S140	66657	0	0.00	0			0	0
S137_S114	77846	0	0.00	0			0	0
S137_S049	83528	4496	5.38	287	1281.0	253.0	392.679442508711	346.0
S137_S128	87444	0	0.00	0			0	0
S137_S036	66170	26	0.04	2	322.0	269.0	295.5	295.5
S137_S112	96300	0	0.00	0			0	0
S137_S045	68489	50	0.07	4	284.0	256.0	268.75	267.5
S137_S058	99925	3675	3.68	243	913.0	251.0	377.617283950617	343.0
S137_S057	104994	4187	3.99	273	1204.0	251.0	379.285714285714	340.0
S137_S113	86154	0	0.00	0			0	0
S137_S013	80621	3327	4.13	222	1031.0	260.0	377.761261261261	343
S137_S038	120154	4323	3.60	273	1414.0	250.0	390.842490842491	359.0
S137_S119	96554	0	0.00	0			0	0
S137_S043	112178	3657	3.26	234	1228.0	252.0	383.713675213675	342.5
S137_S120	90035	0	0.00	0			0	0
S137_S135	94762	0	0.00	0			0	0
S137_S020	79460	3026	3.81	202	875.0	259.0	376.623762376238	343.5
S137_S053	81165	500	0.62	38	579.0	252.0	322.368421052632	310
S137_S094	67857	0	0.00	0			0	0
S137_S145	78540	0	0.00	0			0	0
S137_S081	89859	20897	23.26	964	3063.0	253.0	562.344398340249	442
S137_S124	116276	0	0.00	0			0	0
S137_S061	96957	498	0.51	39	409.0	254.0	309.641025641026	296.0
S137_S129	73901	0	0.00	0			0	0
S137_S127	89148	0	0.00	0			0	0
S137_S079	79267	36	0.05	3	282.0	260.0	268	262.0
S137_S019	92945	3923	4.22	254	1149.0	261.0	385.255905511811	343
S137_S017	79803	3279	4.11	217	1010.0	259.0	378.147465437788	342.0
S137_S136	76369	0	0.00	0			0	0
S137_S144	95968	0	0.00	0			0	0
S137_S143	75738	0	0.00	0			0	0
S137_S110	81879	0	0.00	0			0	0
S137_S010	79289	3780	4.77	251	938.0	254.0	374.860557768924	342.0
S137_S050	88502	17526	19.80	859	3204.0	253.0	526.366705471478	433.0
S137_S139	69115	0	0.00	0			0	0
S137_S014	78808	3462	4.39	232	1068.0	259.0	372.844827586207	342
S137_S004	80483	3719	4.62	247	984.0	251.0	376.356275303644	342.0
S137_S078	95001	4423	4.66	285	1317.0	253.0	388.610526315789	345.0
S137_S033	129008	3538	2.74	228	1344.0	258.0	383.399122807018	344.5
S137_S074	92325	390	0.42	30	573.0	265.0	320.433333333333	313
S137_S111	115062	0	0.00	0			0	0
S137_S016	79833	2876	3.60	191	812.0	254.0	380.183246073298	346.0
S137_S104	84908	0	0.00	0			0	0
S137_S003	79225	3346	4.22	229	774.0	251.0	369.558951965065	340.0
S137_S068	60611	0	0.00	0			0	0
S137_S001	78575	3322	4.23	224	1113.0	251.0	374.178571428571	343
S137_S102	90494	0	0.00	0			0	0
S137_S002	105367	3754	3.56	244	1067.0	256.0	379.102459016393	339.5
S137_S022	75543	3355	4.44	224	803.0	252.0	376.388392857143	343
S137_S046	104753	676	0.65	51	530.0	259.0	319.137254901961	302.0
S137_S077	89191	4291	4.81	271	1310.0	251.0	393.29520295203	348.0
S137_S089	101218	2896	2.86	197	1038.0	251.0	364.294416243655	336.0
S137_S095	58162	0	0.00	0			0	0
S137_S052	90420	4522	5.00	297	1066.0	251.0	380.942760942761	344.0
S137_S011	79639	3503	4.40	227	1222.0	255.0	385.555066079295	346.0
S137_S048	79423	0	0.00	0			0	0
S137_S007	78594	3479	4.43	232	1014.0	252.0	379.064655172414	342
S137_S012	79406	2917	3.67	195	991.0	268.0	377.348717948718	342.0
S137_S060	102030	455	0.45	36	406.0	263.0	313.527777777778	301.5
S137_S026	132252	18670	14.12	855	2860.0	254.0	541.794152046784	431.0
S137_S093	107763	525	0.49	39	632.0	250.0	325.410256410256	297.0
S137_S070	78249	0	0.00	0			0	0
S118_S105	60711	0	0.00	0			0	0
S118_S069	92825	0	0.00	0			0	0
S118_S092	64893	0	0.00	0			0	0
S118_S066	88827	703	0.79	48	623.0	257.0	336.104166666667	328
S118_S075	71143	16597	23.33	654	3893.0	256.0	620.073394495413	490
S118_S065	78474	0	0.00	0			0	0
S118_S099	79261	19287	24.33	758	4033.0	260.0	612.961741424802	487
S118_S059	48625	468	0.96	32	586.0	259.0	350.34375	334
S118_S130	90429	0	0.00	0			0	0
S118_S126	79794	0	0.00	0			0	0
S118_S051	74144	17712	23.89	726	3376.0	256.0	589.316804407713	483
S118_S064	58328	9141	15.67	496	1661.0	273.0	453.286290322581	394
S118_S134	90524	0	0.00	0			0	0
S118_S056	66846	2216	3.32	142	819.0	254.0	371.69014084507	339.5
S118_S140	50143	0	0.00	0			0	0
S118_S114	61332	0	0.00	0			0	0
S118_S049	67014	18441	27.52	745	3593.0	250.0	606.291275167785	489.0
S118_S128	70930	0	0.00	0			0	0
S118_S036	49656	0	0.00	0			0	0
S118_S112	79786	0	0.00	0			0	0
S118_S045	51975	36	0.07	3	278.0	252.0	265	265.0
S118_S058	83411	16997	20.38	704	3437.0	262.0	579.245738636364	474
S118_S057	88480	24283	27.44	761	5348.0	266.0	765.428383705651	586.0
S118_S113	69640	0	0.00	0			0	0
S118_S013	64107	16109	25.13	701	2294.0	262.0	565.921540656205	477.0
S118_S038	103640	18646	17.99	736	3166.0	253.0	602.36277173913	480
S118_S119	80040	0	0.00	0			0	0
S118_S043	95664	16963	17.73	689	3139.0	253.0	586.991291727141	485.0
S118_S120	73521	0	0.00	0			0	0
S118_S135	78248	0	0.00	0			0	0
S118_S020	62946	15871	25.21	702	2390.0	251.0	553.410256410256	446
S118_S053	64651	543	0.84	39	677.0	259.0	322.794871794872	295.0
S118_S094	51343	0	0.00	0			0	0
S118_S145	62026	0	0.00	0			0	0
S118_S081	73345	2651	3.61	169	866.0	255.0	375.08875739645	340.0
S118_S124	99762	0	0.00	0			0	0
S118_S061	80443	490	0.61	37	419.0	253.0	305.864864864865	291.0
S118_S129	57387	0	0.00	0			0	0
S118_S127	72634	0	0.00	0			0	0
S118_S079	62753	0	0.00	0			0	0
S118_S019	76431	17870	23.38	719	2623.0	264.0	605.052851182198	487.0
S118_S017	63289	16270	25.71	705	2357.0	265.0	564.09219858156	462.0
S118_S136	59855	0	0.00	0			0	0
S118_S144	79454	0	0.00	0			0	0
S118_S143	59224	0	0.00	0			0	0
S118_S110	65365	0	0.00	0			0	0
S118_S010	62775	15675	24.97	668	2451.0	250.0	575.318862275449	479.5
S118_S050	71988	3476	4.83	220	830.0	258.0	377.090909090909	356.5
S118_S139	52601	0	0.00	0			0	0
S118_S014	62294	16467	26.43	705	2328.0	272.0	571.503546099291	474.0
S118_S004	63969	16792	26.25	698	2407.0	271.0	587.063037249284	488
S118_S078	78487	18408	23.45	749	4329.0	254.0	592.480640854473	485.0
S118_S033	112494	18076	16.07	702	3748.0	255.0	613.435897435897	486
S118_S074	75811	406	0.54	30	529.0	256.0	313.966666666667	294
S118_S111	98548	0	0.00	0			0	0
S118_S016	63319	15214	24.03	683	2289.0	267.0	545.081991215227	442.0
S118_S104	68394	0	0.00	0			0	0
S118_S003	62711	16108	25.69	697	2208.0	265.0	565.45050215208	446.0
S118_S068	44097	0	0.00	0			0	0
S118_S001	62061	16385	26.40	711	2168.0	256.0	564.616033755274	471.0
S118_S102	73980	0	0.00	0			0	0
S118_S002	88853	18007	20.27	727	2930.0	257.0	594.850068775791	479.0
S118_S022	59029	16420	27.82	715	2671.0	268.0	564.521678321678	482.0
S118_S046	88239	692	0.78	49	570.0	256.0	329.775510204082	307.0
S118_S077	72677	17942	24.69	735	4449.0	259.0	589.868027210884	484.0
S118_S089	84704	15515	18.32	710	2375.0	257.0	527.37323943662	436.5
S118_S095	41648	0	0.00	0			0	0
S118_S052	73906	19250	26.05	784	2964.0	250.0	597.832908163265	489
S118_S011	63125	16755	26.54	711	2609.0	266.0	576.819971870605	479.0
S118_S048	62909	0	0.00	0			0	0
S118_S007	62080	16672	26.86	699	2611.0	265.0	583.288984263233	479.0
S118_S012	62892	15126	24.05	682	2409.0	267.0	543.027859237537	447.5
S118_S060	85516	499	0.58	38	521.0	255.0	307.868421052632	290
S118_S026	115738	3446	2.98	213	836.0	250.0	373.737089201878	340.0
S118_S093	91249	456	0.50	35	536.0	253.0	305.428571428571	292.0
S118_S070	61735	0	0.00	0			0	0
S105_S069	81716	0	0.00	0			0	0
S105_S092	53784	0	0.00	0			0	0
S105_S066	77718	258	0.33	19	422.0	267.0	318.894736842105	327.0
S105_S075	60034	732	1.22	53	490.0	257.0	334.018867924528	325.0
S105_S065	67365	0	0.00	0			0	0
S105_S099	68152	1739	2.55	118	681.0	256.0	352.847457627119	339.5
S105_S059	37516	164	0.44	12	539.0	265.0	329.5	318.5
S105_S130	79320	0	0.00	0			0	0
S105_S126	68685	0	0.00	0			0	0
S105_S051	63035	1662	2.64	115	731.0	257.0	349.817391304348	337.0
S105_S064	47219	634	1.34	44	693.0	279.0	353.954545454545	342.5
S105_S134	79415	0	0.00	0			0	0
S105_S056	55737	710	1.27	52	639.0	257.0	326.903846153846	299
S105_S140	39034	0	0.00	0			0	0
S105_S114	50223	0	0.00	0			0	0
S105_S049	55905	1840	3.29	126	715.0	262.0	353.706349206349	341.5
S105_S128	59821	0	0.00	0			0	0
S105_S036	38547	0	0.00	0			0	0
S105_S112	68677	0	0.00	0			0	0
S105_S045	40866	34	0.08	2	476.0	255.0	365.5	365.5
S105_S058	72302	1582	2.19	112	677.0	254.0	337.651785714286	333
S105_S057	77371	1780	2.30	124	664.0	261.0	341.935483870968	329
S105_S113	58531	0	0.00	0			0	0
S105_S013	52998	1261	2.38	88	586.0	259.0	347.090909090909	339
S105_S038	92531	1597	1.73	106	716.0	255.0	358.660377358491	340
S105_S119	68931	0	0.00	0			0	0
S105_S043	84555	1295	1.53	89	583.0	256.0	345.696629213483	336.0
S105_S120	62412	0	0.00	0			0	0
S105_S135	67139	0	0.00	0			0	0
S105_S020	51837	1109	2.14	79	539.0	252.0	340.215189873418	341.0
S105_S053	53542	174	0.32	13	436.0	268.0	320.846153846154	333.0
S105_S094	40234	0	0.00	0			0	0
S105_S145	50917	0	0.00	0			0	0
S105_S081	62236	790	1.27	55	672.0	259.0	342.363636363636	337.0
S105_S124	88653	0	0.00	0			0	0
S105_S061	69334	186	0.27	14	429.0	264.0	310.857142857143	290.5
S105_S129	46278	0	0.00	0			0	0
S105_S127	61525	0	0.00	0			0	0
S105_S079	51644	0	0.00	0			0	0
S105_S019	65322	1510	2.31	108	564.0	252.0	336.712962962963	324.5
S105_S017	52180	1197	2.29	85	590.0	265.0	340.576470588235	339.0
S105_S136	48746	0	0.00	0			0	0
S105_S144	68345	0	0.00	0			0	0
S105_S143	48115	0	0.00	0			0	0
S105_S110	54256	0	0.00	0			0	0
S105_S010	51666	1306	2.53	94	589.0	257.0	336.329787234043	323
S105_S050	60879	883	1.45	60	642.0	273.0	350.216666666667	340
S105_S139	41492	0	0.00	0			0	0
S105_S014	51185	1377	2.69	98	534.0	250.0	339.397959183673	338
S105_S004	52860	1496	2.83	106	540.0	263.0	339.339622641509	335
S105_S078	67378	1606	2.38	110	675.0	261.0	350.390909090909	337.5
S105_S033	101385	1324	1.31	92	571.0	259.0	343.402173913043	335
S105_S074	64702	180	0.28	13	536.0	264.0	327.769230769231	298.0
S105_S111	87439	0	0.00	0			0	0
S105_S016	52210	1153	2.21	83	540.0	262.0	335.493975903614	332.0
S105_S104	57285	0	0.00	0			0	0
S105_S003	51602	1206	2.34	85	521.0	266.0	343.058823529412	342.0
S105_S068	32988	0	0.00	0			0	0
S105_S001	50952	1188	2.33	84	534.0	260.0	342.797619047619	341.5
S105_S102	62871	0	0.00	0			0	0
S105_S002	77744	1458	1.88	103	498.0	268.0	338.252427184466	337.0
S105_S022	47920	1399	2.92	100	591.0	255.0	339.57	335.5
S105_S046	77130	275	0.36	21	443.0	258.0	305.571428571429	291.0
S105_S077	61568	1581	2.57	110	675.0	250.0	346.627272727273	337
S105_S089	73595	1087	1.48	78	542.0	264.0	339.141025641026	335.5
S105_S095	30539	0	0.00	0			0	0
S105_S052	62797	1740	2.77	118	634.0	256.0	353.440677966102	337
S105_S011	52016	1425	2.74	104	581.0	250.0	331.894230769231	310
S105_S048	51800	0	0.00	0			0	0
S105_S007	50971	1437	2.82	102	581.0	253.0	340.93137254902	334
S105_S012	51783	1036	2.00	73	539.0	253.0	345.082191780822	342.0
S105_S060	74407	136	0.18	10	483.0	266.0	324.2	296
S105_S026	104629	903	0.86	63	612.0	250.0	332.793650793651	321.0
S105_S093	80140	144	0.18	11	438.0	276.0	306.272727272727	286.0
S105_S070	50626	0	0.00	0			0	0
S069_S092	85898	0	0.00	0			0	0
S069_S066	109832	0	0.00	0			0	0
S069_S075	92148	0	0.00	0			0	0
S069_S065	99479	0	0.00	0			0	0
S069_S099	100266	0	0.00	0			0	0
S069_S059	69630	0	0.00	0			0	0
S069_S130	111434	0	0.00	0			0	0
S069_S126	100799	0	0.00	0			0	0
S069_S051	95149	0	0.00	0			0	0
S069_S064	79333	0	0.00	0			0	0
S069_S134	111529	0	0.00	0			0	0
S069_S056	87851	0	0.00	0			0	0
S069_S140	71148	0	0.00	0			0	0
S069_S114	82337	0	0.00	0			0	0
S069_S049	88019	0	0.00	0			0	0
S069_S128	91935	0	0.00	0			0	0
S069_S036	70661	0	0.00	0			0	0
S069_S112	100791	0	0.00	0			0	0
S069_S045	72980	0	0.00	0			0	0
S069_S058	104416	0	0.00	0			0	0
S069_S057	109485	0	0.00	0			0	0
S069_S113	90645	0	0.00	0			0	0
S069_S013	85112	0	0.00	0			0	0
S069_S038	124645	0	0.00	0			0	0
S069_S119	101045	0	0.00	0			0	0
S069_S043	116669	0	0.00	0			0	0
S069_S120	94526	0	0.00	0			0	0
S069_S135	99253	0	0.00	0			0	0
S069_S020	83951	0	0.00	0			0	0
S069_S053	85656	0	0.00	0			0	0
S069_S094	72348	0	0.00	0			0	0
S069_S145	83031	0	0.00	0			0	0
S069_S081	94350	0	0.00	0			0	0
S069_S124	120767	0	0.00	0			0	0
S069_S061	101448	0	0.00	0			0	0
S069_S129	78392	0	0.00	0			0	0
S069_S127	93639	0	0.00	0			0	0
S069_S079	83758	0	0.00	0			0	0
S069_S019	97436	0	0.00	0			0	0
S069_S017	84294	0	0.00	0			0	0
S069_S136	80860	0	0.00	0			0	0
S069_S144	100459	3034	3.02	186	831.0	269.0	389.193548387097	355.5
S069_S143	80229	4754	5.93	278	1344.0	255.0	415.05035971223	381
S069_S110	86370	0	0.00	0			0	0
S069_S010	83780	0	0.00	0			0	0
S069_S050	92993	0	0.00	0			0	0
S069_S139	73606	0	0.00	0			0	0
S069_S014	83299	0	0.00	0			0	0
S069_S004	84974	0	0.00	0			0	0
S069_S078	99492	0	0.00	0			0	0
S069_S033	133499	0	0.00	0			0	0
S069_S074	96816	0	0.00	0			0	0
S069_S111	119553	0	0.00	0			0	0
S069_S016	84324	0	0.00	0			0	0
S069_S104	89399	0	0.00	0			0	0
S069_S003	83716	0	0.00	0			0	0
S069_S068	65102	0	0.00	0			0	0
S069_S001	83066	0	0.00	0			0	0
S069_S102	94985	12	0.01	1	276.0	276.0	276	276.0
S069_S002	109858	0	0.00	0			0	0
S069_S022	80034	0	0.00	0			0	0
S069_S046	109244	0	0.00	0			0	0
S069_S077	93682	0	0.00	0			0	0
S069_S089	105709	0	0.00	0			0	0
S069_S095	62653	0	0.00	0			0	0
S069_S052	94911	0	0.00	0			0	0
S069_S011	84130	0	0.00	0			0	0
S069_S048	83914	0	0.00	0			0	0
S069_S007	83085	0	0.00	0			0	0
S069_S012	83897	0	0.00	0			0	0
S069_S060	106521	0	0.00	0			0	0
S069_S026	136743	0	0.00	0			0	0
S069_S093	112254	0	0.00	0			0	0
S069_S070	82740	0	0.00	0			0	0
S092_S066	81900	0	0.00	0			0	0
S092_S075	64216	0	0.00	0			0	0
S092_S065	71547	0	0.00	0			0	0
S092_S099	72334	0	0.00	0			0	0
S092_S059	41698	0	0.00	0			0	0
S092_S130	83502	0	0.00	0			0	0
S092_S126	72867	24	0.03	2	292.0	286.0	289	289
S092_S051	67217	0	0.00	0			0	0
S092_S064	51401	0	0.00	0			0	0
S092_S134	83597	14	0.02	1	345.0	345.0	345	345.0
S092_S056	59919	0	0.00	0			0	0
S092_S140	43216	3942	9.12	242	993.0	253.0	388.194214876033	345.5
S092_S114	54405	12	0.02	1	271.0	271.0	271	271.0
S092_S049	60087	0	0.00	0			0	0
S092_S128	64003	12	0.02	1	256.0	256.0	256	256.0
S092_S036	42729	0	0.00	0			0	0
S092_S112	72859	14	0.02	1	304.0	304.0	304	304.0
S092_S045	45048	0	0.00	0			0	0
S092_S058	76484	0	0.00	0			0	0
S092_S057	81553	0	0.00	0			0	0
S092_S113	62713	0	0.00	0			0	0
S092_S013	57180	0	0.00	0			0	0
S092_S038	96713	0	0.00	0			0	0
S092_S119	73113	14	0.02	1	342.0	342.0	342	342.0
S092_S043	88737	0	0.00	0			0	0
S092_S120	66594	24	0.04	2	292.0	287.0	289.5	289.5
S092_S135	71321	0	0.00	0			0	0
S092_S020	56019	0	0.00	0			0	0
S092_S053	57724	0	0.00	0			0	0
S092_S094	44416	0	0.00	0			0	0
S092_S145	55099	0	0.00	0			0	0
S092_S081	66418	0	0.00	0			0	0
S092_S124	92835	12	0.01	1	293.0	293.0	293	293.0
S092_S061	73516	0	0.00	0			0	0
S092_S129	50460	86	0.17	7	301.0	266.0	277.142857142857	275.0
S092_S127	65707	12	0.02	1	264.0	264.0	264	264.0
S092_S079	55826	0	0.00	0			0	0
S092_S019	69504	0	0.00	0			0	0
S092_S017	56362	0	0.00	0			0	0
S092_S136	52928	0	0.00	0			0	0
S092_S144	72527	0	0.00	0			0	0
S092_S143	52297	0	0.00	0			0	0
S092_S110	58438	60	0.10	4	516.0	270.0	335.5	278
S092_S010	55848	0	0.00	0			0	0
S092_S050	65061	0	0.00	0			0	0
S092_S139	45674	0	0.00	0			0	0
S092_S014	55367	0	0.00	0			0	0
S092_S004	57042	0	0.00	0			0	0
S092_S078	71560	0	0.00	0			0	0
S092_S033	105567	0	0.00	0			0	0
S092_S074	68884	0	0.00	0			0	0
S092_S111	91621	0	0.00	0			0	0
S092_S016	56392	0	0.00	0			0	0
S092_S104	61467	0	0.00	0			0	0
S092_S003	55784	0	0.00	0			0	0
S092_S068	37170	0	0.00	0			0	0
S092_S001	55134	0	0.00	0			0	0
S092_S102	67053	12	0.02	1	265.0	265.0	265	265.0
S092_S002	81926	0	0.00	0			0	0
S092_S022	52102	0	0.00	0			0	0
S092_S046	81312	0	0.00	0			0	0
S092_S077	65750	0	0.00	0			0	0
S092_S089	77777	0	0.00	0			0	0
S092_S095	34721	0	0.00	0			0	0
S092_S052	66979	0	0.00	0			0	0
S092_S011	56198	0	0.00	0			0	0
S092_S048	55982	0	0.00	0			0	0
S092_S007	55153	0	0.00	0			0	0
S092_S012	55965	0	0.00	0			0	0
S092_S060	78589	0	0.00	0			0	0
S092_S026	108811	0	0.00	0			0	0
S092_S093	84322	0	0.00	0			0	0
S092_S070	54808	0	0.00	0			0	0
S066_S075	88150	0	0.00	0			0	0
S066_S065	95481	0	0.00	0			0	0
S066_S099	96268	0	0.00	0			0	0
S066_S059	65632	0	0.00	0			0	0
S066_S130	107436	313	0.29	21	693.0	251.0	347.095238095238	329.0
S066_S126	96801	1121	1.16	72	753.0	255.0	353.625	329.5
S066_S051	91151	0	0.00	0			0	0
S066_S064	75335	0	0.00	0			0	0
S066_S134	107531	1090	1.01	74	1284.0	254.0	342.5	323
S066_S056	83853	0	0.00	0			0	0
S066_S140	67150	52	0.08	4	331.0	250.0	278.25	266
S066_S114	78339	802	1.02	54	751.0	261.0	342.833333333333	322
S066_S049	84021	0	0.00	0			0	0
S066_S128	87937	1373	1.56	88	1326.0	260.0	356.090909090909	329.5
S066_S036	66663	0	0.00	0			0	0
S066_S112	96793	1026	1.06	69	743.0	262.0	340.420289855072	318.0
S066_S045	68982	0	0.00	0			0	0
S066_S058	100418	0	0.00	0			0	0
S066_S057	105487	0	0.00	0			0	0
S066_S113	86647	1328	1.53	88	1359.0	256.0	346.454545454545	316
S066_S013	81114	0	0.00	0			0	0
S066_S038	120647	0	0.00	0			0	0
S066_S119	97047	1167	1.20	79	760.0	250.0	337.898734177215	313.0
S066_S043	112671	0	0.00	0			0	0
S066_S120	90528	1127	1.24	75	753.0	255.0	343.36	312.0
S066_S135	95255	1064	1.12	71	1253.0	250.0	343.042253521127	310.0
S066_S020	79953	0	0.00	0			0	0
S066_S053	81658	0	0.00	0			0	0
S066_S094	68350	0	0.00	0			0	0
S066_S145	79033	9766	12.36	450	4035.0	250.0	508.468888888889	425
S066_S081	90352	0	0.00	0			0	0
S066_S124	116769	986	0.84	65	797.0	252.0	343.815384615385	321.0
S066_S061	97450	0	0.00	0			0	0
S066_S129	74394	14	0.02	1	328.0	328.0	328	328.0
S066_S127	89641	15820	17.65	539	5643.0	254.0	694.669758812616	483.0
S066_S079	79760	0	0.00	0			0	0
S066_S019	93438	0	0.00	0			0	0
S066_S017	80296	0	0.00	0			0	0
S066_S136	76862	717	0.93	47	1100.0	262.0	353.276595744681	330.0
S066_S144	96461	0	0.00	0			0	0
S066_S143	76231	0	0.00	0			0	0
S066_S110	82372	26	0.03	2	322.0	286.0	304	304
S066_S010	79782	0	0.00	0			0	0
S066_S050	88995	0	0.00	0			0	0
S066_S139	69608	4329	6.22	180	2160.0	251.0	562.938888888889	454.5
S066_S014	79301	0	0.00	0			0	0
S066_S004	80976	0	0.00	0			0	0
S066_S078	95494	0	0.00	0			0	0
S066_S033	129501	0	0.00	0			0	0
S066_S074	92818	0	0.00	0			0	0
S066_S111	115555	26	0.02	2	333.0	292.0	312.5	312.5
S066_S016	80326	0	0.00	0			0	0
S066_S104	85401	267	0.31	19	484.0	252.0	328.894736842105	327.0
S066_S003	79718	0	0.00	0			0	0
S066_S068	61104	0	0.00	0			0	0
S066_S001	79068	0	0.00	0			0	0
S066_S102	90987	1426	1.57	98	761.0	253.0	335.244897959184	310
S066_S002	105860	0	0.00	0			0	0
S066_S022	76036	0	0.00	0			0	0
S066_S046	105246	0	0.00	0			0	0
S066_S077	89684	0	0.00	0			0	0
S066_S089	101711	0	0.00	0			0	0
S066_S095	58655	0	0.00	0			0	0
S066_S052	90913	0	0.00	0			0	0
S066_S011	80132	0	0.00	0			0	0
S066_S048	79916	0	0.00	0			0	0
S066_S007	79087	0	0.00	0			0	0
S066_S012	79899	0	0.00	0			0	0
S066_S060	102523	0	0.00	0			0	0
S066_S026	132745	0	0.00	0			0	0
S066_S093	108256	0	0.00	0			0	0
S066_S070	78742	0	0.00	0			0	0
S075_S065	77797	0	0.00	0			0	0
S075_S099	78584	0	0.00	0			0	0
S075_S059	47948	0	0.00	0			0	0
S075_S130	89752	3759	4.19	237	1212.0	250.0	380.632911392405	340.0
S075_S126	79117	20557	25.98	453	7534.0	254.0	1082.12803532009	677.0
S075_S051	73467	0	0.00	0			0	0
S075_S064	57651	0	0.00	0			0	0
S075_S134	89847	22822	25.40	488	7177.0	252.0	1129.93647540984	679
S075_S056	66169	0	0.00	0			0	0
S075_S140	49466	54	0.11	3	496.0	297.0	373.666666666667	328.0
S075_S114	60655	13972	23.04	633	2579.0	254.0	542.865718799368	462.0
S075_S049	66337	0	0.00	0			0	0
S075_S128	70253	14659	20.87	551	5280.0	250.0	634.588021778584	475.0
S075_S036	48979	0	0.00	0			0	0
S075_S112	79109	5702	7.21	340	1208.0	250.0	394.182352941176	348
S075_S045	51298	0	0.00	0			0	0
S075_S058	82734	0	0.00	0			0	0
S075_S057	87803	0	0.00	0			0	0
S075_S113	68963	17609	25.53	619	3970.0	256.0	692.516962843296	528.0
S075_S013	63430	0	0.00	0			0	0
S075_S038	102963	0	0.00	0			0	0
S075_S119	79363	20452	25.77	527	6343.0	267.0	938.84440227704	658.0
S075_S043	94987	0	0.00	0			0	0
S075_S120	72844	19059	26.16	442	6410.0	255.0	1028.43212669683	654
S075_S135	77571	21012	27.09	362	11209.0	258.0	1385.20994475138	753.5
S075_S020	62269	0	0.00	0			0	0
S075_S053	63974	0	0.00	0			0	0
S075_S094	50666	0	0.00	0			0	0
S075_S145	61349	427	0.70	29	560.0	258.0	336.724137931034	330.0
S075_S081	72668	0	0.00	0			0	0
S075_S124	99085	20160	20.35	573	4631.0	259.0	831.446771378709	610.0
S075_S061	79766	0	0.00	0			0	0
S075_S129	56710	42	0.07	3	295.0	251.0	272	270.0
S075_S127	71957	554	0.77	39	606.0	251.0	324.051282051282	313.0
S075_S079	62076	0	0.00	0			0	0
S075_S019	75754	0	0.00	0			0	0
S075_S017	62612	0	0.00	0			0	0
S075_S136	59178	12338	20.85	565	3423.0	258.0	537.500884955752	444.0
S075_S144	78777	0	0.00	0			0	0
S075_S143	58547	0	0.00	0			0	0
S075_S110	64688	38	0.06	3	286.0	251.0	271	276.0
S075_S010	62098	0	0.00	0			0	0
S075_S050	71311	0	0.00	0			0	0
S075_S139	51924	265	0.51	19	478.0	250.0	312.210526315789	275.0
S075_S014	61617	0	0.00	0			0	0
S075_S004	63292	0	0.00	0			0	0
S075_S078	77810	0	0.00	0			0	0
S075_S033	111817	0	0.00	0			0	0
S075_S074	75134	0	0.00	0			0	0
S075_S111	97871	790	0.81	56	545.0	277.0	354.303571428571	339.5
S075_S016	62642	0	0.00	0			0	0
S075_S104	67717	942	1.39	66	546.0	267.0	344.909090909091	326.5
S075_S003	62034	0	0.00	0			0	0
S075_S068	43420	0	0.00	0			0	0
S075_S001	61384	0	0.00	0			0	0
S075_S102	73303	19137	26.11	552	6802.0	260.0	833	563.5
S075_S002	88176	0	0.00	0			0	0
S075_S022	58352	0	0.00	0			0	0
S075_S046	87562	0	0.00	0			0	0
S075_S077	72000	0	0.00	0			0	0
S075_S089	84027	0	0.00	0			0	0
S075_S095	40971	0	0.00	0			0	0
S075_S052	73229	0	0.00	0			0	0
S075_S011	62448	0	0.00	0			0	0
S075_S048	62232	0	0.00	0			0	0
S075_S007	61403	0	0.00	0			0	0
S075_S012	62215	0	0.00	0			0	0
S075_S060	84839	0	0.00	0			0	0
S075_S026	115061	0	0.00	0			0	0
S075_S093	90572	0	0.00	0			0	0
S075_S070	61058	0	0.00	0			0	0
S065_S099	85915	0	0.00	0			0	0
S065_S059	55279	0	0.00	0			0	0
S065_S130	97083	12	0.01	1	281.0	281.0	281	281.0
S065_S126	86448	24	0.03	2	261.0	253.0	257	257
S065_S051	80798	0	0.00	0			0	0
S065_S064	64982	0	0.00	0			0	0
S065_S134	97178	12	0.01	1	280.0	280.0	280	280.0
S065_S056	73500	0	0.00	0			0	0
S065_S140	56797	108	0.19	8	438.0	250.0	296.5	273
S065_S114	67986	0	0.00	0			0	0
S065_S049	73668	0	0.00	0			0	0
S065_S128	77584	36	0.05	3	281.0	256.0	268	267.0
S065_S036	56310	0	0.00	0			0	0
S065_S112	86440	24	0.03	2	272.0	264.0	268	268
S065_S045	58629	0	0.00	0			0	0
S065_S058	90065	0	0.00	0			0	0
S065_S057	95134	0	0.00	0			0	0
S065_S113	76294	14	0.02	1	266.0	266.0	266	266.0
S065_S013	70761	0	0.00	0			0	0
S065_S038	110294	0	0.00	0			0	0
S065_S119	86694	12	0.01	1	255.0	255.0	255	255.0
S065_S043	102318	0	0.00	0			0	0
S065_S120	80175	12	0.01	1	258.0	258.0	258	258.0
S065_S135	84902	24	0.03	2	277.0	253.0	265	265
S065_S020	69600	0	0.00	0			0	0
S065_S053	71305	0	0.00	0			0	0
S065_S094	57997	0	0.00	0			0	0
S065_S145	68680	12	0.02	1	253.0	253.0	253	253.0
S065_S081	79999	0	0.00	0			0	0
S065_S124	106416	12	0.01	1	253.0	253.0	253	253.0
S065_S061	87097	0	0.00	0			0	0
S065_S129	64041	176	0.27	13	348.0	255.0	289.923076923077	282.0
S065_S127	79288	0	0.00	0			0	0
S065_S079	69407	0	0.00	0			0	0
S065_S019	83085	0	0.00	0			0	0
S065_S017	69943	0	0.00	0			0	0
S065_S136	66509	0	0.00	0			0	0
S065_S144	86108	0	0.00	0			0	0
S065_S143	65878	0	0.00	0			0	0
S065_S110	72019	88	0.12	7	334.0	254.0	281.714285714286	279.0
S065_S010	69429	0	0.00	0			0	0
S065_S050	78642	0	0.00	0			0	0
S065_S139	59255	0	0.00	0			0	0
S065_S014	68948	0	0.00	0			0	0
S065_S004	70623	0	0.00	0			0	0
S065_S078	85141	0	0.00	0			0	0
S065_S033	119148	0	0.00	0			0	0
S065_S074	82465	0	0.00	0			0	0
S065_S111	105202	0	0.00	0			0	0
S065_S016	69973	0	0.00	0			0	0
S065_S104	75048	0	0.00	0			0	0
S065_S003	69365	0	0.00	0			0	0
S065_S068	50751	0	0.00	0			0	0
S065_S001	68715	0	0.00	0			0	0
S065_S102	80634	36	0.04	3	281.0	252.0	262.666666666667	255.0
S065_S002	95507	0	0.00	0			0	0
S065_S022	65683	0	0.00	0			0	0
S065_S046	94893	0	0.00	0			0	0
S065_S077	79331	0	0.00	0			0	0
S065_S089	91358	0	0.00	0			0	0
S065_S095	48302	0	0.00	0			0	0
S065_S052	80560	0	0.00	0			0	0
S065_S011	69779	0	0.00	0			0	0
S065_S048	69563	0	0.00	0			0	0
S065_S007	68734	0	0.00	0			0	0
S065_S012	69546	0	0.00	0			0	0
S065_S060	92170	0	0.00	0			0	0
S065_S026	122392	0	0.00	0			0	0
S065_S093	97903	0	0.00	0			0	0
S065_S070	68389	0	0.00	0			0	0
S099_S059	56066	0	0.00	0			0	0
S099_S130	97870	7071	7.22	418	1404.0	259.0	406.50956937799	370.5
S099_S126	87235	23883	27.38	627	8455.0	255.0	901.77990430622	638.0
S099_S051	81585	0	0.00	0			0	0
S099_S064	65769	0	0.00	0			0	0
S099_S134	97965	25197	25.72	645	8583.0	252.0	932.322480620155	663.0
S099_S056	74287	0	0.00	0			0	0
S099_S140	57584	70	0.12	5	351.0	255.0	297.4	290.0
S099_S114	68773	21872	31.80	749	3372.0	258.0	706.692923898531	558.0
S099_S049	74455	0	0.00	0			0	0
S099_S128	78371	20200	25.77	637	7546.0	251.0	751.098901098901	539.0
S099_S036	57097	0	0.00	0			0	0
S099_S112	87227	9075	10.40	494	2546.0	250.0	427.186234817814	377
S099_S045	59416	0	0.00	0			0	0
S099_S058	90852	0	0.00	0			0	0
S099_S057	95921	0	0.00	0			0	0
S099_S113	77081	25871	33.56	560	8052.0	255.0	1110.53214285714	782.5
S099_S013	71548	0	0.00	0			0	0
S099_S038	111081	0	0.00	0			0	0
S099_S119	87481	23492	26.85	680	8310.0	253.0	824.488235294118	598
S099_S043	103105	0	0.00	0			0	0
S099_S120	80962	22222	27.45	601	7852.0	250.0	874.272878535774	618.0
S099_S135	85689	24307	28.37	536	11157.0	251.0	1072.52611940299	677.5
S099_S020	70387	0	0.00	0			0	0
S099_S053	72092	0	0.00	0			0	0
S099_S094	58784	0	0.00	0			0	0
S099_S145	69467	696	1.00	50	682.0	251.0	319.14	301
S099_S081	80786	0	0.00	0			0	0
S099_S124	107203	23721	22.13	740	6851.0	250.0	757.321621621622	559.5
S099_S061	87884	0	0.00	0			0	0
S099_S129	64828	54	0.08	4	329.0	285.0	298	289
S099_S127	80075	947	1.18	65	777.0	254.0	334.261538461538	305.0
S099_S079	70194	0	0.00	0			0	0
S099_S019	83872	0	0.00	0			0	0
S099_S017	70730	0	0.00	0			0	0
S099_S136	67296	19861	29.51	695	3076.0	253.0	689.70071942446	537.0
S099_S144	86895	0	0.00	0			0	0
S099_S143	66665	0	0.00	0			0	0
S099_S110	72806	12	0.02	1	259.0	259.0	259	259.0
S099_S010	70216	0	0.00	0			0	0
S099_S050	79429	0	0.00	0			0	0
S099_S139	60042	236	0.39	17	432.0	257.0	313	304.0
S099_S014	69735	0	0.00	0			0	0
S099_S004	71410	0	0.00	0			0	0
S099_S078	85928	0	0.00	0			0	0
S099_S033	119935	0	0.00	0			0	0
S099_S074	83252	0	0.00	0			0	0
S099_S111	105989	2049	1.93	133	642.0	270.0	375.902255639098	345.0
S099_S016	70760	0	0.00	0			0	0
S099_S104	75835	1840	2.43	124	778.0	268.0	356.612903225806	338.5
S099_S003	70152	0	0.00	0			0	0
S099_S068	51538	0	0.00	0			0	0
S099_S001	69502	0	0.00	0			0	0
S099_S102	81421	28976	35.59	427	24380.0	250.0	1625.96721311475	766.0
S099_S002	96294	0	0.00	0			0	0
S099_S022	66470	0	0.00	0			0	0
S099_S046	95680	0	0.00	0			0	0
S099_S077	80118	0	0.00	0			0	0
S099_S089	92145	0	0.00	0			0	0
S099_S095	49089	0	0.00	0			0	0
S099_S052	81347	0	0.00	0			0	0
S099_S011	70566	0	0.00	0			0	0
S099_S048	70350	0	0.00	0			0	0
S099_S007	69521	0	0.00	0			0	0
S099_S012	70333	0	0.00	0			0	0
S099_S060	92957	0	0.00	0			0	0
S099_S026	123179	0	0.00	0			0	0
S099_S093	98690	0	0.00	0			0	0
S099_S070	69176	0	0.00	0			0	0
S059_S130	67234	170	0.25	11	540.0	268.0	371.454545454545	342.0
S059_S126	56599	670	1.18	45	631.0	262.0	355.355555555556	338.0
S059_S051	50949	0	0.00	0			0	0
S059_S064	35133	0	0.00	0			0	0
S059_S134	67329	696	1.03	44	733.0	261.0	378.613636363636	343.5
S059_S056	43651	0	0.00	0			0	0
S059_S140	26948	0	0.00	0			0	0
S059_S114	38137	526	1.38	35	591.0	264.0	360.4	331.0
S059_S049	43819	0	0.00	0			0	0
S059_S128	47735	684	1.43	42	669.0	268.0	388.380952380952	360.5
S059_S036	26461	0	0.00	0			0	0
S059_S112	56591	630	1.11	41	715.0	250.0	365.024390243902	339.0
S059_S045	28780	0	0.00	0			0	0
S059_S058	60216	0	0.00	0			0	0
S059_S057	65285	0	0.00	0			0	0
S059_S113	46445	790	1.70	50	617.0	261.0	377.64	350.5
S059_S013	40912	0	0.00	0			0	0
S059_S038	80445	0	0.00	0			0	0
S059_S119	56845	684	1.20	46	584.0	269.0	355.108695652174	330
S059_S043	72469	0	0.00	0			0	0
S059_S120	50326	542	1.08	36	636.0	266.0	358.611111111111	339.5
S059_S135	55053	617	1.12	38	629.0	270.0	387.447368421053	364
S059_S020	39751	0	0.00	0			0	0
S059_S053	41456	0	0.00	0			0	0
S059_S094	28148	0	0.00	0			0	0
S059_S145	38831	84	0.22	6	375.0	268.0	323.666666666667	332.5
S059_S081	50150	0	0.00	0			0	0
S059_S124	76567	568	0.74	38	575.0	266.0	356.394736842105	338
S059_S061	57248	0	0.00	0			0	0
S059_S129	34192	0	0.00	0			0	0
S059_S127	49439	136	0.28	10	381.0	271.0	320.8	325.5
S059_S079	39558	0	0.00	0			0	0
S059_S019	53236	0	0.00	0			0	0
S059_S017	40094	0	0.00	0			0	0
S059_S136	36660	468	1.28	30	589.0	268.0	374.4	344
S059_S144	56259	0	0.00	0			0	0
S059_S143	36029	0	0.00	0			0	0
S059_S110	42170	0	0.00	0			0	0
S059_S010	39580	0	0.00	0			0	0
S059_S050	48793	0	0.00	0			0	0
S059_S139	29406	51	0.17	4	334.0	260.0	302.25	307.5
S059_S014	39099	0	0.00	0			0	0
S059_S004	40774	0	0.00	0			0	0
S059_S078	55292	0	0.00	0			0	0
S059_S033	89299	0	0.00	0			0	0
S059_S074	52616	0	0.00	0			0	0
S059_S111	75353	44	0.06	3	437.0	291.0	353.333333333333	332.0
S059_S016	40124	0	0.00	0			0	0
S059_S104	45199	116	0.26	8	590.0	275.0	352.5	337.5
S059_S003	39516	0	0.00	0			0	0
S059_S068	20902	0	0.00	0			0	0
S059_S001	38866	0	0.00	0			0	0
S059_S102	50785	726	1.43	46	807.0	259.0	376.04347826087	357.5
S059_S002	65658	0	0.00	0			0	0
S059_S022	35834	0	0.00	0			0	0
S059_S046	65044	0	0.00	0			0	0
S059_S077	49482	0	0.00	0			0	0
S059_S089	61509	0	0.00	0			0	0
S059_S095	18453	0	0.00	0			0	0
S059_S052	50711	0	0.00	0			0	0
S059_S011	39930	0	0.00	0			0	0
S059_S048	39714	0	0.00	0			0	0
S059_S007	38885	0	0.00	0			0	0
S059_S012	39697	0	0.00	0			0	0
S059_S060	62321	0	0.00	0			0	0
S059_S026	92543	0	0.00	0			0	0
S059_S093	68054	0	0.00	0			0	0
S059_S070	38540	0	0.00	0			0	0
S130_S126	98403	0	0.00	0			0	0
S130_S051	92753	6616	7.13	393	1406.0	250.0	406.59796437659	362.0
S130_S064	76937	1918	2.49	119	1064.0	280.0	393.647058823529	346.0
S130_S134	109133	0	0.00	0			0	0
S130_S056	85455	708	0.83	47	634.0	271.0	360.63829787234	334.0
S130_S140	68752	0	0.00	0			0	0
S130_S114	79941	0	0.00	0			0	0
S130_S049	85623	6301	7.36	378	1513.0	259.0	403.325396825397	347
S130_S128	89539	0	0.00	0			0	0
S130_S036	68265	0	0.00	0			0	0
S130_S112	98395	0	0.00	0			0	0
S130_S045	70584	0	0.00	0			0	0
S130_S058	102020	6078	5.96	361	1442.0	262.0	404.310249307479	361.0
S130_S057	107089	6824	6.37	404	1313.0	258.0	404.034653465347	345
S130_S113	88249	0	0.00	0			0	0
S130_S013	82716	4000	4.84	245	1209.0	264.0	398.408163265306	372.0
S130_S038	122249	6501	5.32	380	1451.0	253.0	406.755263157895	370.5
S130_S119	98649	0	0.00	0			0	0
S130_S043	114273	6120	5.36	362	1494.0	252.0	402.767955801105	344
S130_S120	92130	0	0.00	0			0	0
S130_S135	96857	0	0.00	0			0	0
S130_S020	81555	3857	4.73	233	1357.0	250.0	400.832618025751	375.0
S130_S053	83260	150	0.18	11	432.0	265.0	323.454545454545	326.0
S130_S094	69952	0	0.00	0			0	0
S130_S145	80635	0	0.00	0			0	0
S130_S081	91954	895	0.97	60	723.0	265.0	358.783333333333	339
S130_S124	118371	0	0.00	0			0	0
S130_S061	99052	198	0.20	15	372.0	272.0	308.2	289.0
S130_S129	75996	0	0.00	0			0	0
S130_S127	91243	0	0.00	0			0	0
S130_S079	81362	0	0.00	0			0	0
S130_S019	95040	4999	5.26	299	1244.0	265.0	403.301003344482	352.0
S130_S017	81898	4128	5.04	254	1309.0	267.0	393.783464566929	345.5
S130_S136	78464	0	0.00	0			0	0
S130_S144	98063	0	0.00	0			0	0
S130_S143	77833	0	0.00	0			0	0
S130_S110	83974	0	0.00	0			0	0
S130_S010	81384	4016	4.93	245	1115.0	268.0	397.302040816327	345.0
S130_S050	90597	1255	1.39	87	688.0	251.0	346	336.0
S130_S139	71210	0	0.00	0			0	0
S130_S014	80903	4210	5.20	254	1310.0	266.0	401.303149606299	346.5
S130_S004	82578	4423	5.36	270	1215.0	260.0	397.411111111111	344
S130_S078	97096	6700	6.90	394	1507.0	254.0	408.10152284264	374.5
S130_S033	131103	5058	3.86	306	1329.0	259.0	393.062091503268	342
S130_S074	94420	176	0.19	13	430.0	273.0	323.076923076923	293.0
S130_S111	117157	0	0.00	0			0	0
S130_S016	81928	3688	4.50	224	1356.0	270.0	399.571428571429	345
S130_S104	87003	0	0.00	0			0	0
S130_S003	81320	4225	5.20	257	1306.0	264.0	398.875486381323	378.0
S130_S068	62706	0	0.00	0			0	0
S130_S001	80670	4439	5.50	271	1363.0	258.0	396.952029520295	345.0
S130_S102	92589	0	0.00	0			0	0
S130_S002	107462	4988	4.64	292	1379.0	264.0	409.109589041096	368.5
S130_S022	77638	4278	5.51	259	1065.0	271.0	401.239382239382	346.0
S130_S046	106848	198	0.19	13	660.0	275.0	357.076923076923	341.0
S130_S077	91286	6404	7.02	383	1397.0	250.0	402.869451697128	372.0
S130_S089	103313	4111	3.98	249	1107.0	261.0	397.465863453815	344.0
S130_S095	60257	0	0.00	0			0	0
S130_S052	92515	6867	7.42	407	1562.0	266.0	409.55773955774	373.0
S130_S011	81734	4369	5.35	264	1352.0	269.0	401.556818181818	346
S130_S048	81518	0	0.00	0			0	0
S130_S007	80689	4395	5.45	263	1254.0	268.0	404.034220532319	365.0
S130_S012	81501	3929	4.82	240	1215.0	255.0	397.558333333333	345
S130_S060	104125	172	0.17	13	381.0	279.0	312.769230769231	295.0
S130_S026	134347	1373	1.02	91	708.0	265.0	353.802197802198	331.0
S130_S093	109858	114	0.10	8	433.0	269.0	332.75	328.5
S130_S070	80344	0	0.00	0			0	0
S126_S051	82118	22577	27.49	638	6501.0	253.0	840.043887147335	598.5
S126_S064	66302	11697	17.64	570	3078.0	272.0	497.191228070175	431
S126_S134	98498	0	0.00	0			0	0
S126_S056	74820	3159	4.22	202	782.0	250.0	366.841584158416	331
S126_S140	58117	0	0.00	0			0	0
S126_S114	69306	0	0.00	0			0	0
S126_S049	74988	22257	29.68	653	6906.0	259.0	816.410413476263	589.0
S126_S128	78904	0	0.00	0			0	0
S126_S036	57630	42	0.07	3	312.0	255.0	283.333333333333	283.0
S126_S112	87760	0	0.00	0			0	0
S126_S045	59949	48	0.08	4	283.0	266.0	272	269.5
S126_S058	91385	21550	23.58	620	6252.0	253.0	818.793548387097	598.5
S126_S057	96454	28842	29.90	355	17406.0	250.0	1922.18873239437	1002.0
S126_S113	77614	0	0.00	0			0	0
S126_S013	72081	19462	27.00	605	5436.0	252.0	776.203305785124	575.0
S126_S038	111614	22991	20.60	628	6653.0	251.0	853.254777070064	594
S126_S119	88014	0	0.00	0			0	0
S126_S043	103638	21954	21.18	624	6692.0	255.0	825.847756410256	594.5
S126_S120	81495	0	0.00	0			0	0
S126_S135	86222	0	0.00	0			0	0
S126_S020	70920	19029	26.83	617	3304.0	271.0	738.238249594814	579.0
S126_S053	72625	791	1.09	54	716.0	253.0	338	317
S126_S094	59317	0	0.00	0			0	0
S126_S145	70000	0	0.00	0			0	0
S126_S081	81319	3797	4.67	233	1023.0	250.0	381.884120171674	342.0
S126_S124	107736	0	0.00	0			0	0
S126_S061	88417	835	0.94	59	715.0	250.0	322.067796610169	292.0
S126_S129	65361	0	0.00	0			0	0
S126_S127	80608	0	0.00	0			0	0
S126_S079	70727	12	0.02	1	271.0	271.0	271	271.0
S126_S019	84405	21508	25.48	538	5715.0	258.0	952.39405204461	613
S126_S017	71263	19446	27.29	605	3837.0	250.0	768.948760330578	574.0
S126_S136	67829	0	0.00	0			0	0
S126_S144	87428	0	0.00	0			0	0
S126_S143	67198	0	0.00	0			0	0
S126_S110	73339	0	0.00	0			0	0
S126_S010	70749	19119	27.02	535	4329.0	253.0	854.078504672897	581.0
S126_S050	79962	5040	6.30	304	1082.0	251.0	387.953947368421	342
S126_S139	60575	0	0.00	0			0	0
S126_S014	70268	19740	28.09	600	4084.0	255.0	788.333333333333	576
S126_S004	71943	20372	28.32	556	5323.0	251.0	874.642086330935	602.5
S126_S078	86461	23342	27.00	674	5685.0	253.0	821.643916913947	575
S126_S033	120468	22065	18.32	569	6019.0	251.0	910.265377855888	628.0
S126_S074	83785	678	0.81	47	661.0	256.0	332.723404255319	325.0
S126_S111	106522	0	0.00	0			0	0
S126_S016	71293	18564	26.04	624	3458.0	267.0	713.149038461538	563
S126_S104	76368	0	0.00	0			0	0
S126_S003	70685	19527	27.63	613	3965.0	262.0	763.063621533442	539.0
S126_S068	52071	0	0.00	0			0	0
S126_S001	70035	19548	27.91	595	3500.0	265.0	787.354621848739	575.0
S126_S102	81954	0	0.00	0			0	0
S126_S002	96827	22446	23.18	568	6604.0	252.0	931.869718309859	602.5
S126_S022	67003	19501	29.10	608	4900.0	267.0	769.991776315789	565.5
S126_S046	96213	1224	1.27	84	769.0	252.0	334.535714285714	304
S126_S077	80651	22747	28.20	658	5264.0	254.0	820.294832826748	597
S126_S089	92678	19777	21.34	688	3198.0	252.0	684.494186046512	524.5
S126_S095	49622	0	0.00	0			0	0
S126_S052	81880	23333	28.50	671	6021.0	254.0	830.602086438152	586.0
S126_S011	71099	20058	28.21	600	4120.0	254.0	800.45	607.5
S126_S048	70883	0	0.00	0			0	0
S126_S007	70054	20087	28.67	573	4598.0	254.0	838.153577661431	580.0
S126_S012	70866	18690	26.37	654	3454.0	262.0	686.02752293578	533
S126_S060	93490	841	0.90	58	669.0	251.0	330.793103448276	311.5
S126_S026	123712	5103	4.12	301	1193.0	250.0	387.750830564784	340.0
S126_S093	99223	751	0.76	54	588.0	257.0	317.296296296296	294.5
S126_S070	69709	0	0.00	0			0	0
S051_S064	60652	0	0.00	0			0	0
S051_S134	92848	23325	25.12	679	6398.0	251.0	821.375552282769	587.0
S051_S056	69170	0	0.00	0			0	0
S051_S140	52467	112	0.21	8	347.0	250.0	281	270.5
S051_S114	63656	19811	31.12	723	3175.0	269.0	665.676348547718	539.0
S051_S049	69338	0	0.00	0			0	0
S051_S128	73254	19134	26.12	624	6920.0	257.0	728.902243589744	532
S051_S036	51980	0	0.00	0			0	0
S051_S112	82110	8428	10.26	467	1338.0	251.0	421.271948608137	373.0
S051_S045	54299	0	0.00	0			0	0
S051_S058	85735	0	0.00	0			0	0
S051_S057	90804	0	0.00	0			0	0
S051_S113	71964	23966	33.30	602	11861.0	257.0	959.905315614618	669.5
S051_S013	66431	0	0.00	0			0	0
S051_S038	105964	0	0.00	0			0	0
S051_S119	82364	21899	26.59	683	4719.0	250.0	767.948755490483	558.0
S051_S043	97988	0	0.00	0			0	0
S051_S120	75845	21361	28.16	627	6937.0	253.0	808.795853269537	540.0
S051_S135	80572	22380	27.78	559	9177.0	250.0	945.892665474061	592.0
S051_S020	65270	0	0.00	0			0	0
S051_S053	66975	0	0.00	0			0	0
S051_S094	53667	0	0.00	0			0	0
S051_S145	64350	629	0.98	44	723.0	250.0	325.75	307.5
S051_S081	75669	0	0.00	0			0	0
S051_S124	102086	22070	21.62	728	4464.0	250.0	715.986263736264	529
S051_S061	82767	0	0.00	0			0	0
S051_S129	59711	70	0.12	5	334.0	253.0	293.8	299.0
S051_S127	74958	1140	1.52	79	771.0	250.0	331.063291139241	294.0
S051_S079	65077	0	0.00	0			0	0
S051_S019	78755	0	0.00	0			0	0
S051_S017	65613	0	0.00	0			0	0
S051_S136	62179	18406	29.60	694	2996.0	254.0	643.809798270893	509
S051_S144	81778	0	0.00	0			0	0
S051_S143	61548	0	0.00	0			0	0
S051_S110	67689	12	0.02	1	257.0	257.0	257	257.0
S051_S010	65099	0	0.00	0			0	0
S051_S050	74312	0	0.00	0			0	0
S051_S139	54925	291	0.53	22	435.0	251.0	304.136363636364	293.5
S051_S014	64618	0	0.00	0			0	0
S051_S004	66293	0	0.00	0			0	0
S051_S078	80811	0	0.00	0			0	0
S051_S033	114818	0	0.00	0			0	0
S051_S074	78135	0	0.00	0			0	0
S051_S111	100872	2161	2.14	140	690.0	287.0	379.285714285714	347.5
S051_S016	65643	0	0.00	0			0	0
S051_S104	70718	1855	2.62	123	779.0	255.0	361.60162601626	341.0
S051_S003	65035	0	0.00	0			0	0
S051_S068	46421	0	0.00	0			0	0
S051_S001	64385	0	0.00	0			0	0
S051_S102	76304	29688	38.91	143	53576.0	253.0	4995.71328671329	1018.0
S051_S002	91177	0	0.00	0			0	0
S051_S022	61353	0	0.00	0			0	0
S051_S046	90563	0	0.00	0			0	0
S051_S077	75001	0	0.00	0			0	0
S051_S089	87028	0	0.00	0			0	0
S051_S095	43972	0	0.00	0			0	0
S051_S052	76230	0	0.00	0			0	0
S051_S011	65449	0	0.00	0			0	0
S051_S048	65233	0	0.00	0			0	0
S051_S007	64404	0	0.00	0			0	0
S051_S012	65216	0	0.00	0			0	0
S051_S060	87840	0	0.00	0			0	0
S051_S026	118062	0	0.00	0			0	0
S051_S093	93573	0	0.00	0			0	0
S051_S070	64059	0	0.00	0			0	0
S064_S134	77032	12711	16.50	615	2457.0	261.0	505.09918699187	433.0
S064_S056	53354	0	0.00	0			0	0
S064_S140	36651	26	0.07	2	328.0	280.0	304	304
S064_S114	47840	7027	14.69	390	1333.0	280.0	445.038461538462	397.5
S064_S049	53522	0	0.00	0			0	0
S064_S128	57438	7507	13.07	402	1971.0	250.0	453.293532338308	390
S064_S036	36164	0	0.00	0			0	0
S064_S112	66294	2853	4.30	184	1024.0	253.0	372.005434782609	341.5
S064_S045	38483	0	0.00	0			0	0
S064_S058	69919	0	0.00	0			0	0
S064_S057	74988	0	0.00	0			0	0
S064_S113	56148	9515	16.95	505	1851.0	266.0	463.891089108911	397.0
S064_S013	50615	0	0.00	0			0	0
S064_S038	90148	0	0.00	0			0	0
S064_S119	66548	11944	17.95	590	3216.0	268.0	496.020338983051	435
S064_S043	82172	0	0.00	0			0	0
S064_S120	60029	11032	18.38	546	2992.0	265.0	491.276556776557	430
S064_S135	64756	12028	18.57	585	2947.0	271.0	498.020512820513	395.0
S064_S020	49454	0	0.00	0			0	0
S064_S053	51159	0	0.00	0			0	0
S064_S094	37851	0	0.00	0			0	0
S064_S145	48534	264	0.54	19	502.0	273.0	332.105263157895	318.0
S064_S081	59853	0	0.00	0			0	0
S064_S124	86270	11532	13.37	575	3111.0	252.0	480.742608695652	420.0
S064_S061	66951	0	0.00	0			0	0
S064_S129	43895	0	0.00	0			0	0
S064_S127	59142	345	0.58	25	477.0	263.0	327.96	322.0
S064_S079	49261	0	0.00	0			0	0
S064_S019	62939	0	0.00	0			0	0
S064_S017	49797	0	0.00	0			0	0
S064_S136	46363	6339	13.67	361	1462.0	280.0	434.047091412742	396.0
S064_S144	65962	0	0.00	0			0	0
S064_S143	45732	0	0.00	0			0	0
S064_S110	51873	0	0.00	0			0	0
S064_S010	49283	0	0.00	0			0	0
S064_S050	58496	0	0.00	0			0	0
S064_S139	39109	142	0.36	10	381.0	276.0	328.5	334
S064_S014	48802	0	0.00	0			0	0
S064_S004	50477	0	0.00	0			0	0
S064_S078	64995	0	0.00	0			0	0
S064_S033	99002	0	0.00	0			0	0
S064_S074	62319	0	0.00	0			0	0
S064_S111	85056	524	0.62	35	590.0	292.0	370.828571428571	350.0
S064_S016	49827	0	0.00	0			0	0
S064_S104	54902	731	1.33	49	692.0	281.0	370.959183673469	347.0
S064_S003	49219	0	0.00	0			0	0
S064_S068	30605	0	0.00	0			0	0
S064_S001	48569	0	0.00	0			0	0
S064_S102	60488	10738	17.75	552	2957.0	266.0	474.425724637681	394
S064_S002	75361	0	0.00	0			0	0
S064_S022	45537	0	0.00	0			0	0
S064_S046	74747	0	0.00	0			0	0
S064_S077	59185	0	0.00	0			0	0
S064_S089	71212	0	0.00	0			0	0
S064_S095	28156	0	0.00	0			0	0
S064_S052	60414	0	0.00	0			0	0
S064_S011	49633	0	0.00	0			0	0
S064_S048	49417	0	0.00	0			0	0
S064_S007	48588	0	0.00	0			0	0
S064_S012	49400	0	0.00	0			0	0
S064_S060	72024	0	0.00	0			0	0
S064_S026	102246	0	0.00	0			0	0
S064_S093	77757	0	0.00	0			0	0
S064_S070	48243	0	0.00	0			0	0
S134_S056	85550	3143	3.67	202	943.0	251.0	365.861386138614	336.5
S134_S140	68847	0	0.00	0			0	0
S134_S114	80036	0	0.00	0			0	0
S134_S049	85718	24678	28.79	758	4941.0	254.0	792.973614775726	571.5
S134_S128	89634	0	0.00	0			0	0
S134_S036	68360	14	0.02	1	343.0	343.0	343	343.0
S134_S112	98490	0	0.00	0			0	0
S134_S045	70679	26	0.04	2	324.0	270.0	297	297
S134_S058	102115	22596	22.13	681	6088.0	251.0	788.171806167401	571.0
S134_S057	107184	28985	27.04	581	9743.0	251.0	1196.89328743546	759.0
S134_S113	88344	0	0.00	0			0	0
S134_S013	82811	20506	24.76	660	4575.0	252.0	756.259090909091	576
S134_S038	122344	24649	20.15	671	8712.0	251.0	867.488822652757	601.0
S134_S119	98744	0	0.00	0			0	0
S134_S043	114368	22599	19.76	677	5746.0	254.0	790.115214180207	574.0
S134_S120	92225	0	0.00	0			0	0
S134_S135	96952	0	0.00	0			0	0
S134_S020	81650	20039	24.54	660	4122.0	250.0	732.792424242424	542
S134_S053	83355	830	1.00	59	729.0	250.0	335.474576271186	314.0
S134_S094	70047	0	0.00	0			0	0
S134_S145	80730	0	0.00	0			0	0
S134_S081	92049	3743	4.07	230	1331.0	251.0	383.334782608696	339
S134_S124	118466	0	0.00	0			0	0
S134_S061	99147	698	0.70	49	811.0	253.0	333.224489795918	319.0
S134_S129	76091	0	0.00	0			0	0
S134_S127	91338	0	0.00	0			0	0
S134_S079	81457	0	0.00	0			0	0
S134_S019	95135	22925	24.10	599	5718.0	258.0	922.081803005008	611.0
S134_S017	81993	20359	24.83	628	4925.0	251.0	782.363057324841	583.5
S134_S136	78559	0	0.00	0			0	0
S134_S144	98158	0	0.00	0			0	0
S134_S143	77928	0	0.00	0			0	0
S134_S110	84069	0	0.00	0			0	0
S134_S010	81479	20018	24.57	582	5097.0	253.0	830.209621993127	610
S134_S050	90692	4813	5.31	296	952.0	250.0	382.824324324324	342.5
S134_S139	71305	0	0.00	0			0	0
S134_S014	80998	20613	25.45	636	4696.0	252.0	781.092767295597	581.5
S134_S004	82673	21187	25.63	582	4559.0	253.0	876.273195876289	638.5
S134_S078	97191	24375	25.08	691	6782.0	251.0	847.10998552822	602.0
S134_S033	131198	23463	17.88	619	6439.0	250.0	896.678513731826	622.0
S134_S074	94515	672	0.71	47	808.0	250.0	336.340425531915	320.0
S134_S111	117252	0	0.00	0			0	0
S134_S016	82023	19598	23.89	676	3953.0	256.0	698.78550295858	535
S134_S104	87098	0	0.00	0			0	0
S134_S003	81415	20314	24.95	639	4388.0	251.0	768.037558685446	563.0
S134_S068	62801	0	0.00	0			0	0
S134_S001	80765	20775	25.72	666	4231.0	252.0	753.933933933934	574
S134_S102	92684	0	0.00	0			0	0
S134_S002	107557	22872	21.27	596	6070.0	257.0	909.208053691275	615.5
S134_S022	77733	20594	26.49	652	4747.0	255.0	765.423312883436	580.5
S134_S046	106943	1093	1.02	76	867.0	251.0	340.723684210526	303
S134_S077	91381	23875	26.13	706	6581.0	253.0	815.57790368272	598.5
S134_S089	103408	20514	19.84	727	5247.0	250.0	677.12242090784	521.0
S134_S095	60352	0	0.00	0			0	0
S134_S052	92610	26505	28.62	771	7226.0	250.0	836.456549935149	590.0
S134_S011	81829	21083	25.76	641	4739.0	254.0	794.383775351014	588.0
S134_S048	81613	20	0.02	2	312.0	272.0	292	292
S134_S007	80784	21074	26.09	617	4996.0	256.0	823.121555915721	605.0
S134_S012	81596	19526	23.93	677	3309.0	252.0	696.72082717873	541.0
S134_S060	104220	697	0.67	48	814.0	252.0	344.145833333333	327
S134_S026	134442	4706	3.50	286	1371.0	250.0	378.433566433566	336
S134_S093	109953	802	0.73	57	716.0	252.0	329.438596491228	306.0
S134_S070	80439	12	0.01	1	261.0	261.0	261	261.0
S056_S140	45169	98	0.22	7	421.0	254.0	289.428571428571	266.0
S056_S114	56358	2295	4.07	148	771.0	258.0	370.5	344
S056_S049	62040	0	0.00	0			0	0
S056_S128	65956	3493	5.30	223	1023.0	250.0	366.044843049327	334.0
S056_S036	44682	0	0.00	0			0	0
S056_S112	74812	2585	3.46	165	929.0	254.0	366.660606060606	335.0
S056_S045	47001	0	0.00	0			0	0
S056_S058	78437	0	0.00	0			0	0
S056_S057	83506	0	0.00	0			0	0
S056_S113	64666	3441	5.32	220	925.0	251.0	369.518181818182	342.5
S056_S013	59133	0	0.00	0			0	0
S056_S038	98666	0	0.00	0			0	0
S056_S119	75066	3055	4.07	195	859.0	252.0	369.05641025641	330.0
S056_S043	90690	0	0.00	0			0	0
S056_S120	68547	3036	4.43	196	837.0	250.0	363.69387755102	330.5
S056_S135	73274	2986	4.08	194	715.0	254.0	358.670103092784	333.5
S056_S020	57972	0	0.00	0			0	0
S056_S053	59677	0	0.00	0			0	0
S056_S094	46369	0	0.00	0			0	0
S056_S145	57052	338	0.59	24	533.0	253.0	321.5	308
S056_S081	68371	0	0.00	0			0	0
S056_S124	94788	2572	2.71	161	818.0	250.0	372.757763975155	338.0
S056_S061	75469	0	0.00	0			0	0
S056_S129	52413	58	0.11	4	338.0	264.0	308.75	316.5
S056_S127	67660	392	0.58	28	533.0	266.0	326.25	322.5
S056_S079	57779	0	0.00	0			0	0
S056_S019	71457	0	0.00	0			0	0
S056_S017	58315	0	0.00	0			0	0
S056_S136	54881	2223	4.05	144	850.0	258.0	366.027777777778	338
S056_S144	74480	0	0.00	0			0	0
S056_S143	54250	0	0.00	0			0	0
S056_S110	60391	14	0.02	1	263.0	263.0	263	263.0
S056_S010	57801	0	0.00	0			0	0
S056_S050	67014	0	0.00	0			0	0
S056_S139	47627	156	0.33	11	434.0	261.0	323.818181818182	295.0
S056_S014	57320	0	0.00	0			0	0
S056_S004	58995	0	0.00	0			0	0
S056_S078	73513	0	0.00	0			0	0
S056_S033	107520	0	0.00	0			0	0
S056_S074	70837	0	0.00	0			0	0
S056_S111	93574	122	0.13	8	443.0	269.0	367.5	366
S056_S016	58345	0	0.00	0			0	0
S056_S104	63420	692	1.09	49	738.0	253.0	340.836734693878	338.0
S056_S003	57737	0	0.00	0			0	0
S056_S068	39123	0	0.00	0			0	0
S056_S001	57087	0	0.00	0			0	0
S056_S102	69006	3338	4.84	209	931.0	252.0	376.258373205742	339.0
S056_S002	83879	0	0.00	0			0	0
S056_S022	54055	0	0.00	0			0	0
S056_S046	83265	0	0.00	0			0	0
S056_S077	67703	0	0.00	0			0	0
S056_S089	79730	0	0.00	0			0	0
S056_S095	36674	0	0.00	0			0	0
S056_S052	68932	0	0.00	0			0	0
S056_S011	58151	0	0.00	0			0	0
S056_S048	57935	0	0.00	0			0	0
S056_S007	57106	0	0.00	0			0	0
S056_S012	57918	0	0.00	0			0	0
S056_S060	80542	0	0.00	0			0	0
S056_S026	110764	0	0.00	0			0	0
S056_S093	86275	0	0.00	0			0	0
S056_S070	56761	0	0.00	0			0	0
S140_S114	39655	0	0.00	0			0	0
S140_S049	45337	156	0.34	11	434.0	251.0	294.272727272727	273.0
S140_S128	49253	0	0.00	0			0	0
S140_S036	27979	450	1.61	29	555.0	250.0	321.310344827586	307.0
S140_S112	58109	0	0.00	0			0	0
S140_S045	30298	459	1.51	30	517.0	253.0	322.3	299
S140_S058	61734	94	0.15	7	350.0	252.0	275.285714285714	263.0
S140_S057	66803	22	0.03	1	465.0	465.0	465	465.0
S140_S113	47963	0	0.00	0			0	0
S140_S013	42430	54	0.13	4	334.0	257.0	289.5	283.5
S140_S038	81963	14	0.02	1	303.0	303.0	303	303.0
S140_S119	58363	0	0.00	0			0	0
S140_S043	73987	40	0.05	3	297.0	270.0	281	276.0
S140_S120	51844	0	0.00	0			0	0
S140_S135	56571	0	0.00	0			0	0
S140_S020	41269	52	0.13	4	292.0	251.0	268.75	266
S140_S053	42974	58	0.13	4	350.0	251.0	289.75	279
S140_S094	29666	0	0.00	0			0	0
S140_S145	40349	0	0.00	0			0	0
S140_S081	51668	44	0.09	3	469.0	256.0	334	277.0
S140_S124	78085	0	0.00	0			0	0
S140_S061	58766	16	0.03	1	280.0	280.0	280	280.0
S140_S129	35710	0	0.00	0			0	0
S140_S127	50957	0	0.00	0			0	0
S140_S079	41076	417	1.02	30	423.0	252.0	294.533333333333	273.5
S140_S019	54754	80	0.15	6	312.0	253.0	279.5	277
S140_S017	41612	56	0.13	4	316.0	256.0	289	292
S140_S136	38178	0	0.00	0			0	0
S140_S144	57777	0	0.00	0			0	0
S140_S143	37547	0	0.00	0			0	0
S140_S110	43688	0	0.00	0			0	0
S140_S010	41098	148	0.36	10	377.0	256.0	293.8	289
S140_S050	50311	82	0.16	6	363.0	269.0	299.833333333333	289
S140_S139	30924	0	0.00	0			0	0
S140_S014	40617	60	0.15	5	274.0	257.0	266.6	267.0
S140_S004	42292	102	0.24	7	391.0	257.0	297.571428571429	272.0
S140_S078	56810	22	0.04	1	488.0	488.0	488	488.0
S140_S033	90817	30	0.03	2	351.0	338.0	344.5	344.5
S140_S074	54134	0	0.00	0			0	0
S140_S111	76871	0	0.00	0			0	0
S140_S016	41642	12	0.03	1	277.0	277.0	277	277.0
S140_S104	46717	0	0.00	0			0	0
S140_S003	41034	26	0.06	2	278.0	273.0	275.5	275.5
S140_S068	22420	0	0.00	0			0	0
S140_S001	40384	26	0.06	2	318.0	253.0	285.5	285.5
S140_S102	52303	0	0.00	0			0	0
S140_S002	67176	14	0.02	1	294.0	294.0	294	294.0
S140_S022	37352	50	0.13	4	283.0	257.0	268.75	267.5
S140_S046	66562	147	0.22	10	393.0	255.0	297.7	299.5
S140_S077	51000	22	0.04	1	493.0	493.0	493	493.0
S140_S089	63027	30	0.05	2	326.0	307.0	316.5	316.5
S140_S095	19971	0	0.00	0			0	0
S140_S052	52229	68	0.13	5	363.0	253.0	290	270.0
S140_S011	41448	24	0.06	2	276.0	256.0	266	266
S140_S048	41232	0	0.00	0			0	0
S140_S007	40403	16	0.04	1	345.0	345.0	345	345.0
S140_S012	41215	14	0.03	1	322.0	322.0	322	322.0
S140_S060	63839	0	0.00	0			0	0
S140_S026	94061	16	0.02	1	369.0	369.0	369	369.0
S140_S093	69572	26	0.04	2	293.0	251.0	272	272
S140_S070	40058	44	0.11	3	308.0	276.0	287	277.0
S114_S049	56526	20746	36.70	757	3354.0	257.0	672.693527080581	541.0
S114_S128	60442	0	0.00	0			0	0
S114_S036	39168	46	0.12	3	371.0	282.0	313.666666666667	288.0
S114_S112	69298	0	0.00	0			0	0
S114_S045	41487	45	0.11	4	289.0	250.0	272.75	276
S114_S058	72923	19968	27.38	728	3245.0	269.0	661.462912087912	532
S114_S057	77992	18655	23.92	753	2295.0	257.0	592.179282868526	482.0
S114_S113	59152	0	0.00	0			0	0
S114_S013	53619	13237	24.69	603	2092.0	262.0	540.194029850746	471.0
S114_S038	93152	20886	22.42	713	3055.0	258.0	696.757363253857	557.0
S114_S119	69552	0	0.00	0			0	0
S114_S043	85176	19421	22.80	716	3167.0	254.0	650.054469273743	529.5
S114_S120	63033	0	0.00	0			0	0
S114_S135	67760	0	0.00	0			0	0
S114_S020	52458	13155	25.08	625	2056.0	256.0	515.6464	440.0
S114_S053	54163	567	1.05	40	630.0	252.0	333.3	313.5
S114_S094	40855	0	0.00	0			0	0
S114_S145	51538	0	0.00	0			0	0
S114_S081	62857	2771	4.41	171	1131.0	257.0	388.877192982456	346.0
S114_S124	89274	0	0.00	0			0	0
S114_S061	69955	524	0.75	38	669.0	252.0	319.421052631579	291
S114_S129	46899	0	0.00	0			0	0
S114_S127	62146	0	0.00	0			0	0
S114_S079	52265	14	0.03	1	327.0	327.0	327	327.0
S114_S019	65943	15001	22.75	654	2774.0	250.0	558.97247706422	443
S114_S017	52801	13187	24.97	600	2108.0	269.0	538.136666666667	446.5
S114_S136	49367	0	0.00	0			0	0
S114_S144	68966	0	0.00	0			0	0
S114_S143	48736	0	0.00	0			0	0
S114_S110	54877	0	0.00	0			0	0
S114_S010	52287	13164	25.18	598	2061.0	257.0	540.71906354515	448
S114_S050	61500	3685	5.99	233	1038.0	251.0	377.862660944206	344.0
S114_S139	42113	0	0.00	0			0	0
S114_S014	51806	13642	26.33	619	1963.0	272.0	540.663974151858	444.0
S114_S004	53481	14559	27.22	645	2606.0	260.0	553.235658914729	461.0
S114_S078	67999	23697	34.85	755	5290.0	250.0	763.18940397351	589.0
S114_S033	102006	15392	15.09	651	3283.0	261.0	563.116743471582	475.0
S114_S074	65323	378	0.58	26	614.0	251.0	338.115384615385	305
S114_S111	88060	0	0.00	0			0	0
S114_S016	52831	12576	23.80	588	2099.0	269.0	524.392857142857	444
S114_S104	57906	0	0.00	0			0	0
S114_S003	52223	13362	25.59	617	2117.0	265.0	530.235008103728	444.0
S114_S068	33609	0	0.00	0			0	0
S114_S001	51573	13330	25.85	612	2052.0	254.0	533.684640522876	447
S114_S102	63492	0	0.00	0			0	0
S114_S002	78365	15039	19.19	652	2191.0	253.0	552.716257668712	453
S114_S022	48541	13578	27.97	630	2012.0	262.0	530.963492063492	446
S114_S046	77751	941	1.21	66	829.0	253.0	336.378787878788	312
S114_S077	62189	22593	36.33	724	5160.0	259.0	759.422651933702	585
S114_S089	74216	12779	17.22	621	2518.0	259.0	497.452495974235	430.0
S114_S095	31160	0	0.00	0			0	0
S114_S052	63418	22090	34.83	780	3446.0	256.0	693.666666666667	549.5
S114_S011	52637	13799	26.22	618	2528.0	267.0	546.071197411003	445
S114_S048	52421	0	0.00	0			0	0
S114_S007	51592	13732	26.62	608	2198.0	255.0	552.299342105263	478.5
S114_S012	52404	12699	24.23	617	2066.0	252.0	505.805510534846	437.0
S114_S060	75028	522	0.70	37	618.0	255.0	327.945945945946	297.0
S114_S026	105250	3367	3.20	203	1019.0	253.0	381.758620689655	364.0
S114_S093	80761	450	0.56	31	574.0	261.0	337.612903225806	334.0
S114_S070	51247	0	0.00	0			0	0
S049_S128	66124	19291	29.17	649	7119.0	250.0	715.423728813559	535.0
S049_S036	44850	0	0.00	0			0	0
S049_S112	74980	8331	11.11	460	1683.0	251.0	426.665217391304	380
S049_S045	47169	0	0.00	0			0	0
S049_S058	78605	0	0.00	0			0	0
S049_S057	83674	0	0.00	0			0	0
S049_S113	64834	24677	38.06	618	7460.0	253.0	976.550161812298	721.5
S049_S013	59301	0	0.00	0			0	0
S049_S038	98834	0	0.00	0			0	0
S049_S119	75234	22773	30.27	734	6378.0	250.0	760.401907356948	566
S049_S043	90858	0	0.00	0			0	0
S049_S120	68715	20660	30.07	635	6211.0	251.0	778.103937007874	566.0
S049_S135	73442	22447	30.56	585	8773.0	253.0	916.74188034188	593.0
S049_S020	58140	0	0.00	0			0	0
S049_S053	59845	0	0.00	0			0	0
S049_S094	46537	0	0.00	0			0	0
S049_S145	57220	876	1.53	63	663.0	253.0	315.365079365079	298.0
S049_S081	68539	0	0.00	0			0	0
S049_S124	94956	21656	22.81	722	4327.0	253.0	713.801939058172	533
S049_S061	75637	0	0.00	0			0	0
S049_S129	52581	116	0.22	9	317.0	255.0	277.666666666667	268.0
S049_S127	67828	1023	1.51	69	863.0	250.0	339.130434782609	315.0
S049_S079	57947	0	0.00	0			0	0
S049_S019	71625	0	0.00	0			0	0
S049_S017	58483	0	0.00	0			0	0
S049_S136	55049	18454	33.52	690	2683.0	250.0	655.204347826087	539
S049_S144	74648	0	0.00	0			0	0
S049_S143	54418	0	0.00	0			0	0
S049_S110	60559	12	0.02	1	272.0	272.0	272	272.0
S049_S010	57969	0	0.00	0			0	0
S049_S050	67182	0	0.00	0			0	0
S049_S139	47795	392	0.82	29	494.0	253.0	302.551724137931	281.0
S049_S014	57488	0	0.00	0			0	0
S049_S004	59163	0	0.00	0			0	0
S049_S078	73681	0	0.00	0			0	0
S049_S033	107688	0	0.00	0			0	0
S049_S074	71005	0	0.00	0			0	0
S049_S111	93742	2284	2.44	149	692.0	280.0	378.912751677852	349.0
S049_S016	58513	0	0.00	0			0	0
S049_S104	63588	1850	2.91	122	784.0	273.0	366.131147540984	345
S049_S003	57905	0	0.00	0			0	0
S049_S068	39291	0	0.00	0			0	0
S049_S001	57255	0	0.00	0			0	0
S049_S102	69174	30148	43.58	325	22371.0	251.0	2262.00923076923	1080.0
S049_S002	84047	0	0.00	0			0	0
S049_S022	54223	0	0.00	0			0	0
S049_S046	83433	0	0.00	0			0	0
S049_S077	67871	0	0.00	0			0	0
S049_S089	79898	0	0.00	0			0	0
S049_S095	36842	0	0.00	0			0	0
S049_S052	69100	0	0.00	0			0	0
S049_S011	58319	0	0.00	0			0	0
S049_S048	58103	0	0.00	0			0	0
S049_S007	57274	0	0.00	0			0	0
S049_S012	58086	0	0.00	0			0	0
S049_S060	80710	0	0.00	0			0	0
S049_S026	110932	0	0.00	0			0	0
S049_S093	86443	0	0.00	0			0	0
S049_S070	56929	0	0.00	0			0	0
S128_S036	48766	52	0.11	4	286.0	260.0	275.5	278
S128_S112	78896	0	0.00	0			0	0
S128_S045	51085	66	0.13	5	317.0	264.0	291	279.0
S128_S058	82521	18580	22.52	621	7186.0	257.0	705.92270531401	524.0
S128_S057	87590	19685	22.47	685	7112.0	250.0	676.132846715328	483.0
S128_S113	68750	0	0.00	0			0	0
S128_S013	63217	14596	23.09	612	2727.0	252.0	575.22385620915	441
S128_S038	102750	19230	18.72	594	8253.0	252.0	754.693602693603	552
S128_S119	79150	0	0.00	0			0	0
S128_S043	94774	18469	19.49	618	5644.0	251.0	702.234627831715	515
S128_S120	72631	0	0.00	0			0	0
S128_S135	77358	0	0.00	0			0	0
S128_S020	62056	14028	22.61	597	3403.0	251.0	565.050251256281	448.0
S128_S053	63761	898	1.41	62	767.0	255.0	328.290322580645	300.5
S128_S094	50453	0	0.00	0			0	0
S128_S145	61136	0	0.00	0			0	0
S128_S081	72455	3996	5.52	247	1091.0	254.0	380.109311740891	341.0
S128_S124	98872	0	0.00	0			0	0
S128_S061	79553	1072	1.35	73	858.0	253.0	329.72602739726	315.0
S128_S129	56497	0	0.00	0			0	0
S128_S127	71744	0	0.00	0			0	0
S128_S079	61863	16	0.03	1	328.0	328.0	328	328.0
S128_S019	75541	16457	21.79	615	4079.0	252.0	636.443902439024	485.0
S128_S017	62399	14548	23.31	600	4232.0	252.0	581.358333333333	461.5
S128_S136	58965	0	0.00	0			0	0
S128_S144	78564	0	0.00	0			0	0
S128_S143	58334	0	0.00	0			0	0
S128_S110	64475	0	0.00	0			0	0
S128_S010	61885	14588	23.57	558	8378.0	257.0	626.937275985663	476
S128_S050	71098	5107	7.18	303	1263.0	252.0	395.343234323432	365.0
S128_S139	51711	0	0.00	0			0	0
S128_S014	61404	14654	23.86	591	3309.0	250.0	594.651438240271	476.0
S128_S004	63079	15690	24.87	602	3344.0	252.0	623.503322259136	481.5
S128_S078	77597	19599	25.26	658	5488.0	255.0	707.23556231003	532.5
S128_S033	111604	16202	14.52	608	3549.0	253.0	623.141447368421	478
S128_S074	74921	864	1.15	60	750.0	250.0	329.683333333333	302.5
S128_S111	97658	0	0.00	0			0	0
S128_S016	62429	13585	21.76	590	3911.0	257.0	553.335593220339	437.5
S128_S104	67504	0	0.00	0			0	0
S128_S003	61821	14652	23.70	611	4853.0	257.0	575.872340425532	440.0
S128_S068	43207	0	0.00	0			0	0
S128_S001	61171	14742	24.10	616	3033.0	250.0	574.589285714286	443.5
S128_S102	73090	0	0.00	0			0	0
S128_S002	87963	16511	18.77	619	7032.0	250.0	628.392568659128	481.0
S128_S022	58139	14927	25.67	619	3093.0	250.0	580.75928917609	476.0
S128_S046	87349	1252	1.43	82	759.0	251.0	352.280487804878	317.5
S128_S077	71787	19002	26.47	624	4835.0	254.0	723.128205128205	540.5
S128_S089	83814	14097	16.82	626	3105.0	257.0	536.329073482428	437
S128_S095	40758	0	0.00	0			0	0
S128_S052	73016	19802	27.12	646	6293.0	254.0	732.001547987616	553
S128_S011	62235	15045	24.17	607	6296.0	250.0	594.95881383855	473.0
S128_S048	62019	0	0.00	0			0	0
S128_S007	61190	15068	24.62	589	3711.0	251.0	611.918505942275	475.0
S128_S012	62002	13619	21.97	595	3328.0	251.0	551.433613445378	441.0
S128_S060	84626	1042	1.23	71	759.0	252.0	330.802816901408	315.0
S128_S026	114848	5311	4.62	309	1228.0	251.0	394.453074433657	341.0
S128_S093	90359	1088	1.20	76	663.0	253.0	322.486842105263	309
S128_S070	60845	12	0.02	1	275.0	275.0	275	275.0
S036_S112	57622	64	0.11	5	339.0	258.0	285	280.0
S036_S045	29811	0	0.00	0			0	0
S036_S058	61247	0	0.00	0			0	0
S036_S057	66316	0	0.00	0			0	0
S036_S113	47476	56	0.12	4	420.0	250.0	296.5	258
S036_S013	41943	0	0.00	0			0	0
S036_S038	81476	0	0.00	0			0	0
S036_S119	57876	26	0.04	2	296.0	293.0	294.5	294.5
S036_S043	73500	0	0.00	0			0	0
S036_S120	51357	40	0.08	3	311.0	264.0	288	289.0
S036_S135	56084	28	0.05	2	331.0	314.0	322.5	322.5
S036_S020	40782	0	0.00	0			0	0
S036_S053	42487	0	0.00	0			0	0
S036_S094	29179	0	0.00	0			0	0
S036_S145	39862	60	0.15	4	367.0	281.0	306.25	288.5
S036_S081	51181	0	0.00	0			0	0
S036_S124	77598	12	0.02	1	277.0	277.0	277	277.0
S036_S061	58279	0	0.00	0			0	0
S036_S129	35223	6066	17.22	218	4152.0	251.0	672.082568807339	509
S036_S127	50470	24	0.05	2	269.0	264.0	266.5	266.5
S036_S079	40589	0	0.00	0			0	0
S036_S019	54267	0	0.00	0			0	0
S036_S017	41125	0	0.00	0			0	0
S036_S136	37691	40	0.11	3	385.0	250.0	306	283.0
S036_S144	57290	0	0.00	0			0	0
S036_S143	37060	0	0.00	0			0	0
S036_S110	43201	2756	6.38	163	1040.0	250.0	398.006134969325	359.0
S036_S010	40611	0	0.00	0			0	0
S036_S050	49824	0	0.00	0			0	0
S036_S139	30437	92	0.30	5	432.0	303.0	362.2	372.0
S036_S014	40130	0	0.00	0			0	0
S036_S004	41805	0	0.00	0			0	0
S036_S078	56323	0	0.00	0			0	0
S036_S033	90330	0	0.00	0			0	0
S036_S074	53647	0	0.00	0			0	0
S036_S111	76384	0	0.00	0			0	0
S036_S016	41155	0	0.00	0			0	0
S036_S104	46230	0	0.00	0			0	0
S036_S003	40547	0	0.00	0			0	0
S036_S068	21933	0	0.00	0			0	0
S036_S001	39897	0	0.00	0			0	0
S036_S102	51816	28	0.05	2	337.0	278.0	307.5	307.5
S036_S002	66689	0	0.00	0			0	0
S036_S022	36865	0	0.00	0			0	0
S036_S046	66075	0	0.00	0			0	0
S036_S077	50513	0	0.00	0			0	0
S036_S089	62540	0	0.00	0			0	0
S036_S095	19484	0	0.00	0			0	0
S036_S052	51742	0	0.00	0			0	0
S036_S011	40961	0	0.00	0			0	0
S036_S048	40745	0	0.00	0			0	0
S036_S007	39916	0	0.00	0			0	0
S036_S012	40728	0	0.00	0			0	0
S036_S060	63352	0	0.00	0			0	0
S036_S026	93574	0	0.00	0			0	0
S036_S093	69085	0	0.00	0			0	0
S036_S070	39571	0	0.00	0			0	0
S112_S045	59941	12	0.02	1	252.0	252.0	252	252.0
S112_S058	91377	7593	8.31	428	1331.0	252.0	411.665887850467	366
S112_S057	96446	8418	8.73	475	1291.0	250.0	411.962105263158	363.0
S112_S113	77606	0	0.00	0			0	0
S112_S013	72073	6461	8.96	391	1424.0	254.0	389.81074168798	343.0
S112_S038	111606	8010	7.18	439	1177.0	251.0	420.649202733485	372.0
S112_S119	88006	0	0.00	0			0	0
S112_S043	103630	7640	7.37	427	1208.0	254.0	414.526932084309	370.0
S112_S120	81487	0	0.00	0			0	0
S112_S135	86214	0	0.00	0			0	0
S112_S020	70912	5776	8.15	341	1191.0	250.0	398.451612903226	354.0
S112_S053	72617	710	0.98	49	666.0	254.0	332.265306122449	302.0
S112_S094	59309	0	0.00	0			0	0
S112_S145	69992	0	0.00	0			0	0
S112_S081	81311	3112	3.83	193	957.0	252.0	377.336787564767	342.0
S112_S124	107728	0	0.00	0			0	0
S112_S061	88409	633	0.72	44	707.0	256.0	331.068181818182	305.5
S112_S129	65353	0	0.00	0			0	0
S112_S127	80600	0	0.00	0			0	0
S112_S079	70719	56	0.08	4	386.0	253.0	293.75	268
S112_S019	84397	7115	8.43	413	1425.0	252.0	403.934624697337	363.0
S112_S017	71255	5918	8.31	348	1201.0	254.0	399.793103448276	365
S112_S136	67821	0	0.00	0			0	0
S112_S144	87420	0	0.00	0			0	0
S112_S143	67190	0	0.00	0			0	0
S112_S110	73331	0	0.00	0			0	0
S112_S010	70741	6312	8.92	370	1289.0	254.0	401.413513513514	347
S112_S050	79954	4185	5.23	261	895.0	250.0	374.306513409962	338.0
S112_S139	60567	0	0.00	0			0	0
S112_S014	70260	6181	8.80	364	1234.0	251.0	399.434065934066	362
S112_S004	71935	6940	9.65	409	1363.0	251.0	399.092909535452	359.0
S112_S078	86453	8546	9.89	477	1385.0	250.0	417.106918238994	372.0
S112_S033	120460	6502	5.40	372	1073.0	250.0	404.626344086022	361.5
S112_S074	83777	623	0.74	44	702.0	255.0	326.909090909091	300.5
S112_S111	106514	0	0.00	0			0	0
S112_S016	71285	5449	7.64	324	1137.0	255.0	396.175925925926	366
S112_S104	76360	0	0.00	0			0	0
S112_S003	70677	5977	8.46	352	1301.0	250.0	399.03125	358
S112_S068	52063	0	0.00	0			0	0
S112_S001	70027	6121	8.74	359	1349.0	252.0	401.454038997214	357.0
S112_S102	81946	0	0.00	0			0	0
S112_S002	96819	7190	7.43	415	1331.0	254.0	402.373493975904	350.0
S112_S022	66995	6299	9.40	375	1371.0	254.0	396.178666666667	361.0
S112_S046	96205	1070	1.11	75	759.0	251.0	327.96	319.0
S112_S077	80643	8132	10.08	454	1493.0	250.0	418.125550660793	372
S112_S089	92670	5530	5.97	340	1053.0	255.0	382.217647058824	342
S112_S095	49614	0	0.00	0			0	0
S112_S052	81872	8591	10.49	474	1584.0	251.0	425.175105485232	378
S112_S011	71091	6407	9.01	380	1240.0	252.0	397.189473684211	349.5
S112_S048	70875	0	0.00	0			0	0
S112_S007	70046	6273	8.96	364	1332.0	254.0	405.230769230769	361.5
S112_S012	70858	5391	7.61	323	1189.0	255.0	392.969040247678	361.0
S112_S060	93482	702	0.75	48	708.0	252.0	334.791666666667	317
S112_S026	123704	4493	3.63	280	946.0	250.0	368.464285714286	328.5
S112_S093	99215	711	0.72	49	656.0	251.0	329	292.0
S112_S070	69701	0	0.00	0			0	0
S045_S058	63566	0	0.00	0			0	0
S045_S057	68635	0	0.00	0			0	0
S045_S113	49795	97	0.19	8	345.0	264.0	291.375	287.5
S045_S013	44262	0	0.00	0			0	0
S045_S038	83795	0	0.00	0			0	0
S045_S119	60195	43	0.07	4	283.0	256.0	274	278.5
S045_S043	75819	0	0.00	0			0	0
S045_S120	53676	12	0.02	1	281.0	281.0	281	281.0
S045_S135	58403	38	0.07	3	279.0	272.0	275	274.0
S045_S020	43101	0	0.00	0			0	0
S045_S053	44806	0	0.00	0			0	0
S045_S094	31498	0	0.00	0			0	0
S045_S145	42181	40	0.09	3	310.0	259.0	280.666666666667	273.0
S045_S081	53500	0	0.00	0			0	0
S045_S124	79917	24	0.03	2	272.0	272.0	272	272
S045_S061	60598	0	0.00	0			0	0
S045_S129	37542	5458	14.54	279	3591.0	254.0	477.405017921147	424.0
S045_S127	52789	42	0.08	3	265.0	251.0	259	261.0
S045_S079	42908	0	0.00	0			0	0
S045_S019	56586	0	0.00	0			0	0
S045_S017	43444	0	0.00	0			0	0
S045_S136	40010	69	0.17	5	444.0	266.0	314.8	290.0
S045_S144	59609	0	0.00	0			0	0
S045_S143	39379	0	0.00	0			0	0
S045_S110	45520	4741	10.42	252	1449.0	253.0	456.492063492063	394.5
S045_S010	42930	0	0.00	0			0	0
S045_S050	52143	0	0.00	0			0	0
S045_S139	32756	134	0.41	9	345.0	252.0	301	305.0
S045_S014	42449	0	0.00	0			0	0
S045_S004	44124	0	0.00	0			0	0
S045_S078	58642	0	0.00	0			0	0
S045_S033	92649	0	0.00	0			0	0
S045_S074	55966	0	0.00	0			0	0
S045_S111	78703	0	0.00	0			0	0
S045_S016	43474	0	0.00	0			0	0
S045_S104	48549	12	0.02	1	264.0	264.0	264	264.0
S045_S003	42866	0	0.00	0			0	0
S045_S068	24252	0	0.00	0			0	0
S045_S001	42216	0	0.00	0			0	0
S045_S102	54135	26	0.05	2	287.0	273.0	280	280
S045_S002	69008	0	0.00	0			0	0
S045_S022	39184	0	0.00	0			0	0
S045_S046	68394	0	0.00	0			0	0
S045_S077	52832	0	0.00	0			0	0
S045_S089	64859	0	0.00	0			0	0
S045_S095	21803	0	0.00	0			0	0
S045_S052	54061	0	0.00	0			0	0
S045_S011	43280	0	0.00	0			0	0
S045_S048	43064	0	0.00	0			0	0
S045_S007	42235	0	0.00	0			0	0
S045_S012	43047	0	0.00	0			0	0
S045_S060	65671	0	0.00	0			0	0
S045_S026	95893	0	0.00	0			0	0
S045_S093	71404	0	0.00	0			0	0
S045_S070	41890	0	0.00	0			0	0
S058_S057	100071	0	0.00	0			0	0
S058_S113	81231	23004	28.32	594	11046.0	252.0	927.419191919192	634
S058_S013	75698	0	0.00	0			0	0
S058_S038	115231	0	0.00	0			0	0
S058_S119	91631	20941	22.85	673	4829.0	250.0	740.482912332838	547.0
S058_S043	107255	0	0.00	0			0	0
S058_S120	85112	19536	22.95	579	6613.0	255.0	791.701208981002	563.0
S058_S135	89839	22307	24.83	554	9410.0	260.0	948.332129963899	620.5
S058_S020	74537	0	0.00	0			0	0
S058_S053	76242	0	0.00	0			0	0
S058_S094	62934	0	0.00	0			0	0
S058_S145	73617	490	0.67	35	666.0	250.0	319.114285714286	303.0
S058_S081	84936	0	0.00	0			0	0
S058_S124	111353	20934	18.80	705	4131.0	253.0	697.296453900709	521.0
S058_S061	92034	0	0.00	0			0	0
S058_S129	68978	40	0.06	3	276.0	253.0	262	257.0
S058_S127	84225	900	1.07	60	767.0	254.0	343.433333333333	316.5
S058_S079	74344	0	0.00	0			0	0
S058_S019	88022	0	0.00	0			0	0
S058_S017	74880	0	0.00	0			0	0
S058_S136	71446	17886	25.03	682	2836.0	250.0	631.504398826979	489.5
S058_S144	91045	0	0.00	0			0	0
S058_S143	70815	0	0.00	0			0	0
S058_S110	76956	24	0.03	2	280.0	262.0	271	271
S058_S010	74366	0	0.00	0			0	0
S058_S050	83579	0	0.00	0			0	0
S058_S139	64192	254	0.40	19	443.0	252.0	298.578947368421	287.0
S058_S014	73885	0	0.00	0			0	0
S058_S004	75560	0	0.00	0			0	0
S058_S078	90078	0	0.00	0			0	0
S058_S033	124085	0	0.00	0			0	0
S058_S074	87402	0	0.00	0			0	0
S058_S111	110139	2119	1.92	138	683.0	281.0	375.731884057971	346
S058_S016	74910	0	0.00	0			0	0
S058_S104	79985	1839	2.30	124	774.0	263.0	352.322580645161	337.5
S058_S003	74302	0	0.00	0			0	0
S058_S068	55688	0	0.00	0			0	0
S058_S001	73652	0	0.00	0			0	0
S058_S102	85571	28530	33.34	179	41077.0	252.0	3795.69273743017	1233.0
S058_S002	100444	0	0.00	0			0	0
S058_S022	70620	0	0.00	0			0	0
S058_S046	99830	0	0.00	0			0	0
S058_S077	84268	0	0.00	0			0	0
S058_S089	96295	0	0.00	0			0	0
S058_S095	53239	0	0.00	0			0	0
S058_S052	85497	0	0.00	0			0	0
S058_S011	74716	0	0.00	0			0	0
S058_S048	74500	0	0.00	0			0	0
S058_S007	73671	0	0.00	0			0	0
S058_S012	74483	0	0.00	0			0	0
S058_S060	97107	0	0.00	0			0	0
S058_S026	127329	0	0.00	0			0	0
S058_S093	102840	0	0.00	0			0	0
S058_S070	73326	0	0.00	0			0	0
S057_S113	86300	22561	26.14	731	5249.0	255.0	733.128590971272	538.0
S057_S013	80767	0	0.00	0			0	0
S057_S038	120300	0	0.00	0			0	0
S057_S119	96700	27790	28.74	463	11898.0	251.0	1427.33045356371	857.0
S057_S043	112324	0	0.00	0			0	0
S057_S120	90181	26254	29.11	348	15685.0	251.0	1778.6867816092	985
S057_S135	94908	26281	27.69	382	16685.0	250.0	1617.49214659686	902.5
S057_S020	79606	0	0.00	0			0	0
S057_S053	81311	0	0.00	0			0	0
S057_S094	68003	0	0.00	0			0	0
S057_S145	78686	600	0.76	42	687.0	251.0	320.166666666667	305
S057_S081	90005	0	0.00	0			0	0
S057_S124	116422	28856	24.79	575	9592.0	252.0	1183.45565217391	759.0
S057_S061	97103	0	0.00	0			0	0
S057_S129	74047	56	0.08	4	322.0	251.0	287.25	288
S057_S127	89294	918	1.03	61	786.0	252.0	341.983606557377	315.0
S057_S079	79413	0	0.00	0			0	0
S057_S019	93091	0	0.00	0			0	0
S057_S017	79949	0	0.00	0			0	0
S057_S136	76515	16570	21.66	693	2807.0	256.0	569.506493506493	467.0
S057_S144	96114	0	0.00	0			0	0
S057_S143	75884	0	0.00	0			0	0
S057_S110	82025	12	0.01	1	259.0	259.0	259	259.0
S057_S010	79435	0	0.00	0			0	0
S057_S050	88648	0	0.00	0			0	0
S057_S139	69261	266	0.38	19	461.0	256.0	313.052631578947	294.0
S057_S014	78954	0	0.00	0			0	0
S057_S004	80629	0	0.00	0			0	0
S057_S078	95147	0	0.00	0			0	0
S057_S033	129154	0	0.00	0			0	0
S057_S074	92471	0	0.00	0			0	0
S057_S111	115208	1495	1.30	99	638.0	250.0	364.565656565657	344.0
S057_S016	79979	0	0.00	0			0	0
S057_S104	85054	1838	2.16	124	777.0	255.0	352.846774193548	331
S057_S003	79371	0	0.00	0			0	0
S057_S068	60757	0	0.00	0			0	0
S057_S001	78721	0	0.00	0			0	0
S057_S102	90640	23980	26.46	634	8124.0	250.0	891.856466876972	623
S057_S002	105513	0	0.00	0			0	0
S057_S022	75689	0	0.00	0			0	0
S057_S046	104899	0	0.00	0			0	0
S057_S077	89337	0	0.00	0			0	0
S057_S089	101364	0	0.00	0			0	0
S057_S095	58308	0	0.00	0			0	0
S057_S052	90566	0	0.00	0			0	0
S057_S011	79785	0	0.00	0			0	0
S057_S048	79569	0	0.00	0			0	0
S057_S007	78740	0	0.00	0			0	0
S057_S012	79552	0	0.00	0			0	0
S057_S060	102176	0	0.00	0			0	0
S057_S026	132398	0	0.00	0			0	0
S057_S093	107909	0	0.00	0			0	0
S057_S070	78395	0	0.00	0			0	0
S113_S013	61927	17161	27.71	669	3273.0	252.0	628.18086696562	518.0
S113_S038	101460	25019	24.66	582	7490.0	250.0	1019.62027491409	702
S113_S119	77860	0	0.00	0			0	0
S113_S043	93484	23036	24.64	593	10935.0	251.0	924.033726812816	683.0
S113_S120	71341	0	0.00	0			0	0
S113_S135	76068	0	0.00	0			0	0
S113_S020	60766	16724	27.52	679	3523.0	259.0	598.99558173785	492.0
S113_S053	62471	933	1.49	65	733.0	252.0	329.384615384615	307.0
S113_S094	49163	0	0.00	0			0	0
S113_S145	59846	0	0.00	0			0	0
S113_S081	71165	3849	5.41	236	970.0	252.0	385.377118644068	345.5
S113_S124	97582	0	0.00	0			0	0
S113_S061	78263	872	1.11	61	823.0	250.0	325.655737704918	293.0
S113_S129	55207	0	0.00	0			0	0
S113_S127	70454	0	0.00	0			0	0
S113_S079	60573	70	0.12	5	331.0	260.0	294.8	292.0
S113_S019	74251	18713	25.20	650	5460.0	252.0	696.218461538461	541
S113_S017	61109	17016	27.85	659	3319.0	254.0	625.737481031866	492.0
S113_S136	57675	0	0.00	0			0	0
S113_S144	77274	0	0.00	0			0	0
S113_S143	57044	0	0.00	0			0	0
S113_S110	63185	0	0.00	0			0	0
S113_S010	60595	16703	27.56	626	5263.0	254.0	650.643769968051	513
S113_S050	69808	5160	7.39	308	1168.0	259.0	395.519480519481	362
S113_S139	50421	0	0.00	0			0	0
S113_S014	60114	17312	28.80	674	3083.0	253.0	625.513353115727	492.5
S113_S004	61789	18038	29.19	651	5169.0	253.0	672.247311827957	535.0
S113_S078	76307	27457	35.98	536	12697.0	250.0	1237.77798507463	788.5
S113_S033	110314	18839	17.08	646	4527.0	251.0	690.783281733746	535
S113_S074	73631	712	0.97	47	862.0	254.0	344.936170212766	312.0
S113_S111	96368	0	0.00	0			0	0
S113_S016	61139	16011	26.19	654	2703.0	251.0	595.489296636086	489.5
S113_S104	66214	0	0.00	0			0	0
S113_S003	60531	17160	28.35	672	4591.0	250.0	620.940476190476	491.5
S113_S068	41917	0	0.00	0			0	0
S113_S001	59881	17071	28.51	661	5107.0	255.0	628.706505295008	496.0
S113_S102	71800	0	0.00	0			0	0
S113_S002	86673	18818	21.71	668	5549.0	255.0	668.854790419162	518.5
S113_S022	56849	17346	30.51	686	3929.0	253.0	617.899416909621	495
S113_S046	86059	1385	1.61	94	926.0	250.0	341.925531914894	322
S113_S077	70497	26627	37.77	504	13220.0	260.0	1279.29563492063	829.5
S113_S089	82524	16391	19.86	713	2497.0	254.0	553.007012622721	459.0
S113_S095	39468	0	0.00	0			0	0
S113_S052	71726	26326	36.70	627	8298.0	256.0	1024.60446570973	736.0
S113_S011	60945	17545	28.79	653	3831.0	253.0	652.977029096478	527.0
S113_S048	60729	0	0.00	0			0	0
S113_S007	59900	17538	29.28	649	5338.0	258.0	655.770416024653	517.0
S113_S012	60712	16229	26.73	678	2642.0	254.0	583.547197640118	481.5
S113_S060	83336	886	1.06	60	824.0	250.0	335.566666666667	297
S113_S026	113558	4663	4.11	277	1103.0	250.0	384.552346570397	357.0
S113_S093	89069	815	0.92	54	772.0	250.0	343.314814814815	311
S113_S070	59555	0	0.00	0			0	0
S013_S038	95927	0	0.00	0			0	0
S013_S119	72327	19520	26.99	645	3892.0	265.0	739.215503875969	555.0
S013_S043	87951	0	0.00	0			0	0
S013_S120	65808	18506	28.12	581	5365.0	260.0	769.283993115318	578.0
S013_S135	70535	19305	27.37	530	4888.0	254.0	874.401886792453	625.5
S013_S020	55233	0	0.00	0			0	0
S013_S053	56938	0	0.00	0			0	0
S013_S094	43630	0	0.00	0			0	0
S013_S145	54313	574	1.06	41	724.0	251.0	323.243902439024	294.0
S013_S081	65632	0	0.00	0			0	0
S013_S124	92049	18662	20.27	658	2689.0	254.0	676.031914893617	525
S013_S061	72730	0	0.00	0			0	0
S013_S129	49674	78	0.16	6	317.0	256.0	281.5	281
S013_S127	64921	843	1.30	58	819.0	251.0	334.775862068966	304.5
S013_S079	55040	0	0.00	0			0	0
S013_S019	68718	0	0.00	0			0	0
S013_S017	55576	0	0.00	0			0	0
S013_S136	52142	12389	23.76	579	2252.0	253.0	528.06390328152	443.0
S013_S144	71741	0	0.00	0			0	0
S013_S143	51511	0	0.00	0			0	0
S013_S110	57652	34	0.06	2	475.0	251.0	363	363
S013_S010	55062	0	0.00	0			0	0
S013_S050	64275	0	0.00	0			0	0
S013_S139	44888	248	0.55	16	678.0	253.0	346.3125	304.5
S013_S014	54581	0	0.00	0			0	0
S013_S004	56256	0	0.00	0			0	0
S013_S078	70774	0	0.00	0			0	0
S013_S033	104781	0	0.00	0			0	0
S013_S074	68098	0	0.00	0			0	0
S013_S111	90835	1020	1.12	72	595.0	272.0	348.666666666667	342
S013_S016	55606	0	0.00	0			0	0
S013_S104	60681	1371	2.26	95	687.0	258.0	349.526315789474	338.0
S013_S003	54998	0	0.00	0			0	0
S013_S068	36384	0	0.00	0			0	0
S013_S001	54348	0	0.00	0			0	0
S013_S102	66267	17735	26.76	620	5133.0	253.0	692.053225806452	533.5
S013_S002	81140	0	0.00	0			0	0
S013_S022	51316	0	0.00	0			0	0
S013_S046	80526	0	0.00	0			0	0
S013_S077	64964	0	0.00	0			0	0
S013_S089	76991	0	0.00	0			0	0
S013_S095	33935	0	0.00	0			0	0
S013_S052	66193	0	0.00	0			0	0
S013_S011	55412	0	0.00	0			0	0
S013_S048	55196	0	0.00	0			0	0
S013_S007	54367	0	0.00	0			0	0
S013_S012	55179	0	0.00	0			0	0
S013_S060	77803	0	0.00	0			0	0
S013_S026	108025	0	0.00	0			0	0
S013_S093	83536	0	0.00	0			0	0
S013_S070	54022	0	0.00	0			0	0
S038_S119	111860	22152	19.80	667	4616.0	252.0	781.157421289355	565.0
S038_S043	127484	0	0.00	0			0	0
S038_S120	105341	20193	19.17	578	5850.0	252.0	809.01384083045	579.5
S038_S135	110068	22068	20.05	531	10524.0	256.0	964.937853107345	602.0
S038_S020	94766	0	0.00	0			0	0
S038_S053	96471	0	0.00	0			0	0
S038_S094	83163	0	0.00	0			0	0
S038_S145	93846	556	0.59	40	620.0	259.0	315.725	293.5
S038_S081	105165	0	0.00	0			0	0
S038_S124	131582	21550	16.38	702	4451.0	251.0	714.180911680912	517.5
S038_S061	112263	0	0.00	0			0	0
S038_S129	89207	40	0.04	3	323.0	279.0	303.333333333333	308.0
S038_S127	104454	772	0.74	54	671.0	254.0	324.981481481481	311.5
S038_S079	94573	0	0.00	0			0	0
S038_S019	108251	0	0.00	0			0	0
S038_S017	95109	0	0.00	0			0	0
S038_S136	91675	17856	19.48	639	2659.0	264.0	659.749608763693	518.0
S038_S144	111274	0	0.00	0			0	0
S038_S143	91044	0	0.00	0			0	0
S038_S110	97185	38	0.04	3	299.0	255.0	272	262.0
S038_S010	94595	0	0.00	0			0	0
S038_S050	103808	0	0.00	0			0	0
S038_S139	84421	215	0.25	16	475.0	251.0	299.3125	285.5
S038_S014	94114	0	0.00	0			0	0
S038_S004	95789	0	0.00	0			0	0
S038_S078	110307	0	0.00	0			0	0
S038_S033	144314	0	0.00	0			0	0
S038_S074	107631	0	0.00	0			0	0
S038_S111	130368	2094	1.61	138	682.0	271.0	369.231884057971	342
S038_S016	95139	0	0.00	0			0	0
S038_S104	100214	1752	1.75	115	682.0	258.0	359.121739130435	337.0
S038_S003	94531	0	0.00	0			0	0
S038_S068	75917	0	0.00	0			0	0
S038_S001	93881	0	0.00	0			0	0
S038_S102	105800	26130	24.70	425	21900.0	251.0	1441.27058823529	751.0
S038_S002	120673	0	0.00	0			0	0
S038_S022	90849	0	0.00	0			0	0
S038_S046	120059	0	0.00	0			0	0
S038_S077	104497	0	0.00	0			0	0
S038_S089	116524	0	0.00	0			0	0
S038_S095	73468	0	0.00	0			0	0
S038_S052	105726	0	0.00	0			0	0
S038_S011	94945	0	0.00	0			0	0
S038_S048	94729	0	0.00	0			0	0
S038_S007	93900	0	0.00	0			0	0
S038_S012	94712	0	0.00	0			0	0
S038_S060	117336	0	0.00	0			0	0
S038_S026	147558	0	0.00	0			0	0
S038_S093	123069	0	0.00	0			0	0
S038_S070	93555	0	0.00	0			0	0
S119_S043	103884	21039	20.25	662	4726.0	253.0	751.216012084592	555
S119_S120	81741	0	0.00	0			0	0
S119_S135	86468	0	0.00	0			0	0
S119_S020	71166	19125	26.87	656	3523.0	252.0	706.134146341463	551
S119_S053	72871	840	1.15	58	729.0	255.0	332.379310344828	305
S119_S094	59563	0	0.00	0			0	0
S119_S145	70246	0	0.00	0			0	0
S119_S081	81565	3710	4.55	225	1097.0	257.0	387.973333333333	341.0
S119_S124	107982	0	0.00	0			0	0
S119_S061	88663	775	0.87	56	672.0	251.0	315.339285714286	306.5
S119_S129	65607	0	0.00	0			0	0
S119_S127	80854	0	0.00	0			0	0
S119_S079	70973	28	0.04	2	339.0	280.0	309.5	309.5
S119_S019	84651	21329	25.20	592	5236.0	260.0	867.695945945946	588
S119_S017	71509	19422	27.16	631	3991.0	267.0	744.695721077655	539.0
S119_S136	68075	0	0.00	0			0	0
S119_S144	87674	0	0.00	0			0	0
S119_S143	67444	0	0.00	0			0	0
S119_S110	73585	0	0.00	0			0	0
S119_S010	70995	18958	26.70	581	3848.0	257.0	791.31669535284	560.0
S119_S050	80208	4817	6.01	292	971.0	251.0	388.092465753425	343
S119_S139	60821	0	0.00	0			0	0
S119_S014	70514	19762	28.03	640	4257.0	268.0	747.6171875	543.5
S119_S004	72189	20340	28.18	600	4302.0	252.0	818.06	580.5
S119_S078	86707	22730	26.21	704	4243.0	250.0	772.859375	573.5
S119_S033	120714	22167	18.36	623	5133.0	252.0	841.126805778491	599.0
S119_S074	84031	649	0.77	46	669.0	255.0	323.586956521739	318.5
S119_S111	106768	0	0.00	0			0	0
S119_S016	71539	18494	25.85	645	3431.0	263.0	694.013953488372	536.0
S119_S104	76614	0	0.00	0			0	0
S119_S003	70931	19393	27.34	636	3785.0	265.0	737.960691823899	542
S119_S068	52317	0	0.00	0			0	0
S119_S001	70281	19611	27.90	636	3605.0	267.0	745.580188679245	565
S119_S102	82200	0	0.00	0			0	0
S119_S002	97073	21687	22.34	610	5237.0	250.0	843.334426229508	574.5
S119_S022	67249	19774	29.40	652	4668.0	272.0	738.127300613497	541.5
S119_S046	96459	1243	1.29	86	804.0	250.0	334.104651162791	302.5
S119_S077	80897	22187	27.43	696	4326.0	253.0	764.987068965517	577.5
S119_S089	92924	18954	20.40	701	2842.0	254.0	647.794579172611	512.0
S119_S095	49868	0	0.00	0			0	0
S119_S052	82126	23767	28.94	731	4446.0	259.0	785.890560875513	579.0
S119_S011	71345	20133	28.22	643	4327.0	262.0	758.606531881804	571.0
S119_S048	71129	0	0.00	0			0	0
S119_S007	70300	19994	28.44	608	4290.0	257.0	793.835526315789	578.5
S119_S012	71112	18657	26.24	679	3257.0	263.0	665.580265095729	532.0
S119_S060	93736	719	0.77	52	673.0	253.0	319	296
S119_S026	123958	4513	3.64	265	1023.0	252.0	387.747169811321	354.0
S119_S093	99469	811	0.82	60	578.0	250.0	310.4	292
S119_S070	69955	14	0.02	1	269.0	269.0	269	269.0
S043_S120	97365	20154	20.70	599	6937.0	253.0	786.946577629382	551.0
S043_S135	102092	21350	20.91	542	6457.0	258.0	920.442804428044	607
S043_S020	86790	0	0.00	0			0	0
S043_S053	88495	0	0.00	0			0	0
S043_S094	75187	0	0.00	0			0	0
S043_S145	85870	475	0.55	33	715.0	265.0	328.69696969697	305.0
S043_S081	97189	0	0.00	0			0	0
S043_S124	123606	21009	17.00	699	4332.0	255.0	704.585121602289	527.0
S043_S061	104287	0	0.00	0			0	0
S043_S129	81231	24	0.03	2	270.0	252.0	261	261
S043_S127	96478	797	0.83	53	812.0	255.0	346.22641509434	303.0
S043_S079	86597	0	0.00	0			0	0
S043_S019	100275	0	0.00	0			0	0
S043_S017	87133	0	0.00	0			0	0
S043_S136	83699	17035	20.35	643	2834.0	255.0	631.956454121306	523.0
S043_S144	103298	0	0.00	0			0	0
S043_S143	83068	0	0.00	0			0	0
S043_S110	89209	18	0.02	1	383.0	383.0	383	383.0
S043_S010	86619	0	0.00	0			0	0
S043_S050	95832	0	0.00	0			0	0
S043_S139	76445	184	0.24	14	430.0	258.0	297.5	278
S043_S014	86138	0	0.00	0			0	0
S043_S004	87813	0	0.00	0			0	0
S043_S078	102331	0	0.00	0			0	0
S043_S033	136338	0	0.00	0			0	0
S043_S074	99655	0	0.00	0			0	0
S043_S111	122392	2250	1.84	146	640.0	279.0	374.472602739726	344
S043_S016	87163	0	0.00	0			0	0
S043_S104	92238	1521	1.65	100	700.0	263.0	360.4	336
S043_S003	86555	0	0.00	0			0	0
S043_S068	67941	0	0.00	0			0	0
S043_S001	85905	0	0.00	0			0	0
S043_S102	97824	28083	28.71	200	31725.0	258.0	3330.58	902
S043_S002	112697	0	0.00	0			0	0
S043_S022	82873	0	0.00	0			0	0
S043_S046	112083	0	0.00	0			0	0
S043_S077	96521	0	0.00	0			0	0
S043_S089	108548	0	0.00	0			0	0
S043_S095	65492	0	0.00	0			0	0
S043_S052	97750	0	0.00	0			0	0
S043_S011	86969	0	0.00	0			0	0
S043_S048	86753	0	0.00	0			0	0
S043_S007	85924	0	0.00	0			0	0
S043_S012	86736	0	0.00	0			0	0
S043_S060	109360	0	0.00	0			0	0
S043_S026	139582	0	0.00	0			0	0
S043_S093	115093	0	0.00	0			0	0
S043_S070	85579	0	0.00	0			0	0
S120_S135	79949	0	0.00	0			0	0
S120_S020	64647	18072	27.95	595	4364.0	251.0	729.808403361345	568.0
S120_S053	66352	819	1.23	56	719.0	250.0	331.428571428571	303.5
S120_S094	53044	0	0.00	0			0	0
S120_S145	63727	0	0.00	0			0	0
S120_S081	75046	3481	4.64	217	1021.0	255.0	376.460829493088	334.0
S120_S124	101463	0	0.00	0			0	0
S120_S061	82144	805	0.98	56	667.0	250.0	325.214285714286	309.5
S120_S129	59088	0	0.00	0			0	0
S120_S127	74335	0	0.00	0			0	0
S120_S079	64454	12	0.02	1	275.0	275.0	275	275.0
S120_S019	78132	20393	26.10	524	5449.0	260.0	926.177480916031	603
S120_S017	64990	18447	28.38	572	5245.0	260.0	773.550699300699	560
S120_S136	61556	0	0.00	0			0	0
S120_S144	81155	0	0.00	0			0	0
S120_S143	60925	0	0.00	0			0	0
S120_S110	67066	0	0.00	0			0	0
S120_S010	64476	18097	28.07	509	5284.0	250.0	852.060903732809	588.0
S120_S050	73689	4767	6.47	294	1034.0	252.0	379.132653061225	340.5
S120_S139	54302	0	0.00	0			0	0
S120_S014	63995	18714	29.24	578	4046.0	261.0	777.756055363322	565.5
S120_S004	65670	19162	29.18	525	5396.0	259.0	872.51619047619	585.0
S120_S078	80188	21531	26.85	640	5190.0	253.0	796.653125	568.5
S120_S033	114195	20720	18.14	546	5732.0	250.0	890.668498168498	626.5
S120_S074	77512	626	0.81	44	664.0	250.0	323.045454545455	312.5
S120_S111	100249	0	0.00	0			0	0
S120_S016	65020	17322	26.64	579	4511.0	250.0	718.702936096719	574.0
S120_S104	70095	0	0.00	0			0	0
S120_S003	64412	18309	28.42	576	4787.0	259.0	762.895833333333	543.5
S120_S068	45798	0	0.00	0			0	0
S120_S001	63762	18497	29.01	571	3521.0	251.0	777.861646234676	550.0
S120_S102	75681	0	0.00	0			0	0
S120_S002	90554	20998	23.19	551	5103.0	256.0	898.718693284937	614.0
S120_S022	60730	18682	30.76	588	4824.0	250.0	765.095238095238	561
S120_S046	89940	1078	1.20	75	772.0	252.0	330.76	296.0
S120_S077	74378	21485	28.89	625	4957.0	250.0	815.8336	576.0
S120_S089	86405	18548	21.47	665	3123.0	250.0	664.427067669173	520.0
S120_S095	43349	0	0.00	0			0	0
S120_S052	75607	21796	28.83	655	5796.0	252.0	795.029007633588	588.0
S120_S011	64826	18950	29.23	570	5128.0	250.0	798.345614035088	603.5
S120_S048	64610	0	0.00	0			0	0
S120_S007	63781	19045	29.86	547	5192.0	252.0	833.904936014625	576.0
S120_S012	64593	17637	27.30	628	3407.0	260.0	675.014331210191	519.5
S120_S060	87217	825	0.95	58	668.0	251.0	322.724137931034	308
S120_S026	117439	4878	4.15	293	1042.0	250.0	380.215017064846	334.0
S120_S093	92950	666	0.72	47	570.0	252.0	322.170212765957	309.0
S120_S070	63436	0	0.00	0			0	0
S135_S020	69374	18936	27.30	565	5479.0	262.0	800.580530973451	571.0
S135_S053	71079	918	1.29	63	771.0	250.0	331.079365079365	314.0
S135_S094	57771	0	0.00	0			0	0
S135_S145	68454	0	0.00	0			0	0
S135_S081	79773	3686	4.62	229	857.0	252.0	376.64192139738	339.0
S135_S124	106190	0	0.00	0			0	0
S135_S061	86871	737	0.85	52	807.0	255.0	323.384615384615	309
S135_S129	63815	0	0.00	0			0	0
S135_S127	79062	0	0.00	0			0	0
S135_S079	69181	26	0.04	2	281.0	273.0	277	277
S135_S019	82859	21132	25.50	443	10057.0	252.0	1131.87133182844	628.0
S135_S017	69717	19227	27.58	520	5032.0	256.0	882.823076923077	613
S135_S136	66283	0	0.00	0			0	0
S135_S144	85882	0	0.00	0			0	0
S135_S143	65652	0	0.00	0			0	0
S135_S110	71793	0	0.00	0			0	0
S135_S010	69203	19017	27.48	450	8846.0	260.0	1007.25555555556	655
S135_S050	78416	4839	6.17	294	985.0	252.0	384.289115646258	362
S135_S139	59029	0	0.00	0			0	0
S135_S014	68722	19422	28.26	517	4292.0	256.0	895.139264990329	636.0
S135_S004	70397	20139	28.61	447	6696.0	256.0	1071.51677852349	659.0
S135_S078	84915	23443	27.61	588	8082.0	250.0	945.617346938776	632.5
S135_S033	118922	21707	18.25	468	8269.0	258.0	1083.19017094017	719.5
S135_S074	82239	656	0.80	45	799.0	250.0	327.955555555556	317.0
S135_S111	104976	0	0.00	0			0	0
S135_S016	69747	18441	26.44	568	4810.0	264.0	776.716549295775	596.5
S135_S104	74822	0	0.00	0			0	0
S135_S003	69139	19303	27.92	537	7532.0	255.0	857.828677839851	578.0
S135_S068	50525	0	0.00	0			0	0
S135_S001	68489	19509	28.48	548	5546.0	260.0	852.277372262774	607.5
S135_S102	80408	0	0.00	0			0	0
S135_S002	95281	21693	22.77	455	11210.0	251.0	1119.62637362637	669.0
S135_S022	65457	19413	29.66	537	6059.0	259.0	867.40782122905	620.0
S135_S046	94667	1036	1.09	68	913.0	251.0	350.926470588235	322
S135_S077	79105	22301	28.19	566	9386.0	253.0	931.756183745583	657
S135_S089	91132	19699	21.62	639	3956.0	255.0	731.441314553991	562.0
S135_S095	48076	0	0.00	0			0	0
S135_S052	80334	23781	29.60	602	8674.0	259.0	940.744186046512	643
S135_S011	69553	19828	28.51	516	7145.0	260.0	916.480620155039	664
S135_S048	69337	0	0.00	0			0	0
S135_S007	68508	19813	28.92	496	5575.0	258.0	952.354838709677	620.5
S135_S012	69320	18294	26.39	574	3529.0	258.0	763.238675958188	589
S135_S060	91944	686	0.75	46	811.0	252.0	336.717391304348	320.5
S135_S026	122166	5105	4.18	306	1000.0	252.0	380.611111111111	354.5
S135_S093	97677	720	0.74	50	710.0	250.0	326.54	291
S135_S070	68163	0	0.00	0			0	0
S020_S053	55777	0	0.00	0			0	0
S020_S094	42469	0	0.00	0			0	0
S020_S145	53152	498	0.94	35	768.0	253.0	330.6	319.0
S020_S081	64471	0	0.00	0			0	0
S020_S124	90888	18379	20.22	675	3216.0	250.0	646.14962962963	516.0
S020_S061	71569	0	0.00	0			0	0
S020_S129	48513	38	0.08	3	293.0	256.0	274	273.0
S020_S127	63760	745	1.17	51	865.0	251.0	335.686274509804	295.0
S020_S079	53879	0	0.00	0			0	0
S020_S019	67557	0	0.00	0			0	0
S020_S017	54415	0	0.00	0			0	0
S020_S136	50981	11967	23.47	574	1726.0	253.0	510.365853658537	435
S020_S144	70580	0	0.00	0			0	0
S020_S143	50350	0	0.00	0			0	0
S020_S110	56491	12	0.02	1	261.0	261.0	261	261.0
S020_S010	53901	0	0.00	0			0	0
S020_S050	63114	0	0.00	0			0	0
S020_S139	43727	234	0.54	17	488.0	251.0	304.176470588235	275.0
S020_S014	53420	0	0.00	0			0	0
S020_S004	55095	0	0.00	0			0	0
S020_S078	69613	0	0.00	0			0	0
S020_S033	103620	0	0.00	0			0	0
S020_S074	66937	0	0.00	0			0	0
S020_S111	89674	749	0.84	50	586.0	280.0	368.84	346
S020_S016	54445	0	0.00	0			0	0
S020_S104	59520	1290	2.17	91	644.0	261.0	344.615384615385	343.0
S020_S003	53837	0	0.00	0			0	0
S020_S068	35223	0	0.00	0			0	0
S020_S001	53187	0	0.00	0			0	0
S020_S102	65106	17449	26.80	633	5486.0	253.0	662.538704581359	519.0
S020_S002	79979	0	0.00	0			0	0
S020_S022	50155	0	0.00	0			0	0
S020_S046	79365	0	0.00	0			0	0
S020_S077	63803	0	0.00	0			0	0
S020_S089	75830	0	0.00	0			0	0
S020_S095	32774	0	0.00	0			0	0
S020_S052	65032	0	0.00	0			0	0
S020_S011	54251	0	0.00	0			0	0
S020_S048	54035	0	0.00	0			0	0
S020_S007	53206	0	0.00	0			0	0
S020_S012	54018	0	0.00	0			0	0
S020_S060	76642	0	0.00	0			0	0
S020_S026	106864	0	0.00	0			0	0
S020_S093	82375	0	0.00	0			0	0
S020_S070	52861	0	0.00	0			0	0
S053_S094	44174	0	0.00	0			0	0
S053_S145	54857	14268	26.01	554	5965.0	253.0	634.678700361011	486
S053_S081	66176	0	0.00	0			0	0
S053_S124	92593	549	0.59	37	703.0	250.0	343.891891891892	323.0
S053_S061	73274	0	0.00	0			0	0
S053_S129	50218	54	0.11	4	301.0	256.0	276.5	274.5
S053_S127	65465	9941	15.19	490	3056.0	252.0	490.291836734694	400.5
S053_S079	55584	0	0.00	0			0	0
S053_S019	69262	0	0.00	0			0	0
S053_S017	56120	0	0.00	0			0	0
S053_S136	52686	525	1.00	38	682.0	253.0	329.947368421053	313.5
S053_S144	72285	0	0.00	0			0	0
S053_S143	52055	0	0.00	0			0	0
S053_S110	58196	42	0.07	3	352.0	261.0	292.333333333333	264.0
S053_S010	55606	0	0.00	0			0	0
S053_S050	64819	0	0.00	0			0	0
S053_S139	45432	6797	14.96	172	8516.0	252.0	997.104651162791	623
S053_S014	55125	0	0.00	0			0	0
S053_S004	56800	0	0.00	0			0	0
S053_S078	71318	0	0.00	0			0	0
S053_S033	105325	0	0.00	0			0	0
S053_S074	68642	0	0.00	0			0	0
S053_S111	91379	24	0.03	2	289.0	283.0	286	286
S053_S016	56150	0	0.00	0			0	0
S053_S104	61225	199	0.33	15	437.0	256.0	313.933333333333	310.0
S053_S003	55542	0	0.00	0			0	0
S053_S068	36928	0	0.00	0			0	0
S053_S001	54892	0	0.00	0			0	0
S053_S102	66811	973	1.46	68	781.0	252.0	332.044117647059	308.5
S053_S002	81684	0	0.00	0			0	0
S053_S022	51860	0	0.00	0			0	0
S053_S046	81070	0	0.00	0			0	0
S053_S077	65508	0	0.00	0			0	0
S053_S089	77535	0	0.00	0			0	0
S053_S095	34479	0	0.00	0			0	0
S053_S052	66737	0	0.00	0			0	0
S053_S011	55956	0	0.00	0			0	0
S053_S048	55740	0	0.00	0			0	0
S053_S007	54911	0	0.00	0			0	0
S053_S012	55723	0	0.00	0			0	0
S053_S060	78347	0	0.00	0			0	0
S053_S026	108569	0	0.00	0			0	0
S053_S093	84080	0	0.00	0			0	0
S053_S070	54566	0	0.00	0			0	0
S094_S145	41549	0	0.00	0			0	0
S094_S081	52868	0	0.00	0			0	0
S094_S124	79285	0	0.00	0			0	0
S094_S061	59966	0	0.00	0			0	0
S094_S129	36910	0	0.00	0			0	0
S094_S127	52157	0	0.00	0			0	0
S094_S079	42276	0	0.00	0			0	0
S094_S019	55954	0	0.00	0			0	0
S094_S017	42812	0	0.00	0			0	0
S094_S136	39378	0	0.00	0			0	0
S094_S144	58977	0	0.00	0			0	0
S094_S143	38747	0	0.00	0			0	0
S094_S110	44888	0	0.00	0			0	0
S094_S010	42298	0	0.00	0			0	0
S094_S050	51511	0	0.00	0			0	0
S094_S139	32124	0	0.00	0			0	0
S094_S014	41817	0	0.00	0			0	0
S094_S004	43492	0	0.00	0			0	0
S094_S078	58010	0	0.00	0			0	0
S094_S033	92017	0	0.00	0			0	0
S094_S074	55334	0	0.00	0			0	0
S094_S111	78071	0	0.00	0			0	0
S094_S016	42842	0	0.00	0			0	0
S094_S104	47917	0	0.00	0			0	0
S094_S003	42234	0	0.00	0			0	0
S094_S068	23620	0	0.00	0			0	0
S094_S001	41584	0	0.00	0			0	0
S094_S102	53503	0	0.00	0			0	0
S094_S002	68376	0	0.00	0			0	0
S094_S022	38552	0	0.00	0			0	0
S094_S046	67762	0	0.00	0			0	0
S094_S077	52200	0	0.00	0			0	0
S094_S089	64227	0	0.00	0			0	0
S094_S095	21171	0	0.00	0			0	0
S094_S052	53429	0	0.00	0			0	0
S094_S011	42648	0	0.00	0			0	0
S094_S048	42432	0	0.00	0			0	0
S094_S007	41603	0	0.00	0			0	0
S094_S012	42415	0	0.00	0			0	0
S094_S060	65039	0	0.00	0			0	0
S094_S026	95261	0	0.00	0			0	0
S094_S093	70772	0	0.00	0			0	0
S094_S070	41258	0	0.00	0			0	0
S145_S081	63551	278	0.44	20	426.0	256.0	321.25	322
S145_S124	89968	0	0.00	0			0	0
S145_S061	70649	15450	21.87	479	5609.0	250.0	765.688935281837	536.0
S145_S129	47593	0	0.00	0			0	0
S145_S127	62840	0	0.00	0			0	0
S145_S079	52959	82	0.15	6	307.0	251.0	272.833333333333	271
S145_S019	66637	588	0.88	40	718.0	270.0	335.85	306.5
S145_S017	53495	514	0.96	35	770.0	255.0	336.142857142857	324.0
S145_S136	50061	0	0.00	0			0	0
S145_S144	69660	0	0.00	0			0	0
S145_S143	49430	0	0.00	0			0	0
S145_S110	55571	0	0.00	0			0	0
S145_S010	52981	658	1.24	45	727.0	252.0	328.422222222222	296.0
S145_S050	62194	482	0.77	35	529.0	256.0	316.371428571429	292.0
S145_S139	42807	0	0.00	0			0	0
S145_S014	52500	588	1.12	41	720.0	258.0	326.19512195122	301.0
S145_S004	54175	606	1.12	41	720.0	253.0	333.146341463415	301.0
S145_S078	68693	540	0.79	37	692.0	252.0	333	298.0
S145_S033	102700	402	0.39	28	749.0	258.0	327.178571428571	319
S145_S074	66017	15055	22.80	472	6154.0	253.0	761.707627118644	566
S145_S111	88754	0	0.00	0			0	0
S145_S016	53525	500	0.93	35	770.0	250.0	329.2	310.0
S145_S104	58600	0	0.00	0			0	0
S145_S003	52917	555	1.05	39	720.0	252.0	325.692307692308	296.0
S145_S068	34303	0	0.00	0			0	0
S145_S001	52267	610	1.17	43	672.0	253.0	324.883720930233	307.0
S145_S102	64186	0	0.00	0			0	0
S145_S002	79059	480	0.61	34	697.0	252.0	321.382352941176	295
S145_S022	49235	706	1.43	49	724.0	254.0	326.897959183673	297.0
S145_S046	78445	9006	11.48	435	1684.0	253.0	498.666666666667	429.0
S145_S077	62883	660	1.05	47	687.0	250.0	320.914893617021	306.0
S145_S089	74910	308	0.41	21	654.0	251.0	333.47619047619	288.0
S145_S095	31854	0	0.00	0			0	0
S145_S052	64112	750	1.17	52	617.0	252.0	326.846153846154	307.5
S145_S011	53331	603	1.13	43	771.0	268.0	322.186046511628	295.0
S145_S048	53115	0	0.00	0			0	0
S145_S007	52286	621	1.19	44	771.0	254.0	320.545454545455	296
S145_S012	53098	490	0.92	34	620.0	259.0	330.941176470588	301
S145_S060	75722	15667	20.69	480	4322.0	252.0	776.927083333333	538
S145_S026	105944	304	0.29	22	411.0	257.0	311.863636363636	313.5
S145_S093	81455	13262	16.28	466	5643.0	258.0	680.942060085837	523.5
S145_S070	51941	0	0.00	0			0	0
S081_S124	101287	3240	3.20	202	1035.0	250.0	377.217821782178	338
S081_S061	81968	0	0.00	0			0	0
S081_S129	58912	42	0.07	3	335.0	256.0	290.333333333333	280.0
S081_S127	74159	418	0.56	31	480.0	250.0	314.225806451613	313.0
S081_S079	64278	0	0.00	0			0	0
S081_S019	77956	0	0.00	0			0	0
S081_S017	64814	0	0.00	0			0	0
S081_S136	61380	2581	4.20	163	896.0	258.0	377.085889570552	341.0
S081_S144	80979	0	0.00	0			0	0
S081_S143	60749	0	0.00	0			0	0
S081_S110	66890	12	0.02	1	287.0	287.0	287	287.0
S081_S010	64300	0	0.00	0			0	0
S081_S050	73513	0	0.00	0			0	0
S081_S139	54126	160	0.30	12	382.0	268.0	307.916666666667	287
S081_S014	63819	0	0.00	0			0	0
S081_S004	65494	0	0.00	0			0	0
S081_S078	80012	0	0.00	0			0	0
S081_S033	114019	0	0.00	0			0	0
S081_S074	77336	0	0.00	0			0	0
S081_S111	100073	152	0.15	10	443.0	295.0	370.8	364.5
S081_S016	64844	0	0.00	0			0	0
S081_S104	69919	820	1.17	59	785.0	260.0	332.254237288136	299.0
S081_S003	64236	0	0.00	0			0	0
S081_S068	45622	0	0.00	0			0	0
S081_S001	63586	0	0.00	0			0	0
S081_S102	75505	3821	5.06	232	1127.0	253.0	387.943965517241	342
S081_S002	90378	0	0.00	0			0	0
S081_S022	60554	0	0.00	0			0	0
S081_S046	89764	0	0.00	0			0	0
S081_S077	74202	0	0.00	0			0	0
S081_S089	86229	0	0.00	0			0	0
S081_S095	43173	0	0.00	0			0	0
S081_S052	75431	0	0.00	0			0	0
S081_S011	64650	0	0.00	0			0	0
S081_S048	64434	0	0.00	0			0	0
S081_S007	63605	0	0.00	0			0	0
S081_S012	64417	0	0.00	0			0	0
S081_S060	87041	0	0.00	0			0	0
S081_S026	117263	0	0.00	0			0	0
S081_S093	92774	0	0.00	0			0	0
S081_S070	63260	0	0.00	0			0	0
S124_S061	108385	670	0.62	47	702.0	250.0	325.553191489362	295.0
S124_S129	85329	0	0.00	0			0	0
S124_S127	100576	0	0.00	0			0	0
S124_S079	90695	12	0.01	1	259.0	259.0	259	259.0
S124_S019	104373	21056	20.17	661	4974.0	251.0	757.485627836611	564.0
S124_S017	91231	18705	20.50	661	3257.0	264.0	672.166414523449	514.0
S124_S136	87797	0	0.00	0			0	0
S124_S144	107396	0	0.00	0			0	0
S124_S143	87166	0	0.00	0			0	0
S124_S110	93307	0	0.00	0			0	0
S124_S010	90717	18423	20.31	630	3755.0	253.0	692.707936507937	526
S124_S050	99930	4558	4.56	281	1016.0	250.0	378.288256227758	337.0
S124_S139	80543	0	0.00	0			0	0
S124_S014	90236	18996	21.05	664	2998.0	258.0	678.832831325301	524
S124_S004	91911	19795	21.54	648	4042.0	256.0	724.223765432099	529
S124_S078	106429	22744	21.37	755	4894.0	250.0	711.899337748344	539.0
S124_S033	140436	21433	15.26	647	4335.0	250.0	774.312210200927	574.0
S124_S074	103753	560	0.54	39	703.0	251.0	327.871794871795	319.0
S124_S111	126490	0	0.00	0			0	0
S124_S016	91261	17905	19.62	676	3253.0	257.0	629.081360946746	499
S124_S104	96336	0	0.00	0			0	0
S124_S003	90653	18810	20.75	673	2893.0	257.0	662.766716196137	518.0
S124_S068	72039	0	0.00	0			0	0
S124_S001	90003	18788	20.87	661	3267.0	257.0	675.517397881997	521.0
S124_S102	101922	0	0.00	0			0	0
S124_S002	116795	21852	18.71	667	4898.0	253.0	772.011994002998	562.0
S124_S022	86971	18906	21.74	677	3727.0	263.0	665.249630723781	524.0
S124_S046	116181	837	0.72	58	755.0	255.0	336.068965517241	313
S124_S077	100619	22422	22.28	762	4414.0	253.0	696.91469816273	530
S124_S089	112646	19220	17.06	752	2861.0	255.0	604.635638297872	478
S124_S095	69590	0	0.00	0			0	0
S124_S052	101848	23280	22.86	784	4449.0	251.0	706.899234693878	528
S124_S011	91067	19398	21.30	669	2941.0	257.0	688.750373692078	535.0
S124_S048	90851	0	0.00	0			0	0
S124_S007	90022	19296	21.43	644	3444.0	252.0	710.341614906832	526
S124_S012	90834	17885	19.69	692	2441.0	259.0	613.875722543353	506.5
S124_S060	113458	654	0.58	47	707.0	251.0	321.085106382979	289.0
S124_S026	143680	4918	3.42	296	1183.0	250.0	380.128378378378	334
S124_S093	119191	599	0.50	43	604.0	254.0	321.06976744186	299.0
S124_S070	89677	0	0.00	0			0	0
S061_S129	66010	66	0.10	5	316.0	255.0	277	271.0
S061_S127	81257	11389	14.02	509	2288.0	259.0	528.504911591356	434.0
S061_S079	71376	0	0.00	0			0	0
S061_S019	85054	0	0.00	0			0	0
S061_S017	71912	0	0.00	0			0	0
S061_S136	68478	517	0.75	36	719.0	254.0	333.027777777778	315
S061_S144	88077	0	0.00	0			0	0
S061_S143	67847	0	0.00	0			0	0
S061_S110	73988	12	0.02	1	262.0	262.0	262	262.0
S061_S010	71398	0	0.00	0			0	0
S061_S050	80611	0	0.00	0			0	0
S061_S139	61224	6870	11.22	159	7166.0	253.0	1026.72327044025	721.0
S061_S014	70917	0	0.00	0			0	0
S061_S004	72592	0	0.00	0			0	0
S061_S078	87110	0	0.00	0			0	0
S061_S033	121117	0	0.00	0			0	0
S061_S074	84434	0	0.00	0			0	0
S061_S111	107171	12	0.01	1	294.0	294.0	294	294.0
S061_S016	71942	0	0.00	0			0	0
S061_S104	77017	202	0.26	15	455.0	250.0	308.066666666667	284.0
S061_S003	71334	0	0.00	0			0	0
S061_S068	52720	0	0.00	0			0	0
S061_S001	70684	0	0.00	0			0	0
S061_S102	82603	824	1.00	56	776.0	255.0	335.142857142857	326
S061_S002	97476	0	0.00	0			0	0
S061_S022	67652	0	0.00	0			0	0
S061_S046	96862	0	0.00	0			0	0
S061_S077	81300	0	0.00	0			0	0
S061_S089	93327	0	0.00	0			0	0
S061_S095	50271	0	0.00	0			0	0
S061_S052	82529	0	0.00	0			0	0
S061_S011	71748	0	0.00	0			0	0
S061_S048	71532	0	0.00	0			0	0
S061_S007	70703	0	0.00	0			0	0
S061_S012	71515	0	0.00	0			0	0
S061_S060	94139	0	0.00	0			0	0
S061_S026	124361	0	0.00	0			0	0
S061_S093	99872	0	0.00	0			0	0
S061_S070	70358	0	0.00	0			0	0
S129_S127	58201	0	0.00	0			0	0
S129_S079	48320	14286	29.57	511	4155.0	250.0	675.682974559687	533.0
S129_S019	61998	66	0.11	5	321.0	257.0	285	287.0
S129_S017	48856	50	0.10	4	335.0	257.0	281	266
S129_S136	45422	0	0.00	0			0	0
S129_S144	65021	0	0.00	0			0	0
S129_S143	44791	0	0.00	0			0	0
S129_S110	50932	0	0.00	0			0	0
S129_S010	48342	78	0.16	6	324.0	252.0	278	268
S129_S050	57555	14	0.02	1	328.0	328.0	328	328.0
S129_S139	38168	0	0.00	0			0	0
S129_S014	47861	92	0.19	7	293.0	254.0	267.428571428571	265.0
S129_S004	49536	78	0.16	6	338.0	253.0	274.833333333333	264
S129_S078	64054	50	0.08	4	313.0	255.0	277.75	271.5
S129_S033	98061	0	0.00	0			0	0
S129_S074	61378	62	0.10	4	356.0	275.0	313.75	312
S129_S111	84115	0	0.00	0			0	0
S129_S016	48886	36	0.07	3	274.0	257.0	264.333333333333	262.0
S129_S104	53961	0	0.00	0			0	0
S129_S003	48278	62	0.13	5	290.0	252.0	265.6	257.0
S129_S068	29664	0	0.00	0			0	0
S129_S001	47628	36	0.08	3	274.0	251.0	263.333333333333	265.0
S129_S102	59547	0	0.00	0			0	0
S129_S002	74420	38	0.05	3	325.0	255.0	280.333333333333	261.0
S129_S022	44596	64	0.14	5	295.0	256.0	273.2	274.0
S129_S046	73806	130	0.18	9	402.0	253.0	302.333333333333	295.0
S129_S077	58244	26	0.04	2	331.0	259.0	295	295
S129_S089	70271	14	0.02	1	330.0	330.0	330	330.0
S129_S095	27215	0	0.00	0			0	0
S129_S052	59473	52	0.09	4	329.0	250.0	286.25	283
S129_S011	48692	80	0.16	6	321.0	252.0	276.666666666667	268.5
S129_S048	48476	14	0.03	1	295.0	295.0	295	295.0
S129_S007	47647	78	0.16	6	336.0	255.0	283.833333333333	279.5
S129_S012	48459	36	0.07	3	273.0	254.0	260.666666666667	255.0
S129_S060	71083	58	0.08	4	323.0	268.0	291.75	288
S129_S026	101305	26	0.03	2	321.0	254.0	287.5	287.5
S129_S093	76816	54	0.07	4	299.0	261.0	278.25	276.5
S129_S070	47302	0	0.00	0			0	0
S127_S079	63567	54	0.08	4	312.0	255.0	290	296.5
S127_S019	77245	1012	1.31	69	866.0	250.0	336.753623188406	316.0
S127_S017	64103	772	1.20	53	866.0	255.0	334.509433962264	300.0
S127_S136	60669	0	0.00	0			0	0
S127_S144	80268	0	0.00	0			0	0
S127_S143	60038	0	0.00	0			0	0
S127_S110	66179	0	0.00	0			0	0
S127_S010	63589	878	1.38	61	872.0	250.0	327.786885245902	309.0
S127_S050	72802	719	0.99	52	582.0	253.0	318	295.5
S127_S139	53415	0	0.00	0			0	0
S127_S014	63108	886	1.40	61	816.0	252.0	333.065573770492	311.0
S127_S004	64783	910	1.40	63	869.0	254.0	331.492063492063	310.0
S127_S078	79301	898	1.13	60	782.0	250.0	343.816666666667	326.5
S127_S033	113308	682	0.60	46	854.0	257.0	339.195652173913	321
S127_S074	76625	11311	14.76	515	2153.0	250.0	520.8	429.0
S127_S111	99362	0	0.00	0			0	0
S127_S016	64133	674	1.05	45	868.0	252.0	344.888888888889	319.0
S127_S104	69208	0	0.00	0			0	0
S127_S003	63525	774	1.22	54	866.0	253.0	327.111111111111	291
S127_S068	44911	0	0.00	0			0	0
S127_S001	62875	758	1.21	52	768.0	251.0	333.307692307692	306
S127_S102	74794	0	0.00	0			0	0
S127_S002	89667	859	0.96	60	849.0	257.0	327.216666666667	316
S127_S022	59843	816	1.36	55	821.0	252.0	342.618181818182	320.0
S127_S046	89053	13393	15.04	524	4856.0	255.0	614.767175572519	467
S127_S077	73491	962	1.31	66	835.0	250.0	335.212121212121	315
S127_S089	85518	574	0.67	38	853.0	260.0	351.289473684211	323
S127_S095	42462	0	0.00	0			0	0
S127_S052	74720	976	1.31	67	812.0	255.0	333.477611940299	313.0
S127_S011	63939	914	1.43	63	919.0	252.0	330.555555555556	297.0
S127_S048	63723	0	0.00	0			0	0
S127_S007	62894	932	1.48	65	868.0	253.0	329.2	296.0
S127_S012	63706	734	1.15	50	817.0	250.0	337.98	303
S127_S060	86330	11657	13.50	519	2005.0	252.0	532.863198458574	437.0
S127_S026	116552	514	0.44	37	457.0	255.0	317.945945945946	320.0
S127_S093	92063	10222	11.10	485	1822.0	251.0	501.560824742268	423.0
S127_S070	62549	26	0.04	2	272.0	270.0	271	271
S079_S019	67364	0	0.00	0			0	0
S079_S017	54222	0	0.00	0			0	0
S079_S136	50788	60	0.12	5	276.0	258.0	266	263.0
S079_S144	70387	0	0.00	0			0	0
S079_S143	50157	14	0.03	1	294.0	294.0	294	294.0
S079_S110	56298	6386	11.34	369	1205.0	250.0	408.479674796748	348.0
S079_S010	53708	0	0.00	0			0	0
S079_S050	62921	0	0.00	0			0	0
S079_S139	43534	160	0.37	10	511.0	256.0	326.5	310
S079_S014	53227	0	0.00	0			0	0
S079_S004	54902	0	0.00	0			0	0
S079_S078	69420	0	0.00	0			0	0
S079_S033	103427	0	0.00	0			0	0
S079_S074	66744	0	0.00	0			0	0
S079_S111	89481	0	0.00	0			0	0
S079_S016	54252	0	0.00	0			0	0
S079_S104	59327	0	0.00	0			0	0
S079_S003	53644	0	0.00	0			0	0
S079_S068	35030	0	0.00	0			0	0
S079_S001	52994	0	0.00	0			0	0
S079_S102	64913	48	0.07	4	275.0	251.0	262	261
S079_S002	79786	0	0.00	0			0	0
S079_S022	49962	0	0.00	0			0	0
S079_S046	79172	0	0.00	0			0	0
S079_S077	63610	0	0.00	0			0	0
S079_S089	75637	0	0.00	0			0	0
S079_S095	32581	0	0.00	0			0	0
S079_S052	64839	0	0.00	0			0	0
S079_S011	54058	0	0.00	0			0	0
S079_S048	53842	0	0.00	0			0	0
S079_S007	53013	0	0.00	0			0	0
S079_S012	53825	0	0.00	0			0	0
S079_S060	76449	0	0.00	0			0	0
S079_S026	106671	0	0.00	0			0	0
S079_S093	82182	0	0.00	0			0	0
S079_S070	52668	0	0.00	0			0	0
S019_S017	67900	0	0.00	0			0	0
S019_S136	64466	13766	21.35	606	3185.0	252.0	553.23102310231	448.5
S019_S144	84065	0	0.00	0			0	0
S019_S143	63835	0	0.00	0			0	0
S019_S110	69976	70	0.10	5	328.0	270.0	291.2	286.0
S019_S010	67386	0	0.00	0			0	0
S019_S050	76599	0	0.00	0			0	0
S019_S139	57212	339	0.59	24	580.0	260.0	318.291666666667	295.5
S019_S014	66905	0	0.00	0			0	0
S019_S004	68580	0	0.00	0			0	0
S019_S078	83098	0	0.00	0			0	0
S019_S033	117105	0	0.00	0			0	0
S019_S074	80422	0	0.00	0			0	0
S019_S111	103159	1079	1.05	72	637.0	271.0	367.777777777778	346.5
S019_S016	67930	0	0.00	0			0	0
S019_S104	73005	1631	2.23	113	684.0	262.0	348.16814159292	337.0
S019_S003	67322	0	0.00	0			0	0
S019_S068	48708	0	0.00	0			0	0
S019_S001	66672	0	0.00	0			0	0
S019_S102	78591	19961	25.40	596	9495.0	254.0	798.780201342282	534
S019_S002	93464	0	0.00	0			0	0
S019_S022	63640	0	0.00	0			0	0
S019_S046	92850	0	0.00	0			0	0
S019_S077	77288	0	0.00	0			0	0
S019_S089	89315	0	0.00	0			0	0
S019_S095	46259	0	0.00	0			0	0
S019_S052	78517	0	0.00	0			0	0
S019_S011	67736	0	0.00	0			0	0
S019_S048	67520	0	0.00	0			0	0
S019_S007	66691	0	0.00	0			0	0
S019_S012	67503	0	0.00	0			0	0
S019_S060	90127	0	0.00	0			0	0
S019_S026	120349	0	0.00	0			0	0
S019_S093	95860	0	0.00	0			0	0
S019_S070	66346	0	0.00	0			0	0
S017_S136	51324	12230	23.83	568	2117.0	252.0	527.588028169014	442
S017_S144	70923	0	0.00	0			0	0
S017_S143	50693	0	0.00	0			0	0
S017_S110	56834	26	0.05	2	307.0	272.0	289.5	289.5
S017_S010	54244	0	0.00	0			0	0
S017_S050	63457	0	0.00	0			0	0
S017_S139	44070	256	0.58	18	486.0	251.0	320.277777777778	311.5
S017_S014	53763	0	0.00	0			0	0
S017_S004	55438	0	0.00	0			0	0
S017_S078	69956	0	0.00	0			0	0
S017_S033	103963	0	0.00	0			0	0
S017_S074	67280	0	0.00	0			0	0
S017_S111	90017	949	1.05	64	641.0	285.0	364.515625	346
S017_S016	54788	0	0.00	0			0	0
S017_S104	59863	1391	2.32	97	639.0	265.0	346.690721649485	334.0
S017_S003	54180	0	0.00	0			0	0
S017_S068	35566	0	0.00	0			0	0
S017_S001	53530	0	0.00	0			0	0
S017_S102	65449	17756	27.13	612	5429.0	250.0	697.558823529412	524.5
S017_S002	80322	0	0.00	0			0	0
S017_S022	50498	0	0.00	0			0	0
S017_S046	79708	0	0.00	0			0	0
S017_S077	64146	0	0.00	0			0	0
S017_S089	76173	0	0.00	0			0	0
S017_S095	33117	0	0.00	0			0	0
S017_S052	65375	0	0.00	0			0	0
S017_S011	54594	0	0.00	0			0	0
S017_S048	54378	0	0.00	0			0	0
S017_S007	53549	0	0.00	0			0	0
S017_S012	54361	0	0.00	0			0	0
S017_S060	76985	0	0.00	0			0	0
S017_S026	107207	0	0.00	0			0	0
S017_S093	82718	0	0.00	0			0	0
S017_S070	53204	0	0.00	0			0	0
S136_S144	67489	0	0.00	0			0	0
S136_S143	47259	0	0.00	0			0	0
S136_S110	53400	0	0.00	0			0	0
S136_S010	50810	12138	23.89	558	2036.0	256.0	533.974910394265	441
S136_S050	60023	3186	5.31	197	1087.0	256.0	386.096446700508	349.0
S136_S139	40636	0	0.00	0			0	0
S136_S014	50329	12533	24.90	585	2113.0	254.0	525.087179487179	443.0
S136_S004	52004	13009	25.02	587	2369.0	259.0	542.212947189097	472.0
S136_S078	66522	21081	31.69	685	5538.0	253.0	746.124087591241	575.0
S136_S033	100529	13448	13.38	584	3440.0	259.0	547.078767123288	464
S136_S074	63846	484	0.76	34	655.0	257.0	324.588235294118	299
S136_S111	86583	0	0.00	0			0	0
S136_S016	51354	11573	22.54	556	1719.0	273.0	510.192446043165	436
S136_S104	56429	0	0.00	0			0	0
S136_S003	50746	12049	23.74	554	2076.0	256.0	532.431407942238	443
S136_S068	32132	0	0.00	0			0	0
S136_S001	50096	12238	24.43	568	1944.0	254.0	527.808098591549	441
S136_S102	62015	0	0.00	0			0	0
S136_S002	76888	13506	17.57	599	2264.0	250.0	538.83305509182	446.0
S136_S022	47064	12392	26.33	579	2088.0	264.0	527.483592400691	445.0
S136_S046	76274	800	1.05	55	820.0	255.0	343.218181818182	325.0
S136_S077	60712	20299	33.43	659	5343.0	262.0	749.030349013657	574.0
S136_S089	72739	11627	15.98	574	2913.0	251.0	489.182926829268	420.5
S136_S095	29683	0	0.00	0			0	0
S136_S052	61941	19613	31.66	714	3099.0	268.0	670.72268907563	540
S136_S011	51160	12665	24.76	575	2707.0	257.0	539.551304347826	442.0
S136_S048	50944	0	0.00	0			0	0
S136_S007	50115	12651	25.24	576	2127.0	250.0	536.78125	444
S136_S012	50927	11460	22.50	551	1863.0	259.0	510.486388384755	440.0
S136_S060	73551	507	0.69	35	668.0	253.0	335.142857142857	311.0
S136_S026	103773	2871	2.77	172	992.0	253.0	382.587209302326	355.5
S136_S093	79284	471	0.59	32	616.0	252.0	341.84375	321
S136_S070	49770	0	0.00	0			0	0
S144_S143	66858	0	0.00	0			0	0
S144_S110	72999	0	0.00	0			0	0
S144_S010	70409	0	0.00	0			0	0
S144_S050	79622	0	0.00	0			0	0
S144_S139	60235	0	0.00	0			0	0
S144_S014	69928	0	0.00	0			0	0
S144_S004	71603	0	0.00	0			0	0
S144_S078	86121	0	0.00	0			0	0
S144_S033	120128	0	0.00	0			0	0
S144_S074	83445	0	0.00	0			0	0
S144_S111	106182	0	0.00	0			0	0
S144_S016	70953	0	0.00	0			0	0
S144_S104	76028	0	0.00	0			0	0
S144_S003	70345	0	0.00	0			0	0
S144_S068	51731	0	0.00	0			0	0
S144_S001	69695	0	0.00	0			0	0
S144_S102	81614	0	0.00	0			0	0
S144_S002	96487	0	0.00	0			0	0
S144_S022	66663	0	0.00	0			0	0
S144_S046	95873	22	0.02	1	482.0	482.0	482	482.0
S144_S077	80311	0	0.00	0			0	0
S144_S089	92338	0	0.00	0			0	0
S144_S095	49282	0	0.00	0			0	0
S144_S052	81540	0	0.00	0			0	0
S144_S011	70759	0	0.00	0			0	0
S144_S048	70543	154	0.22	12	385.0	268.0	306.833333333333	290
S144_S007	69714	0	0.00	0			0	0
S144_S012	70526	0	0.00	0			0	0
S144_S060	93150	0	0.00	0			0	0
S144_S026	123372	0	0.00	0			0	0
S144_S093	98883	0	0.00	0			0	0
S144_S070	69369	3042	4.39	192	920.0	259.0	393.739583333333	370
S143_S110	52769	0	0.00	0			0	0
S143_S010	50179	0	0.00	0			0	0
S143_S050	59392	0	0.00	0			0	0
S143_S139	40005	0	0.00	0			0	0
S143_S014	49698	0	0.00	0			0	0
S143_S004	51373	12	0.02	1	252.0	252.0	252	252.0
S143_S078	65891	12	0.02	1	264.0	264.0	264	264.0
S143_S033	99898	0	0.00	0			0	0
S143_S074	63215	0	0.00	0			0	0
S143_S111	85952	0	0.00	0			0	0
S143_S016	50723	0	0.00	0			0	0
S143_S104	55798	0	0.00	0			0	0
S143_S003	50115	0	0.00	0			0	0
S143_S068	31501	0	0.00	0			0	0
S143_S001	49465	0	0.00	0			0	0
S143_S102	61384	0	0.00	0			0	0
S143_S002	76257	0	0.00	0			0	0
S143_S022	46433	0	0.00	0			0	0
S143_S046	75643	0	0.00	0			0	0
S143_S077	60081	0	0.00	0			0	0
S143_S089	72108	0	0.00	0			0	0
S143_S095	29052	0	0.00	0			0	0
S143_S052	61310	0	0.00	0			0	0
S143_S011	50529	0	0.00	0			0	0
S143_S048	50313	364	0.72	26	522.0	250.0	335.461538461538	336.5
S143_S007	49484	0	0.00	0			0	0
S143_S012	50296	0	0.00	0			0	0
S143_S060	72920	0	0.00	0			0	0
S143_S026	103142	0	0.00	0			0	0
S143_S093	78653	0	0.00	0			0	0
S143_S070	49139	5674	11.55	344	1358.0	257.0	419.18023255814	372.5
S110_S010	56320	106	0.19	8	412.0	253.0	288.75	265
S110_S050	65533	12	0.02	1	267.0	267.0	267	267.0
S110_S139	46146	0	0.00	0			0	0
S110_S014	55839	34	0.06	2	467.0	253.0	360	360
S110_S004	57514	96	0.17	7	355.0	254.0	287.571428571429	267.0
S110_S078	72032	12	0.02	1	258.0	258.0	258	258.0
S110_S033	106039	0	0.00	0			0	0
S110_S074	69356	12	0.02	1	278.0	278.0	278	278.0
S110_S111	92093	0	0.00	0			0	0
S110_S016	56864	30	0.05	2	411.0	253.0	332	332
S110_S104	61939	0	0.00	0			0	0
S110_S003	56256	26	0.05	2	304.0	252.0	278	278
S110_S068	37642	0	0.00	0			0	0
S110_S001	55606	40	0.07	3	309.0	251.0	289.333333333333	308.0
S110_S102	67525	0	0.00	0			0	0
S110_S002	82398	34	0.04	2	396.0	332.0	364	364
S110_S022	52574	102	0.19	8	318.0	251.0	269.875	261
S110_S046	81784	116	0.14	8	488.0	261.0	306.25	277.5
S110_S077	66222	58	0.09	4	376.0	259.0	310.75	304
S110_S089	78249	0	0.00	0			0	0
S110_S095	35193	0	0.00	0			0	0
S110_S052	67451	20	0.03	1	416.0	416.0	416	416.0
S110_S011	56670	54	0.10	4	357.0	252.0	291.75	279
S110_S048	56454	0	0.00	0			0	0
S110_S007	55625	44	0.08	3	356.0	274.0	313	309.0
S110_S012	56437	26	0.05	2	310.0	259.0	284.5	284.5
S110_S060	79061	0	0.00	0			0	0
S110_S026	109283	12	0.01	1	267.0	267.0	267	267.0
S110_S093	84794	40	0.05	3	289.0	275.0	280.666666666667	278.0
S110_S070	55280	16	0.03	1	256.0	256.0	256	256.0
S010_S050	62943	0	0.00	0			0	0
S010_S139	43556	388	0.89	27	583.0	251.0	314.740740740741	299.0
S010_S014	53249	0	0.00	0			0	0
S010_S004	54924	0	0.00	0			0	0
S010_S078	69442	0	0.00	0			0	0
S010_S033	103449	0	0.00	0			0	0
S010_S074	66766	0	0.00	0			0	0
S010_S111	89503	889	0.99	62	647.0	283.0	356.645161290323	340
S010_S016	54274	0	0.00	0			0	0
S010_S104	59349	1385	2.33	97	638.0	265.0	347.824742268041	336.0
S010_S003	53666	0	0.00	0			0	0
S010_S068	35052	0	0.00	0			0	0
S010_S001	53016	0	0.00	0			0	0
S010_S102	64935	17666	27.21	568	8568.0	251.0	748.007042253521	528.5
S010_S002	79808	0	0.00	0			0	0
S010_S022	49984	0	0.00	0			0	0
S010_S046	79194	0	0.00	0			0	0
S010_S077	63632	0	0.00	0			0	0
S010_S089	75659	0	0.00	0			0	0
S010_S095	32603	0	0.00	0			0	0
S010_S052	64861	0	0.00	0			0	0
S010_S011	54080	0	0.00	0			0	0
S010_S048	53864	0	0.00	0			0	0
S010_S007	53035	0	0.00	0			0	0
S010_S012	53847	0	0.00	0			0	0
S010_S060	76471	0	0.00	0			0	0
S010_S026	106693	0	0.00	0			0	0
S010_S093	82204	0	0.00	0			0	0
S010_S070	52690	0	0.00	0			0	0
S050_S139	52769	347	0.66	24	481.0	261.0	321.083333333333	302
S050_S014	62462	0	0.00	0			0	0
S050_S004	64137	0	0.00	0			0	0
S050_S078	78655	0	0.00	0			0	0
S050_S033	112662	0	0.00	0			0	0
S050_S074	75979	0	0.00	0			0	0
S050_S111	98716	150	0.15	10	446.0	270.0	362	346
S050_S016	63487	0	0.00	0			0	0
S050_S104	68562	796	1.16	55	788.0	250.0	344.6	331.0
S050_S003	62879	0	0.00	0			0	0
S050_S068	44265	0	0.00	0			0	0
S050_S001	62229	0	0.00	0			0	0
S050_S102	74148	5244	7.07	314	1173.0	250.0	392.636942675159	347
S050_S002	89021	0	0.00	0			0	0
S050_S022	59197	0	0.00	0			0	0
S050_S046	88407	0	0.00	0			0	0
S050_S077	72845	0	0.00	0			0	0
S050_S089	84872	0	0.00	0			0	0
S050_S095	41816	0	0.00	0			0	0
S050_S052	74074	0	0.00	0			0	0
S050_S011	63293	0	0.00	0			0	0
S050_S048	63077	0	0.00	0			0	0
S050_S007	62248	0	0.00	0			0	0
S050_S012	63060	0	0.00	0			0	0
S050_S060	85684	0	0.00	0			0	0
S050_S026	115906	0	0.00	0			0	0
S050_S093	91417	0	0.00	0			0	0
S050_S070	61903	0	0.00	0			0	0
S139_S014	43075	268	0.62	19	415.0	254.0	313.894736842105	292.0
S139_S004	44750	321	0.72	23	588.0	257.0	317.304347826087	288.0
S139_S078	59268	230	0.39	16	560.0	257.0	324.1875	307.5
S139_S033	93275	136	0.15	10	377.0	258.0	303.4	307
S139_S074	56592	6786	11.99	186	6097.0	250.0	876.736559139785	598.5
S139_S111	79329	0	0.00	0			0	0
S139_S016	44100	144	0.33	10	437.0	268.0	336.2	308
S139_S104	49175	0	0.00	0			0	0
S139_S003	43492	206	0.47	14	582.0	252.0	331.571428571429	311.5
S139_S068	24878	0	0.00	0			0	0
S139_S001	42842	230	0.54	16	439.0	256.0	326.125	315
S139_S102	54761	0	0.00	0			0	0
S139_S002	69634	206	0.30	15	428.0	250.0	307.933333333333	287.0
S139_S022	39810	333	0.84	23	556.0	256.0	328.521739130435	305.0
S139_S046	69020	3943	5.71	177	2238.0	255.0	538.033898305085	400.0
S139_S077	53458	290	0.54	20	576.0	257.0	323.95	312.5
S139_S089	65485	96	0.15	6	435.0	287.0	364.5	360
S139_S095	22429	0	0.00	0			0	0
S139_S052	54687	223	0.41	17	437.0	252.0	303	279.0
S139_S011	43906	252	0.57	18	584.0	252.0	314.277777777778	285
S139_S048	43690	0	0.00	0			0	0
S139_S007	42861	246	0.57	17	529.0	255.0	321.176470588235	293.0
S139_S012	43673	226	0.52	16	532.0	250.0	321.5625	284.5
S139_S060	66297	6974	10.52	162	8061.0	258.0	1027.24074074074	684
S139_S026	96519	122	0.13	9	406.0	252.0	296.333333333333	284.0
S139_S093	72030	5996	8.32	178	4428.0	250.0	815.887640449438	621.5
S139_S070	42516	0	0.00	0			0	0
S014_S004	54443	0	0.00	0			0	0
S014_S078	68961	0	0.00	0			0	0
S014_S033	102968	0	0.00	0			0	0
S014_S074	66285	0	0.00	0			0	0
S014_S111	89022	928	1.04	62	693.0	279.0	369.112903225806	347
S014_S016	53793	0	0.00	0			0	0
S014_S104	58868	1489	2.53	104	594.0	260.0	346.865384615385	337
S014_S003	53185	0	0.00	0			0	0
S014_S068	34571	0	0.00	0			0	0
S014_S001	52535	0	0.00	0			0	0
S014_S102	64454	18027	27.97	617	4761.0	253.0	703.28038897893	526.0
S014_S002	79327	0	0.00	0			0	0
S014_S022	49503	0	0.00	0			0	0
S014_S046	78713	0	0.00	0			0	0
S014_S077	63151	0	0.00	0			0	0
S014_S089	75178	0	0.00	0			0	0
S014_S095	32122	0	0.00	0			0	0
S014_S052	64380	0	0.00	0			0	0
S014_S011	53599	0	0.00	0			0	0
S014_S048	53383	0	0.00	0			0	0
S014_S007	52554	0	0.00	0			0	0
S014_S012	53366	0	0.00	0			0	0
S014_S060	75990	0	0.00	0			0	0
S014_S026	106212	0	0.00	0			0	0
S014_S093	81723	0	0.00	0			0	0
S014_S070	52209	0	0.00	0			0	0
S004_S078	70636	0	0.00	0			0	0
S004_S033	104643	0	0.00	0			0	0
S004_S074	67960	0	0.00	0			0	0
S004_S111	90697	973	1.07	65	636.0	271.0	367.815384615385	347.0
S004_S016	55468	0	0.00	0			0	0
S004_S104	60543	1715	2.83	120	686.0	260.0	347.025	333.5
S004_S003	54860	0	0.00	0			0	0
S004_S068	36246	0	0.00	0			0	0
S004_S001	54210	0	0.00	0			0	0
S004_S102	66129	18755	28.36	586	8949.0	250.0	767.025597269625	555
S004_S002	81002	0	0.00	0			0	0
S004_S022	51178	0	0.00	0			0	0
S004_S046	80388	0	0.00	0			0	0
S004_S077	64826	0	0.00	0			0	0
S004_S089	76853	0	0.00	0			0	0
S004_S095	33797	0	0.00	0			0	0
S004_S052	66055	0	0.00	0			0	0
S004_S011	55274	0	0.00	0			0	0
S004_S048	55058	0	0.00	0			0	0
S004_S007	54229	0	0.00	0			0	0
S004_S012	55041	0	0.00	0			0	0
S004_S060	77665	0	0.00	0			0	0
S004_S026	107887	0	0.00	0			0	0
S004_S093	83398	0	0.00	0			0	0
S004_S070	53884	0	0.00	0			0	0
S078_S033	119161	0	0.00	0			0	0
S078_S074	82478	0	0.00	0			0	0
S078_S111	105215	1941	1.84	131	638.0	250.0	361.473282442748	344.0
S078_S016	69986	0	0.00	0			0	0
S078_S104	75061	1845	2.46	124	778.0	251.0	356.064516129032	337
S078_S003	69378	0	0.00	0			0	0
S078_S068	50764	0	0.00	0			0	0
S078_S001	68728	0	0.00	0			0	0
S078_S102	80647	26454	32.80	518	13295.0	250.0	1222.91698841699	724.5
S078_S002	95520	0	0.00	0			0	0
S078_S022	65696	0	0.00	0			0	0
S078_S046	94906	0	0.00	0			0	0
S078_S077	79344	0	0.00	0			0	0
S078_S089	91371	0	0.00	0			0	0
S078_S095	48315	0	0.00	0			0	0
S078_S052	80573	0	0.00	0			0	0
S078_S011	69792	0	0.00	0			0	0
S078_S048	69576	0	0.00	0			0	0
S078_S007	68747	0	0.00	0			0	0
S078_S012	69559	0	0.00	0			0	0
S078_S060	92183	0	0.00	0			0	0
S078_S026	122405	0	0.00	0			0	0
S078_S093	97916	0	0.00	0			0	0
S078_S070	68402	0	0.00	0			0	0
S033_S074	116485	0	0.00	0			0	0
S033_S111	139222	1260	0.91	84	635.0	273.0	361.464285714286	338
S033_S016	103993	0	0.00	0			0	0
S033_S104	109068	1542	1.41	103	649.0	258.0	354.631067961165	336.0
S033_S003	103385	0	0.00	0			0	0
S033_S068	84771	0	0.00	0			0	0
S033_S001	102735	0	0.00	0			0	0
S033_S102	114654	19291	16.83	592	6042.0	250.0	763.429054054054	554.5
S033_S002	129527	0	0.00	0			0	0
S033_S022	99703	0	0.00	0			0	0
S033_S046	128913	0	0.00	0			0	0
S033_S077	113351	0	0.00	0			0	0
S033_S089	125378	0	0.00	0			0	0
S033_S095	82322	0	0.00	0			0	0
S033_S052	114580	0	0.00	0			0	0
S033_S011	103799	0	0.00	0			0	0
S033_S048	103583	0	0.00	0			0	0
S033_S007	102754	0	0.00	0			0	0
S033_S012	103566	0	0.00	0			0	0
S033_S060	126190	0	0.00	0			0	0
S033_S026	156412	0	0.00	0			0	0
S033_S093	131923	0	0.00	0			0	0
S033_S070	102409	0	0.00	0			0	0
S074_S111	102539	12	0.01	1	291.0	291.0	291	291.0
S074_S016	67310	0	0.00	0			0	0
S074_S104	72385	200	0.28	15	471.0	254.0	311.466666666667	286.0
S074_S003	66702	0	0.00	0			0	0
S074_S068	48088	0	0.00	0			0	0
S074_S001	66052	0	0.00	0			0	0
S074_S102	77971	796	1.02	54	770.0	253.0	338.703703703704	328
S074_S002	92844	0	0.00	0			0	0
S074_S022	63020	0	0.00	0			0	0
S074_S046	92230	0	0.00	0			0	0
S074_S077	76668	0	0.00	0			0	0
S074_S089	88695	0	0.00	0			0	0
S074_S095	45639	0	0.00	0			0	0
S074_S052	77897	0	0.00	0			0	0
S074_S011	67116	0	0.00	0			0	0
S074_S048	66900	0	0.00	0			0	0
S074_S007	66071	0	0.00	0			0	0
S074_S012	66883	0	0.00	0			0	0
S074_S060	89507	0	0.00	0			0	0
S074_S026	119729	0	0.00	0			0	0
S074_S093	95240	0	0.00	0			0	0
S074_S070	65726	0	0.00	0			0	0
S111_S016	90047	895	0.99	60	585.0	281.0	373.483333333333	347.5
S111_S104	95122	0	0.00	0			0	0
S111_S003	89439	963	1.08	64	645.0	275.0	369.65625	346
S111_S068	70825	0	0.00	0			0	0
S111_S001	88789	1056	1.19	71	646.0	278.0	366.30985915493	347.0
S111_S102	100708	0	0.00	0			0	0
S111_S002	115581	1108	0.96	74	633.0	280.0	362.689189189189	343
S111_S022	85757	1130	1.32	79	595.0	273.0	357.582278481013	345.0
S111_S046	114967	28	0.02	2	342.0	324.0	333	333
S111_S077	99405	1919	1.93	127	684.0	264.0	368.905511811024	345.0
S111_S089	111432	987	0.89	66	685.0	273.0	364	343.5
S111_S095	68376	0	0.00	0			0	0
S111_S052	100634	2418	2.40	159	646.0	286.0	373.364779874214	347.0
S111_S011	89853	1042	1.16	71	645.0	278.0	360.87323943662	344.0
S111_S048	89637	0	0.00	0			0	0
S111_S007	88808	1039	1.17	70	644.0	279.0	364.528571428571	345.5
S111_S012	89620	901	1.01	60	592.0	279.0	369.966666666667	347
S111_S060	112244	12	0.01	1	291.0	291.0	291	291.0
S111_S026	142466	210	0.15	15	434.0	265.0	325.666666666667	290.0
S111_S093	117977	0	0.00	0			0	0
S111_S070	88463	0	0.00	0			0	0
S016_S104	59893	1193	1.99	83	641.0	262.0	349.228915662651	342.0
S016_S003	54210	0	0.00	0			0	0
S016_S068	35596	0	0.00	0			0	0
S016_S001	53560	0	0.00	0			0	0
S016_S102	65479	16941	25.87	635	4728.0	251.0	642.617322834646	513.0
S016_S002	80352	0	0.00	0			0	0
S016_S022	50528	0	0.00	0			0	0
S016_S046	79738	0	0.00	0			0	0
S016_S077	64176	0	0.00	0			0	0
S016_S089	76203	0	0.00	0			0	0
S016_S095	33147	0	0.00	0			0	0
S016_S052	65405	0	0.00	0			0	0
S016_S011	54624	0	0.00	0			0	0
S016_S048	54408	0	0.00	0			0	0
S016_S007	53579	0	0.00	0			0	0
S016_S012	54391	0	0.00	0			0	0
S016_S060	77015	0	0.00	0			0	0
S016_S026	107237	0	0.00	0			0	0
S016_S093	82748	0	0.00	0			0	0
S016_S070	53234	0	0.00	0			0	0
S104_S003	59285	1352	2.28	94	595.0	262.0	346.063829787234	335.5
S104_S068	40671	0	0.00	0			0	0
S104_S001	58635	1338	2.28	94	635.0	262.0	342.840425531915	326.5
S104_S102	70554	0	0.00	0			0	0
S104_S002	85427	1680	1.97	116	672.0	257.0	346.439655172414	334.5
S104_S022	55603	1546	2.78	110	642.0	263.0	341.909090909091	331
S104_S046	84813	289	0.34	22	483.0	254.0	306.363636363636	284.5
S104_S077	69251	1755	2.53	117	783.0	257.0	361.367521367521	338.0
S104_S089	81278	1219	1.50	83	634.0	260.0	355.144578313253	340.0
S104_S095	38222	0	0.00	0			0	0
S104_S052	70480	1903	2.70	128	691.0	268.0	359.8203125	343
S104_S011	59699	1468	2.46	103	595.0	256.0	345.26213592233	339.0
S104_S048	59483	0	0.00	0			0	0
S104_S007	58654	1431	2.44	98	645.0	253.0	353.979591836735	343
S104_S012	59466	1179	1.98	81	689.0	263.0	352.592592592593	343.0
S104_S060	82090	104	0.13	7	514.0	266.0	346.428571428571	285.0
S104_S026	112312	872	0.78	61	704.0	257.0	332.885245901639	322.0
S104_S093	87823	146	0.17	11	439.0	270.0	312.454545454545	285.0
S104_S070	58309	0	0.00	0			0	0
S003_S068	34988	0	0.00	0			0	0
S003_S001	52952	0	0.00	0			0	0
S003_S102	64871	17876	27.56	629	4774.0	250.0	683.408585055644	495.0
S003_S002	79744	0	0.00	0			0	0
S003_S022	49920	0	0.00	0			0	0
S003_S046	79130	0	0.00	0			0	0
S003_S077	63568	0	0.00	0			0	0
S003_S089	75595	0	0.00	0			0	0
S003_S095	32539	0	0.00	0			0	0
S003_S052	64797	0	0.00	0			0	0
S003_S011	54016	0	0.00	0			0	0
S003_S048	53800	0	0.00	0			0	0
S003_S007	52971	0	0.00	0			0	0
S003_S012	53783	0	0.00	0			0	0
S003_S060	76407	0	0.00	0			0	0
S003_S026	106629	0	0.00	0			0	0
S003_S093	82140	0	0.00	0			0	0
S003_S070	52626	0	0.00	0			0	0
S068_S001	34338	0	0.00	0			0	0
S068_S102	46257	0	0.00	0			0	0
S068_S002	61130	0	0.00	0			0	0
S068_S022	31306	0	0.00	0			0	0
S068_S046	60516	0	0.00	0			0	0
S068_S077	44954	0	0.00	0			0	0
S068_S089	56981	0	0.00	0			0	0
S068_S095	13925	0	0.00	0			0	0
S068_S052	46183	0	0.00	0			0	0
S068_S011	35402	0	0.00	0			0	0
S068_S048	35186	0	0.00	0			0	0
S068_S007	34357	0	0.00	0			0	0
S068_S012	35169	0	0.00	0			0	0
S068_S060	57793	0	0.00	0			0	0
S068_S026	88015	0	0.00	0			0	0
S068_S093	63526	0	0.00	0			0	0
S068_S070	34012	0	0.00	0			0	0
S001_S102	64221	17825	27.76	607	6616.0	256.0	706.535420098847	531.0
S001_S002	79094	0	0.00	0			0	0
S001_S022	49270	0	0.00	0			0	0
S001_S046	78480	0	0.00	0			0	0
S001_S077	62918	0	0.00	0			0	0
S001_S089	74945	0	0.00	0			0	0
S001_S095	31889	0	0.00	0			0	0
S001_S052	64147	0	0.00	0			0	0
S001_S011	53366	0	0.00	0			0	0
S001_S048	53150	0	0.00	0			0	0
S001_S007	52321	0	0.00	0			0	0
S001_S012	53133	0	0.00	0			0	0
S001_S060	75757	0	0.00	0			0	0
S001_S026	105979	0	0.00	0			0	0
S001_S093	81490	0	0.00	0			0	0
S001_S070	51976	0	0.00	0			0	0
S102_S002	91013	19434	21.35	593	8702.0	252.0	771.849915682968	517.0
S102_S022	61189	17842	29.16	622	5665.0	255.0	692.540192926045	516
S102_S046	90399	1408	1.56	99	730.0	251.0	330.919191919192	304.0
S102_S077	74837	25213	33.69	482	14759.0	254.0	1248.65975103734	735
S102_S089	86864	17266	19.88	685	2461.0	253.0	600.861313868613	476.0
S102_S095	43808	0	0.00	0			0	0
S102_S052	76066	28677	37.70	492	14210.0	251.0	1408.84349593496	838.5
S102_S011	65285	18125	27.76	607	5733.0	259.0	716.28665568369	534.0
S102_S048	65069	0	0.00	0			0	0
S102_S007	64240	17924	27.90	579	6517.0	259.0	741.158894645941	540.0
S102_S012	65052	16578	25.48	628	3499.0	251.0	635.514331210191	491
S102_S060	87676	844	0.96	57	778.0	250.0	338.543859649123	325.0
S102_S026	117898	5243	4.45	308	1078.0	251.0	389.707792207792	350.5
S102_S093	93409	957	1.02	66	678.0	252.0	332.530303030303	321
S102_S070	63895	0	0.00	0			0	0
S002_S022	76062	0	0.00	0			0	0
S002_S046	105272	0	0.00	0			0	0
S002_S077	89710	0	0.00	0			0	0
S002_S089	101737	0	0.00	0			0	0
S002_S095	58681	0	0.00	0			0	0
S002_S052	90939	0	0.00	0			0	0
S002_S011	80158	0	0.00	0			0	0
S002_S048	79942	0	0.00	0			0	0
S002_S007	79113	0	0.00	0			0	0
S002_S012	79925	0	0.00	0			0	0
S002_S060	102549	0	0.00	0			0	0
S002_S026	132771	0	0.00	0			0	0
S002_S093	108282	0	0.00	0			0	0
S002_S070	78768	0	0.00	0			0	0
S022_S046	75448	0	0.00	0			0	0
S022_S077	59886	0	0.00	0			0	0
S022_S089	71913	0	0.00	0			0	0
S022_S095	28857	0	0.00	0			0	0
S022_S052	61115	0	0.00	0			0	0
S022_S011	50334	0	0.00	0			0	0
S022_S048	50118	0	0.00	0			0	0
S022_S007	49289	0	0.00	0			0	0
S022_S012	50101	0	0.00	0			0	0
S022_S060	72725	0	0.00	0			0	0
S022_S026	102947	0	0.00	0			0	0
S022_S093	78458	0	0.00	0			0	0
S022_S070	48944	0	0.00	0			0	0
S046_S077	89096	0	0.00	0			0	0
S046_S089	101123	0	0.00	0			0	0
S046_S095	58067	0	0.00	0			0	0
S046_S052	90325	0	0.00	0			0	0
S046_S011	79544	0	0.00	0			0	0
S046_S048	79328	0	0.00	0			0	0
S046_S007	78499	0	0.00	0			0	0
S046_S012	79311	0	0.00	0			0	0
S046_S060	101935	0	0.00	0			0	0
S046_S026	132157	0	0.00	0			0	0
S046_S093	107668	0	0.00	0			0	0
S046_S070	78154	0	0.00	0			0	0
S077_S089	85561	0	0.00	0			0	0
S077_S095	42505	0	0.00	0			0	0
S077_S052	74763	0	0.00	0			0	0
S077_S011	63982	0	0.00	0			0	0
S077_S048	63766	0	0.00	0			0	0
S077_S007	62937	0	0.00	0			0	0
S077_S012	63749	0	0.00	0			0	0
S077_S060	86373	0	0.00	0			0	0
S077_S026	116595	0	0.00	0			0	0
S077_S093	92106	0	0.00	0			0	0
S077_S070	62592	0	0.00	0			0	0
S089_S095	54532	0	0.00	0			0	0
S089_S052	86790	0	0.00	0			0	0
S089_S011	76009	0	0.00	0			0	0
S089_S048	75793	0	0.00	0			0	0
S089_S007	74964	0	0.00	0			0	0
S089_S012	75776	0	0.00	0			0	0
S089_S060	98400	0	0.00	0			0	0
S089_S026	128622	0	0.00	0			0	0
S089_S093	104133	0	0.00	0			0	0
S089_S070	74619	0	0.00	0			0	0
S095_S052	43734	0	0.00	0			0	0
S095_S011	32953	0	0.00	0			0	0
S095_S048	32737	0	0.00	0			0	0
S095_S007	31908	0	0.00	0			0	0
S095_S012	32720	0	0.00	0			0	0
S095_S060	55344	0	0.00	0			0	0
S095_S026	85566	0	0.00	0			0	0
S095_S093	61077	0	0.00	0			0	0
S095_S070	31563	0	0.00	0			0	0
S052_S011	65211	0	0.00	0			0	0
S052_S048	64995	0	0.00	0			0	0
S052_S007	64166	0	0.00	0			0	0
S052_S012	64978	0	0.00	0			0	0
S052_S060	87602	0	0.00	0			0	0
S052_S026	117824	0	0.00	0			0	0
S052_S093	93335	0	0.00	0			0	0
S052_S070	63821	0	0.00	0			0	0
S011_S048	54214	0	0.00	0			0	0
S011_S007	53385	0	0.00	0			0	0
S011_S012	54197	0	0.00	0			0	0
S011_S060	76821	0	0.00	0			0	0
S011_S026	107043	0	0.00	0			0	0
S011_S093	82554	0	0.00	0			0	0
S011_S070	53040	0	0.00	0			0	0
S048_S007	53169	0	0.00	0			0	0
S048_S012	53981	0	0.00	0			0	0
S048_S060	76605	0	0.00	0			0	0
S048_S026	106827	0	0.00	0			0	0
S048_S093	82338	0	0.00	0			0	0
S048_S070	52824	0	0.00	0			0	0
S007_S012	53152	0	0.00	0			0	0
S007_S060	75776	0	0.00	0			0	0
S007_S026	105998	0	0.00	0			0	0
S007_S093	81509	0	0.00	0			0	0
S007_S070	51995	0	0.00	0			0	0
S012_S060	76588	0	0.00	0			0	0
S012_S026	106810	0	0.00	0			0	0
S012_S093	82321	0	0.00	0			0	0
S012_S070	52807	0	0.00	0			0	0
S060_S026	129434	0	0.00	0			0	0
S060_S093	104945	0	0.00	0			0	0
S060_S070	75431	0	0.00	0			0	0
S026_S093	135167	0	0.00	0			0	0
S026_S070	105653	0	0.00	0			0	0
S093_S070	81164	0	0.00	0			0	0
