CON__P00761	0	13	13	64.5	24.409	323.31	584900000000
CON__P02533	0	7	4	19.9	51.621	4.0288	164880000
CON__Q6IFX2	0	7	4	19.9	51.621	4.0288	164880000
CON__P19012	0	7	4	19.9	51.621	4.0288	164880000
CON__Q61782	0	7	4	19.9	51.621	4.0288	164880000
CON__P08727	0	7	4	19.9	51.621	4.0288	164880000
CON__Q8N1A0	0	7	4	19.9	51.621	4.0288	164880000
CON__Q9D312	0	7	4	19.9	51.621	4.0288	164880000
CON__Q9Z2K1	0	7	4	19.9	51.621	4.0288	164880000
CON__Q3ZAW8	0	7	4	19.9	51.621	4.0288	164880000
CON__P02769	0.00033135	4	3	8.7	69.293	2.8673	81832000
CON__P04259	0	10	1	21.6	59.998	6.7851	160720000
CON__P04264	0	24	20	46.6	66.017	299.15	9190900000
CON__ENSEMBL:ENSBTAP00000038253	0	24	20	46.6	66.017	299.15	9190900000
CON__P08779	0.0003406	6	3	15	51.267	3.2033	23068000
CON__P12763	0	2	2	10.3	38.418	5.4573	28166000
CON__P13645	0	15	14	34.9	59.51	108.24	2939700000
CON__P02535-1	0	15	14	34.9	59.51	108.24	2939700000
CON__Q7Z3Z0	0	15	14	34.9	59.51	108.24	2939700000
CON__Q7Z3Y8	0	15	14	34.9	59.51	108.24	2939700000
CON__Q148H6	0	15	14	34.9	59.51	108.24	2939700000
CON__Q7Z3Y7	0	15	14	34.9	59.51	108.24	2939700000
CON__P15497	0	2	2	11.3	30.276	3.7916	40318000
CON__P35527	0	12	12	41.6	62.129	195.31	1250900000
CON__P35908	0	11	6	21.2	65.865	14.541	1208800000
CON__P35908v2	0	11	6	21.2	65.865	14.541	1208800000
CON__Q6NXH9	0	11	6	21.2	65.865	14.541	1208800000
CON__Q7Z794	0	11	6	21.2	65.865	14.541	1208800000
CON__Q6IFZ6	0	11	6	21.2	65.865	14.541	1208800000
CON__Q5XKE5	0	11	6	21.2	65.865	14.541	1208800000
CON__Q9R0H5	0	11	6	21.2	65.865	14.541	1208800000
CON__P07744	0	11	6	21.2	65.865	14.541	1208800000
CON__Q7RTS7	0	11	6	21.2	65.865	14.541	1208800000
CON__Q3KNV1	0	11	6	21.2	65.865	14.541	1208800000
CON__Q32MB2	0	11	6	21.2	65.865	14.541	1208800000
CON__Q3SY84	0	11	6	21.2	65.865	14.541	1208800000
CON__Q6IME9	0	11	6	21.2	65.865	14.541	1208800000
CON__P19013	0	11	6	21.2	65.865	14.541	1208800000
CON__Q01546	0	11	6	21.2	65.865	14.541	1208800000
CON__P08729	0	11	6	21.2	65.865	14.541	1208800000
CON__Q9DCV7	0	11	6	21.2	65.865	14.541	1208800000
CON__Q04695	0.00064082	6	4	14.6	48.105	2.5291	67454000
CON__Q9QWL7	0.00064082	6	4	14.6	48.105	2.5291	67454000
CON__Q3SX28	0.0088614	3	3	10.9	33.012	1.0047	572550000
CON__Q9U6Y5	0.0003319	2	2	9.6	28.106	2.8874	233750000
KXJ04195.1	0	21	21	45.2	79.153	187.25	16618000000
KXJ04202.1	0.00034566	4	4	13.4	47.665	3.3473	2004300000
KXJ04205.1	0	3	1	30.2	18.395	8.7529	781060000
KXJ04211.1	0	3	3	16.4	39.712	10.113	247880000
KXJ04219.1	0.0015179	4	4	19.8	22.613	1.9887	2159500000
KXJ04226.1	0	4	4	22.7	27.503	5.7174	575050000
KXJ04240.1	0	2	2	32.5	8.8691	4.988	2637300000
KXJ04243.1	0.00034294	3	3	58.3	7.1029	3.2718	881430000
KXJ04246.1	0.0012315	3	1	25.3	10.785	2.1324	58308000
KXJ04380.1	0.0037356	2	2	46.9	5.5381	1.549	383070000
KXJ04597.1	0	5	5	33.5	20.067	10.152	167910000
KXJ04665.1	0	4	3	22.5	20.793	5.209	1327500000
KXJ04529.1	0	4	3	22.5	20.793	5.209	1327500000
KXJ04666.1	0	4	4	17.7	33.99	4.1663	418260000
KXJ04682.1	0	4	4	28.3	10.788	5.6239	964680000
KXJ04699.1	0	2	2	61.9	5.0226	17.292	53791000
KXJ04725.1	0	2	2	31.6	8.8618	4.6953	42256000
KXJ04790.1	0	4	4	20.3	25.706	25.551	1176800000
KXJ04845.1	0	5	5	34.6	22.432	5.6032	736540000
KXJ04879.1	0.0095974	7	1	21.7	35.1	0.94213	100830000
KXJ04882.1	0	3	3	23.7	24.479	4.4385	2023700000
KXJ04888.1	0	4	2	12.1	52.224	4.672	42252000
KXJ21961.1	0	4	2	12.1	52.224	4.672	42252000
KXJ04901.1	0.00032605	2	2	28.7	10.883	2.6757	155450000
KXJ04906.1	0	10	10	81	10.573	138.87	174260000000
KXJ04914.1	0.0070575	2	2	8.7	32.508	1.1201	91104000
KXJ04985.1	0	3	3	25.3	20.053	11.21	284130000
KXJ04992.1	0	4	4	24.8	18.759	11.462	569720000
KXJ05031.1	0.0020631	2	2	17.1	12.488	1.7544	1607800000
KXJ05036.1	0	7	7	36.2	22.65	7.9284	778620000
KXJ05037.1	0	10	10	46.2	19.402	8.05	2866600000
KXJ05042.1	0	3	3	25.7	8.5726	6.6738	1692000000
KXJ05058.1	0	9	2	66.7	13.03	11.115	294030000
KXJ05071.1	0	3	3	59.6	5.5632	3.9861	577590000
KXJ05072.1	0.0060623	2	2	10.3	27.996	1.2248	66899000
KXJ11046.1	0.0060623	2	2	10.3	27.996	1.2248	66899000
KXJ05080.1	0.0017873	3	3	12.5	33.684	1.8198	396280000
KXJ05145.1	0	3	3	17.9	13.802	33.164	829990000
KXJ05164.1	0.00064579	2	2	9.6	37.319	2.5921	63746000
KXJ05169.1	0	3	1	26.8	21.278	5.3322	189550000
KXJ12708.1	0	3	1	26.8	21.278	5.3322	189550000
KXJ05201.1	0.0086253	2	2	8.9	41.239	1.0346	19157000
KXJ05226.1	0.0012473	4	4	16.2	33.687	2.2673	2015900000
KXJ05235.1	0.0026049	4	0	9.7	60.831	1.6233	81035000
KXJ05243.1	0	11	11	54.8	25.797	31.146	1516100000
KXJ05253.1	0.0020552	5	3	26	27.91	1.7379	125230000
KXJ19959.1	0.0020552	5	3	26	27.91	1.7379	125230000
KXJ20902.1	0.0020552	5	3	26	27.91	1.7379	125230000
KXJ05268.1	0	3	3	19.5	28.9	20.247	385480000
KXJ13564.1	0	3	3	19.5	28.9	20.247	385480000
KXJ05282.1	0	5	5	24.3	41.848	11.738	768100000
KXJ05299.1	0	5	3	12.3	50.72	3.4336	224250000
KXJ05300.1	0.0065592	3	2	16	26.42	1.1653	198200000
KXJ05314.1	0	3	3	34.1	8.9276	26.202	2317000000
KXJ05331.1	0	19	7	44.4	66.612	14.587	1447300000
KXJ05344.1	0	13	6	18.5	65.419	54.759	3386600000
KXJ07330.1	0	13	6	18.5	65.419	54.759	3386600000
KXJ06497.1	0	13	6	18.5	65.419	54.759	3386600000
KXJ05354.1	0	4	4	26	26.492	4.1538	190250000
KXJ05386.1	0	2	2	14.1	14.234	9.1504	1232400000
KXJ05404.1	0	6	4	20.3	48.951	3.8433	301340000
KXJ05455.1	0	8	8	41.1	19.781	15.933	1582300000
KXJ22213.1	0.0012453	3	3	27	10.59	2.2512	211450000
KXJ05459.1	0.0012453	3	3	27	10.59	2.2512	211450000
KXJ05469.1	0	6	6	48.5	10.686	117.87	15959000000
KXJ05482.1	1	14	1	33.3	39.434	-2	1700100000
KXJ05489.1	1	5	2	69.7	9.4318	-2	44664000
KXJ05498.1	0	4	4	13	59.817	6.3789	641900000
KXJ29748.1	0	4	4	13	59.817	6.3789	641900000
KXJ05528.1	0	4	4	28.4	19.623	17.831	5616900000
KXJ05534.1	0.00033704	7	3	35.4	24.614	3.0844	256680000
KXJ05538.1	0	87	3	83	97.754	112.47	37265000000
KXJ05556.1	0	4	1	37.6	16.805	23.161	681000000
KXJ05568.1	0	11	11	24.2	68.853	22.179	1872600000
KXJ05364.1	0	11	11	24.2	68.853	22.179	1872600000
KXJ05575.1	1	3	3	24.3	19.09	-2	108260000
KXJ05585.1	0.0068027	3	3	11.5	40.974	1.1373	114010000
KXJ15612.1	0.0068027	3	3	11.5	40.974	1.1373	114010000
KXJ05587.1	0.0015074	7	4	33.2	24.587	1.9264	2088200000
KXJ05599.1	0	14	14	48.3	53.434	291.97	5031600000
KXJ05623.1	0	7	5	14.4	85.257	12.793	262910000
KXJ05626.1	0	10	10	16.3	48.918	36.072	5464100000
KXJ05636.1	0	22	22	46.1	34.574	26.305	18065000000
KXJ05663.1	0	32	11	47.5	98.259	78.627	2908300000
KXJ05669.1	0.00032992	3	3	4.9	59.751	2.7996	278330000
KXJ05672.1	0	9	8	46.7	29.822	28.182	1571200000
KXJ05682.1	1	2	2	14.1	28.732	-2	1551900
KXJ05698.1	0	3	3	9.7	20.832	4.2738	596400000
KXJ05704.1	0	7	7	45.5	14.481	42.487	2804900000
KXJ05766.1	0	3	3	16.7	30.971	8.4581	637260000
KXJ05771.1	0	5	2	21.9	46.968	36.977	4179700000
KXJ05996.1	0	5	2	21.9	46.968	36.977	4179700000
KXJ05778.1	0	7	7	14.8	66.824	3.7199	1436000000
KXJ05790.1	0.006029	5	2	11.8	47.635	1.1858	64050000
KXJ05808.1	1	3	1	21.6	27.824	-2	6393300
KXJ05810.1	0.00033933	13	2	39.6	44.687	3.168	169240000
KXJ27371.1	0.00033933	13	2	39.6	44.687	3.168	169240000
KXJ05820.1	0	6	6	24.3	30.773	5.1468	842110000
KXJ19453.1	0	6	6	24.3	30.773	5.1468	842110000
KXJ05829.1	0.0060523	2	1	9.1	32.803	1.2163	9309000
KXJ05840.1	0	2	2	18.1	22.333	4.7292	334270000
KXJ23242.1	0	2	2	18.1	22.333	4.7292	334270000
KXJ05841.1	0	7	6	41.7	22.987	27.527	4858800000
KXJ05851.1	0	2	2	27.5	9.796	13.19	359570000
KXJ05866.1	0	4	4	35.2	11.76	9.8678	3794300000
KXJ05900.1	0	3	3	8.9	44.559	3.8094	608740000
KXJ05907.1	0	16	16	71.4	30.994	64.51	3607100000
KXJ05909.1	0.00033047	2	2	7.1	35.803	2.8358	1110000000
KXJ19963.1	0.00033047	2	2	7.1	35.803	2.8358	1110000000
KXJ05913.1	0	10	10	33.6	36.323	61.351	1380200000
KXJ05930.1	0.00064495	12	2	45.9	26.532	2.5823	1092100000
KXJ05933.1	1	3	3	16.9	16.036	-2	55861000
KXJ05943.1	0	3	3	18.5	16.624	215.97	17587000000
KXJ05531.1	0	3	3	18.5	16.624	215.97	17587000000
KXJ05950.1	0.0096103	2	2	7.9	29.433	0.95437	123060000
KXJ05959.1	0	7	7	36.8	27.633	14.644	4323100000
KXJ05964.1	0	2	2	6.3	53.358	3.4489	28609000
KXJ05998.1	0	4	3	36.6	15.384	10.329	1874000000
KXJ06024.1	0	3	3	28.4	8.835	71.967	5603100000
KXJ18614.1	0	11	5	51.9	18.601	56.596	16201000000
KXJ06029.1	0	11	5	51.9	18.601	56.596	16201000000
KXJ06032.1	0	11	5	51.9	18.601	56.596	16201000000
KXJ18553.1	0	11	5	51.9	18.601	56.596	16201000000
KXJ06031.1	0.0012293	6	3	13.5	53.202	2.1181	91952000
KXJ18573.1	0.0012293	6	3	13.5	53.202	2.1181	91952000
KXJ06049.1	0	3	3	15.7	28.487	4.8447	441570000
KXJ06050.1	0.0086114	2	2	4.6	46.276	1.0199	18604000
KXJ06055.1	0.002617	9	2	34.8	43.346	1.6643	20391000
KXJ06057.1	0	5	3	8.4	85.893	24.121	263210000
KXJ06071.1	0	3	3	15	27.355	25.52	455050000
KXJ07997.1	0	3	3	40	12.401	8.9576	288200000
KXJ06078.1	0	3	3	40	12.401	8.9576	288200000
KXJ07994.1	0	11	11	41.3	34.086	17.806	2067900000
KXJ06080.1	0	11	11	41.3	34.086	17.806	2067900000
KXJ06382.1	0.00033289	7	7	21.7	56.72	2.951	606020000
KXJ06107.1	0.00033289	7	7	21.7	56.72	2.951	606020000
KXJ06125.1	1	2	1	7.1	42.014	-2	30252000
KXJ16082.1	1	2	1	7.1	42.014	-2	30252000
KXJ20252.1	1	2	1	7.1	42.014	-2	30252000
KXJ06155.1	0.0020722	5	5	13.4	57.293	1.7954	363530000
KXJ06158.1	0.0095491	2	2	63.3	5.4893	0.90723	26016000
KXJ23648.1	0.0095491	2	2	63.3	5.4893	0.90723	26016000
KXJ06165.1	0.007071	3	3	44.1	10.754	1.1306	205450000
KXJ06174.1	0	2	2	14.4	20.417	3.711	97485000
KXJ06179.1	0	3	3	37.3	11.991	39.113	3696900000
KXJ06205.1	0.0017836	4	2	15	34.523	1.8107	287150000
KXJ10258.1	0.0017836	4	2	15	34.523	1.8107	287150000
KXJ06219.1	0	4	4	13.8	32.262	24.897	405150000
KXJ06221.1	0	10	10	36.6	35.834	48.51	3291400000
KXJ25528.1	0	6	6	62.5	12.129	25.378	596900000
KXJ06245.1	0	6	6	62.5	12.129	25.378	596900000
KXJ27867.1	0	2	2	17.9	24.175	20.829	99075000
KXJ06284.1	0	2	2	17.9	24.175	20.829	99075000
KXJ06290.1	0.00033003	6	3	15.1	73.517	2.8178	788000000
KXJ06318.1	0	5	5	40.8	14.399	323.31	6872300000
KXJ06323.1	0	2	2	1.9	222.26	4.8738	130350000
KXJ27107.1	0	2	2	1.9	222.26	4.8738	130350000
KXJ06383.1	0	12	12	85	9.4705	323.31	12486000000
KXJ06388.1	0	5	5	26.8	33.491	5.6121	336450000
KXJ16618.1	0	5	5	26.8	33.491	5.6121	336450000
KXJ06412.1	0.0012567	2	2	5	32.169	2.3364	56157000
KXJ06413.1	0.0065646	4	4	12.6	33.921	1.173	189380000
KXJ06417.1	1	2	1	10.7	34.499	-2	1588400
KXJ18524.1	1	2	1	10.7	34.499	-2	1588400
KXJ21511.1	1	2	1	10.7	34.499	-2	1588400
KXJ18534.1	1	2	1	10.7	34.499	-2	1588400
KXJ06425.1	0	21	21	57.6	28.749	30.704	16630000000
KXJ06456.1	0	2	2	14.4	27.696	10.732	187840000
KXJ06468.1	0	5	5	41.1	16.123	28.987	409940000
KXJ06900.1	0	5	5	41.1	16.123	28.987	409940000
KXJ06469.1	0	20	20	45	55.057	65.577	14585000000
KXJ06898.1	0	20	20	45	55.057	65.577	14585000000
KXJ06474.1	0.00033568	4	2	9.4	73.676	3.0402	274760000
KXJ06487.1	0.00034072	3	3	2.4	215.03	3.2044	123550000
KXJ26230.1	0.00034072	3	3	2.4	215.03	3.2044	123550000
KXJ06495.1	1	5	0	12.2	31.154	-2	1407700000
KXJ06535.1	0	2	2	5.1	58.6	9.9913	1064400000
KXJ08692.1	0	2	2	5.1	58.6	9.9913	1064400000
KXJ06547.1	0.0012504	2	2	41.1	11.217	2.2926	22551000
KXJ06550.1	0	6	4	26.5	21.464	88.179	2422800000
KXJ06551.1	0	34	30	61.5	52.048	323.31	39308000000
KXJ26687.1	0	34	30	61.5	52.048	323.31	39308000000
KXJ11656.1	0	5	5	8.4	75.188	6.3883	604950000
KXJ06593.1	0	5	5	8.4	75.188	6.3883	604950000
KXJ06595.1	0	7	7	8.4	101.89	9.7946	1541600000
KXJ06622.1	0.0015051	2	2	12.3	24.618	1.9128	271990000
KXJ06624.1	0.0056117	2	2	16.1	17.986	1.3373	146270000
KXJ06749.1	0	4	2	31.4	26.101	9.142	673650000
KXJ06752.1	1	2	2	2.4	191.83	-2	45610000
KXJ06761.1	0.0095719	5	2	17.4	56.762	0.92557	312760000
KXJ05008.1	0.0095719	5	2	17.4	56.762	0.92557	312760000
KXJ20176.1	0.0095719	5	2	17.4	56.762	0.92557	312760000
KXJ10409.1	0.0095719	5	2	17.4	56.762	0.92557	312760000
KXJ06760.1	0.0095719	5	2	17.4	56.762	0.92557	312760000
KXJ05764.1	0.0095719	5	2	17.4	56.762	0.92557	312760000
KXJ26501.1	0.0095719	5	2	17.4	56.762	0.92557	312760000
KXJ26475.1	0.0095719	5	2	17.4	56.762	0.92557	312760000
KXJ06774.1	0	11	11	42.1	34.738	18.535	2243500000
KXJ10576.1	0	11	11	42.1	34.738	18.535	2243500000
KXJ10590.1	0	15	15	28.1	60.841	99.947	9657100000
KXJ06775.1	0	15	15	28.1	60.841	99.947	9657100000
KXJ06862.1	0	7	7	15	72.723	25.737	2765200000
KXJ06918.1	0	8	8	31.2	29.25	4.9226	370610000
KXJ06943.1	0	7	2	48.6	19.359	51.321	1071700000
KXJ06948.1	0.0070691	2	2	2.8	126.62	1.1302	40473000
KXJ06961.1	0.0068138	4	1	10	39.876	1.1472	7185200
KXJ06992.1	0	14	14	19.1	107.54	45.034	1693600000
KXJ26343.1	0	14	14	19.1	107.54	45.034	1693600000
KXJ26388.1	0	8	8	30	29.068	80.665	4671400000
KXJ06993.1	0	8	8	30	29.068	80.665	4671400000
KXJ07017.1	0.0055835	2	2	19	17.751	1.3102	28323000
KXJ07020.1	0	4	4	12.2	58.15	10.703	131770000
KXJ27125.1	0	23	23	62.4	39.942	58.346	24701000000
KXJ07021.1	0	23	23	62.4	39.942	58.346	24701000000
KXJ07026.1	0.0045597	2	2	2.2	65.23	1.47	57769000
KXJ07042.1	0	4	4	34.1	18.961	7.8428	2327300000
KXJ19575.1	0	9	9	25.5	50.634	38.621	3442200000
KXJ07047.1	0	9	9	25.5	50.634	38.621	3442200000
KXJ07049.1	0	8	8	67.1	17.24	41.098	1136500000
KXJ07051.1	0	6	6	43.1	18.325	31.54	7521800000
KXJ07056.1	0	3	3	61	5.974	3.8642	5808400000
KXJ07093.1	0.0012492	4	4	9.4	71.184	2.2831	140550000
KXJ07108.1	0	5	5	6.6	199.79	10.868	180840000
KXJ06046.1	0	5	5	6.6	199.79	10.868	180840000
KXJ05902.1	0	5	5	6.6	199.79	10.868	180840000
KXJ06433.1	0	5	5	6.6	199.79	10.868	180840000
KXJ25770.1	0	5	5	6.6	199.79	10.868	180840000
KXJ13931.1	0	5	5	6.6	199.79	10.868	180840000
KXJ07123.1	0	29	9	46.8	87.69	323.31	27245000000
KXJ07159.1	0	12	12	32.6	55.061	19.256	1460400000
KXJ20311.1	0	12	12	32.6	55.061	19.256	1460400000
KXJ07178.1	0.0026201	3	3	6	42.31	1.6706	166860000
KXJ07197.1	0	22	21	28.6	110.03	101.9	4718800000
KXJ07210.1	1	3	3	3.7	102.38	-2	365320000
KXJ12781.1	0	30	30	52.3	47.598	323.31	137340000000
KXJ07219.1	0	30	30	52.3	47.598	323.31	137340000000
KXJ07237.1	0	7	7	22.7	60.063	45.116	775820000
KXJ15621.1	0	7	7	22.7	60.063	45.116	775820000
KXJ07308.1	1	2	2	4.9	28.322	-2	60304000
KXJ07328.1	0	17	8	22.8	96.906	10.758	3190000000
KXJ07329.1	0	4	4	12.6	51.736	5.3555	291800000
KXJ09685.1	0	4	4	12.6	51.736	5.3555	291800000
KXJ07353.1	0	3	2	8.7	48.684	3.8581	168980000
KXJ07356.1	0	3	2	8.7	48.684	3.8581	168980000
KXJ14360.1	0	3	2	8.7	48.684	3.8581	168980000
KXJ12921.1	0	3	2	8.7	48.684	3.8581	168980000
KXJ14370.1	0	3	2	8.7	48.684	3.8581	168980000
KXJ14366.1	0	3	2	8.7	48.684	3.8581	168980000
KXJ12927.1	0	3	2	8.7	48.684	3.8581	168980000
KXJ13210.1	0	3	2	8.7	48.684	3.8581	168980000
KXJ10367.1	0	3	2	8.7	48.684	3.8581	168980000
KXJ10458.1	0	3	2	8.7	48.684	3.8581	168980000
KXJ07361.1	0.0020753	3	3	5	59.256	1.8012	85776000
KXJ07431.1	0	9	1	12.4	109.57	5.1173	3986400000
KXJ08504.1	0	9	1	12.4	109.57	5.1173	3986400000
KXJ07455.1	0.0015097	4	4	13.7	48.172	1.945	66941000
KXJ13395.1	0.0015097	4	4	13.7	48.172	1.945	66941000
KXJ07481.1	0	6	6	22.5	36.964	43.224	415660000
KXJ07479.1	0	6	6	22.5	36.964	43.224	415660000
KXJ07483.1	0	11	11	22.5	69.077	13.06	791810000
KXJ22894.1	0	11	11	22.5	69.077	13.06	791810000
KXJ07519.1	0	4	3	1.9	376.91	4.2467	120150000
KXJ07530.1	0	13	13	35.9	35.526	45.52	22997000000
KXJ07531.1	0	5	5	31.4	27.397	11.567	829410000
KXJ07549.1	0	3	3	15.1	33.374	8.942	124720000
KXJ10179.1	0	12	12	53.5	21.194	42.436	14021000000
KXJ07551.1	0	12	12	53.5	21.194	42.436	14021000000
KXJ07555.1	0.0012162	4	4	51.8	12.133	2.0073	94700000
KXJ07556.1	0	15	3	33.6	29.824	11.86	405500000
KXJ22232.1	0	15	3	33.6	29.824	11.86	405500000
KXJ07577.1	0	5	5	17	50.594	3.373	59897000
KXJ07582.1	0	9	9	38.1	40.421	39.552	3909100000
KXJ28277.1	0	11	11	46.2	22.532	36.864	4271600000
KXJ07610.1	0	11	11	46.2	22.532	36.864	4271600000
KXJ07614.1	0	4	4	60.7	10.062	10.89	2044300000
KXJ07641.1	0	19	19	20.5	147.97	323.31	8932100000
KXJ07671.1	0	11	11	85.4	11.476	153.57	61500000000
KXJ07672.1	0	7	6	67.1	8.6338	63.72	11207000000
KXJ07673.1	0	3	3	35	18.38	8.8032	2261400000
KXJ07674.1	0	8	7	77.2	8.7177	175.64	15478000000
KXJ07681.1	0.0095618	3	3	2.7	130	0.91576	38592000
KXJ24830.1	0.0095618	3	3	2.7	130	0.91576	38592000
KXJ07886.1	0.0095618	3	3	2.7	130	0.91576	38592000
KXJ07694.1	0.0003427	4	3	17.5	26.924	3.266	167620000
KXJ07697.1	0	8	4	28.4	37.707	14.514	796220000
KXJ29180.1	0	8	4	28.4	37.707	14.514	796220000
KXJ07707.1	0	31	12	28.1	120.59	124.57	26075000000
KXJ07710.1	0	6	6	43.7	23.058	18.152	250220000
KXJ07713.1	0	7	6	15.5	54.042	21.636	634060000
KXJ07736.1	0	8	8	33.6	35.927	8.8806	1192200000
KXJ07742.1	0.0056497	3	3	7.7	72.421	1.3914	72826000
KXJ07850.1	0.00034376	2	2	35.4	8.9111	3.3024	229450000
KXJ07851.1	0	18	18	24.6	121.63	14.905	817200000
KXJ07852.1	0	10	10	15.5	82.084	78.193	2192400000
KXJ07853.1	0	12	12	18.9	101	33.542	656610000
KXJ07900.1	0	4	4	52.1	12.868	5.0459	757500000
KXJ07907.1	0	9	9	81.1	11.484	317.36	39844000000
KXJ07918.1	0	4	4	20.8	26.92	7.0486	241280000
KXJ07920.1	0.0026095	2	2	4.7	75.596	1.6323	42001000
KXJ07921.1	0.001252	2	2	6.5	61.318	2.2974	41595000
KXJ07922.1	0	8	8	8.3	185.03	25.612	912810000
KXJ07924.1	0.0023406	3	3	1.5	268.11	1.7175	77226000
KXJ07925.1	0	6	6	7.4	155.76	7.1121	418680000
KXJ07945.1	0	5	5	81.5	6.0937	83.468	3453800000
KXJ07949.1	0.0034562	3	3	18.4	23.575	1.592	63408000
KXJ09449.1	0.0034562	3	3	18.4	23.575	1.592	63408000
KXJ07955.1	0.00064164	5	4	15.8	33.134	2.5459	1211200000
KXJ07959.1	0.0012304	6	6	36.2	18.49	2.127	2262900000
KXJ07962.1	0	16	16	45.3	44.132	42.033	2451000000
KXJ07963.1	0	2	2	14.6	20.38	8.644	184810000
KXJ07970.1	0	3	3	13	33.154	3.5918	160850000
KXJ07972.1	0	8	5	10	117.95	6.7128	488590000
KXJ07974.1	0	9	9	16.3	98.642	12.139	1058200000
KXJ07975.1	0	7	7	14.1	68.949	54.118	5410500000
KXJ07977.1	0	8	6	22.7	66.197	20.254	404080000
KXJ07979.1	0	8	6	22.7	66.197	20.254	404080000
KXJ07981.1	0.00033636	2	2	6.9	42.548	3.0533	29548000
KXJ07982.1	0	14	14	47.1	36.099	83.703	3537800000
KXJ07984.1	0.0058236	2	2	29	12.028	1.2683	208850000
KXJ07986.1	0	4	4	33.2	20.631	40.415	9975000000
KXJ20439.1	0	16	16	38.2	45.256	203.59	17436000000
KXJ07987.1	0	16	16	38.2	45.256	203.59	17436000000
KXJ07991.1	0	16	16	19.2	108.89	186.04	8360100000
KXJ07993.1	0	3	3	8.4	74.777	27.22	160130000
KXJ07999.1	0.00064537	2	2	3.6	98.475	2.5865	30216000
KXJ08015.1	0.005629	4	4	13	40.013	1.3604	103370000
KXJ08018.1	0	4	4	5.6	133.92	15.278	44751000
KXJ10120.1	0	10	10	72.2	15.324	62.691	5956100000
KXJ08033.1	0	10	10	72.2	15.324	62.691	5956100000
KXJ08095.1	1	2	1	3.1	135.26	-2	16960000
KXJ08140.1	0	12	12	48.3	32.339	133.37	9503100000
KXJ08166.1	0	3	3	19	11.741	13.953	292550000
KXJ08171.1	0	49	49	37.2	120.68	229.33	24264000000
KXJ17483.1	0	49	49	37.2	120.68	229.33	24264000000
KXJ14852.1	0	45	45	59.4	61.087	323.31	126540000000
KXJ08172.1	0	45	45	59.4	61.087	323.31	126540000000
KXJ14842.1	0.001791	2	2	8.2	43.142	1.8394	426520000
KXJ08175.1	0.001791	2	2	8.2	43.142	1.8394	426520000
KXJ08179.1	0.0003375	2	2	23.1	19.199	3.1034	129370000
KXJ08227.1	0	5	5	7	113.53	5.2216	160510000
KXJ08236.1	0	8	8	45.5	36.197	32.686	851220000
KXJ08239.1	0	6	6	13.9	63.055	10.377	1413000000
KXJ08241.1	0	35	35	46.6	88.382	199.42	35677000000
KXJ08242.1	0	4	4	22.8	27.74	4.159	180800000
KXJ08244.1	0.00034223	8	8	20.6	61.639	3.2494	1442700000
KXJ05578.1	0.00034223	8	8	20.6	61.639	3.2494	1442700000
KXJ08248.1	0	7	7	50.9	18.497	12.585	199850000
KXJ08255.1	0.0015161	2	2	4.9	61.614	1.9817	46719000
KXJ08266.1	0	3	3	12.2	50.213	39.815	108850000
KXJ08270.1	0	10	10	12.2	109.54	12.275	774090000
KXJ08271.1	0	16	16	30.6	69.306	70.553	7180000000
KXJ18648.1	0	16	16	30.6	69.306	70.553	7180000000
KXJ08343.1	0	15	15	42.2	43.562	68.707	13714000000
KXJ08358.1	0	98	86	29.4	520.29	323.31	16681000000
KXJ08362.1	0	5	4	17	37.969	9.9275	1166400000
KXJ08363.1	0.0073151	2	2	10.6	26.84	1.1032	64605000
KXJ08364.1	0.0073072	2	2	8.9	39.321	1.094	56189000
KXJ08371.1	0	14	13	25	81.813	28.497	2532500000
KXJ08372.1	0	5	5	51	15.385	96.583	830230000
KXJ08379.1	0	8	8	16.7	69.952	5.2566	303400000
KXJ11777.1	0	8	8	16.7	69.952	5.2566	303400000
KXJ08380.1	0	18	2	72.8	23.125	44.695	715590000
KXJ08382.1	0	29	3	69.1	37.55	36.109	53445000000
KXJ08390.1	0.0060589	3	1	16.6	28.234	1.2233	2683500
KXJ08443.1	0	51	51	55.5	100.2	237.59	32373000000
KXJ08451.1	0	9	9	28.7	37.431	29.833	954490000
KXJ08452.1	0.002344	5	4	7.1	107.93	1.7298	7939800000
KXJ08462.1	0	23	23	51.3	60.854	64.223	9587300000
KXJ08481.1	0	6	6	15.1	49.783	7.6366	996010000
KXJ08679.1	0	6	6	15.1	49.783	7.6366	996010000
KXJ16684.1	0	6	6	15.1	49.783	7.6366	996010000
KXJ16058.1	0	6	6	15.1	49.783	7.6366	996010000
KXJ08484.1	0	8	8	28.9	54.967	23.342	676920000
KXJ08486.1	0	20	20	35.2	77.691	108.35	1268800000
KXJ16574.1	0	20	20	35.2	77.691	108.35	1268800000
KXJ08488.1	0	3	3	1.3	274.62	6.6309	154810000
KXJ08491.1	0	8	8	15.7	76.212	5.6476	267760000
KXJ08500.1	0	6	6	25.1	44.772	38.684	578780000
KXJ08502.1	0.0060942	5	5	2.6	249.61	1.264	130230000
KXJ08512.1	0	21	18	17.8	137.97	211.07	34725000000
KXJ08513.1	0	5	1	8.4	104.96	9.7578	26873000
KXJ08543.1	0	8	8	44.1	32.677	171.61	4306900000
KXJ08550.1	0	2	2	3.6	104.16	48.257	194620000
KXJ14350.1	0	2	2	3.6	104.16	48.257	194620000
KXJ08553.1	0	3	3	4.9	115.08	4.3055	90781000
KXJ13619.1	0	3	3	23.3	15.082	202.82	2758900000
KXJ08555.1	0	3	3	23.3	15.082	202.82	2758900000
KXJ08556.1	0	5	5	28.1	24.42	7.2371	1261200000
KXJ08557.1	0	13	12	10.3	202.01	9.385	991590000
KXJ23666.1	0	13	12	10.3	202.01	9.385	991590000
KXJ08560.1	0	4	4	6.2	93.638	4.1425	496380000
KXJ13628.1	0	9	9	73.5	13.026	11.428	7359500000
KXJ08561.1	0	9	9	73.5	13.026	11.428	7359500000
KXJ08571.1	0	3	3	3.1	143.47	6.6909	275030000
KXJ08573.1	0	27	27	30	104.13	95.673	33690000000
KXJ08582.1	0	2	2	2.8	172.18	5.0266	21604000
KXJ08584.1	0	39	39	32	180.66	220.83	4958500000
KXJ08585.1	0	2	2	18.2	21.94	12.527	481180000
KXJ08588.1	0	6	6	10.4	96.08	211.72	369580000
KXJ08602.1	1	3	3	2.9	203.89	-2	150280000
KXJ08609.1	0	5	5	26.7	34.721	11.075	1164900000
KXJ08615.1	0	13	13	37.7	65.234	16.362	1822500000
KXJ08617.1	0	7	7	38.9	19.936	27.582	5221700000
KXJ08627.1	0	38	38	46.2	78.494	323.31	27908000000
KXJ08628.1	0	2	2	24.3	12.056	3.411	201330000
KXJ08629.1	0	15	15	58.6	22.587	110.32	17165000000
KXJ08630.1	0.0088472	2	2	4.8	65.927	0.9941	17477000
KXJ08632.1	0.0012281	2	2	4.7	59.146	2.1069	892300000
KXJ08634.1	0.0097935	4	1	4.6	130.79	0.89342	4087400
KXJ08635.1	0	4	3	24.7	20.525	12.038	845160000
KXJ08638.1	0	11	11	15.2	115.55	52.528	1556800000
KXJ08669.1	0	20	20	53.1	39.368	266.84	53588000000
KXJ08670.1	0	7	7	17.2	55.494	6.9277	291780000
KXJ08672.1	0	4	4	9.9	81.744	17.273	196910000
KXJ08680.1	0	5	5	24.2	17.561	323.31	3090900000
KXJ08684.1	0.0068064	3	3	8.1	32.474	1.1424	131500000
KXJ08685.1	0	5	5	20.3	41.348	6.4716	154620000
KXJ08689.1	0	20	20	62.7	34.833	74.324	39562000000
KXJ08691.1	0	19	19	33.4	92.659	215	3642000000
KXJ08712.1	0	8	8	43.2	26.773	31.418	1476800000
KXJ08714.1	0	17	17	22	97.297	15.868	2589100000
KXJ08715.1	0	68	68	32.1	233.68	323.31	97969000000
KXJ08741.1	0	3	3	4.2	67.628	5.0676	1014800000
KXJ08743.1	0	5	5	21	42.37	4.6115	51960000
KXJ11293.1	0	5	5	21	42.37	4.6115	51960000
KXJ08754.1	0	5	5	21	42.37	4.6115	51960000
KXJ08759.1	0	15	15	42.8	37.387	26.133	4872300000
KXJ08769.1	0	10	10	36.3	52.046	16.507	1871500000
KXJ08722.1	0	10	10	36.3	52.046	16.507	1871500000
KXJ08771.1	0	5	5	7	118.1	32.358	184600000
KXJ08791.1	0	13	13	35.9	33.209	171.88	8035800000
KXJ08795.1	0	4	4	41.1	14.083	7.2135	324860000
KXJ08799.1	0	20	20	47	46.573	291.1	28696000000
KXJ08801.1	0.001238	2	1	2.2	186.92	2.1857	338860000
KXJ18682.1	0.001238	2	1	2.2	186.92	2.1857	338860000
KXJ13129.1	0.001238	2	1	2.2	186.92	2.1857	338860000
KXJ08803.1	0.00094937	2	2	6.2	60.816	2.3975	17200000
KXJ08810.1	0	17	17	14.7	124	32.77	7306600000
KXJ15648.1	0	17	17	14.7	124	32.77	7306600000
KXJ08866.1	0	8	8	17.6	58.444	14.56	2198000000
KXJ08867.1	0	34	34	55.9	58.611	87.427	30118000000
KXJ08870.1	0	34	34	55.9	58.611	87.427	30118000000
KXJ08869.1	0	5	5	18.5	13.494	275.02	7979500000
KXJ08873.1	0	22	22	61	29.113	86.932	56812000000
KXJ08879.1	0.00095299	3	3	6.9	80.9	2.4329	57575000
KXJ08880.1	0	10	10	31.5	45.26	20.375	1466400000
KXJ08899.1	0	7	7	37.6	18.259	10.514	2318800000
KXJ13353.1	0	10	10	59.4	23.885	14.514	8035300000
KXJ08912.1	0	10	10	59.4	23.885	14.514	8035300000
KXJ08950.1	0	6	6	25.7	29.152	323.31	1759400000
KXJ08999.1	0	3	2	10.6	56.002	11.495	86423000
KXJ09006.1	0	2	1	12.5	32.773	53.501	3010600000
KXJ09037.1	0	8	8	27	54.504	10.064	976030000
KXJ09039.1	0	12	12	25.9	81.05	11.781	1427700000
KXJ09052.1	0	64	11	24	424.58	51.017	1045400000
KXJ09055.1	0	45	45	26.7	264.5	86.106	3701200000
KXJ09056.1	0	5	5	31.7	22.645	11.748	2109600000
KXJ16557.1	0	5	5	31.7	22.645	11.748	2109600000
KXJ09061.1	0	9	9	13.6	104.02	18.23	646410000
KXJ13220.1	0	9	9	13.6	104.02	18.23	646410000
KXJ11215.1	0	8	8	41.1	28.311	34.868	9701800000
KXJ09066.1	0	8	8	41.1	28.311	34.868	9701800000
KXJ09075.1	0	10	10	52.5	27.198	25.626	1490000000
KXJ09094.1	0	3	3	7.4	59.734	5.19	500990000
KXJ09100.1	0	18	18	58.2	35.84	202.83	23732000000
KXJ09110.1	0.0058269	9	8	1.3	1168.3	1.2711	771260000
KXJ09141.1	0	38	38	72.2	51.971	323.31	90310000000
KXJ09143.1	0	15	15	65.8	22.104	323.31	25835000000
KXJ14271.1	0.0056449	3	3	8.6	64.383	1.3804	105380000
KXJ09144.1	0.0056449	3	3	8.6	64.383	1.3804	105380000
KXJ09149.1	0	3	3	25	19.368	5.663	627810000
KXJ09152.1	0	23	23	74.4	37.276	323.31	125290000000
KXJ09155.1	0	13	13	26.8	72.58	11.963	582440000
KXJ09187.1	0.0042918	3	3	6.1	65.078	1.5111	83147000
KXJ09191.1	0	2	2	23.1	22.078	24.264	1452900000
KXJ09218.1	0	16	16	38.2	60.013	40.553	11282000000
KXJ11105.1	0	16	16	38.2	60.013	40.553	11282000000
KXJ09219.1	0.0045688	3	3	1.7	392.65	1.4923	61663000
KXJ09222.1	0	3	3	21.9	27.968	31.806	1083200000
KXJ09224.1	0	13	13	8.3	269.04	10.536	430470000
KXJ09226.1	0	4	4	29.5	22.491	5.8812	1105500000
KXJ09236.1	0.0048337	2	2	7.8	37.813	1.4516	24604000
KXJ09239.1	0.0095821	2	2	2	180.44	0.93107	64003000
KXJ09249.1	0	4	4	23.8	26.813	4.0014	427470000
KXJ09259.1	0.00032787	2	2	11.5	24.506	2.7259	124600000
KXJ09311.1	0.0068231	2	2	5.2	61.337	1.1533	205390000
KXJ09332.1	0	22	22	27.5	122.29	113.84	11474000000
KXJ09334.1	0	10	4	31.5	27.177	17.167	4201000000
KXJ09335.1	0.0045649	8	2	32.4	30.467	1.4834	42061000
KXJ09336.1	0	6	6	17.6	59.916	7.9632	686540000
KXJ09337.1	0	29	25	42.1	113.07	323.31	16360000000
KXJ09340.1	0	13	9	32	55.104	23.384	2827400000
KXJ09351.1	0	3	2	34.2	13.088	4.3576	571700000
KXJ09352.1	0	11	10	47	23.268	207.95	5434800000
KXJ09355.1	0	5	5	18.4	37.733	6.4567	85966000
KXJ09362.1	0	5	5	45.4	19.277	4.0654	1507700000
KXJ09368.1	0	13	13	69	27.891	89.451	6135800000
KXJ09369.1	0	9	9	39.7	39.497	52.966	1667100000
KXJ09371.1	0	16	16	53.8	41.214	78.762	7059200000
KXJ09372.1	0	3	3	21.5	25.371	5.1645	444760000
KXJ09373.1	0	3	3	18.2	37.376	30.568	146200000
KXJ09381.1	0	5	5	29.4	31.585	9.9495	2188600000
KXJ09385.1	0	11	11	42.9	34.655	74.475	7801400000
KXJ09403.1	0	25	25	76.8	47.209	237.49	18409000000
KXJ09409.1	0	26	26	58.8	58.286	323.31	17659000000
KXJ09411.1	0	7	7	80	7.6047	17.215	8176400000
KXJ09412.1	0	14	12	32.8	33.372	31.391	10452000000
KXJ09419.1	0.00033102	3	3	10.5	57.155	2.8575	88513000
KXJ09424.1	1	2	2	6.9	66.283	-2	32538000
KXJ09426.1	0	23	23	71.4	24.481	118.73	79876000000
KXJ09436.1	0	60	60	51.2	157.75	323.31	41614000000
KXJ09333.1	0	60	60	51.2	157.75	323.31	41614000000
KXJ09441.1	0	11	11	33.4	40.976	43.878	4270900000
KXJ09439.1	0	11	11	33.4	40.976	43.878	4270900000
KXJ09442.1	0	45	45	73.9	69.663	323.31	32179000000
KXJ09447.1	0	4	4	27	21.648	19.331	1691700000
KXJ09448.1	0	15	15	66	22.132	44.992	16722000000
KXJ09470.1	1	4	4	10.5	78.448	-2	39322000
KXJ09471.1	0	4	4	16.9	50.613	61.379	117150000
KXJ09475.1	0	4	4	12.5	48.001	32.748	284570000
KXJ09479.1	0	5	5	15.4	51.765	9.3606	513310000
KXJ09480.1	0	6	6	23.1	38.566	24.481	2654700000
KXJ09485.1	0	3	3	6.4	88.015	11.91	88820000
KXJ09490.1	0	13	13	12.3	170.55	22.144	451850000
KXJ09492.1	0	9	9	46.7	25.664	88.37	4233700000
KXJ09509.1	0.001224	6	6	19	43.695	2.0819	160080000
KXJ05522.1	0.001224	6	6	19	43.695	2.0819	160080000
KXJ09550.1	0	3	3	37.4	17.764	29.693	1245600000
KXJ09579.1	0	2	2	33.6	13.159	6.2735	41162000
KXJ09592.1	0	3	3	9.1	59.885	24.79	373100000
KXJ09604.1	0	2	2	3.9	66.992	12.721	612440000
KXJ09673.1	0	20	20	40.1	69.859	313.29	3297100000
KXJ09675.1	0.0095694	5	5	34.8	16.423	0.92535	726790000
KXJ09676.1	0	8	8	27.4	19.939	9.1744	22476000000
KXJ09681.1	0	4	4	9.5	88.059	3.7283	56035000
KXJ09687.1	0	15	15	13	207.65	22.827	1464400000
KXJ05826.1	0	15	15	13	207.65	22.827	1464400000
KXJ09692.1	0	35	35	21.6	138.56	323.31	109310000000
KXJ09693.1	0.0028868	5	2	8.8	67.501	1.6119	1213800000
KXJ09695.1	0	2	2	4.2	71.922	11.554	105720000
KXJ09696.1	0	73	50	38.3	288.97	254.26	19616000000
KXJ09718.1	0	15	15	22.3	75.037	46.2	4629500000
KXJ09722.1	0	15	15	10.5	215.42	11.441	937720000
KXJ09727.1	0	23	23	30.3	90.031	178.1	41280000000
KXJ09729.1	0	26	26	28.8	166.3	101.45	5776500000
KXJ09741.1	0	47	47	60.4	71.032	306.24	33355000000
KXJ09742.1	0.0090982	3	3	8.4	50.861	0.97655	70791000
KXJ09745.1	0	4	4	16.4	46.037	10.483	193040000
KXJ09747.1	0	14	14	83	20.592	89.559	3778100000
KXJ09750.1	0	11	11	38.7	39.518	12.709	1621000000
KXJ09755.1	0	5	5	8.1	63.234	5.5347	1004900000
KXJ06052.1	0	5	5	8.1	63.234	5.5347	1004900000
KXJ09761.1	0	6	6	58.8	13.911	43.878	5367300000
KXJ09781.1	0	9	8	29.6	59.995	48.798	891420000
KXJ09783.1	0	23	23	63	29.084	323.31	21560000000
KXJ09818.1	0.0031691	4	4	5.1	98.389	1.5965	64548000
KXJ28397.1	0.0031691	4	4	5.1	98.389	1.5965	64548000
KXJ09837.1	0.0006462	2	2	12.4	28.241	2.5971	70681000
KXJ09843.1	0	14	14	44.2	49.323	32.678	6731100000
KXJ09848.1	0	7	7	27.3	25.097	4.7193	339610000
KXJ09875.1	0	6	6	12.4	56.22	7.3237	5278000000
KXJ28573.1	0	6	6	12.4	56.22	7.3237	5278000000
KXJ09889.1	0	9	9	27.4	43.205	5.7092	1907000000
KXJ09899.1	0.0026231	5	5	10.6	71.517	1.6781	269690000
KXJ09907.1	0	4	4	38.5	23.756	32.75	279620000
KXJ22945.1	0	4	4	38.5	23.756	32.75	279620000
KXJ09915.1	0	8	8	22.2	45.572	9.5646	1173300000
KXJ09924.1	0	8	8	40.5	25.097	11.527	788080000
KXJ09925.1	0	6	6	13	79.35	4.8792	175630000
KXJ09940.1	0	10	10	32.8	39.971	22.598	1552700000
KXJ09946.1	0	2	2	7.1	36.875	4.2732	23518000
KXJ11978.1	0.0098091	5	5	7.2	95.71	0.90393	68510000
KXJ09975.1	0.0098091	5	5	7.2	95.71	0.90393	68510000
KXJ09977.1	0	13	13	45.3	40.859	34.679	12003000000
KXJ09979.1	0	31	30	73.2	46.907	73.827	21076000000
KXJ10006.1	0.001218	5	1	7.2	60.565	2.0243	774390000
KXJ10016.1	0.001218	5	1	7.2	60.565	2.0243	774390000
KXJ10025.1	0.0048378	2	2	25.4	13.759	1.4587	76538000
KXJ05295.1	0.0048378	2	2	25.4	13.759	1.4587	76538000
KXJ15655.1	0.0048378	2	2	25.4	13.759	1.4587	76538000
KXJ15645.1	0.0048378	2	2	25.4	13.759	1.4587	76538000
KXJ04416.1	0.0048378	2	2	25.4	13.759	1.4587	76538000
KXJ11845.1	0.0048392	2	2	5.7	22.07	1.4641	351240000
KXJ10043.1	0.0048392	2	2	5.7	22.07	1.4641	351240000
KXJ10045.1	0.00095087	6	6	10.3	79.032	2.4171	1788700000
KXJ10101.1	0.0012169	3	3	45.2	9.2426	2.0089	886950000
KXJ10104.1	1	2	2	1.6	201.01	-2	80790000
KXJ10106.1	0.0091104	4	4	9	65.111	0.98815	46245000
KXJ10108.1	0.00033818	5	3	14.4	53.763	3.1192	146120000
KXJ05157.1	0.00033818	5	3	14.4	53.763	3.1192	146120000
KXJ10102.1	0.00033818	5	3	14.4	53.763	3.1192	146120000
KXJ10110.1	0.00033818	5	3	14.4	53.763	3.1192	146120000
KXJ18790.1	0.00033818	5	3	14.4	53.763	3.1192	146120000
KXJ10107.1	0.00033818	5	3	14.4	53.763	3.1192	146120000
KXJ10109.1	0	9	9	29.4	38.992	46.795	2231100000
KXJ10111.1	0	5	5	20.7	36.919	18.541	874690000
KXJ10130.1	0	8	0	18.5	78.767	35.974	656920000
KXJ06475.1	0	8	0	18.5	78.767	35.974	656920000
KXJ10131.1	0	8	5	11.8	116.29	186.13	1291000000
KXJ16109.1	0	23	23	64.7	41.992	81.927	8912800000
KXJ10164.1	0	23	23	64.7	41.992	81.927	8912800000
KXJ16140.1	0.00033715	4	4	22.2	32.796	3.0916	902910000
KXJ10176.1	0.00033715	4	4	22.2	32.796	3.0916	902910000
KXJ10177.1	0.0093608	2	2	3.7	84.32	0.97048	122380000
KXJ10182.1	0	5	5	25.1	20.969	11.182	1314300000
KXJ10188.1	0	9	9	25.1	31.97	57.803	2092000000
KXJ10202.1	0	13	13	36.6	52.908	16.261	2046300000
KXJ15972.1	0	13	13	36.6	52.908	16.261	2046300000
KXJ10221.1	0	6	6	57.6	10.936	39.637	1432800000
KXJ10223.1	0.0040126	2	2	8.1	45.488	1.53	16571000
KXJ10227.1	0.0003358	4	4	30.9	11.81	3.0409	3067800000
KXJ10232.1	0	5	5	12.4	63.239	4.2206	487100000
KXJ10239.1	0	8	8	31.3	34.295	55.104	1577800000
KXJ10241.1	0	9	9	15.9	103.42	21.55	126710000
KXJ10246.1	0.00064809	5	5	5.9	207.67	2.6134	22425000
KXJ17755.1	0.00064809	5	5	5.9	207.67	2.6134	22425000
KXJ10255.1	0.0055648	2	2	8.6	30.047	1.2888	204670000
KXJ10256.1	0.004835	2	2	8.2	48.37	1.4543	35792000
KXJ10259.1	0	2	2	5	55.459	5.7164	242840000
KXJ10262.1	0.0096128	3	1	4.4	119.6	0.95485	4516800
KXJ10273.1	0	11	11	30.7	53.722	26.226	4583800000
KXJ10301.1	0.00033979	5	5	26.7	25.912	3.1843	759710000
KXJ10310.1	0.0048172	3	3	8.2	92.606	1.4303	95855000
KXJ10322.1	0	5	5	35.8	17.634	102.5	1379000000
KXJ10327.1	0	6	6	44.7	12.733	11.247	741750000
KXJ10355.1	0	5	5	15.5	40.483	4.465	770690000
KXJ10363.1	0.00065083	4	4	37.5	10.64	2.6369	2482100000
KXJ10365.1	0	3	2	3.9	118	3.3556	77642000
KXJ04975.1	0	3	2	3.9	118	3.3556	77642000
KXJ10035.1	0	3	2	3.9	118	3.3556	77642000
KXJ10366.1	0	16	16	34.9	61.422	95.95	6972000000
KXJ10390.1	0	7	7	51.4	22.514	87.323	6742800000
KXJ10392.1	0	27	27	19.3	163.76	36.365	5990600000
KXJ10394.1	0.00179	5	5	4.7	128.24	1.8334	144780000
KXJ10395.1	0	4	4	9.8	60.537	18.677	694950000
KXJ10400.1	0	2	2	3.3	68.231	3.6883	404280000
KXJ10401.1	0	14	14	58	16.734	40.744	44506000000
KXJ10415.1	0	14	14	24.4	107.73	121.72	4114700000
KXJ10427.1	0	34	2	67	50.145	323.31	720880000000
KXJ20066.1	0	34	2	67	50.145	323.31	720880000000
KXJ10430.1	0.0073131	2	2	10.2	26.837	1.1027	126360000
KXJ10442.1	0.0026064	3	3	7.6	72.057	1.6254	81218000
KXJ10443.1	0	9	9	29.3	68.506	9.4129	2464200000
KXJ10452.1	0.00034247	2	2	13.6	26.477	3.2645	272310000
KXJ10454.1	0.00034247	2	2	13.6	26.477	3.2645	272310000
KXJ10455.1	0.00034247	2	2	13.6	26.477	3.2645	272310000
KXJ10456.1	0	11	11	49.4	18.011	132.97	28999000000
KXJ10461.1	0	8	8	19.1	57.941	3.4697	341250000
KXJ10465.1	0	11	11	28.7	47.572	23.816	771390000
KXJ10479.1	0	5	5	15.6	43.468	23.437	1871900000
KXJ13886.1	0	13	13	48.2	44.395	101.02	4368700000
KXJ10489.1	0	13	13	48.2	44.395	101.02	4368700000
KXJ10493.1	0	21	5	38.3	82.274	126.95	15531000000
KXJ10494.1	0	9	9	20.9	59.681	139.22	956020000
KXJ13868.1	0	9	9	20.9	59.681	139.22	956020000
KXJ10495.1	0.0015133	4	4	5.1	110.18	1.9606	185360000
KXJ10503.1	0.0012484	5	5	14.3	56.986	2.2783	144380000
KXJ10516.1	0	7	7	9.5	104.93	12.359	1698100000
KXJ10517.1	0	5	5	9.6	94.964	6.1785	800360000
KXJ10518.1	0.0020686	5	0	9	75.867	1.7836	96065000
KXJ10544.1	0	10	10	71.2	19.116	146.94	3173500000
KXJ10546.1	0	12	12	14.8	111.97	7.878	291570000
KXJ10547.1	0	21	21	81.2	24.629	323.31	74804000000
KXJ10548.1	0	6	6	12.9	81.482	4.971	99325000
KXJ10549.1	0.0017975	3	3	7.3	75.005	1.8742	28279000
KXJ10554.1	0	16	16	50.7	53.89	323.31	9422100000
KXJ10558.1	0	9	9	73.7	17.368	46.521	19354000000
KXJ10560.1	0	6	6	17.7	73.37	24.001	232340000
KXJ10562.1	0	9	9	48.1	21.275	67.536	3979500000
KXJ10564.1	0	9	9	30.5	45.212	18.27	878910000
KXJ10573.1	0.0095643	2	2	5.3	57.887	0.91723	32278000
KXJ10574.1	0	19	19	26.5	118.22	26.745	1240100000
KXJ10577.1	0	6	6	45.9	9.3809	8.3791	2455800000
KXJ10578.1	0.0012594	4	4	12	41.04	2.353	595430000
KXJ10584.1	0.0017948	2	2	17.8	15.257	1.8679	888180000
KXJ10585.1	0	4	4	41.1	9.9728	13.06	3024500000
KXJ10587.1	0	5	5	29.4	27.279	64.43	1696400000
KXJ10589.1	0	5	5	38	20.679	117.24	256600000
KXJ10594.1	0	9	9	17.6	62.724	129.67	5006500000
KXJ10600.1	0	12	12	36.5	19.38	314.4	32492000000
KXJ04489.1	0	12	12	36.5	19.38	314.4	32492000000
KXJ10614.1	0	3	3	19.6	30.153	7.5038	438600000
KXJ10627.1	0	5	5	24.3	40.056	14.456	799820000
KXJ10629.1	0.0020643	5	5	29.1	25.041	1.7678	336120000
KXJ05177.1	0.0020643	5	5	29.1	25.041	1.7678	336120000
KXJ10671.1	0	14	10	10.3	196.58	12.959	1349000000
KXJ10675.1	0	32	31	34.9	65.087	323.31	247240000000
KXJ10682.1	0	28	28	31.4	123.47	230.65	4210000000
KXJ10685.1	0	18	17	48.9	37.66	44.107	18591000000
KXJ10687.1	0	3	3	32.9	17.711	4.5985	161680000
KXJ10688.1	0.0073191	3	3	5.7	68.989	1.1073	56330000
KXJ25831.1	0.0073191	3	3	5.7	68.989	1.1073	56330000
KXJ10692.1	0	43	43	69.2	38.893	323.31	392870000000
KXJ10697.1	0.00033212	4	4	5.6	122.5	2.9018	261010000
KXJ10698.1	0.00033389	2	2	9.5	43.659	2.9865	66835000
KXJ10701.1	0	3	3	26.5	24.493	264.27	827780000
KXJ10712.1	0	9	9	13.3	98.896	6.9917	400420000
KXJ10727.1	0	9	9	6	277.98	6.2928	488570000
KXJ10740.1	0	11	11	47.7	35.516	197.33	815820000
KXJ10744.1	0	4	4	7.5	132.3	7.9221	492850000
KXJ26431.1	0	2	2	10.9	25.297	6.0329	256300000
KXJ10747.1	0	2	2	10.9	25.297	6.0329	256300000
KXJ10749.1	0	34	17	62.3	27.914	323.31	1540600000000
KXJ17821.1	0	34	17	62.3	27.914	323.31	1540600000000
KXJ04509.1	0	34	17	62.3	27.914	323.31	1540600000000
KXJ19390.1	0	34	17	62.3	27.914	323.31	1540600000000
KXJ23327.1	0	34	17	62.3	27.914	323.31	1540600000000
KXJ20872.1	0	34	17	62.3	27.914	323.31	1540600000000
KXJ29961.1	0	34	17	62.3	27.914	323.31	1540600000000
KXJ10477.1	0	34	17	62.3	27.914	323.31	1540600000000
KXJ19378.1	0	34	17	62.3	27.914	323.31	1540600000000
KXJ29983.1	0	34	17	62.3	27.914	323.31	1540600000000
KXJ28587.1	0	34	17	62.3	27.914	323.31	1540600000000
KXJ06519.1	0	34	17	62.3	27.914	323.31	1540600000000
KXJ23067.1	0	34	17	62.3	27.914	323.31	1540600000000
KXJ10757.1	0	17	10	28.5	30.851	49.572	235620000000
KXJ10798.1	0	5	5	54.9	16.147	15.079	293310000
KXJ10803.1	0.00033025	4	4	14.7	29.171	2.8255	1261700000
KXJ10806.1	0.0060639	2	2	9.4	32.53	1.2252	72399000
KXJ10807.1	0.0003349	4	4	5.8	100.21	3.0111	252980000
KXJ05934.1	0.0003349	4	4	5.8	100.21	3.0111	252980000
KXJ10808.1	0	3	3	14.4	37.999	6.5577	650920000
KXJ10809.1	0	19	19	36.9	76.311	41.657	5078400000
KXJ10810.1	0	31	31	55.2	48.793	323.31	75472000000
KXJ10813.1	0.0017996	4	4	7.7	70.097	1.8835	471790000
KXJ10817.1	0.0015083	2	2	12.8	27.468	1.9358	166300000
KXJ10822.1	0.00095238	5	5	14.5	51.836	2.4325	146040000
KXJ10824.1	0.006079	3	3	13.7	35.308	1.249	103020000
KXJ10826.1	0	8	6	30.2	30.206	135.23	2580100000
KXJ10829.1	0	14	14	50.4	28.729	58.381	11559000000
KXJ17660.1	0	14	14	50.4	28.729	58.381	11559000000
KXJ10832.1	0	16	16	66.3	18.955	307.87	46170000000
KXJ10834.1	0.005585	4	2	13.8	28.095	1.3108	267130000
KXJ10835.1	0	11	6	38.4	34.233	25.531	3288400000
KXJ10851.1	0	11	6	38.4	34.233	25.531	3288400000
KXJ10839.1	0	6	6	39.4	36.67	61.408	935330000
KXJ17672.1	0.00095268	5	5	41.7	15.137	2.4329	403820000
KXJ10841.1	0.00095268	5	5	41.7	15.137	2.4329	403820000
KXJ10844.1	0	7	7	16.4	59.004	23.543	3120600000
KXJ10846.1	0	21	21	24	150.05	53.578	2531000000
KXJ10852.1	0	2	2	3.4	74.555	19.843	103020000
KXJ17661.1	0	20	20	35.7	78.199	104.2	3930700000
KXJ10853.1	0	20	20	35.7	78.199	104.2	3930700000
KXJ17713.1	0	2	2	28.1	13.3	5.4702	446390000
KXJ10856.1	0	2	2	28.1	13.3	5.4702	446390000
KXJ10857.1	1	6	1	27.4	25.745	-2	10238000
KXJ10858.1	0.00033146	3	3	9.5	56.65	2.8737	43636000
KXJ10864.1	0	28	8	61.9	50.041	303.89	12410000000
KXJ10877.1	0	29	1	61.7	50.037	5.7004	1520100000
KXJ10912.1	0	2	2	13	17.461	4.4279	14928000
KXJ10922.1	0.0083671	4	2	4.5	108.38	1.0497	8627300
KXJ10926.1	0.0083671	4	2	4.5	108.38	1.0497	8627300
KXJ10930.1	0	16	15	21.9	149.12	61.51	3314000000
KXJ20123.1	0	16	15	21.9	149.12	61.51	3314000000
KXJ10126.1	0	16	15	21.9	149.12	61.51	3314000000
KXJ14708.1	0	16	15	21.9	149.12	61.51	3314000000
KXJ07785.1	0	16	15	21.9	149.12	61.51	3314000000
KXJ26317.1	0	16	15	21.9	149.12	61.51	3314000000
KXJ15676.1	0	16	15	21.9	149.12	61.51	3314000000
KXJ22194.1	0	16	15	21.9	149.12	61.51	3314000000
KXJ07782.1	0	16	15	21.9	149.12	61.51	3314000000
KXJ14718.1	0	16	15	21.9	149.12	61.51	3314000000
KXJ09038.1	0	16	15	21.9	149.12	61.51	3314000000
KXJ16366.1	0	16	15	21.9	149.12	61.51	3314000000
KXJ29106.1	0	16	15	21.9	149.12	61.51	3314000000
KXJ07394.1	0	16	15	21.9	149.12	61.51	3314000000
KXJ13050.1	0	16	15	21.9	149.12	61.51	3314000000
KXJ15686.1	0	16	15	21.9	149.12	61.51	3314000000
KXJ15175.1	0	16	15	21.9	149.12	61.51	3314000000
KXJ14764.1	0	16	15	21.9	149.12	61.51	3314000000
KXJ16894.1	0	16	15	21.9	149.12	61.51	3314000000
KXJ16999.1	0	16	15	21.9	149.12	61.51	3314000000
KXJ27502.1	0	16	15	21.9	149.12	61.51	3314000000
KXJ21368.1	0	16	15	21.9	149.12	61.51	3314000000
KXJ15172.1	0	16	15	21.9	149.12	61.51	3314000000
KXJ05217.1	0	16	15	21.9	149.12	61.51	3314000000
KXJ10451.1	0	16	15	21.9	149.12	61.51	3314000000
KXJ15174.1	0	16	15	21.9	149.12	61.51	3314000000
KXJ10019.1	0	16	15	21.9	149.12	61.51	3314000000
KXJ08421.1	0	16	15	21.9	149.12	61.51	3314000000
KXJ10932.1	0.0012539	5	3	25	21.294	2.3195	264780000
KXJ10935.1	0	5	4	14.2	42.269	18.158	467350000
KXJ10939.1	0.0095592	2	2	2.1	87.466	0.91465	68425000
KXJ10940.1	0	10	9	32.6	38.819	8.4611	2066700000
KXJ10943.1	0	17	17	25.8	92.681	29.515	2140200000
KXJ10965.1	0	30	30	68.2	51.851	299.73	50744000000
KXJ10967.1	0	7	7	15.4	68.122	6.9532	901780000
KXJ10980.1	0	10	10	58.8	18.507	235.9	5696400000
KXJ10983.1	0	18	18	95.5	17.403	219.39	39578000000
KXJ11001.1	0.0060423	2	2	4.1	79.192	1.2027	2935900
KXJ11018.1	0	10	10	32.7	41.184	85.884	5604100000
KXJ11024.1	0	6	6	31.5	32.197	46.659	1635200000
KXJ11030.1	0	19	19	11.2	254.69	57.301	1274200000
KXJ11031.1	0	18	18	58	53.947	198.02	13316000000
KXJ11033.1	0	9	9	11.2	100.21	6.0632	1076000000
KXJ11047.1	0	11	11	32.6	32.782	186.42	102380000000
KXJ11048.1	0	12	12	33.8	53.21	34.743	2795100000
KXJ11070.1	0	10	10	40.4	29.475	17.873	30766000000
KXJ11080.1	0.0012229	3	3	12.4	48.284	2.0696	166040000
KXJ11081.1	0	4	4	18.7	33.705	6.8563	366800000
KXJ11082.1	0	4	4	12.9	56.091	7.3134	637320000
KXJ11084.1	0	27	27	19.8	170.21	323.31	7175800000
KXJ11093.1	0.002346	2	2	9.9	30.132	1.7345	86439000
KXJ11102.1	0.0028927	2	2	8	46.696	1.6202	101600000
KXJ11106.1	0	24	24	50.3	64.038	253.13	5111600000
KXJ11110.1	0.00095147	2	2	10.3	43.297	2.4225	18763000
KXJ17315.1	0.00095147	2	2	10.3	43.297	2.4225	18763000
KXJ11112.1	0	4	4	22.6	36.229	21.378	222880000
KXJ11114.1	0	4	4	48.2	19.099	26.25	1982300000
KXJ11134.1	0	3	3	21.8	25.661	5.6936	51197000
KXJ11135.1	0	15	15	67.2	26.545	42.479	13768000000
KXJ11136.1	0	33	33	51.2	73.639	92.008	21618000000
KXJ11138.1	0	47	47	54.3	86.674	323.31	46705000000
KXJ26093.1	0	47	47	54.3	86.674	323.31	46705000000
KXJ11141.1	0	7	7	37.1	35.129	55.984	1737400000
KXJ11146.1	0	8	8	34.4	27.413	13.348	3728800000
KXJ11160.1	0	3	2	12.7	56.193	4.0811	59866000
KXJ11161.1	0	8	8	13.8	80.792	9.9672	1447600000
KXJ11164.1	0	5	5	7.5	108.97	12.809	198990000
KXJ11173.1	0.00064683	3	3	15.4	34.311	2.6044	35482000
KXJ11171.1	0.00064683	3	3	15.4	34.311	2.6044	35482000
KXJ06668.1	0.00064683	3	3	15.4	34.311	2.6044	35482000
KXJ11179.1	0	14	14	15.6	113.49	102.85	1708900000
KXJ11182.1	0	3	3	24.2	32.146	14.501	123470000
KXJ11196.1	0.0012461	4	4	18.7	26.782	2.2609	490290000
KXJ11205.1	0	2	2	13.3	20.658	4.4422	450230000
KXJ11206.1	0.0073111	5	5	2.3	324.33	1.1007	68837000
KXJ11220.1	0.00034165	3	3	15.2	32.799	3.2319	1284900000
KXJ25085.1	0.00034165	3	3	15.2	32.799	3.2319	1284900000
KXJ11237.1	0	17	17	36.1	53.125	24.699	6361200000
KXJ11238.1	1	4	4	2.9	194.16	-2	24423000
KXJ19433.1	1	4	4	2.9	194.16	-2	24423000
KXJ11245.1	0.0070537	2	2	4.2	77.879	1.1156	84231000
KXJ11251.1	0.0012346	3	3	31.6	12.788	2.1479	210470000
KXJ11252.1	0	4	4	35.3	14.899	95.37	2619900000
KXJ11257.1	0	6	6	27.3	40.351	165.25	2025400000
KXJ11258.1	1	2	2	2	149.68	-2	397500000
KXJ11271.1	0	5	5	63.2	13.436	23.586	6939000000
KXJ11277.1	0	23	23	63.3	47.248	266.19	10984000000
KXJ06251.1	0	23	23	63.3	47.248	266.19	10984000000
KXJ11278.1	0	21	21	25.4	93.131	38.627	7758900000
KXJ11283.1	0	25	25	54.9	60.528	89.813	15643000000
KXJ11286.1	0	7	7	6.3	160.11	7.1064	2330000000
KXJ11290.1	0	7	7	53.7	14.376	15.545	4106000000
KXJ11298.1	0	32	32	93.2	30.58	323.31	30945000000
KXJ11303.1	0	3	3	9.5	43.287	84.309	293040000
KXJ11305.1	0	2	2	5	81.251	31.998	53935000
KXJ11307.1	0	21	21	57.5	56.359	167.76	15996000000
KXJ13597.1	0	21	21	57.5	56.359	167.76	15996000000
KXJ11310.1	0	9	9	29.7	29.533	140.44	9707500000
KXJ11311.1	0	4	4	25.6	27.294	5.134	426770000
KXJ11314.1	0	13	13	47.8	30.873	110.44	4419400000
KXJ11317.1	0	2	2	3.4	97.823	7.8121	841650000
KXJ11341.1	0.0048131	3	3	5.9	80.65	1.4237	707650000
KXJ24450.1	0.0048131	3	3	5.9	80.65	1.4237	707650000
KXJ11372.1	0	3	3	9	65.359	3.3691	58503000
KXJ11391.1	0	3	3	19.8	34.607	51.787	6565300000
KXJ11392.1	0	15	15	22.6	79.202	74.428	9017800000
KXJ11399.1	0.0012349	2	2	12.1	22.49	2.1562	754250000
KXJ11401.1	0.0055586	2	2	19.6	15.881	1.2865	158250000
KXJ11405.1	0.0086091	2	2	6.7	60.698	1.0194	53622000
KXJ11410.1	0.0009542	3	3	16.8	23.956	2.4369	215330000
KXJ11413.1	0.0018007	2	2	7.7	34.769	1.8856	62839000
KXJ11417.1	0	11	11	26.6	53.911	57.454	4323100000
KXJ11420.1	0	23	23	22.1	143.89	151.43	1347900000
KXJ11427.1	0.00095329	24	1	42.1	96.501	2.4353	219580000
KXJ11428.1	0	9	9	18.7	75.313	15.725	2524000000
KXJ11429.1	0	9	9	37	19.543	15.6	10901000000
KXJ11432.1	0.00094697	2	2	11.6	31.202	2.3737	138420000
KXJ11438.1	0.0020637	2	2	16.4	16.64	1.7569	1292500000
KXJ11439.1	0	4	4	23.1	28.982	6.1248	657180000
KXJ11440.1	0	7	7	35.8	24.877	6.4237	984440000
KXJ11443.1	0	17	17	33.9	49.76	323.31	25964000000
KXJ11451.1	0.0068157	8	8	2.9	475.24	1.1482	171000000
KXJ11455.1	0	5	5	6.5	141.44	9.3014	701560000
KXJ11484.1	0.006074	40	1	75.8	49.905	1.2377	50859000
CON__ENSEMBL:ENSBTAP00000025008	0.006074	40	1	75.8	49.905	1.2377	50859000
KXJ11489.1	0.00064144	2	2	7.9	58.678	2.5441	9903600
KXJ11496.1	0.00033829	5	5	6.2	117.64	3.1356	348950000
KXJ11503.1	0.0078421	5	5	4	181.08	1.0792	467130000
KXJ11601.1	0	7	7	16.1	76.982	45.134	1200600000
KXJ11604.1	0	9	9	29.9	91.908	144.04	828540000
KXJ11611.1	0	10	10	54.4	23.608	110.71	18328000000
KXJ11654.1	0	3	3	12.8	41.004	12.669	222990000
KXJ11660.1	0	24	24	14.3	243.57	26.587	947950000
KXJ11681.1	0	46	3	81.1	41.838	323.31	668560000000
KXJ11686.1	0	14	14	29.7	79.241	40.634	3630800000
KXJ07857.1	0	14	14	29.7	79.241	40.634	3630800000
KXJ11695.1	0	3	3	31.6	19.593	19.945	193800000
KXJ11697.1	0	2	2	12.3	17.024	15.378	1535000000
KXJ11702.1	0.00034554	3	3	9.5	50.115	3.3415	217420000
KXJ11705.1	0	6	6	24	16.284	84.68	26345000000
KXJ11708.1	0	2	2	21.2	17.836	3.7009	195110000
KXJ11711.1	0	7	7	94.9	10.956	192.75	16494000000
KXJ11718.1	0	8	8	32.2	34.086	10.056	530360000
KXJ11726.1	0.0045623	2	2	12.6	22.466	1.4791	95880000
KXJ11742.1	0	6	6	38.4	20.289	7.2018	2224700000
KXJ11731.1	0	6	6	38.4	20.289	7.2018	2224700000
KXJ11745.1	0	10	10	31.9	48.745	42.154	7846700000
KXJ11750.1	0	28	28	38.8	57.275	264.3	29150000000
KXJ11753.1	0	8	8	35.1	37.012	62.013	3550100000
KXJ11755.1	0	23	20	35	84.213	48.093	3748500000
KXJ11765.1	0	13	13	55.8	35.601	74.876	7998300000
KXJ11756.1	0	13	13	55.8	35.601	74.876	7998300000
KXJ11769.1	0	13	13	55.8	35.601	74.876	7998300000
KXJ11767.1	0	9	9	72.6	8.6037	78.235	1636000000
KXJ11770.1	0.0086068	3	3	4.8	145.61	1.0169	58186000
KXJ05159.1	0.0086068	3	3	4.8	145.61	1.0169	58186000
KXJ11779.1	0	8	8	25.9	50.473	6.328	262410000
KXJ11782.1	0	4	4	8.8	88.863	22.948	200280000
KXJ11796.1	0.0070518	2	2	3	101.5	1.1138	114780000
KXJ11797.1	0	9	9	6.3	252.05	37.627	142320000
KXJ11808.1	0	15	15	63	27.232	323.31	50436000000
KXJ11809.1	1	3	3	3.3	141.53	-2	53136000
KXJ11823.1	0	3	3	14.1	39.656	12.877	1297000000
KXJ11829.1	0	18	18	76.4	26.531	131.44	28814000000
KXJ11830.1	0	32	32	58.3	73.028	117.86	19326000000
KXJ11831.1	0.00033956	6	6	55.8	19.64	3.1777	346870000
KXJ11833.1	0	20	20	49.1	54.313	263	20254000000
KXJ11842.1	0	14	14	19.6	104.78	14.623	670420000
KXJ11856.1	0	32	32	49.5	69.495	136.43	36829000000
KXJ11859.1	0.0053748	5	5	11.5	58.629	1.4151	248210000
KXJ06947.1	0.0053748	5	5	11.5	58.629	1.4151	248210000
KXJ11862.1	0	7	1	7.6	164.13	6.0023	4353600000
KXJ11865.1	0	7	1	7.6	164.13	6.0023	4353600000
KXJ17806.1	0	7	1	7.6	164.13	6.0023	4353600000
KXJ06249.1	0	7	1	7.6	164.13	6.0023	4353600000
KXJ27903.1	0	7	1	7.6	164.13	6.0023	4353600000
KXJ11863.1	0	10	10	39	36.831	261.7	3677800000
KXJ11867.1	0	18	18	48.8	52.239	37.283	2750800000
KXJ11877.1	0.0020606	7	5	6.1	104.62	1.7467	2305900000
KXJ11883.1	0	8	6	30	23.391	18.488	11273000000
KXJ11890.1	0.0017943	5	1	6.2	155.27	1.867	117800000
KXJ11894.1	0.0020747	5	5	34.5	22.351	1.8005	381520000
KXJ11895.1	0	4	4	11.6	55.708	9.1433	246190000
KXJ11897.1	0	8	8	14.8	63.973	15.36	627060000
KXJ11899.1	0	2	2	4.6	69.748	4.3835	57464000
KXJ11907.1	0	3	3	7.7	65.014	3.4247	227780000
KXJ11930.1	0	3	3	14.9	31.048	6.7796	2387900000
KXJ11955.1	0	10	10	6.5	216.76	10.216	585720000
KXJ11961.1	1	6	6	4	254.2	-2	53424000
KXJ11984.1	0	2	2	7.8	36.416	8.7127	257010000
KXJ11987.1	0.00034235	4	4	3.7	160.94	3.2496	718710000
KXJ11991.1	0.0088686	2	2	16.2	17.088	1.0062	167400000
KXJ11992.1	0	6	5	33.3	28.233	6.7402	4140500000
KXJ12016.1	0	3	3	33.1	13.786	190.53	2872900000
KXJ12001.1	0	3	3	33.1	13.786	190.53	2872900000
KXJ12003.1	0	64	64	34.4	313.94	323.31	29968000000
KXJ12012.1	0	139	139	32	650.26	323.31	39739000000
KXJ12090.1	0	7	7	18.8	44.575	98.694	3870100000
KXJ12091.1	0.0060406	2	2	3.5	93.919	1.2019	144100000
KXJ12102.1	0	5	5	17.5	20.754	10.348	1871300000
KXJ12124.1	0	5	5	3	220.39	11.342	199900000
KXJ12160.1	0.00034352	9	8	10.3	133.17	3.2945	352240000
KXJ12157.1	0.00034352	9	8	10.3	133.17	3.2945	352240000
KXJ12162.1	0	16	16	34.6	83.692	82.178	1889100000
KXJ12171.1	0	4	4	12.4	53.318	5.5121	93249000
KXJ12174.1	0.0095567	2	2	7.1	34.488	0.9122	272820000
KXJ12175.1	0	4	4	38.3	15.881	5.2012	1125600000
KXJ12176.1	0	7	7	17.2	69.881	9.5835	176080000
KXJ12184.1	0	17	17	42.1	47.968	58.715	1941800000
KXJ12187.1	0.0062979	2	2	11.8	37.569	1.1786	56339000
KXJ12194.1	0	4	4	7.5	104.67	9.1074	134120000
KXJ12196.1	0	15	15	23.1	111.96	46.941	1904700000
KXJ12201.1	0	6	6	19	41.474	137.65	892710000
KXJ12204.1	0.0015124	4	4	8.8	76.02	1.957	115000000
KXJ12208.1	0	4	4	28	20.523	4.7676	103810000
KXJ12216.1	0	12	12	15.3	141.11	10.138	852160000
KXJ12217.1	0.00064454	4	4	26.8	26.036	2.5737	73313000
KXJ12220.1	0	14	14	74.8	12.861	72.199	4883600000
KXJ12223.1	0	8	8	31.9	32.892	12.304	1115000000
KXJ12245.1	0.0037378	2	2	5.6	58.917	1.5559	120860000
KXJ12226.1	0.0037378	2	2	5.6	58.917	1.5559	120860000
KXJ12227.1	0	54	54	60.3	102.2	323.31	30050000000
KXJ12229.1	0	16	16	50.8	42.329	187.74	8808400000
KXJ12230.1	0	6	6	30.4	23.175	40.876	8091300000
KXJ12234.1	0	7	7	25.3	28.246	16.705	3207800000
KXJ12235.1	0	10	10	83.6	14.988	41.042	3393900000
KXJ12238.1	0	34	34	50.2	87.621	140.31	14753000000
KXJ12239.1	0	6	6	38.1	17.565	5.1494	4478900000
KXJ12240.1	0.0023351	3	3	10.3	50.368	1.699	46057000
KXJ12241.1	0	11	11	46.4	20.042	82.061	7224200000
KXJ12242.1	0	9	9	8	187.99	23.433	1231000000
KXJ12246.1	0	12	12	56.3	23.236	47.968	6518000000
KXJ12250.1	0	14	14	31.6	75.503	36.664	1109900000
KXJ12251.1	0	5	5	14.3	56.259	5.0616	375070000
KXJ12255.1	0	8	8	27.4	36.832	4.5477	3214000000
KXJ12267.1	0	9	8	3.2	445.33	6.3251	160950000
KXJ12275.1	0	11	11	23.3	38.156	25.038	5047300000
KXJ12297.1	0.00032733	5	5	5.6	122.47	2.7077	1325500000
KXJ12310.1	0	17	17	39.1	55.982	103.94	11275000000
KXJ12311.1	0	6	6	46.9	26.297	35.401	518850000
KXJ12315.1	1	4	3	33.7	11.392	-2	857190000
KXJ12321.1	0	9	9	31.2	52.142	15.067	712590000
KXJ12328.1	0	3	3	20.6	24.239	3.5311	508680000
KXJ12334.1	0	7	7	25.1	38.037	318.18	1195800000
KXJ12337.1	0	25	25	28.7	134.94	181.44	5296800000
KXJ12339.1	0	2	2	25.4	13.631	7.1397	429680000
KXJ12346.1	0	13	13	16.3	127.57	19.908	1886300000
KXJ12375.1	0	18	15	58.5	21.95	135.71	21853000000
KXJ12377.1	0	31	27	76.9	26.517	322.26	81453000000
KXJ12378.1	0	17	13	60.7	28	97.456	20258000000
KXJ12393.1	0	10	10	34.1	44.637	15.003	2385700000
KXJ12397.1	0	16	16	72.2	18.599	114.09	10400000000
KXJ12407.1	0	2	2	32.6	9.7753	4.3865	526390000
KXJ12408.1	0	2	2	32.6	9.7753	4.3865	526390000
KXJ12409.1	0	32	28	86.1	27.663	323.31	193780000000
KXJ12411.1	0	2	2	19.5	22.817	14.834	185080000
KXJ12416.1	0	28	28	57.6	56.021	323.31	166140000000
KXJ12417.1	0	4	4	15.3	42.611	6.7855	311990000
KXJ12419.1	0	2	2	23.1	15.499	4.2319	41988000
KXJ12436.1	0.00032798	6	6	35.5	17.073	2.7278	2227200000
KXJ12440.1	0	37	37	50.5	91.82	213.4	7851200000
KXJ12449.1	0	33	29	77	28.276	322.53	58254000000
KXJ12452.1	0	11	11	67.1	26.639	15.788	3203000000
KXJ12453.1	0	10	10	28.6	47.538	7.8462	1525700000
KXJ12460.1	0	5	5	40.4	15.822	8.4655	2116700000
KXJ12467.1	0.00034305	4	4	18.1	32.748	3.2761	73096000
KXJ12471.1	0	36	36	35	119.38	258.6	26024000000
KXJ12480.1	0	6	6	32.4	23.105	8.5651	547630000
KXJ12485.1	0.00064977	3	0	9.2	33.817	2.6237	1575800000
KXJ12493.1	0	5	5	38.4	28.968	9.5028	1266000000
KXJ12494.1	0	3	3	44.5	12.459	17.897	441260000
KXJ12504.1	0	14	14	51.3	34	152.73	11431000000
KXJ12506.1	0	16	16	55.2	36.963	47.787	5079400000
KXJ12510.1	0.00034106	4	4	12.2	67.919	3.207	106380000
KXJ12512.1	0	2	2	15.7	13.094	31.091	199780000
KXJ12522.1	0	11	11	16.4	86.73	19.285	4134100000
KXJ12530.1	0	16	16	50.8	26.492	166.7	7932600000
KXJ12532.1	0	9	9	52.5	22.396	4.7584	1646900000
KXJ12545.1	0.002614	2	2	23.6	12.582	1.6531	791780000
KXJ12554.1	0	5	4	21.4	36.377	27.78	1826800000
KXJ12561.1	0	4	4	14.3	54.427	7.5075	18389000
KXJ12564.1	0	25	25	44.8	68.653	70.366	7558700000
KXJ12567.1	0	5	5	29.3	25.778	9.0711	252920000
KXJ12568.1	0	6	6	14.9	61.244	16.82	145410000
KXJ12569.1	0.0068194	2	2	4.5	59.635	1.151	202270000
KXJ12555.1	0.0068194	2	2	4.5	59.635	1.151	202270000
KXJ12579.1	0.001227	3	3	9.8	55.598	2.1054	41015000
KXJ12586.1	0.0055556	3	3	23.3	18.114	1.2861	278960000
KXJ12595.1	0.0012361	2	2	9.3	28.056	2.1639	438860000
KXJ24044.1	0.0012361	2	2	9.3	28.056	2.1639	438860000
KXJ12604.1	0.0060456	4	4	8.7	72.227	1.2031	129680000
KXJ12611.1	0	15	15	14.6	176.6	14.765	1363500000
KXJ12614.1	0	14	14	35.9	56.763	70.423	2988500000
KXJ12622.1	0	5	5	19.5	30.675	60.777	6227100000
KXJ12628.1	0	2	2	6	49.174	6.0266	45618000
KXJ12637.1	0.0031737	2	2	6.2	49.848	1.6033	163970000
KXJ12638.1	0.0060925	3	2	18.3	15.743	1.2596	222460000
KXJ12640.1	0	7	7	22.3	55.209	6.3911	255360000
KXJ12645.1	0	12	12	18.3	88.997	73.351	2149600000
KXJ12654.1	0	8	8	24.6	55.277	12.772	827520000
KXJ12662.1	0	5	5	26.8	26.032	7.9069	5507300000
KXJ12665.1	0	3	3	20.8	36.357	6.8032	811340000
KXJ12667.1	0	8	8	13.5	91.281	7.5429	299750000
KXJ12669.1	0.00033967	2	2	5.8	74.849	3.1837	330850000
KXJ09153.1	0.00033967	2	2	5.8	74.849	3.1837	330850000
KXJ12675.1	0	12	12	45	33.333	63.91	10992000000
KXJ12681.1	0	7	7	38.8	32.619	147.08	4092300000
KXJ12683.1	0.0015184	2	2	5.7	47.302	1.9958	181190000
KXJ12707.1	0	2	2	3.8	93.699	6.2286	147000000
KXJ12709.1	0	21	21	32.2	104.74	34.992	2544900000
KXJ12712.1	0.0048323	2	1	13.3	25.136	1.4483	2356800
KXJ12713.1	0	7	7	2.3	505.82	7.6924	105580000
KXJ12714.1	0.00064061	4	4	17.8	25.223	2.5222	683250000
KXJ12717.1	0	16	12	28.5	85.041	33.801	926490000
KXJ12721.1	0.0048268	3	3	4.6	104.33	1.4404	22019000
KXJ12729.1	0	13	13	59	11.551	154.31	18974000000
KXJ12735.1	0	9	9	19.9	75.594	11.246	616980000
KXJ12736.1	0	10	10	40.7	24.267	28.478	15053000000
KXJ12744.1	0.00064767	3	3	26.2	21.146	2.6111	20500000
KXJ12750.1	0	16	13	22.1	83.705	197.07	3824900000
KXJ12756.1	0	15	15	26.2	71.77	68.172	5074100000
KXJ12767.1	0	3	3	19.2	33.296	12.07	240240000
KXJ12770.1	0	6	6	17.4	44.524	6.4589	285000000
KXJ12772.1	0.008616	3	3	11.5	38.185	1.0272	101500000
KXJ12784.1	0.00094847	3	3	4.8	103.91	2.3895	129510000
KXJ12787.1	0.0060807	2	2	22.2	12.11	1.2497	307110000
KXJ12788.1	0	12	12	37.4	49.272	14.532	2023300000
KXJ12804.1	0	3	3	26	23.763	3.4186	598440000
KXJ12812.1	0	5	5	12.5	67.275	7.0325	106720000
KXJ12820.1	0	32	31	8.5	568.4	150.02	737020000
KXJ12825.1	0	7	7	30.8	23.481	37.943	726160000
KXJ12834.1	0	12	12	48	45.691	65.206	927960000
KXJ12826.1	0	12	12	48	45.691	65.206	927960000
KXJ12848.1	0.0055928	5	5	13.4	63.916	1.3154	54501000
KXJ05673.1	0.0055928	5	5	13.4	63.916	1.3154	54501000
KXJ12850.1	0	3	3	20.4	17.143	3.7514	2598400000
KXJ12856.1	0.00033167	3	3	8.7	59.11	2.8774	101220000
KXJ12860.1	0	4	3	21.2	28.619	3.5397	687830000
KXJ12862.1	0.0088662	3	1	14.5	32.215	1.0051	91798000
KXJ12853.1	0.0088662	3	1	14.5	32.215	1.0051	91798000
KXJ12873.1	0.0088662	3	1	14.5	32.215	1.0051	91798000
KXJ12870.1	0.0026102	2	2	14.5	21.537	1.6343	133680000
KXJ12872.1	0	4	3	23.6	11.56	3.8255	12632000000
KXJ12875.1	0	5	4	26.5	26.205	4.21	798210000
KXJ12879.1	0	5	4	26.5	26.205	4.21	798210000
KXJ12897.1	0	18	18	52	46.051	49.854	3710700000
KXJ12905.1	0.0026239	3	3	16.2	29.538	1.6789	136190000
KXJ12906.1	0	5	5	11	67.204	31.144	673030000
KXJ12943.1	0	20	20	37.1	72.628	211.26	15422000000
KXJ12969.1	0	7	7	16.6	63.491	5.1933	679040000
KXJ12973.1	0	2	2	8.3	49.816	7.0456	231550000
KXJ12974.1	0	16	16	17	105.01	45.55	9735300000
KXJ13024.1	0	16	16	27.8	88.253	79.26	5408800000
KXJ13035.1	0	2	2	6.8	55.549	3.8458	191340000
KXJ13036.1	0.0012289	3	3	21.3	14.012	2.1103	4035700000
KXJ13037.1	0	9	9	30.4	40.302	10.846	5070800000
KXJ13043.1	0	4	4	60.4	12.371	236.34	18729000000
KXJ13048.1	0	6	6	19.9	51.56	8.341	1016000000
KXJ13070.1	0	3	3	10.4	48.736	3.5402	72740000
KXJ13073.1	0	26	26	38.1	100.85	181.86	8929800000
KXJ13075.1	0	8	8	30.7	27.547	17.301	667470000
KXJ13076.1	0	2	2	15.9	15.693	4.0734	567960000
KXJ13080.1	0	6	6	7.5	85.389	32.77	275680000
KXJ13083.1	0	12	12	72.4	19.699	323.31	98179000000
KXJ10283.1	0	12	12	72.4	19.699	323.31	98179000000
KXJ13087.1	0	6	6	20.8	47.545	3.5627	274050000
KXJ13088.1	0.002071	2	2	4.9	35.73	1.7923	131840000
KXJ13089.1	0.0012154	7	7	14.6	87.492	2.0039	641890000
KXJ13090.1	0	295	295	68.1	332.96	323.31	368690000000
KXJ13103.1	0	15	15	17.6	116.6	56.839	1839800000
KXJ13125.1	0.0060757	2	2	5.1	56.037	1.2383	189910000
KXJ13127.1	0	14	11	56.1	45.259	67.102	3724600000
KXJ13544.1	0	14	11	56.1	45.259	67.102	3724600000
KXJ13128.1	0	55	55	26.2	312.36	209.32	9170300000
KXJ05421.1	0	55	55	26.2	312.36	209.32	9170300000
KXJ13132.1	0	245	245	32.3	1038.4	323.31	128480000000
KXJ13133.1	0	29	29	18.3	235.48	42.905	3073900000
KXJ13135.1	0	16	16	21	113.99	34.856	2139600000
KXJ13138.1	0.00033591	13	13	41.1	29.904	3.0414	2568400000
KXJ13172.1	0.0026247	2	2	13.9	19.809	1.6889	167180000
KXJ13144.1	0.0026247	2	2	13.9	19.809	1.6889	167180000
KXJ13149.1	0	11	11	41.8	39.01	34.976	8259400000
KXJ13157.1	0	6	6	13.4	41.364	72.505	730060000
KXJ13188.1	0	11	10	20.3	53.486	7.623	1170300000
KXJ13190.1	0.0012395	4	2	13.5	39.18	2.2055	687390000
KXJ13193.1	0.0012173	8	8	13.4	90.891	2.0103	259350000
KXJ13198.1	0.0012173	8	8	13.4	90.891	2.0103	259350000
KXJ13200.1	0	32	32	24.8	224.12	242.67	6207500000
KXJ13215.1	0	16	16	35.7	55.446	56.917	3271900000
KXJ13231.1	0	41	41	12	491.75	24.596	2002100000
KXJ13252.1	0.0060506	2	2	9.2	30.038	1.2116	248540000
KXJ13257.1	0.0012259	2	2	2.5	122.94	2.0937	33612000
KXJ13260.1	0.0037324	2	2	3	137.71	1.5431	16526000
KXJ13261.1	0	11	11	29.9	31.872	5.661	1037000000
KXJ13262.1	0	10	10	32.9	33.382	156.08	4080700000
KXJ13263.1	0.000344	5	5	14.4	54.913	3.3083	269960000
KXJ13270.1	0	9	9	31.1	33.466	19.543	7225400000
KXJ13253.1	0	9	9	31.1	33.466	19.543	7225400000
KXJ13302.1	0	16	16	41.3	50.181	49.672	3679900000
KXJ13304.1	0	8	8	15.6	75.499	12.543	1514600000
KXJ13310.1	0	8	8	14.2	80.455	4.1592	729670000
KXJ13311.1	0.0037399	3	3	2.4	296.98	1.5581	84520000
KXJ13317.1	0	9	9	25.6	49.691	8.1112	516600000
KXJ13328.1	0.0017794	2	2	8.7	38.05	1.8026	184470000
KXJ13330.1	0	8	8	19.3	68.305	20.309	535890000
KXJ13339.1	1	2	2	3.3	134.1	-2	19387000
KXJ13341.1	0.0023385	3	3	3.6	128.17	1.7078	231820000
KXJ13349.1	0	12	12	42.5	35.338	68.76	7786100000
KXJ13354.1	0	7	0	28.5	30.371	69.171	1129200000
KXJ13356.1	0	12	12	22.4	74.236	8.8865	1910200000
KXJ13358.1	0	4	4	19.8	24.651	28.036	3069600000
KXJ13362.1	0	17	17	37.3	60.427	55.34	3977400000
KXJ20756.1	0	17	17	37.3	60.427	55.34	3977400000
KXJ13363.1	0	7	7	48.8	18.402	63.529	13993000000
KXJ13368.1	0.0015069	6	6	1.7	525.63	1.9262	121390000
KXJ13369.1	0.00064599	4	4	5.9	107.46	2.5936	61295000
KXJ13376.1	0	9	9	23.5	50.649	7.6273	1322800000
KXJ13377.1	0	8	8	29.5	43.797	62.614	1888900000
KXJ13379.1	0.00033852	2	2	4.2	84.586	3.1403	57838000
KXJ13382.1	1	2	2	4	110.34	-2	12178000
KXJ13390.1	1	2	2	4	110.34	-2	12178000
KXJ13394.1	0	3	3	6.4	90.203	8.2497	534320000
KXJ13396.1	0	2	2	6.1	46.202	26.2	168010000
KXJ13398.1	0.00032712	3	3	5.2	90.154	2.6992	90162000
KXJ07458.1	0.00032712	3	3	5.2	90.154	2.6992	90162000
KXJ13402.1	0	5	5	24	38.115	6.967	429420000
KXJ13416.1	0	20	20	48.2	44.898	154.54	16288000000
KXJ13417.1	0.0003269	4	4	11.1	58.601	2.6929	112930000
KXJ13434.1	0	11	11	21.4	65.355	30.209	1187800000
KXJ13439.1	0	3	3	12.9	36.319	19.057	337070000
KXJ13442.1	0	3	3	8.5	58.337	4.1336	215790000
KXJ13429.1	0	3	3	8.5	58.337	4.1336	215790000
KXJ13444.1	0.0055944	2	2	4.6	56.204	1.3164	139480000
KXJ13447.1	0.00033478	2	2	11.4	25.276	3.0098	144300000
KXJ13451.1	0	5	5	23	35.449	17.137	997370000
KXJ13453.1	0	7	7	23.9	31.8	323.31	5813900000
KXJ13456.1	0.00032938	2	2	4.2	101.57	2.7536	359740000
KXJ13459.1	0	29	29	39.6	106.54	54.827	5482800000
KXJ13460.1	0	2	2	7.5	52.292	4.683	658040000
KXJ13465.1	0	8	8	25.5	60.235	16.867	554380000
KXJ13474.1	0.00033256	3	3	5.8	89.648	2.9191	331340000
KXJ13479.1	0	12	10	68.7	20.336	54.952	4513600000
KXJ13484.1	0	2	2	10.3	43.455	25.906	483210000
KXJ13491.1	0	8	8	30.7	26.993	22.658	2424900000
KXJ13493.1	0	20	20	48.5	30.607	84.797	14722000000
KXJ13495.1	0.0095541	3	3	6.5	80.387	0.90921	28533000
KXJ13496.1	0	3	3	6	124.34	11.356	83499000
KXJ13505.1	1	2	2	4.6	75.914	-2	34705000
KXJ13506.1	0	6	6	15.6	40.395	9.5097	1035400000
KXJ13517.1	0	15	15	46.6	54.165	120.72	4704300000
KXJ13538.1	0	8	8	29.1	71.945	21.442	2465900000
KXJ13539.1	0	4	4	21.9	16.898	3.5065	1065600000
KXJ13545.1	0	26	26	63.3	58.627	99.788	14482000000
KXJ13546.1	0.00064041	2	2	10.9	31.93	2.5199	170360000
KXJ13550.1	0	4	4	22.4	30.121	42.118	2090400000
KXJ13551.1	0.0023419	3	3	9.4	47.753	1.7262	173280000
KXJ13552.1	0	15	15	24.5	96.912	50.143	5179200000
KXJ13557.1	0	3	3	9.7	57.818	4.1041	152120000
KXJ13561.1	0	13	13	45.7	49.829	34.082	881110000
KXJ13570.1	0	16	13	58.6	33.941	150.19	14393000000
KXJ13126.1	0	16	13	58.6	33.941	150.19	14393000000
KXJ13578.1	0.0026117	3	3	8.1	58.494	1.6448	113330000
KXJ13581.1	0	10	10	35.4	36.999	40.873	3571400000
KXJ13585.1	0	4	4	25.6	21.753	7.5639	1000600000
KXJ13587.1	0	3	3	31.3	12.883	11.669	2211400000
KXJ13590.1	0	7	7	41	34.85	62.624	520800000
KXJ13591.1	0	7	7	41	34.85	62.624	520800000
KXJ13594.1	0	20	20	53.2	57.922	160.19	15433000000
KXJ13595.1	0.00032776	2	2	3.8	68.765	2.7224	144590000
KXJ13596.1	0	8	8	6.6	158.52	36.564	867200000
KXJ04965.1	0	8	8	6.6	158.52	36.564	867200000
KXJ13606.1	0	11	11	22.8	70.556	28.944	1683600000
KXJ13607.1	0	4	4	33.6	17.602	3.4121	277720000
KXJ27157.1	0.0034552	4	4	28.9	22.703	1.5915	153040000
KXJ13609.1	0.0034552	4	4	28.9	22.703	1.5915	153040000
KXJ13611.1	1	6	6	2.4	492.02	-2	260170000
KXJ13618.1	0	12	12	38	48.324	23.121	2509400000
KXJ13620.1	0	6	6	29.7	19.392	29.202	1041600000
KXJ13621.1	0	38	37	11.5	519.14	48.588	1826500000
KXJ13625.1	0	9	9	39.9	30.477	12.609	2813900000
KXJ13632.1	0	6	6	19.9	43.503	19.187	2085500000
KXJ13638.1	0.0055726	2	2	7.3	47.315	1.2992	4218900000
KXJ13642.1	0	16	16	61.7	17.905	28.069	25184000000
KXJ13643.1	0	26	26	62.4	44.177	240.5	17248000000
KXJ13656.1	0.0097987	2	2	10.5	24.68	0.8969	118420000
KXJ13669.1	0	8	8	45.5	24.83	152.29	4806700000
KXJ13679.1	1	2	2	3.8	68.809	-2	269860000
KXJ13680.1	0	10	10	29.3	37.801	108.23	8051800000
KXJ05700.1	0	10	10	29.3	37.801	108.23	8051800000
KXJ13684.1	0	2	2	18.4	12.847	323.31	5676400000
KXJ13689.1	0	4	4	5.3	140.84	4.6473	96837000
KXJ13690.1	0	4	4	51.4	12.379	248.62	3527000000
KXJ13696.1	0	7	7	53.5	25.943	33.865	770790000
KXJ13722.1	0	24	24	25	84.357	69.934	29903000000
KXJ06700.1	0	24	24	25	84.357	69.934	29903000000
KXJ13729.1	0.0056513	3	3	9.9	35.168	1.3965	301430000
KXJ13750.1	0.0060573	2	1	38.8	7.6615	1.2213	741600000
KXJ13755.1	0	5	5	18.5	37.05	6.4378	1579600000
KXJ13807.1	0	5	4	6.8	137.92	119.13	62651000
KXJ13816.1	0	5	5	20.1	30.999	6.1621	419500000
KXJ13823.1	0	5	5	38.1	16.327	5.1895	458260000
KXJ13834.1	0.0012512	2	2	11.8	36.192	2.2946	435540000
KXJ13838.1	0	6	6	24.8	42.903	88.046	1016900000
KXJ13848.1	0	6	6	24.8	42.903	88.046	1016900000
KXJ13861.1	0	5	5	13.8	53.774	4.1386	94359000
KXJ13866.1	0	8	8	22.7	68.56	14.488	1311000000
KXJ13870.1	0	25	25	75.7	31.802	323.31	37096000000
KXJ13873.1	0	4	4	17	53.05	323.31	8092800000
KXJ13879.1	0.0018002	6	3	15.9	64.882	1.8845	441150000
KXJ13880.1	0	18	2	62.9	39.31	44.817	1869600000
KXJ13881.1	0	20	20	25.8	115.13	36.481	1990300000
KXJ04730.1	0	20	20	25.8	115.13	36.481	1990300000
KXJ13884.1	0	2	2	27.3	14.509	6.1096	118840000
KXJ13889.1	0	6	6	11.4	83.883	4.0166	772610000
KXJ13915.1	0.00064392	2	2	7.8	27.696	2.5697	65896000
KXJ13916.1	0	7	7	21.3	51.648	65.127	1012700000
KXJ13925.1	0	4	4	8.2	56.344	5.9853	797080000
KXJ13930.1	0	11	11	15.4	129.7	25.33	946300000
KXJ13935.1	0.00033864	5	5	12.9	27.746	3.15	2305500000
KXJ13942.1	0.0097832	6	0	7.9	123.85	0.88943	562220000
KXJ13949.1	0.0097832	6	0	7.9	123.85	0.88943	562220000
KXJ13947.1	0	3	3	15.3	38.679	3.4458	38544000
KXJ13946.1	0	3	3	15.3	38.679	3.4458	38544000
KXJ13959.1	0	15	11	29.3	64.456	141.81	6039400000
KXJ13970.1	0.006812	2	2	4.9	55.809	1.1463	42375000
KXJ13944.1	0.006812	2	2	4.9	55.809	1.1463	42375000
KXJ13941.1	0.006812	2	2	4.9	55.809	1.1463	42375000
KXJ13971.1	0	14	14	36.6	56.219	33.54	4619200000
KXJ14016.1	0	16	16	55.3	43.421	26.622	3424400000
KXJ14022.1	0	8	8	21.3	50.652	4.4153	292740000
KXJ14027.1	0	4	4	6.2	100.77	14.28	815560000
KXJ14029.1	0.00063755	3	3	22.2	26.298	2.4626	23909000
KXJ14031.1	0	10	9	11.9	98.498	8.148	1103200000
KXJ14032.1	0	10	10	95.7	10.321	323.31	10485000000
KXJ14034.1	0	88	87	83.9	66.865	323.31	223310000000
KXJ14035.1	0	8	8	77.1	10.811	73.977	4657900000
KXJ14045.1	0	15	15	18.2	124.62	117.27	3698000000
KXJ14047.1	0	3	3	14.5	40.027	5.7281	76932000
KXJ14050.1	0.0040161	2	2	16.1	15.7	1.5375	180560000
KXJ14048.1	0.0040161	2	2	16.1	15.7	1.5375	180560000
KXJ14052.1	0	36	36	75.1	32.21	305.22	73844000000
KXJ14060.1	0	8	8	66	16.969	13.411	1785100000
KXJ14061.1	0	2	2	13.6	42.766	16.204	405190000
KXJ14067.1	0	6	6	30.6	25.491	16.081	3290500000
KXJ11709.1	0	6	6	30.6	25.491	16.081	3290500000
KXJ14074.1	0	6	6	37.6	13.708	16.798	7993600000
KXJ14087.1	0	13	13	16.7	137.78	15.53	1140000000
KXJ14097.1	0	13	13	37.3	49.102	22.123	2778500000
KXJ14101.1	0.00034542	3	3	6	107.75	3.3369	93526000
KXJ14107.1	0.0060891	2	2	5.4	56.893	1.2592	12755000
KXJ14109.1	0.00064746	3	3	19.6	23.319	2.609	93636000
KXJ14112.1	0	8	8	27.5	47.656	13.315	955900000
KXJ14121.1	0.0068213	6	6	16.1	71.531	1.1524	99870000
KXJ14122.1	0	3	3	36.4	12.724	13.343	340360000
KXJ14131.1	0	3	3	17.9	33.122	16.948	89182000
KXJ09671.1	0	3	3	17.9	33.122	16.948	89182000
KXJ14136.1	0	5	5	33.2	21.577	9.961	264270000
KXJ09680.1	0	5	5	33.2	21.577	9.961	264270000
KXJ14137.1	0	2	2	6.5	67.118	3.6047	12455000
KXJ14141.1	0	8	8	26.3	36.908	117.21	2208500000
KXJ14157.1	1	2	1	6.4	61.689	-2	6486600
KXJ14207.1	0	9	8	38.9	32.272	7.5483	2047000000
KXJ14209.1	1	7	1	21	42.141	-2	139010000
KXJ14210.1	0	10	10	30.6	25.064	15.881	6463000000
KXJ14225.1	0.00064893	3	3	6.2	83.084	2.6212	112760000
KXJ14248.1	0	2	2	12.8	23.681	3.7641	51883000
KXJ14260.1	0	8	8	47.9	21.79	14.012	3657600000
KXJ14265.1	0	11	11	17.8	82.631	17.867	1542400000
KXJ14266.1	0	2	2	6.3	58.378	4.1168	36585000
KXJ14267.1	0.00033523	4	4	22.8	29.363	3.0233	1325800000
KXJ14268.1	0.0065574	4	4	4	171	1.1651	67284000
KXJ14282.1	0	14	14	71	22.67	261.07	3439600000
KXJ14269.1	0	14	14	71	22.67	261.07	3439600000
KXJ14290.1	0	5	5	30	35.349	7.8855	459860000
KXJ14293.1	0.0003413	3	3	28.5	17.495	3.2169	945780000
KXJ14295.1	0	11	11	36.4	48.682	323.31	2505400000
KXJ14297.1	0	6	6	52.2	19.804	8.0687	196640000
KXJ14299.1	0.0012523	6	6	22.4	42.338	2.298	263430000
KXJ05929.1	0.0012523	6	6	22.4	42.338	2.298	263430000
KXJ14300.1	0	6	6	27.8	32.711	124.33	1513900000
KXJ14301.1	0	14	14	43.7	37.41	54.385	8783400000
KXJ14303.1	0.0017927	3	3	1.5	399.41	1.8543	136850000
KXJ14304.1	0	9	9	17	62.104	8.3699	3705400000
KXJ14312.1	1	3	1	11.1	35.45	-2	10301000
KXJ14309.1	1	3	1	11.1	35.45	-2	10301000
KXJ14318.1	0	5	5	41.7	15.607	3.4568	1971300000
KXJ14319.1	0	2	2	21.3	20.163	5.2023	54504000
KXJ14321.1	0.00032895	3	1	12.4	35.088	2.7466	96514000
KXJ14328.1	0	35	35	37.7	112.26	168.87	35038000000
KXJ14329.1	0.0058188	2	2	16.5	18.437	1.2657	247760000
KXJ14348.1	0	13	13	37	48.153	46.013	2568500000
KXJ14349.1	0	6	6	12.2	81.431	5.6163	235820000
KXJ14355.1	1	3	3	3.7	158.27	-2	36415000
KXJ14361.1	0	15	15	27.3	87.657	57.916	1132400000
KXJ14365.1	0	14	14	56.4	32.349	62.333	6007800000
KXJ14373.1	0.0012151	3	3	27	16.275	2.0002	117260000
KXJ14389.1	0	14	13	30.5	50.205	100.65	25287000000
KXJ14398.1	0	14	13	30.5	50.205	100.65	25287000000
KXJ14393.1	0	22	22	48.7	65.362	79.068	6496200000
KXJ14394.1	0	9	9	15.2	99.611	10.11	1048500000
KXJ14401.1	0	9	9	15.2	99.611	10.11	1048500000
KXJ14387.1	0	9	9	15.2	99.611	10.11	1048500000
KXJ14396.1	0	17	17	57.7	28.035	23.726	2620900000
KXJ14390.1	0	17	17	57.7	28.035	23.726	2620900000
KXJ14411.1	0	20	20	37.8	76.434	76.886	5661000000
KXJ14413.1	0	22	22	61	58.967	255.4	14840000000
KXJ14414.1	0	6	6	37.1	31.803	52.54	3008800000
KXJ14415.1	0	25	25	16.2	230.78	29.234	1912300000
KXJ14421.1	0	15	15	65.9	30.613	103.24	18916000000
KXJ14422.1	0	11	11	55.6	35.399	44.139	1819400000
KXJ15705.1	0	9	9	27.2	51.126	26.361	1098600000
KXJ14426.1	0	9	9	27.2	51.126	26.361	1098600000
KXJ14427.1	0.0003296	3	3	8.8	49.349	2.7765	52354000
KXJ14435.1	0	5	5	15.6	53.581	5.1521	398930000
KXJ14438.1	0	7	7	23.1	61.301	43.945	891150000
KXJ14439.1	0	6	6	35.2	25.148	17.582	149200000
KXJ14448.1	0	8	7	25.3	46.634	5.5013	200370000
KXJ14451.1	0	14	14	58.5	27.258	288.45	6707500000
KXJ14454.1	0	3	3	19.9	35.121	34.099	286900000
KXJ14460.1	0	4	4	6.2	93.901	3.4918	138420000
KXJ14463.1	0	7	7	25.4	24.525	23.564	1950800000
KXJ14465.1	0.00032906	5	5	7.5	92.448	2.7473	124720000
KXJ14468.1	0	4	4	21.9	33.303	24.463	349490000
KXJ14490.1	0	10	5	30.2	62.06	69.516	5108800000
KXJ07585.1	0	10	5	30.2	62.06	69.516	5108800000
KXJ05577.1	0	10	5	30.2	62.06	69.516	5108800000
KXJ14501.1	0	3	3	6	86.875	27.809	424430000
KXJ14509.1	0	20	20	66.5	29.084	323.31	87776000000
KXJ14513.1	0	3	3	62.9	13.688	78.127	132140000
KXJ14518.1	0.0068009	2	2	14.2	26.296	1.1353	66101000
KXJ14519.1	0.00063857	5	5	12.9	46.537	2.4791	115110000
KXJ14529.1	0	4	4	3.3	218.06	4.4834	165710000
KXJ14530.1	0	19	19	58	41.41	323.31	33268000000
KXJ14544.1	0	43	43	35.5	175.93	92.46	10773000000
KXJ14556.1	0	7	7	41	25.053	18.881	8571200000
KXJ08520.1	0	7	7	41	25.053	18.881	8571200000
KXJ14573.1	0	6	6	23.1	43.59	13.815	578420000
KXJ14593.1	0	3	3	9.3	49.906	7.2383	54844000
KXJ14594.1	0.0065681	3	3	19.9	19.932	1.1751	164090000
KXJ14596.1	0.0093533	2	2	9.1	37.67	0.96387	95317000
KXJ14599.1	0	8	8	14.6	79.955	4.9415	664500000
KXJ14600.1	0	4	4	26	20.637	11.565	293200000
KXJ14607.1	0.00032971	2	2	15.3	16.724	2.7858	2772500000
KXJ14609.1	0	3	3	46.1	8.5099	11.104	525270000
KXJ14613.1	0	11	11	33.8	50.958	12.113	475090000
KXJ14624.1	0.0068083	3	3	2.3	193.73	1.1431	48324000
KXJ14631.1	0	24	24	47.7	80.635	115.85	13339000000
KXJ14636.1	0	11	11	43.2	34.836	9.7715	1562000000
KXJ14640.1	0	29	29	77.3	45.918	219.84	42450000000
KXJ14653.1	0.0060606	2	2	5.4	65.721	1.2239	189400000
KXJ14668.1	0	8	8	31.2	30.804	8.1616	586950000
KXJ14682.1	0	14	14	29.8	63.324	64.364	6688400000
KXJ14690.1	0	14	14	29.8	63.324	64.364	6688400000
KXJ14685.1	0	8	8	37	26.278	9.3924	2835500000
KXJ14687.1	0.0093483	3	3	3.8	149.73	0.95873	138590000
KXJ14694.1	0	12	12	24.6	50.503	224.46	4394800000
KXJ14695.1	0.0026072	2	2	4.4	69.968	1.6268	13343000
KXJ14696.1	0.00032701	2	2	5	60.238	2.6934	7144400
KXJ14710.1	0.0031728	6	6	10.1	90.15	1.603	293470000
KXJ14739.1	0.0065538	2	2	1.9	155.66	1.1596	285940000
KXJ14740.1	0.0012543	2	2	5.5	60.709	2.3198	88171000
KXJ14742.1	0	4	4	19.5	40.933	12.47	1866000000
KXJ14749.1	0	24	24	24.8	128.69	85.842	20577000000
KXJ14757.1	0	7	7	42.2	19.314	4.7711	783360000
KXJ14765.1	0	8	6	26	42.003	7.0484	1190400000
KXJ14768.1	0	8	8	28.1	37.529	80.265	3928700000
KXJ14771.1	0	25	25	67.6	41.944	323.31	15096000000
KXJ14772.1	0	16	16	46.8	54.445	97.803	3412400000
KXJ14789.1	0	7	7	42.9	29.485	15.793	2764700000
KXJ12956.1	0	7	7	42.9	29.485	15.793	2764700000
KXJ14793.1	0	4	4	16.9	37.754	85.047	185760000
KXJ14800.1	0	4	4	27.5	22.597	8.4097	473650000
KXJ14807.1	0.00033921	7	7	15.2	63.416	3.1667	1941300000
KXJ14812.1	0.00064704	4	4	6.3	108.93	2.6065	1490600000
KXJ14815.1	0.0088567	3	3	6	77.556	0.99919	92614000
KXJ14821.1	0	49	49	57.3	94.051	323.31	54224000000
KXJ14823.1	0	12	12	62.8	25.103	323.31	16594000000
KXJ14827.1	0	7	7	4.8	185.24	4.2623	105120000
KXJ14832.1	0	29	29	61.9	52.766	259.08	94835000000
KXJ14865.1	0.0012531	6	6	27.4	39.094	2.308	50483000
KXJ14874.1	0	15	15	28.1	80.336	10.663	761730000
KXJ14902.1	0.0017831	2	2	19.6	23.88	1.8094	34329000
KXJ14908.1	0	8	8	16.2	56.95	9.1481	1713400000
KXJ14909.1	0	11	5	44.1	33.19	29.612	5920300000
KXJ04753.1	0	11	5	44.1	33.19	29.612	5920300000
KXJ14912.1	0	9	2	29.1	44.706	7.6828	265760000
KXJ14920.1	0	8	8	36.3	28.6	34.441	1394700000
KXJ14923.1	0	18	18	46.9	54.411	57.105	9352700000
KXJ14929.1	0.0017804	6	1	19.6	43.708	1.8073	11972000
KXJ14941.1	0	10	10	16	94.263	17.833	1895900000
KXJ14944.1	0	4	3	19.1	26.876	10.42	412880000
KXJ14946.1	0	12	12	42.6	32.566	27.513	12329000000
KXJ14952.1	0	6	5	26.7	23.44	5.7398	2955700000
KXJ14960.1	0	14	14	30.3	60.761	26.381	6517200000
KXJ14962.1	0.0088519	2	2	12.4	30.542	0.99556	122650000
KXJ14972.1	0.0015152	2	2	2.2	192.84	1.9763	56856000
KXJ14973.1	0	7	7	26.1	32.504	23.113	4127300000
KXJ14975.1	0	2	2	6	73.17	6.8986	94402000
KXJ14983.1	0	4	4	9.3	61.074	3.6913	170800000
KXJ14986.1	0.0012308	4	4	5.3	139.86	2.1271	176560000
KXJ14988.1	0	5	5	24.8	25.078	3.3729	335980000
KXJ14990.1	0.0015056	2	2	4.3	72.336	1.9176	39582000
KXJ14991.1	0	4	4	18.7	43.938	10.868	185940000
KXJ15000.1	0	4	4	18.7	43.938	10.868	185940000
KXJ15002.1	0	4	4	3.8	122.4	10.542	2114900000
KXJ15004.1	1	3	3	2.5	204.9	-2	40825000
KXJ15011.1	0	3	3	31.2	16.429	4.3796	47602000
KXJ15012.1	1	3	3	4	114.34	-2	83798000
KXJ15023.1	0.0056275	3	3	6	98.277	1.3603	61839000
KXJ15759.1	0.0056275	3	3	6	98.277	1.3603	61839000
KXJ15025.1	0.0015042	2	2	12.8	25.775	1.9124	112080000
KXJ15042.1	0	8	8	27.3	49.846	11.943	801220000
KXJ16542.1	0	2	2	4.8	62.955	7.8747	17389000
KXJ15044.1	0	2	2	4.8	62.955	7.8747	17389000
KXJ15047.1	0.0048186	2	2	2.9	88.067	1.4304	84739000
KXJ15050.1	0	10	10	63.3	16.489	270.08	1990900000
KXJ15052.1	0	5	5	36.2	16.816	39.419	782930000
KXJ15053.1	0	9	9	22.6	49.046	6.5286	1837700000
KXJ15057.1	0	4	4	4.7	161.61	9.6858	90743000
KXJ15058.1	0	21	19	41.9	73.565	22.577	4864500000
KXJ15062.1	0	11	11	22.4	64.819	66.23	644300000
KXJ15064.1	0.0088638	2	2	10.3	34.987	1.0048	18461000
KXJ15065.1	0	23	23	25.4	117.4	140.21	4856700000
KXJ15067.1	0.0012551	5	4	35.1	12.532	2.3203	1099600000
KXJ15069.1	0	4	4	28	29.298	4.2034	163370000
KXJ16538.1	0	4	4	28	29.298	4.2034	163370000
KXJ15071.1	0.0042943	7	7	31.3	31.593	1.5163	523300000
KXJ15077.1	0.005571	4	4	6.4	86.237	1.2946	188120000
KXJ15082.1	0	26	26	35.7	101.47	165.92	5265900000
KXJ15084.1	0	7	7	46.9	17.342	6.1276	1261900000
KXJ15085.1	0	3	3	30.7	17.887	44.255	351380000
KXJ15086.1	0	9	9	27.5	36.135	3.3679	1617800000
KXJ15087.1	0.0055757	3	3	5	71.971	1.3014	116140000
KXJ15089.1	0	10	10	11.8	142.99	10.144	558550000
KXJ15092.1	0	4	1	19.7	39.726	14.304	62137000
KXJ15093.1	0	8	8	41.1	26.137	37.409	2095600000
KXJ15098.1	0.0026155	2	2	7.9	40.647	1.6596	14261000
KXJ15104.1	0.00033807	4	4	13	15.312	3.1185	866720000
KXJ15107.1	0	7	6	5.9	166.98	7.0039	96429000
KXJ15108.1	0	102	102	55	195.53	323.31	126440000000
KXJ15112.1	0	4	4	63.6	12.74	54.635	1188600000
KXJ15114.1	0	44	44	61.8	84.235	323.31	50923000000
KXJ15115.1	0	5	5	30.8	33.102	3.616	531280000
KXJ15117.1	0	3	3	23.9	25.008	5.3054	744130000
KXJ15123.1	0	6	6	6.2	152.04	5.434	342710000
KXJ15133.1	0.0070614	4	4	13.4	42.814	1.124	56186000
KXJ15149.1	0	5	5	12.4	69.422	4.4973	68319000
KXJ15158.1	0	13	13	17.9	114.78	15.399	351470000
KXJ24680.1	0	13	13	17.9	114.78	15.399	351470000
KXJ24658.1	0	13	13	17.9	114.78	15.399	351470000
KXJ15160.1	0	4	4	18.9	35.641	69.05	217410000
KXJ15167.1	1	3	1	16.5	26.334	-2	2714700
KXJ15171.1	1	2	2	2.6	144.69	-2	41194000
KXJ15182.1	0.0012357	2	2	33.3	10.699	2.1619	191250000
KXJ15193.1	0	3	3	43.3	7.5892	7.5186	775250000
KXJ15197.1	0	8	8	49.1	13.527	29.414	12505000000
KXJ15206.1	0.0012274	3	3	7.3	74.604	2.1055	44112000
KXJ15210.1	0	3	3	4.6	117.77	11.37	53584000
KXJ15224.1	0	4	4	12.8	53.972	164.21	357650000
KXJ15227.1	1	2	2	5.3	51.207	-2	116840000
KXJ11475.1	1	2	2	5.3	51.207	-2	116840000
KXJ15231.1	0	21	19	24	129.33	34.784	2448800000
KXJ15232.1	0	36	36	39.6	46.805	323.31	1233300000000
KXJ15247.1	0	6	6	55.8	17.886	22.334	1618200000
KXJ15249.1	0	17	12	24.9	82.178	17.528	2503200000
KXJ15251.1	0	28	28	74.9	54.188	323.31	37682000000
KXJ15253.1	0	33	27	46.9	80.865	323.31	18125000000
KXJ15258.1	0	10	10	47.7	27.885	21.78	2932700000
KXJ15271.1	0.0012555	3	2	1.4	302.55	2.3242	77690000
KXJ15273.1	0.00032626	4	4	19.7	34.302	2.6806	192770000
KXJ15274.1	0	9	9	31.5	45.081	109.03	6318000000
KXJ15278.1	0	47	43	60.5	80.305	323.31	88695000000
KXJ15283.1	0.0017921	2	2	18.2	17.717	1.849	258170000
KXJ15297.1	0	5	5	4.9	146.39	38.643	163570000
KXJ17401.1	0	9	9	46.4	17.231	8.3495	7370500000
KXJ15303.1	0	9	9	46.4	17.231	8.3495	7370500000
KXJ15304.1	0	9	9	54.7	25.977	49.799	2340200000
KXJ15307.1	0	19	19	17.3	171.48	73.728	973970000
KXJ15311.1	0	216	216	73.8	274.88	323.31	594920000000
KXJ15312.1	0	10	10	20.7	89.524	23.843	1882700000
KXJ15318.1	0	2	2	25.5	18.802	35.297	2446100000
KXJ15320.1	0	7	7	23.5	60.791	12.142	183080000
KXJ15324.1	0	20	20	36.7	65.496	70.53	5370000000
KXJ15333.1	0	2	2	1.8	220.18	5.1708	17071000
KXJ15342.1	0.0081059	2	2	22.6	12.604	1.0657	63509000
KXJ15360.1	0	9	9	28	41.95	14.482	1582000000
KXJ15373.1	0	6	6	22.5	34.25	17.232	800990000
KXJ15376.1	0	7	7	18.6	107.93	27.099	796300000
KXJ15377.1	0.0070556	3	3	16.2	25.549	1.1185	365890000
KXJ15379.1	0.00032658	2	2	11.6	13.946	2.6885	4712400000
KXJ15388.1	0.00034095	4	2	5.9	119.8	3.2051	70257000
KXJ15389.1	0	4	4	20	21.761	7.9024	21150000000
KXJ15396.1	0	8	8	7.9	141.69	15.148	619850000
KXJ15447.1	0	11	11	18.8	75.717	24.986	1265300000
KXJ15458.1	0	13	13	32.6	60.985	14.518	2288800000
KXJ15459.1	0	12	12	18.2	87.058	23.263	5616800000
KXJ15478.1	0	5	5	18.1	31.279	14.944	351020000
KXJ17106.1	0	5	5	18.1	31.279	14.944	351020000
KXJ15479.1	0.0037389	5	5	19.2	40.077	1.5576	398520000
KXJ15519.1	0	28	28	58.6	64.128	127.14	21783000000
KXJ15521.1	0	7	7	53.2	13.647	9.2133	4407000000
KXJ21748.1	0	7	7	53.2	13.647	9.2133	4407000000
KXJ15526.1	0.00033613	2	2	3.3	91.954	3.0518	309170000
KXJ15533.1	0	5	5	13.6	56.505	36.671	125430000
KXJ15544.1	0	5	5	33.6	28.744	127.91	3576900000
KXJ15562.1	0.009577	2	1	3.6	80.258	0.92633	108080000
KXJ15570.1	0.001782	4	4	4.7	155.77	1.8088	359700000
KXJ15571.1	0.0012191	3	3	15.9	33.647	2.0285	109160000
KXJ15572.1	0	6	6	43	13.636	35.39	1627300000
KXJ15582.1	0	17	17	14.3	216.09	30.931	620610000
KXJ15598.1	0.00034141	2	2	3.2	93.54	3.219	28025000
KXJ15600.1	0	24	24	17.4	188.47	134.85	6642400000
KXJ15615.1	0	3	3	15.3	38.294	5.4694	106830000
KXJ15620.1	0.00032648	5	5	3.5	211.4	2.6859	53735000
KXJ15649.1	0	3	3	4.4	90.713	30.271	1019200000
KXJ15651.1	0.0012372	5	3	29.9	21.967	2.1786	953290000
KXJ06436.1	0.0012372	5	3	29.9	21.967	2.1786	953290000
KXJ05968.1	0.0012372	5	3	29.9	21.967	2.1786	953290000
KXJ15663.1	0	6	4	15.1	39.681	3.7814	3765100000
KXJ15689.1	0	16	16	16.9	115.5	54.25	5938200000
KXJ15690.1	0	4	4	11.6	36.895	4.914	4241200000
KXJ15693.1	0	27	27	44.8	69.716	154.23	15618000000
KXJ15712.1	0.001798	2	2	9.5	31.048	1.879	24983000
KXJ15713.1	0.0060874	4	4	29.1	18.676	1.2591	696070000
KXJ15714.1	0	6	6	24.3	28.328	18.428	4157600000
KXJ15716.1	0.000334	3	3	6.8	84.429	2.9875	99726000
KXJ15719.1	0.0070671	5	1	16.1	35.544	1.1295	25392000
KXJ15721.1	0	26	26	71.3	28.701	323.31	32922000000
KXJ15723.1	0	7	7	52.9	16.309	78.115	2330200000
KXJ15731.1	0	6	2	22.6	35.879	4.8067	1580900000
KXJ15733.1	0.0012165	2	2	2.5	168.38	2.0089	17178000
KXJ15734.1	0	18	18	31.9	74.822	170.5	8548600000
KXJ15739.1	0	13	13	39.9	34.945	117.04	7940600000
KXJ15740.1	0	6	6	24.2	33.328	9.489	4227600000
KXJ15744.1	0	4	4	6.6	100.61	4.4368	57432000
KXJ15746.1	0	6	6	39.2	29.574	3.5125	537870000
KXJ15760.1	0	18	18	37.1	38.647	96.166	64555000000
KXJ15767.1	0	2	2	31.9	15.67	13.014	1511800000
KXJ15780.1	0	17	17	64	19.773	227.97	8854000000
KXJ04740.1	0	17	17	64	19.773	227.97	8854000000
KXJ15783.1	0	7	6	17.8	46.864	16.46	773190000
KXJ15785.1	0	18	18	89.6	19.504	323.31	88570000000
KXJ15798.1	0	11	11	9.6	119.53	22.846	442560000
KXJ15808.1	0	11	11	44.1	34.13	13.031	3957100000
KXJ16962.1	0	11	11	44.1	34.13	13.031	3957100000
KXJ15830.1	0	8	8	37.5	30.899	12.553	529440000
KXJ15867.1	0	12	12	41.1	55.674	51.105	1477200000
KXJ15872.1	0	2	2	30.7	11.797	297.81	1673200000
KXJ15874.1	0	8	8	36.2	33.499	23.662	2666800000
KXJ15903.1	0	8	8	36.2	33.499	23.662	2666800000
KXJ15906.1	0	8	8	36.2	33.499	23.662	2666800000
KXJ15878.1	0	10	10	27.6	74.131	13.643	2321000000
KXJ15881.1	0	8	8	45.9	28.304	37.476	1474500000
KXJ15884.1	0	7	7	11.4	78.412	80.088	726150000
KXJ15887.1	0	11	11	67.4	20.926	49.272	5056900000
KXJ15894.1	0	17	17	4.8	549.53	13.297	603180000
KXJ15896.1	0.0017991	4	4	4.7	167.61	1.8833	227110000
KXJ15898.1	0	5	5	22.7	34.122	8.6196	2091100000
KXJ15904.1	0	6	5	12.7	73.878	48.58	542490000
KXJ15908.1	0	7	7	33.3	33.332	44.935	2370100000
KXJ15913.1	0	5	5	43.8	18.206	13.04	4147300000
KXJ15930.1	0.00033179	3	3	27.3	13.868	2.8814	206680000
KXJ15931.1	0	11	11	15.2	123.88	6.3567	279500000
KXJ15935.1	0	3	3	3.1	173.31	3.6288	13605000
KXJ15939.1	0	30	30	68.9	23.883	303.8	207880000000
KXJ15948.1	0	6	6	37.4	24.593	4.1339	399310000
KXJ15950.1	0	15	15	33.3	61.256	34.59	4020500000
KXJ15953.1	0	4	4	11.6	43.928	3.8533	531970000
KXJ15954.1	0	11	11	57.1	21.955	48.269	15734000000
KXJ15964.1	0	12	12	38	39.76	199.77	4796200000
KXJ15968.1	0	10	10	49.5	23.396	27.096	8412000000
KXJ15989.1	0	10	10	49.5	23.396	27.096	8412000000
KXJ15974.1	0	11	11	26.2	71.831	49.182	4489400000
KXJ15976.1	0	19	13	72.6	37.479	297.33	18442000000
KXJ15981.1	0	9	9	7.2	219.06	25.668	343120000
KXJ15982.1	0	31	31	51.2	65.058	250.01	33580000000
KXJ15986.1	0	12	12	58.2	30.002	280.02	10190000000
KXJ15993.1	0	13	13	15	134.75	14.647	1186700000
KXJ16002.1	0	6	6	40.5	26.736	14.181	1350800000
KXJ15994.1	0	6	6	40.5	26.736	14.181	1350800000
KXJ15995.1	0	7	7	64	10.348	52.288	3140100000
KXJ15998.1	0	25	25	76	35.788	323.31	112200000000
KXJ16001.1	0	9	9	17.6	78.738	33.314	889340000
KXJ16007.1	0	14	14	46.6	28.667	22.868	7614800000
KXJ16014.1	0	12	12	5.9	374.83	31.067	477600000
KXJ16044.1	0	12	12	5.9	374.83	31.067	477600000
KXJ16015.1	0	6	6	22.7	43.599	6.8996	684740000
KXJ16021.1	0	25	25	67.6	36.161	323.31	21188000000
KXJ16028.1	0	8	8	19	42.137	26.523	6033800000
KXJ16029.1	0	3	3	5.3	104.95	4.7108	202150000
KXJ16033.1	0	4	4	13.3	33.624	3.6769	67088000
KXJ16056.1	0.0096026	2	2	5	84.743	0.94568	13575000
KXJ16060.1	0	20	20	32.4	111.14	225.75	4369400000
KXJ16061.1	0	42	22	37.1	192.1	301.19	36247000000
KXJ16064.1	0	2	2	18.1	22.072	77.487	211420000
KXJ16067.1	0	3	3	34.6	9.8364	3.3912	1293300000
KXJ16070.1	0	8	8	54.1	17.309	134.75	11474000000
KXJ16071.1	0.0012244	5	2	14	51.639	2.0859	90686000
KXJ16077.1	0	11	11	29.6	41.07	25.523	3385300000
KXJ16086.1	0	33	28	47.4	150.44	323.31	23769000000
KXJ10413.1	0	33	28	47.4	150.44	323.31	23769000000
KXJ16087.1	0	23	23	50.6	58.295	108.8	3915200000
KXJ16088.1	0	10	10	34.1	48.787	28.854	2413700000
KXJ16089.1	0	10	10	20.4	62.629	126.22	1960200000
KXJ16091.1	0	9	3	19.9	60.96	9.2316	813750000
KXJ16092.1	0	31	18	41.7	86.88	145.72	5256000000
KXJ16093.1	0.0056196	2	2	11.6	41.165	1.3458	41773000
KXJ16097.1	0	11	11	32.7	31.519	12.117	4107400000
KXJ16099.1	0.0020619	2	2	2.9	97.178	1.7482	28975000
KXJ16102.1	0	7	7	64.4	16.908	9.2528	682610000
KXJ16104.1	0	9	9	65.2	13.198	9.7241	3804600000
KXJ16117.1	0	6	6	14.8	54.828	4.3309	491180000
KXJ16119.1	0	13	13	31.9	45.464	323.31	8912000000
KXJ16122.1	0	4	4	11.5	55.551	6.8082	363780000
KXJ16127.1	0.0020594	2	2	3.8	93.434	1.7448	29700000
KXJ16135.1	0	18	18	37.8	58.239	215.02	11706000000
REV__KXJ07105.1	0	18	18	37.8	58.239	215.02	11706000000
REV__KXJ07509.1	0	18	18	37.8	58.239	215.02	11706000000
KXJ16138.1	0	37	37	62.6	59.677	323.31	143910000000
KXJ16144.1	0	7	7	27.6	40.517	107.81	289590000
KXJ16154.1	0	14	14	37.9	22.408	19.878	10104000000
KXJ16157.1	0.00094967	3	3	12.3	69.357	2.4065	29275000
KXJ06335.1	0.00094967	3	3	12.3	69.357	2.4065	29275000
KXJ16158.1	0.0097884	2	2	1.2	239.88	0.89018	64792000
KXJ16164.1	0	13	13	26.9	139	83.024	3809400000
KXJ16170.1	0	6	6	36.3	27.413	8.9948	650960000
KXJ16173.1	0	15	15	20.2	68.658	25.679	22437000000
KXJ16185.1	0	14	14	47.3	37.731	98.536	25671000000
KXJ16190.1	0	14	14	51.7	20.523	21.537	7942000000
KXJ16196.1	0	8	8	36.2	26.189	10.525	3852900000
KXJ16204.1	0	2	2	21.1	14.36	10.42	1048000000
KXJ16207.1	0	10	10	22.6	73.88	135.39	2512200000
KXJ16213.1	0	5	5	13.2	70.206	8.6896	498090000
KXJ16214.1	0	6	5	10.1	117.63	20.32	248130000
KXJ11154.1	0	6	5	10.1	117.63	20.32	248130000
KXJ16217.1	0	2	2	12.8	28.114	7.214	331480000
KXJ16222.1	0	23	23	60.3	46.371	103.83	5622000000
KXJ16230.1	0	10	10	49.5	23.47	301.45	2624700000
KXJ16260.1	0.0045714	4	4	6.4	101.38	1.4973	87381000
KXJ16278.1	0	2	2	11.8	32.355	5.0343	102340000
KXJ16284.1	0	8	8	32.2	28.351	70.634	5897400000
KXJ16290.1	0	18	18	29.6	92.195	183.94	14464000000
KXJ16306.1	0	13	13	38.3	32.285	10.162	1598400000
KXJ16307.1	0	9	8	16.8	80.156	28.022	332750000
KXJ16308.1	0	19	19	32.9	88.128	89.305	1665100000
KXJ16314.1	0	11	11	17.2	112.55	10.951	555580000
KXJ16316.1	0.0017937	4	4	6.1	99.491	1.866	123130000
KXJ16335.1	0	6	6	26.9	65.246	52.284	1841900000
KXJ16337.1	0	5	5	15.3	62.978	6.3315	391050000
KXJ16341.1	0	11	11	35	38.093	26.448	1436400000
KXJ16346.1	0	4	4	7.4	111.06	5.3299	73739000
KXJ16357.1	0	7	7	88.2	14.628	83.734	5043600000
KXJ16362.1	0	25	25	65	47.032	271.67	36274000000
KXJ16373.1	0.0012575	2	2	2.5	127.02	2.3401	24902000
KXJ16390.1	0.0015029	2	2	14.2	22.542	1.9033	249140000
KXJ16406.1	0	9	9	32.2	40.566	161.83	3417700000
KXJ16412.1	0.0086184	3	3	13.1	29.3	1.0288	52522000
KXJ16413.1	0	2	2	38.2	9.6718	15.954	58600000
KXJ16424.1	0	7	7	43.1	21.135	90.735	3148600000
KXJ16425.1	0	10	10	25.2	58.371	26.336	1052700000
KXJ16448.1	0	4	4	8.3	72.029	6.871	280910000
KXJ16437.1	0	4	4	8.3	72.029	6.871	280910000
KXJ16441.1	0	4	4	38.4	17.585	3.5373	125350000
KXJ16463.1	0	11	11	30.5	38.486	43.191	13695000000
KXJ16485.1	0	10	10	35.6	44.679	26.136	3018800000
KXJ16495.1	0.0012579	4	2	6.1	136.4	2.3421	408630000
KXJ04840.1	0.0012579	4	2	6.1	136.4	2.3421	408630000
KXJ07442.1	0.0012579	4	2	6.1	136.4	2.3421	408630000
KXJ09594.1	0.0012579	4	2	6.1	136.4	2.3421	408630000
KXJ09590.1	0.0012579	4	2	6.1	136.4	2.3421	408630000
KXJ11364.1	0.0012579	4	2	6.1	136.4	2.3421	408630000
KXJ09797.1	0.0012579	4	2	6.1	136.4	2.3421	408630000
KXJ05860.1	0.0012579	4	2	6.1	136.4	2.3421	408630000
KXJ16795.1	0.0012579	4	2	6.1	136.4	2.3421	408630000
KXJ11365.1	0.0012579	4	2	6.1	136.4	2.3421	408630000
KXJ11376.1	0.0012579	4	2	6.1	136.4	2.3421	408630000
KXJ29154.1	0.0012579	4	2	6.1	136.4	2.3421	408630000
KXJ09787.1	0.0012579	4	2	6.1	136.4	2.3421	408630000
KXJ29411.1	0.0012579	4	2	6.1	136.4	2.3421	408630000
KXJ16497.1	0	4	4	40.3	13.552	15.051	582590000
KXJ16498.1	0	4	4	4.9	116.46	4.7631	127610000
KXJ16508.1	0.0026057	3	3	7.6	56.876	1.625	712520000
KXJ16511.1	0	8	8	18.9	29.043	12.922	6014300000
KXJ16528.1	0.0015047	13	7	18	88.932	1.9128	2606000000
KXJ16535.1	0.00034507	5	5	14.9	46.776	3.3346	376990000
KXJ08494.1	0.00034507	5	5	14.9	46.776	3.3346	376990000
KXJ16539.1	0	9	9	13.9	108.59	14.931	2239500000
KXJ16551.1	0	19	13	52.4	45.699	323.31	13864000000
KXJ16554.1	0	15	15	93.8	17.869	197.35	43372000000
KXJ16556.1	0	5	5	23.8	29.284	17.164	612730000
KXJ16559.1	0	15	15	16.8	137.54	76.904	888520000
KXJ16562.1	0	3	3	38.7	14.399	3.7058	112770000
KXJ16568.1	0	9	9	63.9	23.362	101.78	4267500000
KXJ16569.1	0	7	7	21.5	56.318	10.581	1044700000
KXJ16577.1	0	3	3	11.9	43.662	5.3747	104680000
KXJ16580.1	0	3	3	6.1	44.258	3.9441	7073800000
KXJ16588.1	0.0020716	4	4	6.3	63.233	1.7925	449240000
KXJ16590.1	0	5	5	19.8	49.945	7.4422	794640000
KXJ16601.1	0	12	12	11.4	149.19	9.0489	888060000
KXJ16607.1	0	10	10	40.1	32.279	23.469	1863800000
KXJ16609.1	0	15	15	15.9	129.61	22.919	795310000
KXJ16611.1	0	2	2	10.5	33.368	32.782	56803000
KXJ16617.1	0.0060841	2	2	6	29.108	1.2542	78246000
KXJ16633.1	0	6	6	24.6	30.686	5.2985	742690000
KXJ16636.1	0	3	3	14.6	28.428	113.99	467330000
KXJ16639.1	0	4	4	22.6	33.172	3.6829	366180000
KXJ16657.1	0	3	3	21.9	24.893	3.4992	430880000
KXJ16627.1	0	3	3	21.9	24.893	3.4992	430880000
KXJ16659.1	0.001502	3	3	12.8	37.929	1.8977	148310000
KXJ16668.1	0	6	6	65.7	12.033	236.58	9471700000
KXJ16674.1	0	6	6	18.6	43.869	323.31	1006400000
KXJ16681.1	0	5	5	15	63.019	6.7659	551950000
KXJ16691.1	0.0020667	6	6	5	183.25	1.778	50513000
KXJ09234.1	0.0020667	6	6	5	183.25	1.778	50513000
KXJ16692.1	0	16	16	49.6	44.417	309.16	13176000000
KXJ16701.1	0.0048364	2	2	34.6	14.427	1.4571	65673000
KXJ16705.1	0.005822	2	2	3	100.52	1.268	39099000
KXJ16706.1	0	7	7	21	25.231	12.8	5460900000
KXJ16709.1	0	6	6	30.5	27.241	21.8	3845500000
KXJ16713.1	0.00033344	2	2	8.5	38.565	2.9684	55972000
KXJ07914.1	0.00033344	2	2	8.5	38.565	2.9684	55972000
KXJ16720.1	0	12	12	50	41.653	151.48	4379400000
KXJ16722.1	0	3	3	5.5	76.2	3.7198	83088000
KXJ16726.1	0	4	4	11.3	40.922	5.9188	1334300000
KXJ16732.1	0	5	5	20	29.681	4.3641	1414900000
KXJ16735.1	0	16	16	47.9	49.423	100.62	2264300000
KXJ16739.1	0	2	2	7.7	46.061	4.5427	62015000
KXJ16744.1	0	10	10	10.6	130.32	22.617	906190000
KXJ16750.1	0	3	3	19.6	30.923	13.254	654370000
KXJ16771.1	0	6	2	39.1	18.096	7.477	140800000
KXJ16774.1	0.006561	5	4	22.6	29.687	1.1672	413960000
KXJ16775.1	0	13	8	50.4	29.139	85.701	5758200000
KXJ16777.1	0	15	15	61.4	24.037	109.2	13802000000
KXJ16786.1	0.00094757	2	2	9.2	33.353	2.3817	81580000
KXJ16787.1	0	7	7	10.4	121.86	13.312	195720000
KXJ16796.1	0	4	4	17.8	38.067	4.1566	576510000
KXJ16800.1	0	6	5	6.2	150.79	8.7955	377350000
KXJ16802.1	0	7	7	18.5	53.428	6.9167	909950000
KXJ16804.1	0.0097961	2	2	3.5	73.454	0.8967	133830000
KXJ11622.1	0.0097961	2	2	3.5	73.454	0.8967	133830000
KXJ08135.1	0.0097961	2	2	3.5	73.454	0.8967	133830000
KXJ09083.1	0.0097961	2	2	3.5	73.454	0.8967	133830000
KXJ16819.1	0	28	28	41.1	71.646	23.462	18707000000
KXJ16821.1	1	17	1	9.5	92.769	-2	38548000
KXJ16829.1	0	9	9	19	57.206	9.555	1458700000
KXJ16834.1	0	7	7	41.8	33.597	26.004	889860000
KXJ16852.1	1	3	3	1.2	452.31	-2	312710000
KXJ16883.1	0	5	5	5.9	118.9	3.7696	305430000
KXJ16885.1	0	6	6	46.4	9.5111	5.8404	4436600000
KXJ16895.1	0	12	12	24.4	46.889	80.156	4268600000
KXJ16900.1	0	17	17	55.4	55.071	117	3437600000
KXJ16906.1	0.0020625	2	2	1.1	300.14	1.7536	15788000
KXJ16910.1	0	3	3	36	17.11	5.0107	210860000
KXJ16911.1	0.0020655	2	2	13.7	26.759	1.7707	25959000
KXJ16924.1	0.0095465	2	2	7.7	36.517	0.90568	321600000
KXJ16929.1	0	9	9	22.9	53.078	9.9442	2680700000
KXJ16930.1	0	12	12	76.8	26.82	38.16	1945900000
KXJ16932.1	0	36	36	24.6	208.67	156.13	7979100000
KXJ16937.1	0	4	4	21.6	18.398	7.3966	3659700000
KXJ16933.1	0	4	4	21.6	18.398	7.3966	3659700000
KXJ16946.1	0	2	2	28.2	20.751	296.42	1134200000
KXJ16950.1	0	5	4	8.9	64.951	8.9588	46461000000
KXJ28017.1	0	5	4	8.9	64.951	8.9588	46461000000
KXJ09058.1	0	5	4	8.9	64.951	8.9588	46461000000
KXJ16954.1	0.0053763	4	4	7.1	74.191	1.4189	207930000
KXJ16966.1	0.0095872	2	2	3.3	139.3	0.93403	15116000
KXJ16969.1	0	5	5	6.3	90.976	8.4056	412960000
KXJ16970.1	0	8	8	92.7	9.0995	61.844	17728000000
KXJ16972.1	0	9	9	29.4	52.206	37.746	1256700000
KXJ16975.1	0	11	11	16.9	62.021	9.1967	2921900000
KXJ10399.1	0	11	11	16.9	62.021	9.1967	2921900000
KXJ16976.1	0	6	6	46.5	16.953	7.3958	2435700000
KXJ16977.1	0	11	11	75.5	17.895	66.113	3512800000
KXJ16983.1	0	4	4	15.8	56.148	38.501	411770000
KXJ16987.1	0	9	9	20.1	59.786	45.127	1540000000
KXJ16989.1	0	38	38	69.6	59.119	323.31	248240000000
KXJ16991.1	0	12	12	38.3	46.189	19.749	3676000000
KXJ16992.1	0.0023364	2	2	19.8	12.917	1.7047	2830300000
KXJ17004.1	0.00034364	4	4	7.9	70.856	3.2969	219050000
KXJ17008.1	0.0012508	2	2	11.2	30.334	2.2929	15552000
KXJ17009.1	0	8	8	5.6	187.9	11.995	125680000
KXJ17018.1	0	3	3	10.8	50.565	7.8783	248800000
KXJ17019.1	0.0012199	2	2	2	94.262	2.0349	1112100000
KXJ17023.1	0	4	4	7.4	72.786	16.941	494620000
KXJ17024.1	0	16	15	49.4	49.373	166.06	21001000000
KXJ17041.1	0	4	4	22	28.088	45.42	791210000
KXJ17043.1	0.00094997	2	2	8.2	35.085	2.4128	18817000
KXJ17060.1	0	14	14	27.9	81.143	29.403	2428100000
KXJ17064.1	0	6	6	26.7	50.001	323.31	1624900000
KXJ17071.1	0	20	18	77.9	21.22	323.31	85648000000
KXJ17072.1	0	12	11	55.2	21.246	32.097	60395000000
KXJ17074.1	0	4	4	19.7	34.474	4.7878	798480000
KXJ17077.1	0	14	14	47.4	37.12	27.422	7506800000
KXJ17081.1	0	14	14	47.4	37.12	27.422	7506800000
KXJ17086.1	0	2	2	22.1	11.715	31.078	616320000
KXJ17095.1	0.0096077	2	2	6.1	60.486	0.9491	132120000
KXJ17097.1	0	3	3	17	23.15	3.8457	16088000
KXJ17099.1	0	8	7	38.5	21.429	15.639	517430000
KXJ17101.1	0	6	6	16.9	42.996	7.1012	552650000
KXJ17103.1	0	15	15	79.3	15.536	323.31	108410000000
KXJ17105.1	0	2	2	16.4	25.464	14.999	154460000
KXJ17108.1	0	16	16	61.7	23.852	323.31	22265000000
KXJ17110.1	0	24	24	17.5	229.58	21.783	1213900000
KXJ17117.1	0	7	5	6.3	220.79	9.9902	199240000
KXJ17118.1	0	4	4	4.3	129.68	25.673	683880000
KXJ17121.1	0	23	23	34.5	65.434	323.31	19206000000
KXJ17122.1	0.005618	2	2	2.3	207.64	1.3456	9687800
KXJ17130.1	0	21	21	36.5	64.889	161.63	6947400000
KXJ17139.1	0	46	46	56.5	72.887	323.31	34966000000
KXJ17149.1	0	20	20	24.1	90.459	22.586	4813500000
KXJ17150.1	0	8	8	9.9	99.915	12.452	999650000
KXJ17154.1	0	90	90	45.3	237.78	323.31	59992000000
KXJ17161.1	0	28	28	69.3	47.917	323.31	58513000000
KXJ17178.1	0	12	11	19.8	89.027	41.273	3092000000
KXJ17183.1	0	5	5	33.5	18.253	4.8451	415990000
KXJ17199.1	0	5	5	23.8	33.43	27.3	2770600000
KXJ17202.1	0.0020728	5	5	28.2	20.297	1.7974	2053900000
KXJ17204.1	0	32	32	77.8	35.993	292.91	109500000000
KXJ17209.1	0	10	10	22.5	42.7	141.89	7340500000
KXJ17217.1	1	3	3	14.3	35.016	-2	91746000
KXJ17220.1	0	8	8	34.7	23.98	71.748	10470000000
KXJ17222.1	0.0093508	2	2	4.6	68.245	0.96321	60160000
KXJ17227.1	0	6	6	13.8	55.784	6.3283	554080000
KXJ17228.1	0	6	6	27.3	37.308	9.0382	300380000
KXJ17240.1	0.0026087	6	6	21.8	35.306	1.6283	532100000
KXJ17245.1	0.0026087	6	6	21.8	35.306	1.6283	532100000
KXJ17270.1	0	14	14	20.9	109.64	40.06	1039200000
KXJ17274.1	0	3	3	7.8	58.611	7.7151	156180000
KXJ17278.1	1	2	2	0.3	917.88	-2	13992000
KXJ17279.1	0	11	11	33	45.573	11.944	913980000
KXJ17281.1	0	11	11	37.1	49.957	44.463	2291500000
KXJ17283.1	0	16	16	21.5	112.44	24.348	1525800000
KXJ17284.1	0	7	7	21.6	56.372	8.3253	1101000000
KXJ17306.1	0	7	7	18.8	62.395	12.844	1980400000
KXJ17310.1	0.0015147	4	4	5.7	78.859	1.9754	175860000
KXJ17314.1	0	19	19	47.3	51.263	53.872	7203700000
KXJ17335.1	0	5	5	9.8	54.692	64.635	3430900000
KXJ17342.1	0	12	12	42.3	45.059	47.528	3004400000
KXJ17352.1	0	9	9	11.3	131.8	4.8039	413450000
KXJ17356.1	0	15	15	45.5	40.954	77.058	4389400000
KXJ17357.1	0.0060556	6	6	5.3	167.88	1.2194	149950000
KXJ17365.1	0	13	13	24.3	73.81	15.78	3413200000
KXJ17371.1	0	6	6	18.6	46.622	4.5745	270370000
KXJ17372.1	0.0048254	3	3	4.2	99.455	1.4397	15927000
KXJ17373.1	0	17	17	32.8	74.98	101.88	5461400000
KXJ17374.1	0	10	10	20.1	68.309	10.842	1415700000
KXJ10579.1	0	10	10	20.1	68.309	10.842	1415700000
KXJ17378.1	0	8	8	21.8	50.778	14.82	503580000
KXJ17379.1	0	213	213	49.6	427.76	323.31	81410000000
KXJ17388.1	0	411	411	80.8	326.06	323.31	2567500000000
KXJ17390.1	0	5	5	35.4	20.569	7.7877	438370000
KXJ17396.1	0	2	2	12.6	31.704	3.7805	512100000
KXJ17399.1	0	5	5	6.1	156.83	75.711	651990000
KXJ17400.1	0.00034188	5	5	16.3	42.197	3.2338	193950000
KXJ17404.1	0	10	10	26.1	48.482	10.002	2294700000
KXJ17410.1	0	9	9	11.3	144.56	17.018	849750000
KXJ17434.1	0	9	9	11.3	144.56	17.018	849750000
KXJ17419.1	0	15	4	40	54.418	18.742	784640000
KXJ17423.1	0	20	20	18.5	137.52	251.35	4979800000
KXJ17428.1	0	3	3	20.1	40.174	5.9318	286350000
KXJ17430.1	0	12	12	22.7	90.585	11.035	648920000
KXJ17436.1	0	7	7	12.4	80.922	5.7301	219460000
KXJ17437.1	0	14	14	42.4	51.048	21.103	3873900000
KXJ17439.1	1	3	1	10.2	27.893	-2	63746000
KXJ17446.1	0	18	7	60.1	37.631	93.014	15761000000
KXJ17451.1	0.00064914	3	3	7.7	52.842	2.6232	192140000
KXJ17459.1	0	6	6	6.1	165.29	3.5485	169490000
KXJ17468.1	0	12	12	26.2	64.82	11.952	3544600000
KXJ17469.1	0	6	6	25.7	45.141	78.758	277650000
KXJ17491.1	0	4	4	13.6	61.505	23.588	389670000
KXJ17492.1	0	8	8	29.5	23.921	10.433	6805000000
KXJ17494.1	0	3	3	22.4	27.725	22.855	1478900000
KXJ24815.1	0.0015142	5	5	13.5	47.173	1.9649	115000000
KXJ17495.1	0.0015142	5	5	13.5	47.173	1.9649	115000000
KXJ17496.1	0	18	18	28.8	84.674	99.516	25833000000
KXJ17498.1	0	8	8	10	125.89	5.3059	338870000
KXJ17499.1	0	20	20	23.5	93.769	55.805	7920200000
KXJ17503.1	0.0012449	4	4	6.3	110.62	2.2438	170980000
KXJ17505.1	0	9	9	10.3	122.09	5.7049	326170000
KXJ17506.1	0.0012214	2	2	40.5	8.1272	2.0575	31964000
KXJ17510.1	0.0040103	4	4	12.3	32.108	1.5283	112530000
KXJ17515.1	0.0015024	3	3	21	16.127	1.9005	228410000
KXJ17516.1	0	4	4	12.4	80.703	39.941	301800000
KXJ17517.1	0	16	16	76.7	22.701	319.15	33254000000
KXJ28863.1	0	16	16	76.7	22.701	319.15	33254000000
KXJ09148.1	0	16	16	76.7	22.701	319.15	33254000000
KXJ17521.1	0	12	12	49.4	36.957	86.169	4528400000
KXJ17522.1	0	11	11	20.2	86.419	44.974	3686800000
KXJ24703.1	0.0012251	2	2	11.5	30.348	2.0895	72366000
KXJ17526.1	0.0012251	2	2	11.5	30.348	2.0895	72366000
KXJ17539.1	0	13	13	69.2	22.21	82.414	3675600000
KXJ17555.1	0	8	8	31.7	32.325	11.63	1233200000
KXJ17561.1	0	8	8	15.3	65.533	5.6183	1070000000
KXJ17568.1	0	6	6	13.1	48.063	5.1103	182360000
KXJ17570.1	0.00094817	2	2	10	40.242	2.3888	96626000
KXJ17577.1	0	4	4	9.7	64.661	3.4272	630050000
KXJ17578.1	0.0037335	2	2	22.8	14.779	1.5451	11018000
KXJ17579.1	0.00094877	4	4	10.7	49.134	2.3896	131690000
KXJ17584.1	0	7	7	32.6	24.768	8.2828	11987000000
KXJ17573.1	0	7	7	32.6	24.768	8.2828	11987000000
KXJ17585.1	0.0015092	5	4	11.7	54.426	1.9436	178240000
KXJ05005.1	0.0015092	5	4	11.7	54.426	1.9436	178240000
KXJ17586.1	0	7	7	18.5	54.27	6.0563	462770000
KXJ17591.1	0.0003453	4	4	6.1	90.412	3.3351	370600000
KXJ17598.1	0	34	34	88.2	42.166	323.31	203500000000
KXJ17602.1	0	7	7	18.2	53.059	9.5157	1339300000
KXJ05987.1	0	7	7	18.2	53.059	9.5157	1339300000
KXJ17615.1	0.00064872	4	4	31.9	29.707	2.6163	23876000
KXJ17619.1	0	5	5	18.2	26.722	26.472	676790000
KXJ17623.1	0.0012598	5	5	2.7	314.37	2.3531	313950000
KXJ17630.1	0	15	14	34.7	44.816	53.775	5708200000
KXJ17631.1	0	8	7	15.6	60.892	16.22	676730000
KXJ05884.1	0	8	7	15.6	60.892	16.22	676730000
KXJ17634.1	0.00033356	5	5	15.8	51.742	2.9792	78900000
KXJ17640.1	0	6	5	46.9	22.259	57.636	760930000
KXJ17644.1	0.00034317	3	3	7.8	51.448	3.2866	535580000
KXJ17722.1	0	23	23	51.3	53.474	117.98	9860100000
KXJ17652.1	0	23	23	51.3	53.474	117.98	9860100000
KXJ17656.1	0	2	2	14.3	27.014	3.4297	542420000
KXJ17657.1	0	20	20	12.3	272.5	142.1	1732000000
KXJ17667.1	0	10	8	56.2	24.742	10.209	2111900000
KXJ17670.1	0.002611	2	2	9.7	40.819	1.6423	106200000
KXJ17679.1	0	5	5	44.4	13.55	5.3617	653080000
KXJ17680.1	0	11	11	40	37.067	33.424	1387800000
KXJ10837.1	0	11	11	40	37.067	33.424	1387800000
KXJ17685.1	0.00095572	2	2	20.6	15.51	2.4533	529930000
KXJ17697.1	0	4	4	28.6	17.69	12.654	1141500000
KXJ17707.1	0.00033467	4	2	22.1	28.267	3.005	209760000
KXJ17708.1	0	25	25	18.4	231.86	77.014	1766700000
KXJ05535.1	0	25	25	18.4	231.86	77.014	1766700000
KXJ17716.1	0	12	12	51.2	19.698	14.359	11857000000
KXJ17718.1	0	13	13	14.8	122.1	8.2904	1271300000
KXJ17721.1	0	3	3	10.6	40.976	161.57	624370000
KXJ17729.1	0	2	2	9.4	29.954	14.599	459170000
KXJ17733.1	0	14	14	73.8	29.107	67.402	9097400000
KXJ17735.1	0	21	21	61.3	43.014	92.508	7683600000
KXJ17743.1	0	6	6	35.6	20.328	16.137	2613600000
KXJ17746.1	0	9	9	23.3	53.523	21.268	1957900000
KXJ17748.1	0	7	7	4.8	255.25	51.287	205310000
KXJ17749.1	0	11	11	31.2	52.412	22.724	2778800000
KXJ17752.1	0.0060373	2	2	1.7	193.3	1.1956	56052000
KXJ17758.1	0	7	7	43.4	25.125	7.013	1842300000
KXJ17767.1	0	90	90	83	102.56	323.31	231230000000
KXJ17768.1	0	25	25	14.6	218.06	46.388	11060000000
KXJ17775.1	0	21	21	42.5	61.011	64.766	6685900000
KXJ17784.1	0	29	4	59.1	49.979	64.772	15626000000
KXJ17788.1	0	13	7	28.7	45.548	12.408	19175000000
KXJ17789.1	0	25	13	57.3	50.391	29.295	1754300000
KXJ17790.1	0.0012559	3	3	10.5	35.859	2.3307	185190000
KXJ17791.1	1	5	4	1.9	408.5	-2	282050000
KXJ05639.1	1	5	4	1.9	408.5	-2	282050000
KXJ17794.1	0	9	9	8	187.69	15.319	298710000
KXJ08257.1	0	9	9	8	187.69	15.319	298710000
KXJ08256.1	0	9	9	8	187.69	15.319	298710000
KXJ17804.1	0	29	29	17.6	221.89	215.56	4463200000
KXJ17809.1	0	17	11	27.5	81.242	15.931	1919100000
KXJ17810.1	0	5	5	21.6	29.367	3.4614	884410000
KXJ17811.1	0.0056354	4	4	5	116.47	1.3658	330970000
KXJ17812.1	0	4	4	44.9	17.353	5.2522	563660000
KXJ17813.1	1	2	2	12.9	9.6994	-2	105690000
KXJ17817.1	0.0086045	2	2	7.7	31.434	1.0161	13978000
KXJ17820.1	0	15	14	47.3	28.095	39.271	17637000000
KXJ17833.1	0	4	4	15.7	53.532	52.181	508080000
KXJ17836.1	0	10	7	21.3	70.01	53.147	586880000
KXJ17844.1	0.0098065	2	2	8.9	33.417	0.90102	445950000
KXJ17850.1	0	11	11	47.1	39.863	29.672	1054300000
KXJ17854.1	0	5	5	41.1	23.105	17.681	606070000
KXJ17864.1	0	6	6	16.9	54.372	323.31	2223400000
KXJ17865.1	0.00032637	3	3	5	106.65	2.6821	99214000
KXJ17872.1	0	4	4	21.3	36.2	38.095	922340000
KXJ17875.1	0.0026209	5	2	17.9	33.121	1.6711	204340000
KXJ17878.1	0	4	4	30.2	28.073	8.9585	201990000
KXJ17881.1	0	12	12	45.2	27.347	90.906	19855000000
KXJ17890.1	1	2	2	1.8	172.31	-2	1223200000
KXJ17894.1	0.001506	5	5	11.5	112.54	1.9249	61916000
KXJ17900.1	0.00063918	3	3	13.5	45.254	2.5	114640000
KXJ17911.1	0	4	4	14.8	45.498	11.616	2456800000
KXJ17927.1	0	23	23	34.2	99.173	109.21	7135700000
KXJ17948.1	0.0088496	2	2	5.3	53.566	0.99487	84589000
KXJ17966.1	0.0020649	3	3	31.1	13.525	1.7699	161220000
KXJ17973.1	0.0015165	3	3	18.7	23.171	1.9846	59780000
KXJ17972.1	0.0015165	3	3	18.7	23.171	1.9846	59780000
KXJ17974.1	0	3	3	11.6	39.692	3.9587	272430000
KXJ17975.1	0	10	10	24.6	55.897	8.6196	4071400000
KXJ17983.1	0.0012419	2	2	5.9	33.78	2.2219	566210000
KXJ17985.1	0.0020692	4	4	23.5	18.063	1.7844	630260000
KXJ17993.1	0	41	41	89.3	29.558	323.31	87643000000
KXJ17997.1	0.0020741	3	3	2.9	170.8	1.8003	159680000
KXJ18017.1	0	9	9	34	28.054	10.365	4839600000
KXJ18033.1	0	29	29	32.1	137.77	79.977	4462100000
KXJ18038.1	0.0060489	5	5	7.8	57.686	1.21	1988500000
KXJ18055.1	0	4	4	20.1	34.813	5.2814	274520000
KXJ18056.1	0	4	4	29	24.439	3.4586	297780000
KXJ18057.1	0.0017969	3	3	44.3	8.1255	1.8733	1074800000
KXJ18063.1	0	19	19	82.9	34.736	128.18	17005000000
KXJ18065.1	0	42	42	80.4	57.122	323.31	229760000000
KXJ20130.1	0	42	42	80.4	57.122	323.31	229760000000
KXJ18076.1	0	5	5	45.5	18.047	20.976	1283700000
KXJ18080.1	0.0012457	3	3	15.2	23.026	2.2586	306920000
KXJ18086.1	0.00034083	5	3	9.6	78.834	3.2049	200040000
KXJ18091.1	0	5	5	9.5	80.29	4.134	358220000
KXJ18103.1	0	4	4	7.2	73.669	3.5945	159980000
KXJ18107.1	0	14	14	31.8	68.286	17.201	2102000000
KXJ18115.1	0	13	13	65.3	30.232	169.1	1952100000
KXJ18118.1	0.00063837	5	5	25.3	30.827	2.4749	377460000
KXJ18119.1	0	2	2	14	28.973	9.8964	1935800000
KXJ18123.1	0	7	7	5.1	198.28	3.9643	351960000
KXJ18130.1	0	4	4	29.1	22.091	15.231	1270500000
KXJ18139.1	0.0056306	2	2	13.8	21.577	1.3621	3794600
KXJ18150.1	0	11	11	79.3	15.083	112.72	11268000000
KXJ18155.1	0	10	10	29.4	55.37	13.053	753490000
KXJ18157.1	0.005554	15	3	14.6	90.361	1.2838	922410000
KXJ18158.1	0	13	13	77.8	17.555	53.679	20708000000
KXJ18162.1	0.0040138	3	3	30.4	14.29	1.5333	17222000
KXJ18166.1	0	7	0	36.2	13.942	160.71	953640000000
KXJ29987.1	0	7	0	36.2	13.942	160.71	953640000000
KXJ30030.1	0	7	0	36.2	13.942	160.71	953640000000
KXJ28543.1	0	7	0	36.2	13.942	160.71	953640000000
KXJ06516.1	0	7	0	36.2	13.942	160.71	953640000000
KXJ18167.1	0.0028893	2	2	1.2	367.07	1.6163	19262000
KXJ18180.1	0	8	8	57.3	24.742	11.487	489240000
KXJ18181.1	0	7	7	7.3	184.08	5.5944	112850000
KXJ18184.1	0	10	10	43.6	36.214	24.551	1724000000
KXJ18188.1	0	39	38	23.7	221.02	219.12	8515400000
KXJ18195.1	0	9	9	2.9	554.01	9.3431	187350000
KXJ18200.1	0.0055772	3	3	3.1	92.128	1.3051	75132000
KXJ18206.1	0	13	13	42	49.306	140.36	2710500000
KXJ18207.1	1	3	3	11.1	35.47	-2	511620000
KXJ18210.1	0.00033278	3	3	23.2	18.552	2.9312	559910000
KXJ18215.1	0.0056038	5	5	8.1	93.35	1.3238	531160000
KXJ18222.1	0	12	12	14.6	138.99	20.283	1471200000
KXJ18244.1	0.0012376	4	4	10.8	56.953	2.1836	83191000
KXJ18291.1	0.0058252	3	3	15.8	35.213	1.2685	61058000
KXJ18295.1	1	2	2	2.9	99.39	-2	268900000
KXJ18296.1	0	7	6	24.9	33.755	6.5787	2171000000
KXJ18311.1	0	4	4	3.8	139.47	7.0405	75584000
KXJ18312.1	0	15	15	82.2	15.428	57.971	1796100000
KXJ18321.1	0	4	4	5.5	90.403	11.126	181200000
KXJ18341.1	0	6	6	64.6	11.298	4.3436	497140000
KXJ18379.1	0	5	5	9.4	64.756	18.957	1076400000
KXJ18384.1	0.0023433	2	2	3.9	66.616	1.7289	103160000
KXJ18385.1	0.00033887	2	2	3.6	104.59	3.153	45894000
KXJ18386.1	0	6	6	23.4	34.552	7.3219	196030000
KXJ18390.1	0	8	8	38	37.339	16.831	707330000
KXJ18396.1	0	5	5	18.5	45.922	4.0438	400960000
KXJ18400.1	0	6	6	19.3	41.972	4.8496	933880000
KXJ18404.1	0.00094787	3	3	14.9	32.606	2.3858	141360000
KXJ18405.1	0	6	6	15.4	65.84	20.787	745840000
KXJ18408.1	0	4	4	11.6	53.011	3.8427	59894000
KXJ18411.1	0.000333	3	3	7.1	57.289	2.9566	36925000
KXJ18412.1	0.00063776	2	2	12.8	27.364	2.4646	46566000
KXJ18417.1	0.00033091	5	5	7	103.26	2.8531	44209000
KXJ18431.1	0	7	7	44.6	15.544	12.723	15481000000
KXJ18436.1	0	2	2	4.2	93.195	6.172	59879000
KXJ18437.1	0	4	4	10	85.891	3.7605	404060000
KXJ18449.1	0	13	13	27.6	61.608	31.228	3490600000
KXJ18450.1	0.00033659	3	3	13.3	30.675	3.0707	187200000
KXJ18452.1	0	3	3	4.2	112.8	7.087	128020000
KXJ18459.1	0	9	9	38.4	24.31	295.61	10092000000
KXJ18462.1	0	18	18	55.1	40.843	110.24	5687600000
KXJ18473.1	0.00033069	5	3	15.3	40.841	2.8387	191150000
KXJ18475.1	0	3	3	22.6	23.486	41.896	497600000
KXJ18477.1	0	14	14	70.2	12.503	97.364	40032000000
KXJ18479.1	0	7	7	19.2	45.929	4.7878	404650000
KXJ18458.1	0	7	7	19.2	45.929	4.7878	404650000
KXJ18484.1	0	17	17	9.9	247.35	21.11	875220000
KXJ18485.1	0	2	2	10.6	35.5	62.29	536830000
KXJ18487.1	0	3	3	43.7	15.352	30.564	131230000
KXJ18489.1	0.0012488	4	4	9.8	52.812	2.2797	309840000
KXJ18494.1	0	4	4	8.3	89.744	4.1866	75912000
KXJ18508.1	0	10	10	63.8	15.725	190.51	13294000000
KXJ18511.1	0	7	7	34.9	36.452	13.011	178120000
KXJ18525.1	0	4	4	6.8	94.411	4.7404	255440000
KXJ18529.1	0	17	17	18.6	135.89	11.824	1678900000
KXJ18530.1	1	2	2	3.3	167.41	-2	43810000
KXJ18531.1	0.0012255	2	2	3	86.695	2.0903	11644000
KXJ18536.1	0	7	7	5.7	161.93	5.8083	58286000
KXJ18541.1	0	8	8	12.5	85.012	4.6107	662730000
KXJ18544.1	0	13	13	58.2	29.417	130.12	9686100000
KXJ18545.1	0.0056022	2	2	8.7	38.497	1.3211	171150000
KXJ18548.1	0.0068046	3	3	20.1	24.513	1.1411	328860000
KXJ18551.1	0.001261	3	3	6	80.445	2.3629	131080000
KXJ18528.1	0.001261	3	3	6	80.445	2.3629	131080000
KXJ18562.1	0	8	8	12.6	105.07	60.574	413820000
KXJ18567.1	0	25	25	37.8	83.887	55.93	14383000000
KXJ18568.1	0	5	5	11.4	54.335	6.1674	334640000
KXJ18571.1	0	8	3	15.3	72.396	45.122	529230000
KXJ18578.1	0	11	11	44.4	36.595	12.875	2237900000
KXJ18582.1	0.0060773	2	2	15.7	26.997	1.2461	50257000
KXJ18587.1	0.0045584	6	1	22.4	34.879	1.4681	263940000
KXJ18588.1	0	37	37	55.2	96.935	266.92	17795000000
KXJ18593.1	0	8	8	43.9	23.613	70.817	2289200000
KXJ18594.1	0	11	11	38.7	42.165	24.658	2536000000
KXJ18598.1	0	11	11	63.4	19.614	86.358	17754000000
KXJ18605.1	0	19	19	32.4	89.382	323.31	4732200000
KXJ18607.1	0	2	2	8.8	47.969	21.895	76262000
KXJ18608.1	0.003741	2	2	23.9	12.778	1.5597	356810000
KXJ18609.1	0	8	8	56.2	24.756	114.09	16507000000
KXJ18610.1	0	10	10	53	32.636	82.727	1100700000
KXJ18612.1	0.0017841	4	4	8.1	66.21	1.8108	243330000
KXJ18619.1	0	8	7	31.7	42.284	20.432	2248500000
KXJ15758.1	0	8	7	31.7	42.284	20.432	2248500000
KXJ18623.1	0	5	5	23.7	34.172	21.781	5778700000
KXJ18650.1	0	5	5	23.7	34.172	21.781	5778700000
KXJ18626.1	0	3	3	0.9	569.85	6.0904	49560000
KXJ18631.1	0	24	24	62	35.245	323.31	75920000000
KXJ18637.1	0	16	16	33.7	59.248	46.637	4793200000
KXJ18641.1	0	4	4	42.9	16.52	11.573	3175100000
KXJ18649.1	0	7	7	5.1	126.36	17.566	73389000
KXJ18655.1	0	18	18	66.6	39.16	68.339	11847000000
KXJ18671.1	0.0048241	2	2	7.8	34.242	1.4388	33749000
KXJ18674.1	0.00064851	3	3	6.5	78.114	2.6143	111510000
KXJ18680.1	0.00033113	7	4	6.9	142.16	2.8647	535560000
KXJ18681.1	0.00033113	7	4	6.9	142.16	2.8647	535560000
KXJ13858.1	0.00033113	7	4	6.9	142.16	2.8647	535560000
KXJ12073.1	0.00033113	7	4	6.9	142.16	2.8647	535560000
KXJ18669.1	0.00033113	7	4	6.9	142.16	2.8647	535560000
KXJ12075.1	0.00033113	7	4	6.9	142.16	2.8647	535560000
KXJ14071.1	0.00033113	7	4	6.9	142.16	2.8647	535560000
KXJ14090.1	0.00033113	7	4	6.9	142.16	2.8647	535560000
KXJ12072.1	0.00033113	7	4	6.9	142.16	2.8647	535560000
KXJ09258.1	0.00033113	7	4	6.9	142.16	2.8647	535560000
KXJ09262.1	0.00033113	7	4	6.9	142.16	2.8647	535560000
KXJ12069.1	0.00033113	7	4	6.9	142.16	2.8647	535560000
KXJ10414.1	0.00033113	7	4	6.9	142.16	2.8647	535560000
KXJ14064.1	0.00033113	7	4	6.9	142.16	2.8647	535560000
KXJ08461.1	0.00033113	7	4	6.9	142.16	2.8647	535560000
KXJ12085.1	0.00033113	7	4	6.9	142.16	2.8647	535560000
KXJ09265.1	0.00033113	7	4	6.9	142.16	2.8647	535560000
KXJ18684.1	0	7	7	11.4	99.239	8.1887	530530000
KXJ18690.1	0.0070633	2	2	2.6	130.7	1.1244	110970000
KXJ18699.1	0	5	5	17.5	46.949	9.2725	507270000
KXJ18701.1	0	6	3	19.7	33.745	6.4793	1067800000
KXJ18703.1	0	8	8	49.3	16.542	15.682	7595600000
KXJ18707.1	0	4	4	11.3	54.648	4.3201	278040000
KXJ18708.1	1	5	5	5.2	167.61	-2	57012000
KXJ18711.1	0	17	17	17.4	117.02	15.932	4794600000
KXJ18713.1	0.00064788	4	4	20.6	25.179	2.6123	253870000
KXJ18716.1	0	5	5	17.6	30.656	3.7035	252410000
KXJ18718.1	0	4	4	7.6	91.851	3.5063	54530000
KXJ18723.1	0	8	8	45.1	16.067	155.52	36724000000
KXJ18730.1	0	22	22	31.5	98.45	31.165	5390600000
KXJ18739.1	0.0026186	3	3	7.7	55.12	1.6652	125550000
KXJ18743.1	0	17	17	41.4	58.681	28.379	5786800000
KXJ18755.1	0.0060357	2	2	3.4	99.015	1.1918	12106000
KXJ18756.1	0.0055913	4	4	1.9	284.66	1.3123	267740000
KXJ18759.1	0	84	84	42.6	257.96	323.31	28998000000
KXJ18762.1	0	19	19	35.8	68.528	323.31	4584800000
KXJ18764.1	0	3	3	11	47.717	7.3387	750220000
KXJ18765.1	0.0055664	2	2	24.7	8.4104	1.2901	66806000
KXJ18767.1	0	9	9	17.7	68.356	14.008	1762800000
KXJ18772.1	0	38	17	25.7	243.93	323.31	8518900000
KXJ18776.1	0	8	8	21.3	47.42	30.511	783610000
KXJ18777.1	0	8	3	15.8	73.629	4.273	254270000
KXJ18780.1	0.0088448	4	2	11	99.762	0.99405	1071200000
KXJ18786.1	0	10	5	17	110.18	53.39	1801000000
KXJ18791.1	0.0012446	4	4	19.6	35.898	2.2395	105840000
KXJ18793.1	0	7	7	36.2	34.244	10.09	502490000
KXJ18798.1	0.0083648	2	2	2.3	77.708	1.0456	38943000
KXJ18802.1	0.00034435	2	2	12.1	15.993	3.3134	798620000
KXJ18805.1	0.0053718	3	3	16.2	26.734	1.4086	2513100000
KXJ18812.1	0	5	5	10.9	67.389	41.696	289310000
KXJ18815.1	0	50	50	57.1	93.408	323.31	61007000000
KXJ18817.1	0	2	2	20.7	19.559	14.407	729950000
KXJ18819.1	0	6	6	9.3	102.2	6.0241	274860000
KXJ07881.1	0	6	6	9.3	102.2	6.0241	274860000
KXJ18820.1	0	7	7	47	17.976	41.182	1608700000
KXJ18824.1	0	7	7	33.5	30.481	45.882	1652800000
KXJ18833.1	0.0086277	3	3	11.4	37.305	1.0354	69894000
KXJ18835.1	0	2	2	10.1	38.609	5.2507	26435000
KXJ18836.1	0	11	11	25.3	58.073	239.41	2240300000
KXJ18840.1	0.0009539	5	5	23.6	25.097	2.4366	772640000
KXJ18848.1	0	4	4	9.6	73.988	14.424	452240000
KXJ18850.1	0.00033647	3	3	8.4	45.134	3.0654	709770000
KXJ18855.1	0	2	2	7.8	53.18	6.5659	197080000
KXJ18859.1	0	6	6	16.9	40.087	26.16	1108400000
KXJ18886.1	0	6	6	16.9	40.087	26.16	1108400000
KXJ18863.1	0	7	7	9.9	93.744	8.2773	1328700000
KXJ18872.1	0	21	21	61.1	40.066	139.99	12259000000
KXJ18873.1	0	22	22	41.9	67.736	167.34	10624000000
KXJ18884.1	0	15	15	34.2	57.494	97.101	5400300000
KXJ18902.1	0	8	8	58	21.758	35.957	1230000000
KXJ18904.1	0	8	8	16.7	74.556	13.026	1035000000
KXJ11772.1	0	8	8	16.7	74.556	13.026	1035000000
KXJ18909.1	1	2	2	5.7	59.879	-2	10915000
KXJ18912.1	0	8	8	43.3	20.18	13.465	2674600000
KXJ18917.1	0.0012465	3	3	13.2	35.111	2.2621	176210000
KXJ18925.1	0	3	3	33	11.695	87.135	4599900000
KXJ18931.1	0	21	19	26.9	141.42	50.718	2111300000
KXJ18936.1	0.0065699	2	2	7.8	35.726	1.1755	22649000
KXJ18956.1	1	2	2	1.5	206.57	-2	157980000
KXJ18963.1	0	5	5	45.6	19.414	9.6626	816060000
KXJ18974.1	0.0048159	2	1	15.5	22.539	1.4293	49507000
KXJ18977.1	0	4	4	34	17.131	38.315	727340000
KXJ18984.1	0	3	3	9.5	47.068	4.387	188690000
KXJ18991.1	0	17	17	58.1	45.194	323.31	9459300000
KXJ18996.1	0.0081015	2	2	11.4	25.598	1.0624	101840000
KXJ19006.1	0	8	8	28.9	45.903	34.664	956740000
KXJ19007.1	0	35	35	22	234.29	168.11	5523400000
KXJ19019.1	0	9	9	39.7	47.461	87.168	2084100000
KXJ19020.1	0	4	4	17.5	32.094	16.302	304260000
KXJ19023.1	0	8	8	17.1	82.24	20.421	1347400000
KXJ19002.1	0	8	8	17.1	82.24	20.421	1347400000
KXJ19031.1	0	11	5	49.6	25.61	27.112	4707600000
KXJ19032.1	0.0060473	3	3	9.3	44.826	1.2076	115070000
KXJ19044.1	0.0020576	2	2	12.9	34.76	1.742	130670000
KXJ19061.1	1	2	2	15.1	27.077	-2	10566000
KXJ19070.1	0.00064433	7	7	33.5	35.297	2.5728	217920000
KXJ19080.1	0	5	5	33.5	21.786	4.8976	504290000
KXJ19062.1	0	5	5	33.5	21.786	4.8976	504290000
KXJ19088.1	0	8	8	41.8	23.025	17.284	2055200000
KXJ19104.1	0.0003391	4	4	13.6	39.27	3.1607	267790000
KXJ19107.1	0	10	10	20	61.676	10.772	2433300000
KXJ19110.1	1	3	3	16.7	35.92	-2	99379000
KXJ19115.1	0	3	3	11.8	47.708	4.392	749160000
KXJ19118.1	0.006044	4	4	14.2	36.788	1.203	55235000
KXJ19122.1	0.00033445	4	4	22.9	26.326	3.002	472440000
KXJ19129.1	0.00034211	4	4	4.2	142.12	3.2399	243500000
KXJ19869.1	0.00034211	4	4	4.2	142.12	3.2399	243500000
KXJ19133.1	0	20	20	58.7	34.627	136.86	9672300000
KXJ19134.1	0.0026163	7	2	16.9	55.913	1.6606	1396000000
KXJ19142.1	0	20	20	36.7	82.613	78.838	4954000000
KXJ19143.1	0	5	5	11.6	59.411	3.6472	101870000
KXJ19152.1	0	36	36	66.7	46.061	212.14	34150000000
KXJ19155.1	0	9	4	18.1	67.968	6.27	770430000
KXJ19193.1	0	7	7	16.9	70.616	5.7183	78725000
KXJ19205.1	0.0012221	3	3	12.1	44.917	2.0659	134720000
KXJ19207.1	0	10	10	13.2	107.7	10.58	911070000
KXJ19214.1	0	8	8	26.3	41.278	200.89	4850800000
KXJ19217.1	0	15	12	58.8	27.105	110.09	40156000000
KXJ19222.1	0	10	10	30.5	53.418	8.1271	1275700000
KXJ19226.1	0	12	11	32.7	37.56	19.684	3272000000
KXJ19228.1	0.001259	2	2	9.1	41.561	2.3475	179350000
KXJ19229.1	0.0055819	4	1	8.7	46.608	1.3099	1451200000
KXJ19244.1	0	12	12	14.3	141.54	47.909	971730000
KXJ19248.1	0.0056386	4	3	5.3	112.88	1.3677	37196000
KXJ19249.1	0	17	17	15.8	195.39	60.761	929180000
KXJ19250.1	0	10	10	20.7	57.087	10.03	1785600000
KXJ19251.1	0.0056101	3	3	7	60.594	1.3367	22375000
KXJ19255.1	0.0081037	2	2	4.1	83.312	1.0648	103220000
KXJ29846.1	0.0081037	2	2	4.1	83.312	1.0648	103220000
KXJ19258.1	0.008623	3	3	16.6	38.632	1.0331	82817000
KXJ19260.1	0	6	6	36.3	27.197	4.5942	600740000
KXJ19264.1	0	6	6	20.4	32.203	8.5306	1579700000
KXJ19266.1	0	9	9	48.6	23.349	58.97	6136300000
KXJ06023.1	0	9	9	48.6	23.349	58.97	6136300000
KXJ19288.1	0	6	6	20.1	43.051	12.017	392290000
KXJ19292.1	0.0026079	5	5	7.6	86.716	1.628	94530000
KXJ19300.1	0	6	6	18.3	59.322	13.021	1042300000
KXJ19301.1	0	4	4	10.6	69.468	3.7126	86711000
KXJ19304.1	0	8	8	29.5	43.023	51.429	858590000
KXJ19306.1	0	4	4	42.3	11.134	28.498	363200000
KXJ19310.1	0.0056085	4	4	9.1	66.783	1.3326	339810000
KXJ19311.1	0	7	7	14.4	81.125	10.223	1817900000
KXJ19318.1	0.00095117	5	3	8.7	73.753	2.4176	347080000
KXJ19320.1	0.00065147	3	3	9	57.533	2.6534	118700000
KXJ19325.1	0	11	11	81.3	16.624	199.28	7366200000
KXJ19331.1	0.0056243	4	2	10.5	53.687	1.3584	66234000
KXJ19340.1	0	24	24	42.3	68.469	205.86	26670000000
KXJ19355.1	1	2	2	8.9	41.987	-2	49318000
KXJ19360.1	0.0017862	5	5	12.5	66.917	1.8155	42752000
KXJ19374.1	0	14	2	42	33.017	4.8329	3767900000
KXJ19377.1	0	35	34	74.7	50.619	218.05	57408000000
KXJ19406.1	0.0055804	2	2	20.6	16.223	1.3095	61413000
KXJ19409.1	0	4	4	10.6	52.524	4.3764	347100000
KXJ19411.1	0.0056164	8	8	22.5	37.686	1.3397	312740000
KXJ19414.1	0	36	36	15.5	394.18	82.303	3554600000
KXJ19415.1	0.0012319	3	3	2.7	181.66	2.1341	110040000
KXJ19417.1	0	15	15	23.3	102.12	36.122	2509000000
KXJ19418.1	0	11	8	3.9	486.1	8.5868	398510000
KXJ15381.1	0	11	8	3.9	486.1	8.5868	398510000
KXJ06293.1	0	11	8	3.9	486.1	8.5868	398510000
KXJ19421.1	0	16	16	22.2	123.79	33.433	2693600000
KXJ19429.1	0	11	11	19.1	64.968	25.229	8038300000
KXJ19432.1	0	64	61	64.5	74.691	323.31	250290000000
KXJ19434.1	0	22	22	90.7	17.745	323.31	46471000000
KXJ19446.1	0.0009545	2	2	9.3	37.442	2.4376	7779400
KXJ19459.1	0	6	6	39.3	11.317	249.74	37364000000
KXJ19478.1	0	5	4	4.1	230.84	3.9944	101710000
KXJ19502.1	0	5	4	4.1	230.84	3.9944	101710000
KXJ19455.1	0	5	4	4.1	230.84	3.9944	101710000
KXJ19491.1	0.0012415	2	2	2	162.77	2.2161	105180000
KXJ19497.1	0	14	14	74.9	19.439	79.251	10554000000
KXJ19501.1	0	14	14	74.9	19.439	79.251	10554000000
KXJ19499.1	0.00095057	2	2	18.8	14.822	2.4167	128280000
KXJ19505.1	0	5	5	27.9	17.757	22.759	6138300000
KXJ19566.1	0	5	5	16.6	48.218	13.29	270300000
KXJ19576.1	0	8	8	6.4	175.47	14.174	498660000
KXJ19577.1	0	3	3	10.8	45.726	11.758	687650000
KXJ19579.1	0	14	14	46.3	43.884	21.391	3925100000
KXJ19588.1	0	2	2	33.3	14.547	47.076	1262300000
KXJ19594.1	0	21	21	28.8	48.969	269.45	25414000000
KXJ19599.1	0	4	3	10	50.125	43.781	485270000
KXJ19600.1	0	5	5	2.3	335.55	5.1004	127880000
KXJ19603.1	0.00065041	2	2	10.5	42.393	2.6276	21724000
KXJ19605.1	0	7	7	40.6	32.603	7.1402	1389600000
KXJ19608.1	0.0055897	4	4	13.5	52.613	1.3116	188380000
KXJ19609.1	1	7	7	1.3	674.96	-2	56502000
KXJ19611.1	0	8	8	23.1	27.548	6.5581	1243200000
KXJ19614.1	0	24	24	6	654.09	26.594	627450000
KXJ19616.1	0.0012571	2	2	10.8	27.931	2.3373	306160000
KXJ19636.1	0	7	7	21.6	44.457	28.234	3352200000
KXJ19654.1	0	11	11	32.7	41.43	16.938	1912800000
KXJ09807.1	0	11	11	32.7	41.43	16.938	1912800000
KXJ19660.1	0	20	9	64.5	31.074	323.31	20230000000
KXJ19668.1	0	8	8	34	16.285	81.53	4440900000
KXJ19669.1	0	3	3	8.3	76.163	12.596	367520000
KXJ19672.1	0	5	5	24.9	40.196	3.3923	123820000
KXJ19676.1	0.0028877	3	3	3	152.66	1.6131	62093000
KXJ19679.1	0	35	35	80.2	35.268	323.31	67381000000
KXJ19687.1	0	4	4	3.9	182.34	6.8307	62531000
KXJ19704.1	0	4	4	3.9	182.34	6.8307	62531000
KXJ22866.1	0	4	4	3.9	182.34	6.8307	62531000
KXJ19691.1	0	4	4	20.8	36.152	11.013	195240000
KXJ19693.1	0	12	12	52	29.402	81.666	7567700000
KXJ19696.1	0.0060824	2	2	4.5	66.638	1.2499	243080000
KXJ19700.1	0.0012232	4	4	5	111.99	2.0732	325300000
KXJ19703.1	0	21	12	64.5	33.009	133.56	55770000000
KXJ19706.1	0	3	3	6.7	99.421	4.7363	131790000
KXJ19712.1	0	5	5	27.5	15.565	29.137	2999100000
KXJ19713.1	0.0012563	15	3	54.4	27.872	2.3356	1313900000
KXJ19714.1	0.0012277	2	2	19	14.104	2.1065	1719400000
KXJ19715.1	0	7	7	39.3	23.044	7.0098	3023400000
KXJ19716.1	0	7	7	45.7	23.013	15.748	2426600000
KXJ19732.1	0	7	7	12.4	102.93	16.323	853640000
KXJ19778.1	0	6	6	12.5	81.772	24.588	303700000
KXJ19788.1	0	6	6	11.2	71.861	10.706	792440000
KXJ19794.1	0	7	7	31.9	33.813	323.31	1106100000
KXJ19815.1	0	7	7	31.9	33.813	323.31	1106100000
KXJ19802.1	0	3	3	13.1	34.612	6.1859	1034000000
KXJ19811.1	0	13	13	22.6	103.13	40.932	2361700000
KXJ19813.1	0	7	7	64.3	14.844	68.269	23711000000
KXJ19814.1	0	6	6	21.5	45.294	3.5284	301480000
KXJ19816.1	0	8	8	9.7	107.58	15.361	637370000
KXJ06339.1	0	8	8	9.7	107.58	15.361	637370000
KXJ19818.1	0	8	8	38.7	24.075	10.97	4412600000
KXJ19820.1	1	4	4	5.9	85.368	-2	218580000
KXJ19821.1	0	9	9	23.2	54.534	8.7878	277750000
KXJ19822.1	0	3	3	11.6	45.564	7.2762	53516000
KXJ19834.1	0	7	7	11.8	83.978	5.5339	1236800000
KXJ19838.1	0	9	8	19.3	67.311	8.8158	1655900000
KXJ19839.1	0	3	3	32.7	17.161	8.9307	206350000
KXJ19840.1	0	3	3	17.5	33.536	31.604	118470000
KXJ19845.1	0	7	7	5.1	256.88	3.3621	145790000
KXJ19863.1	0	5	5	5.1	199.43	5.2601	68755000
KXJ19871.1	0	10	10	29.8	42.456	9.0415	1155600000
KXJ19875.1	0	5	5	20.1	46.309	14.535	176390000
KXJ19883.1	0	8	8	3.1	378.51	5.3992	150590000
KXJ19893.1	0	6	6	16.4	57.992	16.633	202740000
KXJ19899.1	0.001248	2	2	5.5	66.695	2.27	70395000
KXJ19900.1	0.00032949	4	4	12.8	48.834	2.7555	113000000
KXJ19925.1	0	13	13	33.9	62.153	142.56	1284500000
KXJ19928.1	0	13	13	33.9	62.153	142.56	1284500000
KXJ19943.1	0	11	3	19.8	74.072	19.614	245490000
KXJ05409.1	0	11	3	19.8	74.072	19.614	245490000
KXJ19960.1	0	11	4	25.1	36.624	48.715	5124400000
KXJ19968.1	0.0012606	2	2	6.7	49.845	2.3579	333060000
KXJ19952.1	0.0012606	2	2	6.7	49.845	2.3579	333060000
KXJ19973.1	0	4	4	35.6	16.98	12.804	346420000
KXJ19980.1	0	13	13	85.3	11.226	91.747	33762000000
KXJ19989.1	0	7	7	14.2	50.892	7.7167	1842300000
KXJ19990.1	0	7	7	25.2	55.05	8.8624	1234400000
KXJ20004.1	0	57	57	83.1	62.723	323.31	152890000000
KXJ20008.1	0	4	4	42.3	10.395	16.073	1211300000
KXJ20019.1	0	7	7	18.5	57.128	6.8711	1064300000
KXJ20020.1	0	5	2	7.1	100.28	8.5158	471400000
KXJ20031.1	0	5	2	7.1	100.28	8.5158	471400000
KXJ20024.1	0	6	6	8.4	118.19	8.1124	2919000000
KXJ20028.1	0	32	32	23.9	181.81	106.73	17879000000
KXJ20033.1	0	3	3	8.3	56.62	5.8848	349090000
KXJ20035.1	0	8	8	16.3	71.188	20.424	874740000
KXJ20039.1	0	4	4	21.9	26.801	6.1408	2816300000
KXJ20058.1	0	12	11	25.2	63.245	5.5128	598390000
KXJ20064.1	0	13	13	33.7	54.257	24.667	2793200000
KXJ20076.1	0	12	12	41.3	51.522	49.847	2413100000
KXJ20085.1	0	3	3	47.3	9.7562	24.041	926680000
KXJ20086.1	0	6	6	25.9	32.529	10.978	1729300000
KXJ20114.1	0.00034471	6	6	5.3	180.38	3.322	135570000
KXJ20124.1	0	44	44	41.5	141.57	220.72	5187500000
KXJ20156.1	0	3	3	6.9	87.572	15.901	226770000
KXJ20174.1	0.0026125	6	5	20.4	54.455	1.6468	517730000
KXJ20175.1	0	21	17	19.5	108.51	30.075	5214800000
KXJ20190.1	0	17	17	32.6	86.526	162.99	3644100000
KXJ20194.1	0	4	4	29.2	23.702	7.1649	309210000
KXJ20196.1	0	8	8	17.4	59.432	10.812	9386800000
KXJ30155.1	0	8	8	17.4	59.432	10.812	9386800000
KXJ20198.1	0	26	26	37.6	78.581	323.31	11478000000
KXJ20205.1	0	16	16	33.7	59.92	18.338	2873200000
KXJ20217.1	0.0056148	4	4	7.3	89.95	1.3377	143090000
KXJ20219.1	0	9	8	20.8	64.5	7.8695	2057900000
KXJ20223.1	0	4	4	25.3	27.574	8.0036	193840000
KXJ20225.1	0	8	7	16.9	65.421	6.9355	216970000
KXJ20228.1	0.00033322	3	3	13.6	46.949	2.962	123390000
KXJ20233.1	0	4	4	10	51.685	3.8185	326610000
KXJ12195.1	0	4	4	10	51.685	3.8185	326610000
KXJ20234.1	0	8	8	27	45.353	18.548	1931200000
KXJ20240.1	0.00034014	2	2	2.1	195.17	3.1968	113920000
KXJ20243.1	0	3	3	43.9	14.383	37.598	3859600000
KXJ20247.1	1	11	11	2	805.77	-2	921710000
KXJ20256.1	0.0012384	3	3	2.2	160.75	2.1861	28192000
KXJ20264.1	0	6	6	3.5	288.67	6.2814	248130000
KXJ20269.1	0	12	12	40.2	40.874	11.339	2612900000
KXJ20297.1	0	79	78	75.6	79.225	323.31	334160000000
KXJ20304.1	0	21	21	49.7	57.875	323.31	13577000000
KXJ20313.1	0.00482	4	4	4.4	125.5	1.4309	119350000
KXJ20315.1	0	4	4	12.1	60.245	3.5762	127000000
KXJ20337.1	0	3	3	34	10.85	5.9582	872130000
KXJ20342.1	0	13	13	4.6	404.81	7.1078	1443100000
KXJ20343.1	0	212	211	83.2	194.51	323.31	724950000000
KXJ20346.1	0	7	7	35.7	20.477	10.865	1487900000
KXJ20350.1	0	7	7	54.1	27.398	121.18	2994400000
KXJ20353.1	0	10	10	16.5	90.558	96.089	998050000
KXJ20363.1	0	16	16	64.1	27.821	109.76	13173000000
KXJ20373.1	0	8	8	41.3	34.388	93.283	2978600000
KXJ20376.1	0.0017953	2	2	10	39.465	1.8681	19503000
KXJ20379.1	0	8	8	64.2	10.184	323.31	63262000000
KXJ20385.1	0.0060274	3	3	7.7	45.827	1.1841	98769000
KXJ20386.1	0	7	7	39.9	32.378	71.012	481060000
KXJ20388.1	0	17	4	22.2	93.382	6.3632	56133000
KXJ20395.1	0	9	9	37.2	39.556	26.271	971910000
KXJ20399.1	0	3	3	27.9	27.354	15.999	86455000
KXJ20402.1	0.0023454	2	2	4.5	57.978	1.7338	93309000
KXJ20403.1	0	3	3	8.6	59.23	5.4586	384530000
KXJ20405.1	0	4	4	20	24.074	5.8685	1017000000
KXJ20407.1	0.0056007	2	2	9.3	49.796	1.3206	40744000
KXJ20415.1	0.0012266	5	3	8	138.06	2.0971	98671000
KXJ20417.1	0.0006502	2	2	4.8	77.495	2.6252	50535000
KXJ20418.1	0	9	9	20.7	73.783	11.415	1847000000
KXJ20419.1	0.0017815	2	2	13	28.221	1.8086	52570000
KXJ20422.1	0	67	54	49.7	123.53	323.31	134980000000
KXJ20430.1	0.0012285	3	3	14.1	35.429	2.1091	250070000
KXJ20431.1	0	6	4	9.8	140.45	12.352	73484000
KXJ05010.1	0	6	4	9.8	140.45	12.352	73484000
KXJ20432.1	0	7	7	17.4	55.815	30.981	5646900000
KXJ20434.1	0	6	6	14.1	62.334	13.521	2344000000
KXJ20441.1	0	5	5	10.6	62.292	21.879	1062300000
KXJ20442.1	0	21	21	30.8	76.983	54.694	10328000000
KXJ20443.1	0.0015011	2	2	5.3	69.329	1.8869	57087000
KXJ20448.1	0	20	20	60.4	45.198	76.178	25169000000
KXJ20449.1	0	28	28	54.8	53.534	164.98	12059000000
KXJ20455.1	0	8	8	42.8	32.003	33.277	3379000000
KXJ07988.1	0	8	8	42.8	32.003	33.277	3379000000
KXJ20456.1	0	19	19	24.7	97.55	263.95	6969000000
KXJ20467.1	0	4	4	22.5	30.315	6.9151	1253400000
KXJ20469.1	0	16	16	51.9	35.486	292.07	59798000000
KXJ20470.1	0	12	12	50.2	35.04	40.885	4497700000
KXJ20472.1	0	44	42	78.4	49.198	323.31	207710000000
KXJ20476.1	0.005637	2	2	31	11.262	1.3664	146310000
KXJ20477.1	0	34	34	40.5	75.989	323.31	46248000000
KXJ20479.1	0.0060858	9	9	2.7	584.7	1.2551	3637000000
KXJ20482.1	0	18	18	41.5	65.185	85.729	3647700000
KXJ20488.1	0	41	41	45.9	109.93	109.26	20987000000
KXJ20503.1	0	9	9	11.4	116.26	323.31	2394900000
KXJ20509.1	0	3	3	16.9	26.401	3.7725	249470000
KXJ20511.1	1	2	2	27.1	10.84	-2	348260000
KXJ20523.1	0.0098039	2	2	4	100.25	0.89854	85576000
KXJ20543.1	0	4	4	27.2	15.133	5.2261	137780000
KXJ20524.1	0	4	4	27.2	15.133	5.2261	137780000
KXJ20529.1	1	2	2	12.9	22.049	-2	16927000
KXJ20538.1	0.00064288	4	3	6.2	93.015	2.5587	510950000
KXJ20539.1	0	5	5	15	49.65	10.17	3461800000
KXJ20547.1	0	10	10	23.3	66.562	16.275	2522300000
KXJ04726.1	0	10	10	23.3	66.562	16.275	2522300000
KXJ20549.1	0.00063877	2	2	24.8	17.31	2.4803	63040000
KXJ20553.1	0	9	9	37.6	25.612	323.31	11542000000
KXJ20561.1	0	51	51	36.2	141.48	150.14	19867000000
KXJ20601.1	0	16	16	66.1	28.949	143.12	8631400000
KXJ20624.1	0.00317	3	3	4.9	90.112	1.5976	75731000
KXJ20638.1	0.00033546	6	6	19.9	47.666	3.0299	175710000
KXJ20645.1	0	5	5	4.7	87.397	65.724	833630000
KXJ20665.1	0	2	2	14.6	15.763	3.9067	855320000
KXJ20674.1	0.0055788	4	4	6.9	89.719	1.3058	52307000
KXJ20684.1	0.0006435	2	2	22.6	14.856	2.5623	455120000
KXJ20707.1	0	5	5	10.1	85.51	5.4528	1108100000
KXJ20710.1	0	4	4	19	33.899	24.245	383480000
KXJ20715.1	0	24	24	54.7	55.997	323.31	12470000000
KXJ15763.1	0	24	24	54.7	55.997	323.31	12470000000
KXJ20765.1	0	5	5	7.8	44.81	323.31	1435100000
KXJ20768.1	0	7	7	27.8	27.419	29.906	6471100000
KXJ20769.1	0	16	15	82.3	18.424	323.31	6645900000
KXJ20775.1	0	11	11	37.2	39.145	23.329	3628300000
KXJ20793.1	0	9	9	52.7	20.66	71.882	4466700000
KXJ20797.1	0	22	22	20.8	107.47	175.12	14049000000
KXJ20815.1	0.0015015	2	2	7.8	37.713	1.892	39020000
KXJ20824.1	0	18	16	56.6	46.412	35.607	4757500000
KXJ20827.1	0	3	3	4.7	99.066	115.99	128280000
KXJ20834.1	0	20	20	34.5	84.798	24.868	3724500000
KXJ20835.1	0	3	3	11.9	159.54	33.734	467120000
KXJ20836.1	0	2	2	3.8	110.47	6.3397	43647000
KXJ20838.1	0	9	9	32.5	42.076	38.399	1602300000
KXJ05267.1	0	9	9	32.5	42.076	38.399	1602300000
KXJ20840.1	0.0056433	3	3	9.8	30.797	1.3799	99204000
KXJ20842.1	0	4	4	13.4	42.418	3.8368	240540000
KXJ20855.1	0	11	11	65.9	17.701	323.31	15848000000
KXJ20862.1	0.0020673	2	2	13.9	29.981	1.778	10383000
KXJ20863.1	0	52	52	73.2	88.985	323.31	37520000000
KXJ20869.1	0.00033841	2	2	2.1	131.47	3.1386	375830000
KXJ20873.1	0.006034	7	2	7.7	251.76	1.1914	139760000
KXJ08947.1	0.006034	7	2	7.7	251.76	1.1914	139760000
KXJ16417.1	0.006034	7	2	7.7	251.76	1.1914	139760000
KXJ23680.1	0.006034	7	2	7.7	251.76	1.1914	139760000
KXJ20878.1	0	6	6	25	38.981	7.7106	645870000
KXJ20879.1	0	3	3	8.5	63.969	6.7382	57634000
KXJ20885.1	0	13	3	49.2	33.763	17.948	2326900000
KXJ20889.1	0	10	10	22.8	42.312	21.138	515840000
KXJ20893.1	0	5	5	33.6	12.128	10.029	298090000
KXJ20901.1	0	16	16	91	14.878	323.31	57581000000
KXJ20904.1	0	7	2	89.7	7.9104	44.328	1073800000
KXJ20907.1	0.0097909	3	3	8	59.381	0.89161	389640000
KXJ20910.1	0	14	4	61.4	29.225	32.892	5148500000
KXJ20950.1	0	14	4	61.4	29.225	32.892	5148500000
KXJ20912.1	0	7	7	21.3	47.39	58.108	222120000
KXJ20913.1	0.0012422	6	6	12.9	66.553	2.2255	655480000
KXJ20919.1	0.00032927	4	4	13.6	54.989	2.749	106490000
KXJ20925.1	0	16	5	47.3	31.314	98.308	48313000000
KXJ20933.1	0	2	2	6.2	63.13	3.5167	37677000
KXJ20934.1	0	76	61	73.8	79.991	323.31	189550000000
KXJ20944.1	0	5	5	26.4	28.329	3.9105	2869600000
KXJ20947.1	0	4	4	12.9	51.304	25.495	947880000
KXJ20948.1	0	3	3	61.4	9.1357	5.2059	76901000
KXJ20949.1	0	4	4	24.7	28.607	11.192	366740000
KXJ20951.1	0	8	8	38	46.086	6.329	1272200000
KXJ20957.1	0	3	3	16.8	31.716	24.337	457930000
KXJ20961.1	0	2	2	22.3	16.361	10.005	248900000
KXJ20962.1	0	3	3	18.5	29.361	9.8041	698200000
KXJ20965.1	0	19	19	58.3	46.43	323.31	30547000000
KXJ20972.1	0	5	5	46.7	14.835	41.094	3259000000
KXJ20985.1	0	7	7	32.7	17.75	33.457	2285300000
KXJ20987.1	0	26	26	35.3	96.784	323.31	18309000000
KXJ20989.1	0	5	5	33.6	31.252	5.9245	958000000
KXJ20992.1	0.00032723	2	2	8.3	40.771	2.7031	1229600000
KXJ20994.1	0	19	19	65.9	26.045	109.72	10050000000
KXJ20999.1	0	7	7	15.7	62.185	41.24	1287700000
KXJ21017.1	0.0056259	2	2	25.2	14.276	1.3594	59350000
KXJ21020.1	0.0055741	3	3	8.4	57.627	1.2996	79636000
KXJ21023.1	0	7	5	13.5	92.712	8.2803	237370000
KXJ21031.1	0	8	6	20.4	77.572	60.496	922930000
KXJ21035.1	0	5	5	24.6	38.622	9.7989	758300000
KXJ21057.1	0	5	5	20	44.82	12.055	146960000
KXJ21066.1	0	7	7	26.6	38.263	36.268	609370000
KXJ21068.1	0	12	12	48.2	37.232	124.95	13852000000
KXJ21073.1	0	6	5	6.6	136.91	31.154	1066100000
KXJ21078.1	0	34	31	40.3	114.33	294.85	9113000000
KXJ21101.1	0	16	15	28.1	82.256	10.642	730270000
KXJ21105.1	0	6	6	24.6	38.221	13.272	2565400000
KXJ21118.1	0	68	68	48.6	164.83	271.04	48339000000
KXJ21125.1	0.0028918	2	2	3.3	101.33	1.6191	12412000
KXJ21130.1	0.0017852	7	7	5.7	216.76	1.8126	93387000
KXJ21131.1	0	10	10	8.8	156.4	8.2525	654310000
KXJ21132.1	0.0060324	2	2	4.9	75.264	1.1882	6401400
KXJ21147.1	0.0060539	2	2	13.9	26.555	1.2188	60740000
KXJ16993.1	0.0060539	2	2	13.9	26.555	1.2188	60740000
KXJ21150.1	0	8	8	48.9	25.259	32.028	2468300000
KXJ21152.1	0	24	24	35.7	108.9	67.831	5069700000
KXJ21155.1	0.00094727	2	2	1.8	232.44	2.3745	53594000
KXJ21157.1	0	5	5	14.7	48.749	59.36	687890000
KXJ21159.1	0	3	3	4.4	133.74	6.5361	30634000
KXJ21166.1	0	6	6	10.5	103.46	4.4869	113260000
KXJ21167.1	0	7	7	53.8	9.3096	7.0025	4543900000
KXJ21168.1	0	7	7	48.9	15.791	120.07	50628000000
KXJ21169.1	0	4	4	7.4	105.33	14.212	207190000
KXJ21171.1	0	18	18	40.7	44.253	65.808	4455600000
KXJ21172.1	0	2	2	20.2	9.5632	3.9789	1031900000
KXJ21174.1	0	2	2	3.6	130.45	3.7796	321430000
KXJ21176.1	0	4	4	6.5	106.08	4.9512	94458000
KXJ21177.1	0	2	2	6	54.029	5.0889	1306100000
KXJ21181.1	0.00064412	3	2	16.4	26.131	2.571	274810000
KXJ21189.1	0	6	6	16	54.098	50.414	786480000
KXJ21194.1	0	33	33	50.3	82.609	317.67	17870000000
KXJ21198.1	0	4	3	14	25.777	3.9561	4438400000
KXJ14660.1	0	4	3	14	25.777	3.9561	4438400000
KXJ21200.1	0	16	16	29.9	48.457	70.375	8131500000
KXJ21207.1	0	6	6	40.3	22.758	3.7651	212110000
KXJ21211.1	0	10	10	66.7	14.804	42.92	20167000000
KXJ21213.1	0	2	2	22.8	18.235	5.371	86423000
KXJ21216.1	0.0055525	2	2	5.5	57.069	1.2768	49170000
KXJ21222.1	0	24	23	46.4	57.821	83.873	14988000000
KXJ21223.1	0	16	16	15	177.44	23.718	1761800000
KXJ21226.1	0	15	15	70.4	20.631	63.226	7169900000
KXJ21234.1	0	8	8	30.3	38.034	33.586	928070000
KXJ21238.1	0	4	4	6.7	98.762	3.4588	138720000
KXJ21240.1	0	6	6	33	25.672	33.692	4612400000
KXJ21244.1	0	11	11	46.8	32.766	24.563	6176500000
KXJ21247.1	0	34	34	16.8	268.72	28.549	1750900000
KXJ21257.1	0	30	29	62.9	57.747	69.292	18120000000
KXJ29874.1	0	30	29	62.9	57.747	69.292	18120000000
KXJ07612.1	0	30	29	62.9	57.747	69.292	18120000000
KXJ24799.1	0	30	29	62.9	57.747	69.292	18120000000
KXJ13178.1	0	30	29	62.9	57.747	69.292	18120000000
KXJ13184.1	0	30	29	62.9	57.747	69.292	18120000000
KXJ29990.1	0	30	29	62.9	57.747	69.292	18120000000
KXJ29975.1	0	30	29	62.9	57.747	69.292	18120000000
KXJ29667.1	0	30	29	62.9	57.747	69.292	18120000000
KXJ21258.1	0	4	4	9.9	77.715	26.715	68955000
KXJ21259.1	0	12	12	39.9	32.541	43.17	10819000000
KXJ21261.1	0	5	5	6.7	91.264	3.4016	171990000
KXJ21263.1	0.0095516	3	3	3.5	221.33	0.90813	35350000
KXJ21265.1	0	34	34	30.6	144.12	68.916	5894500000
KXJ21276.1	0	8	8	18.9	67.165	7.9303	662500000
KXJ21278.1	0	4	4	29.7	16.433	138.09	8177600000
KXJ21289.1	0	18	18	35.6	61.201	221.98	9506700000
KXJ21296.1	0	27	27	54.1	53.739	188.79	60409000000
KXJ21298.1	0	4	4	12.1	48.114	42.903	377810000
KXJ21303.1	0.0023474	2	2	4.9	75.269	1.7374	4390300
KXJ21317.1	0	18	18	37.1	84.99	79.113	1302700000
KXJ21331.1	0	13	12	55	21.233	152.16	21084000000
KXJ21333.1	0	20	20	53	48.397	57.319	4294500000
KXJ21367.1	0	7	7	22.1	26.591	52.459	11250000000
KXJ21377.1	0.00033333	3	3	4.8	37.246	2.9682	563290000
KXJ21399.1	0	13	13	47.8	34	322.31	13578000000
KXJ21400.1	0	12	12	34.6	47.482	20.54	3952400000
KXJ21401.1	0	6	6	29.7	27.697	5.1162	1201000000
KXJ21403.1	0	15	14	20.8	113.04	101.14	1667600000
KXJ21405.1	0	9	9	10.9	141.76	6.2854	682090000
KXJ21407.1	0	4	4	7	96.954	4.3428	149340000
KXJ21412.1	0	8	8	62.7	18.766	9.2791	1468500000
KXJ21415.1	0	3	3	15.8	18.09	5.4119	1415600000
KXJ21422.1	0.0023371	2	2	4.3	80.02	1.7058	22677000
KXJ21432.1	0	4	4	23.2	18.49	10.961	1963100000
KXJ21435.1	0	10	10	29.9	50.225	12.94	978480000
KXJ21438.1	0	7	7	22.9	45.321	6.443	213320000
KXJ21440.1	0	7	7	16.1	74.914	4.6155	123390000
KXJ21443.1	0	27	27	26.8	158.61	323.31	6183300000
KXJ21460.1	0.0015033	2	2	18.4	18.442	1.9038	28799000
KXJ21471.1	0	7	5	17.8	61.476	14.603	1637000000
KXJ21477.1	0	10	10	15.5	83.751	7.5329	1002200000
KXJ21515.1	0	6	6	37.3	23.772	15.884	682200000
KXJ21516.1	0	36	34	78.1	29.285	323.31	197000000000
KXJ21518.1	0	7	7	19.3	59.763	7.5541	555220000
KXJ05837.1	0	7	7	19.3	59.763	7.5541	555220000
KXJ21519.1	0.00064103	3	3	13	36.559	2.5337	110440000
KXJ21522.1	0.00034412	3	3	23.1	11.42	3.3103	1037400000
KXJ21523.1	0	3	3	26.8	21.911	9.047	560810000
KXJ21524.1	0	16	16	80.5	11.664	323.31	43866000000
KXJ21543.1	0	5	5	14	61.025	4.0964	180010000
KXJ21558.1	0.0017847	3	3	14.5	23.62	1.8114	764120000
KXJ21560.1	0	16	15	22.3	99.29	46.599	5641500000
KXJ21582.1	0	16	15	22.3	99.29	46.599	5641500000
KXJ21568.1	0	5	5	16.7	29.293	3.6792	447840000
KXJ21586.1	0.005607	2	2	4.2	94.484	1.3292	16534000
KXJ21588.1	0	6	6	10.6	87.114	28.632	436110000
KXJ21609.1	0	16	15	33.2	79.644	55.728	1704700000
KXJ21612.1	0	16	15	33.2	79.644	55.728	1704700000
KXJ21614.1	0.00033795	2	2	3.5	124.43	3.11	25509000
KXJ21616.1	0	20	20	86.7	20.622	323.31	58221000000
KXJ21618.1	0.0023344	3	2	6.1	69.496	1.6966	31097000
KXJ21637.1	0	18	6	48.7	29.966	323.31	194150000000
KXJ21641.1	0.00064641	3	3	9.7	57.072	2.599	278990000
KXJ21644.1	0	6	6	27.5	36.229	28.29	672140000
KXJ21658.1	0	5	5	29.4	28.822	34.648	612590000
KXJ21662.1	0	37	6	64.6	41.597	273.83	57577000000
KXJ15097.1	0	37	6	64.6	41.597	273.83	57577000000
KXJ21664.1	0	7	7	58.7	22.817	15.28	1433400000
KXJ21669.1	0.0093633	2	2	31.8	9.7648	0.97104	71395000
KXJ21673.1	0	9	9	25.1	42.658	5.6244	942330000
KXJ21679.1	0	12	12	38.1	42.783	13.563	1141600000
KXJ21685.1	0	50	8	80.6	41.815	323.31	7669200000000
KXJ21692.1	0	11	11	64.6	26.115	323.31	11773000000
KXJ21694.1	0	4	4	25	19.039	7.6116	2697700000
KXJ21698.1	0.00034037	2	2	13.4	14.951	3.199	126530000
KXJ21701.1	0	4	4	27	25.546	120.99	871900000
KXJ21702.1	0	11	11	41.3	52.803	42.824	3956100000
KXJ21710.1	0.0023378	2	2	4.8	150.17	1.7071	30303000
KXJ21711.1	0	4	4	15.9	42.151	3.4168	187940000
KXJ21713.1	0	12	12	35.8	33.567	176.53	24100000000
KXJ21722.1	0	4	4	11.1	40.898	22.74	314450000
KXJ21732.1	0	7	7	29.1	52.573	45.106	2565100000
KXJ21765.1	0.0037313	3	3	33.7	9.5887	1.5413	171470000
KXJ21783.1	0.00033422	3	3	6.1	24.546	2.991	1018800000
KXJ21787.1	0	29	29	20.5	180.82	277.25	2941900000
KXJ06432.1	0	29	29	20.5	180.82	277.25	2941900000
KXJ21788.1	0	4	4	4.3	138.93	3.6564	55354000
KXJ21789.1	0	9	9	32.5	30.956	14.098	2496800000
KXJ21791.1	0	9	9	25.4	33.464	76.077	23773000000
KXJ21793.1	0.0012342	3	3	1.9	202.78	2.1466	51647000
KXJ21796.1	0	10	10	14.4	80.376	5.4216	2323900000
KXJ21799.1	0	16	0	33.6	29.099	4.216	2596400000
KXJ21802.1	0.00032765	2	1	5.4	70.346	2.7193	43489000
KXJ21808.1	0	15	12	76.1	17.165	15.706	8334100000
KXJ21817.1	0	3	3	10.5	59.705	4.6711	119230000
KXJ21820.1	0.0012388	2	2	1.2	226.92	2.1905	133820000
KXJ21828.1	0	4	4	24.3	26.212	3.7353	1102700000
KXJ21831.1	0.0081081	2	2	6.4	55.908	1.0701	11104000
KXJ21838.1	0	14	14	45.5	28.541	49.267	7297400000
KXJ21841.1	0	38	38	13	419.75	62.828	2484200000
KXJ21842.1	0	6	6	50.4	13.539	10.106	19405000000
KXJ21845.1	0.00032584	6	6	15.8	45.026	2.6698	143880000
KXJ21847.1	0	8	8	55.6	25.649	118.9	4693000000
KXJ21850.1	0.00032862	3	3	11.7	40.616	2.7406	184410000
KXJ21851.1	0	3	3	5.2	103.81	4.5014	32907000
KXJ21909.1	0	3	3	5.2	103.81	4.5014	32907000
KXJ21853.1	0	5	5	14.1	42.959	114.75	234610000
KXJ21854.1	0	5	5	12	73.059	7.8796	978900000
KXJ21858.1	0	5	5	18.2	36.096	7.0971	689960000
KXJ21859.1	0.00064329	5	5	10.6	72.385	2.5593	187460000
KXJ21862.1	0	3	3	10.9	66.729	27.74	103630000
KXJ06275.1	0	3	3	10.9	66.729	27.74	103630000
KXJ21865.1	0.0012206	2	2	17.4	17.665	2.0414	326390000
KXJ21868.1	0	12	12	51.3	31.044	125.87	6021600000
KXJ21878.1	0	3	3	14	31.027	8.9414	378270000
KXJ21882.1	0	40	40	55.3	155.1	323.31	26890000000
KXJ21884.1	0	23	23	67.5	51.509	79.802	8516500000
KXJ21888.1	0	4	4	7.6	95.155	10.421	425340000
KXJ21892.1	0.0026193	4	4	10.1	81.363	1.6696	234210000
KXJ21894.1	0.0045675	2	2	3	117.25	1.4919	179210000
KXJ21904.1	0.0048145	2	2	9.1	28.447	1.4272	671360000
KXJ21913.1	0	12	2	43.8	28.485	26.785	12268000000
KXJ21915.1	0	11	7	55.1	37.365	47.988	3089200000
KXJ21917.1	0	9	7	10.7	151.11	13.268	960980000
KXJ21925.1	0	12	12	13.4	150.23	22.165	987180000
KXJ21942.1	0	20	20	49	56.541	257.05	21290000000
KXJ21944.1	0	6	6	15.2	46.979	5.5612	710360000
KXJ21948.1	0.00034423	4	4	6.7	84.811	3.3103	138610000
KXJ21956.1	0.0088543	2	2	6.7	42.43	0.99632	12408000
KXJ21973.1	0	10	10	8.7	202.8	10.276	813540000
KXJ21974.1	0.0017799	2	2	3.8	63.506	1.804	13082000
KXJ21975.1	1	2	2	4.9	65.583	-2	170850000
KXJ21979.1	0	7	3	9	130.6	3.6167	333860000
KXJ21980.1	0	3	3	35.6	14.548	76.52	2089500000
KXJ21988.1	0	5	5	51.9	17.815	44.287	895140000
KXJ21992.1	0.0012177	3	3	11.7	38.704	2.0107	96532000
KXJ21998.1	0	30	30	61.1	66.81	111.45	18926000000
KXJ21999.1	0.00034118	2	2	10.7	33.856	3.2162	82532000
KXJ22011.1	0	3	3	9	56.961	3.735	179160000
KXJ22014.1	0	2	2	14.4	16.452	11.605	997420000
KXJ22023.1	0	6	6	35.1	26.875	87.519	959900000
KXJ22024.1	0.0068101	3	2	11.6	42.66	1.1438	20160000
KXJ22025.1	0.00033772	3	2	10.6	58.088	3.1042	188920000
KXJ22029.1	0	11	11	9.2	159.58	25.072	371840000
KXJ22033.1	0	15	15	67.8	29.894	114.43	3217900000
KXJ22040.1	0.00123	2	2	8.5	43.638	2.1248	18359000
KXJ22043.1	0	9	9	66	16.055	208.69	35573000000
KXJ22044.1	0	2	2	11.9	34.844	211.94	127440000
KXJ22045.1	1	3	3	10.2	41.009	-2	110680000
KXJ22137.1	0	18	18	39	59.044	16.031	5862300000
KXJ22058.1	0	18	18	39	59.044	16.031	5862300000
KXJ22060.1	0	4	4	22.1	36.531	6.4688	285810000
KXJ22064.1	0	5	5	10.8	74.31	13.712	703760000
KXJ22068.1	0	10	10	13.2	103.42	15.515	812420000
KXJ22073.1	0	5	5	40.5	18.127	3.4439	868710000
KXJ22075.1	0	10	10	32.9	44.438	14.017	2111400000
KXJ22078.1	0	5	5	36.2	21.391	12.87	193210000
KXJ22080.1	0	8	8	26.4	32.26	39.142	1660700000
KXJ22083.1	0	17	11	49.8	44.4	86.814	7051100000
KXJ22129.1	0	17	11	49.8	44.4	86.814	7051100000
KXJ22084.1	0	8	8	25.8	51.719	10.57	956880000
KXJ22085.1	0	8	8	23.5	46.721	13.868	3587800000
KXJ22091.1	0	7	7	23.5	43.437	15.192	2521400000
KXJ22096.1	0	4	4	30.8	20.469	6.0195	97828000
KXJ22097.1	0.00033693	5	5	28	18.275	3.0818	3197000000
KXJ22105.1	0	6	6	26.5	52.114	6.1342	248880000
KXJ22109.1	1	7	1	14.9	54.422	-2	2917100
KXJ22112.1	0	17	17	62.5	32.594	76.893	9364400000
KXJ22114.1	0	4	4	20.8	31.359	4.6616	340450000
KXJ22117.1	0	18	18	79.7	23.603	46.688	23437000000
KXJ22121.1	0	7	7	43.3	20.594	216.56	6604400000
KXJ22122.1	0	16	16	42.2	45.986	62.782	3826600000
KXJ22127.1	0	17	17	42.4	47.401	81.451	4419200000
KXJ22133.1	0	12	12	50.5	33.246	14.148	2966000000
KXJ22150.1	0	13	13	68.8	26.897	106.55	21580000000
KXJ22180.1	0	6	6	42.3	22.773	25.203	5394800000
KXJ22190.1	0	24	24	89.7	19.288	286.07	129390000000
KXJ22199.1	0	7	7	32	20.484	6.9369	5413300000
KXJ22205.1	0.0006402	5	4	10.3	73.514	2.5151	107680000
KXJ22206.1	0	2	2	4	63.51	6.3111	49612000
KXJ22208.1	0	22	22	57.9	43.767	55.763	11594000000
KXJ22209.1	0	16	16	86.8	17.504	323.31	81004000000
KXJ22220.1	0	7	7	24.4	38.761	4.1498	866650000
KXJ22226.1	0	13	13	83.3	13.847	23.902	5761500000
KXJ22236.1	0	13	13	83.3	13.847	23.902	5761500000
KXJ22227.1	0	5	5	20	34.245	10.997	814680000
KXJ22230.1	0	24	24	21.6	162.32	95.123	3759000000
KXJ22235.1	0.0023447	5	5	9.2	69.878	1.7319	137150000
KXJ22240.1	0	21	21	83.8	17.319	292.12	74486000000
KXJ22242.1	0.00032616	2	1	2.6	111.52	2.6774	226990000
KXJ22245.1	0.0037421	2	2	2.9	109.85	1.5771	31910000
KXJ22260.1	0	3	3	8.8	48.687	3.9221	377220000
KXJ22283.1	0	21	21	59.5	42.885	44.174	17066000000
KXJ22288.1	0	34	31	36.1	88.291	323.31	21957000000
KXJ05415.1	0	34	31	36.1	88.291	323.31	21957000000
KXJ22291.1	0	18	18	31.7	68.658	323.31	6596000000
KXJ22268.1	0	18	18	31.7	68.658	323.31	6596000000
KXJ22292.1	0	20	13	39.2	69.157	231.06	3263700000
KXJ22293.1	0	21	19	37.2	69.772	91.613	4864300000
KXJ22298.1	0	8	8	32.6	25.067	61.104	4911200000
KXJ22307.1	0	4	4	27.2	23.652	9.4046	391400000
KXJ22309.1	0	18	11	54.7	40.258	306.54	3001600000
KXJ22324.1	0	15	15	44.9	33.503	134.81	15903000000
KXJ22334.1	0	6	6	7.4	108.47	7.073	4596900000
KXJ22338.1	0	19	19	76.7	32.943	37.344	6229300000
KXJ22346.1	0.0012334	4	4	8.9	76.698	2.1431	465160000
KXJ05641.1	0.0012334	4	4	8.9	76.698	2.1431	465160000
KXJ22327.1	0.0012334	4	4	8.9	76.698	2.1431	465160000
KXJ22349.1	0.0095949	8	1	17.2	50.085	0.94213	36792000
KXJ22358.1	0.0095949	8	1	17.2	50.085	0.94213	36792000
KXJ05280.1	0.0095949	8	1	17.2	50.085	0.94213	36792000
KXJ28385.1	0.0095949	8	1	17.2	50.085	0.94213	36792000
KXJ23212.1	0.0095949	8	1	17.2	50.085	0.94213	36792000
KXJ20823.1	0.0095949	8	1	17.2	50.085	0.94213	36792000
KXJ23216.1	0.0095949	8	1	17.2	50.085	0.94213	36792000
KXJ05234.1	0.0095949	8	1	17.2	50.085	0.94213	36792000
KXJ22356.1	0	11	4	16	154.66	10.451	2096500000
KXJ05496.1	0	11	4	16	154.66	10.451	2096500000
KXJ22366.1	0	11	4	16	154.66	10.451	2096500000
KXJ22357.1	0	8	8	20.4	46.604	10.195	661230000
KXJ22367.1	0	16	3	66	17.945	4.5618	361990000
KXJ22340.1	0	16	3	66	17.945	4.5618	361990000
KXJ22370.1	1	4	4	18.2	39.935	-2	98524000
KXJ22373.1	0	31	31	33.3	101.77	106.84	13497000000
KXJ22379.1	0	2	2	5.2	116.62	9.4202	46955000
KXJ22383.1	0	7	7	17.1	70.288	19.13	436600000
KXJ22396.1	0	17	17	19.5	128.87	28.261	2258800000
KXJ05906.1	0	17	17	19.5	128.87	28.261	2258800000
KXJ22403.1	0.00095602	2	2	25.4	15.704	2.4601	42379000
KXJ22407.1	0	12	12	13.5	141.96	191.34	561040000
KXJ22408.1	0	8	8	13.5	95.134	10.868	1475800000
KXJ22426.1	0	4	4	39.9	15.932	17.97	471130000
KXJ22428.1	0	13	13	43.4	43.781	81.227	2937600000
KXJ22431.1	0	4	4	31.1	21.418	9.3983	1244200000
KXJ22436.1	0	6	6	40.5	22.476	10.919	1336300000
KXJ22447.1	0	11	11	55.6	21.623	206.99	2693700000
KXJ22450.1	0	17	17	36.7	67.946	30.71	3261500000
KXJ22460.1	0	10	10	18.3	55.637	162.94	22864000000
KXJ22470.1	0.0040172	4	4	12.5	64.398	1.539	154080000
KXJ22496.1	0	3	3	12.3	40.199	3.8443	293650000
KXJ22494.1	0	3	3	12.3	40.199	3.8443	293650000
KXJ22531.1	0	4	4	4.2	131.61	6.9185	219150000
KXJ22535.1	0	6	6	11.6	56.341	58.163	6773300000
KXJ22545.1	0	6	6	6.5	147.57	7.5676	459980000
KXJ22564.1	0	3	3	13.6	30.407	7.2029	184920000
KXJ22571.1	0.0045636	2	2	5.2	52.22	1.4825	95734000
KXJ22573.1	0	6	6	13.6	69.531	27.81	1579300000
KXJ22584.1	0	6	6	13.6	69.531	27.81	1579300000
KXJ22555.1	0	6	6	13.6	69.531	27.81	1579300000
KXJ22578.1	0	10	10	52.6	21.407	41.069	2251200000
KXJ22579.1	0	3	3	9.4	64.855	14.404	9612300
KXJ22583.1	0.0015065	2	2	5.4	65.071	1.9254	6289500
KXJ22596.1	1	3	3	26.6	16.173	-2	66267000
KXJ22601.1	0	17	17	15.4	120.94	10.875	1780600000
KXJ22602.1	0.005596	21	1	38.5	88.976	1.3164	1000500000
KXJ22613.1	0.0060908	5	5	31.8	12.385	1.2593	2126400000
KXJ22616.1	0	6	6	26.1	41.573	8.7363	290690000
KXJ22619.1	0	13	3	22.4	106.54	123.29	705510000
KXJ22621.1	0	8	8	16.2	90.491	14.581	1749700000
KXJ22626.1	0	24	14	34.6	88.389	58.72	9070400000
KXJ22647.1	0	24	14	34.6	88.389	58.72	9070400000
KXJ22633.1	0	4	4	16.1	38.153	15.877	1432100000
KXJ22643.1	0	16	16	43.7	43.026	323.31	7751800000
KXJ22648.1	0	7	1	52.7	17.974	9.8991	81337000
KXJ22654.1	0	14	9	26.1	90.432	31.029	2777900000
KXJ22655.1	0	11	11	28.8	58.983	40.101	952720000
KXJ22656.1	0	11	6	21.3	93.128	21.183	553980000
KXJ22665.1	0	3	3	18.7	19.572	59.767	468810000
KXJ22672.1	0.0023337	5	5	14.5	52.36	1.6955	153670000
KXJ22673.1	0.0015078	3	3	10.8	49.06	1.9303	495220000
KXJ22678.1	0	13	13	16.1	116.48	19.312	1123200000
KXJ22686.1	0	6	6	30.8	31.387	4.0074	1483700000
KXJ22692.1	0	3	3	17.2	39.354	14.488	24859000
KXJ22715.1	0	3	3	17.2	39.354	14.488	24859000
KXJ22706.1	0	3	3	17.2	39.354	14.488	24859000
KXJ22700.1	0	3	3	27.7	14.495	5.3493	623670000
KXJ22702.1	0	42	42	23.8	272.48	83.48	5206200000
KXJ22709.1	0.00033311	4	4	4.8	128.63	2.9574	85556000
KXJ22718.1	0	9	9	5.9	138.68	114.59	5521600000
KXJ22724.1	0	14	14	5.5	456.51	18.359	507440000
KXJ22727.1	0	5	5	21	33.482	7.2378	1079200000
KXJ22729.1	0.0012262	6	6	13.4	51.946	2.0964	247750000
KXJ22742.1	0	5	5	20	43.432	15.92	195450000
KXJ22748.1	0	3	3	8.7	62.812	4.1357	27641000
KXJ22756.1	0	4	4	12.9	60.195	11.501	304550000
KXJ22768.1	1	3	3	0.9	519.02	-2	344240000
KXJ22769.1	0.00032916	4	4	10.1	66.592	2.7488	117950000
KXJ22771.1	0	9	9	54.8	22.685	69.685	2304600000
KXJ22779.1	0	7	7	13.5	76.907	91.292	1845500000
KXJ22785.1	0	7	7	5	228.71	5.8673	123240000
KXJ22787.1	0	28	28	48.6	68.399	323.31	10397000000
KXJ22794.1	0	16	13	59.5	28.57	48.674	25041000000
KXJ22797.1	0	19	19	52.3	50.13	77.972	11379000000
KXJ22798.1	0	15	15	19.6	121.1	35.573	2440200000
KXJ22750.1	0	15	15	19.6	121.1	35.573	2440200000
KXJ22802.1	0	20	20	47	46.264	51.434	2169400000
KXJ22804.1	0	7	7	21.2	41.894	7.6499	301680000
KXJ22809.1	0	10	7	26.7	61.448	61.582	5474400000
KXJ22815.1	0	21	21	60.9	41.721	194.92	15847000000
KXJ22820.1	0	4	4	28.1	16.681	5.0823	945970000
KXJ22826.1	0	3	3	13.8	47.613	8.5442	56496000
KXJ22827.1	0	15	15	44.6	31.763	89.851	20453000000
KXJ22838.1	0	7	7	31.6	35.909	12.962	1897500000
KXJ22848.1	0.0091006	3	3	6.3	65.935	0.98016	175150000
KXJ22852.1	0	3	2	7	89.852	3.8563	497030000
KXJ06169.1	0	3	2	7	89.852	3.8563	497030000
KXJ22858.1	0	4	4	21.1	10.961	25.113	2286100000
KXJ22859.1	0	8	8	42.2	31.531	16.029	888130000
KXJ06568.1	0	8	8	42.2	31.531	16.029	888130000
KXJ22861.1	1	4	4	1.6	415.04	-2	1003700000
KXJ22868.1	0	5	5	9.8	101.4	10.529	274200000
KXJ22872.1	0	20	20	16.9	207.23	143.06	2737200000
KXJ22877.1	0	12	12	43.6	22.362	26.011	5047900000
KXJ25867.1	0	3	3	26.8	21.542	3.9155	315780000
KXJ22885.1	0	3	3	26.8	21.542	3.9155	315780000
KXJ22887.1	0	4	4	9.3	84.192	3.9859	96309000
KXJ22899.1	0.0012527	3	3	6.3	57.172	2.3026	237640000
KXJ22900.1	0	7	7	2.8	339.94	6.9928	1106900000
KXJ22904.1	0	18	18	33.8	68.843	31.768	5170700000
KXJ22905.1	0.0012535	2	2	4.5	68.99	2.3191	16982000
KXJ22911.1	0	7	7	15.2	62.362	31.138	693120000
KXJ22918.1	0	19	15	45.2	52.338	51.134	3615500000
KXJ22919.1	0	5	1	38.9	18.205	6.6303	160320000
KXJ22925.1	0	8	8	29.8	40.044	22.741	2849300000
KXJ22929.1	0	12	11	16.3	119.04	14.377	3020000000
KXJ22932.1	0.00863	2	2	15	23.458	1.041	62758000
KXJ22944.1	0.00064205	2	2	5.9	52.298	2.5464	580870000
KXJ22950.1	0.00033761	3	2	24	18.697	3.1041	93717000
KXJ22964.1	0	16	16	29.3	80.832	323.31	7486100000
KXJ22970.1	0	9	9	23.6	62.477	34.869	366610000
KXJ22973.1	0	9	9	28.4	52.077	45.597	5230800000
KXJ22997.1	0	23	23	24.1	119.13	86.644	7507900000
KXJ23003.1	0	10	10	53.2	23.226	36.604	12550000000
KXJ23006.1	0	5	5	33.7	23.592	9.0801	1584500000
KXJ23009.1	0	13	13	33.7	54.904	18.517	1043000000
KXJ23035.1	0	10	8	41.1	32.09	155.3	3747900000
KXJ23059.1	0.0073052	4	4	10.6	49.271	1.0921	416630000
KXJ23065.1	0	5	5	18.2	35.784	3.5514	830320000
KXJ23068.1	0	6	6	16.3	38.946	150.8	2348100000
KXJ23071.1	0	11	11	20.2	69.015	86.885	3954200000
KXJ23077.1	0.0095898	2	2	7.5	67.173	0.93565	25857000
KXJ23079.1	0	5	5	9.3	68.356	8.3469	251320000
KXJ23080.1	0	3	3	3.4	137.48	3.5036	180070000
KXJ23081.1	0	9	9	22.6	67.141	23.612	753170000
KXJ23091.1	0	15	15	54.5	23.171	323.31	14956000000
KXJ23102.1	0	3	3	8	51.787	14.617	1235800000
KXJ23105.1	0	6	6	12.1	37.534	30.437	2506300000
KXJ23106.1	0	18	18	22.5	111.05	35.809	2068500000
KXJ23092.1	0	18	18	22.5	111.05	35.809	2068500000
KXJ23108.1	0	16	16	21.4	103.66	109.97	2083200000
KXJ23110.1	0	3	3	25.6	26.104	7.6698	123790000
KXJ23113.1	0	28	28	56.7	64.831	153.06	20840000000
KXJ23117.1	0	37	37	48.6	80.286	155.9	38771000000
KXJ23127.1	0	9	9	7.8	191.13	4.2876	1573500000
KXJ23128.1	0	2	1	17	24.404	7.5048	105060000
KXJ23132.1	0	4	4	3.1	170.76	8.6445	402110000
KXJ23133.1	0	10	10	20.4	79.174	9.7177	1207000000
KXJ23135.1	0	5	5	4.5	200.16	8.3231	245620000
KXJ23141.1	0	5	5	9.4	95.829	7.2164	184680000
KXJ23143.1	0	19	19	30.2	77.042	136.85	16588000000
KXJ23147.1	0	16	16	37.4	56.927	12.305	3831700000
KXJ23154.1	0	4	4	4.9	132.29	7.2922	154610000
KXJ23155.1	0	38	38	76.3	68.568	323.31	31301000000
KXJ23162.1	0	5	5	9.1	74.277	6.0805	783690000
KXJ23164.1	0	36	36	53.3	79.109	201.88	25133000000
KXJ23167.1	0	23	23	47.7	68.986	221.87	12036000000
KXJ23169.1	0	6	6	30.9	27.448	35.482	1377600000
KXJ23171.1	0.001511	3	3	8.1	66.518	1.95	66605000
KXJ23174.1	0	10	10	17.1	73.991	73.782	2457100000
KXJ23182.1	0	45	6	86.1	50.049	323.31	1483500000000
KXJ14675.1	0	45	6	86.1	50.049	323.31	1483500000000
KXJ23188.1	0	18	15	64.4	23.101	323.31	307820000000
KXJ23197.1	0	18	15	64.4	23.101	323.31	307820000000
KXJ23190.1	0	8	8	25.9	50.247	14.422	757710000
KXJ23194.1	0	6	6	15.5	34.679	108.96	11508000000
KXJ23211.1	1	5	3	13.6	37.988	-2	25279000
KXJ23214.1	0	3	3	20.1	16.565	3.443	444200000
KXJ23219.1	0	8	8	49.3	24.07	12.656	1099700000
KXJ23225.1	0	8	8	25.6	21.779	7.4755	2473800000
KXJ23233.1	0.00063959	3	3	10.7	32.987	2.5084	88382000
KXJ23236.1	0	3	3	7.5	31.764	5.7165	436350000
KXJ23239.1	0	6	6	24.1	25.449	8.5465	2866000000
KXJ23240.1	0	5	5	50.4	15.427	33.256	719590000
KXJ23232.1	0	5	5	50.4	15.427	33.256	719590000
KXJ23241.1	0	3	3	11.6	26.831	126.51	1351600000
KXJ23243.1	0	6	6	23.5	21.99	70.941	6887800000
KXJ23248.1	0	60	43	58.2	108.49	167.82	35747000000
KXJ23260.1	0.0073091	2	2	9.5	33.304	1.0969	31700000
KXJ23267.1	0.0068176	3	3	5.4	62.017	1.1482	143860000
KXJ23269.1	0	4	4	47.4	9.0984	4.6593	31406000
KXJ23280.1	0	6	6	57.1	10.597	7.5083	8095600000
KXJ23284.1	0.0060706	3	3	13.4	34.169	1.234	80184000
KXJ23287.1	0	12	7	18.3	90.704	4.7233	1380800000
KXJ23290.1	0	6	6	11.1	82.875	23.06	352550000
KXJ23298.1	0	11	11	17.4	88.708	30.713	791630000
KXJ23300.1	0	7	7	10.5	65.314	7.2718	1260000000
KXJ23302.1	0	17	17	27.6	91.328	16.762	3870700000
KXJ23305.1	0.00064935	2	2	3.5	105.6	2.6233	31278000
KXJ23309.1	0	5	5	13.4	67.114	3.5249	147010000
KXJ23310.1	0.000342	5	2	10	73.717	3.2348	559340000
KXJ23312.1	0	12	12	43.5	39.078	12.535	2219300000
KXJ23316.1	0	4	4	6	111.47	8.1405	370080000
KXJ23319.1	0	16	7	43.8	33.499	49.97	9505200000
KXJ16822.1	0	16	7	43.8	33.499	49.97	9505200000
KXJ29950.1	0	16	7	43.8	33.499	49.97	9505200000
KXJ19457.1	0	16	7	43.8	33.499	49.97	9505200000
KXJ28839.1	0	16	7	43.8	33.499	49.97	9505200000
KXJ23015.1	0	16	7	43.8	33.499	49.97	9505200000
KXJ23321.1	0	12	7	21.1	75.863	69.743	2179300000
KXJ23338.1	0.0012327	2	2	6.6	49.827	2.1397	165650000
KXJ23341.1	0	20	20	39.2	76.681	176.83	3896000000
KXJ23351.1	0	3	3	19.4	34.149	11.315	136430000
KXJ23367.1	0	14	14	43.9	48.922	18.675	5955400000
KXJ23371.1	0.0055602	5	4	1.3	549.76	1.2872	34029000
KXJ23355.1	0.0055602	5	4	1.3	549.76	1.2872	34029000
KXJ23379.1	0.0055866	2	2	1.3	229.32	1.311	50592000
KXJ23389.1	0	6	6	37.9	20.218	26.209	12794000000
KXJ23407.1	0.006069	2	2	3.3	72.556	1.233	260810000
KXJ23411.1	0	6	6	10.3	99.563	11.133	404520000
KXJ23429.1	0	20	20	83.5	17.414	236.32	226050000000
KXJ23430.1	0	12	12	41.1	53.082	29.06	2226500000
KXJ23436.1	0	15	15	42.2	49.868	41.552	3484200000
KXJ23441.1	1	4	2	3.2	122.42	-2	22747000
KXJ23447.1	0.0023392	2	2	12.6	24.947	1.7142	818130000
KXJ23456.1	0	13	13	34.2	50.44	21.421	4840900000
KXJ23457.1	0	10	10	32.3	53.357	27.612	846340000
KXJ23465.1	0.0088591	2	2	8.5	36.44	1.0028	19301000
KXJ23469.1	0	14	14	57.6	22.464	130.06	13499000000
KXJ23471.1	0	18	18	58.2	47.788	31.17	7915700000
KXJ23473.1	0	2	2	42.6	10.352	33.552	122940000
KXJ23477.1	0	3	2	22.2	29.912	6.6081	2501600000
KXJ23482.1	0	10	10	46	22.693	25.997	4273800000
KXJ23483.1	0	14	14	60.1	42.549	34.759	10597000000
KXJ23484.1	0	2	2	4.1	95.103	9.4626	39138000
KXJ23487.1	0.0056322	2	2	28.2	11.809	1.3633	58628000
KXJ23494.1	0	13	12	30.5	34.813	41.493	15947000000
KXJ23479.1	0	13	12	30.5	34.813	41.493	15947000000
KXJ23496.1	0	7	7	29.7	36.12	54.193	1622000000
KXJ23498.1	0	12	12	57.1	21.94	37.298	2483700000
KXJ23499.1	0	3	3	3.3	131.05	3.3794	102370000
KXJ23503.1	0	10	10	34.6	35.967	151.37	1625800000
KXJ23506.1	0	7	7	7.1	139.98	3.9597	331540000
KXJ23508.1	0	5	5	24.3	37.16	35.021	1675000000
KXJ23510.1	0	2	2	7.7	49.554	5.4819	10275000
KXJ23513.1	0.002057	3	2	13.4	25.461	1.7403	390660000
KXJ23514.1	0	9	9	55.8	18.882	197	1236400000
KXJ23517.1	0.0017889	2	1	14.6	30.187	1.8326	45632000
KXJ23535.1	0	14	14	33.7	64.097	100.22	8810500000
KXJ23515.1	0	14	14	33.7	64.097	100.22	8810500000
KXJ23539.1	0	14	14	33.7	64.097	100.22	8810500000
KXJ23552.1	0.00065104	3	3	25.5	16.805	2.6498	248640000
KXJ23559.1	0	7	7	48.3	19.536	12.092	3354700000
KXJ23567.1	0	15	6	26.1	67.186	4.2645	1449000000
KXJ23582.1	0	15	6	26.1	67.186	4.2645	1449000000
KXJ23569.1	0.00033738	3	3	8.7	39.681	3.0941	53665000
KXJ23570.1	0	9	9	51.5	19.477	12.755	2267500000
KXJ23574.1	0	19	8	36.7	69.789	85.448	23285000000
KXJ23583.1	0	19	8	36.7	69.789	85.448	23285000000
KXJ23575.1	0.0017857	2	1	9.5	24.999	1.814	2416400000
KXJ23584.1	0.00034459	2	2	24.8	14.369	3.3213	171990000
KXJ23586.1	0.00033625	3	1	22	19.057	3.0522	92255000
KXJ23587.1	0	5	5	61.1	10.849	36.382	1922300000
KXJ23593.1	0	19	19	47.3	51.787	108.06	15796000000
KXJ23601.1	0	3	3	2.1	225.6	3.4092	208810000
KXJ08794.1	0	3	3	2.1	225.6	3.4092	208810000
KXJ23604.1	0.0012158	5	4	32.6	22.082	2.0047	222250000
KXJ23608.1	0.0012583	2	2	14.6	26.476	2.3458	71649000
KXJ23622.1	0.00033898	4	4	14.1	46.232	3.1566	103080000
KXJ23623.1	0	12	10	55.2	21.312	93.247	10891000000
KXJ23627.1	0	10	5	12.6	89.409	103.71	3992300000
KXJ19372.1	0	10	5	12.6	89.409	103.71	3992300000
KXJ23630.1	0	8	8	56.9	14.636	31.96	15214000000
KXJ23632.1	0	4	1	15.3	32.533	9.9426	75663000
KXJ23639.1	0.0017986	3	3	11.1	38.663	1.8829	35793000
KXJ23646.1	0	6	5	51.1	19.834	19.032	1595600000
KXJ23654.1	0	6	5	51.1	19.834	19.032	1595600000
KXJ23647.1	0	6	6	34.6	21.556	78.352	5687700000
KXJ23653.1	0	4	4	14.2	45.023	6.3486	331110000
KXJ23661.1	0.00032873	3	3	8.8	30.354	2.7418	255220000
KXJ23669.1	0	11	11	8.2	206.22	60.134	583490000
KXJ23674.1	0.0060307	2	2	3.3	108.92	1.1877	52193000
KXJ23679.1	0	5	5	21.8	22.393	27.896	608090000
KXJ23686.1	0	6	6	18.2	66.922	13.82	380620000
KXJ23688.1	1	6	6	1.9	587.89	-2	237080000
KXJ23691.1	0	24	24	67.1	46.799	272.03	31617000000
KXJ23697.1	0.0003308	5	5	12.7	57.412	2.8405	704600000
KXJ23700.1	0	2	2	5.7	41.915	3.7268	374260000
KXJ23705.1	0	11	11	17.9	91.354	15.275	629190000
KXJ23709.1	0	8	8	16.6	81.833	6.2202	248650000
KXJ23714.1	0.0048405	2	2	14.6	22.465	1.465	76206000
KXJ23718.1	0	6	6	32.3	31.258	24.108	1909900000
KXJ23728.1	0	15	15	41.8	48.821	123.58	3060300000
KXJ23733.1	0	7	7	24.3	39.542	10.476	3264600000
KXJ23757.1	0	7	7	24.3	39.542	10.476	3264600000
KXJ23741.1	0	3	3	11.2	58.844	6.0538	220020000
KXJ23743.1	0	116	116	28.2	643.52	323.31	17823000000
KXJ23748.1	0	11	11	20.7	99.752	4.5951	516500000
KXJ23756.1	0	8	8	19.4	64.33	36.829	219250000
KXJ23764.1	0.00063796	3	3	6.6	45.514	2.4732	246540000
KXJ23768.1	0	3	3	18.3	27.349	16.916	42970000
KXJ23774.1	0	3	3	2.5	149.22	4.0126	340940000
KXJ23779.1	0	3	3	39.7	8.8122	11.405	1808200000
KXJ23781.1	0	39	39	70.1	40.848	125.29	68848000000
KXJ23784.1	0	16	16	49.3	42.93	43.07	8246500000
KXJ23785.1	0	7	7	26.4	30.554	141.56	2736000000
KXJ23792.1	0	7	7	25.6	34.64	29.094	4267200000
KXJ23796.1	0.00064247	5	5	13.4	58.352	2.552	135150000
KXJ23805.1	0	12	12	25.2	67	31.225	2742900000
KXJ23808.1	0	12	12	50.9	25.743	99.942	3966100000
KXJ23809.1	0	7	7	44.2	25.635	25.048	917450000
KXJ23815.1	0	10	10	23.4	78.755	37.825	1552200000
KXJ23833.1	0	3	3	13.2	35.223	3.3731	254440000
KXJ23841.1	0	4	4	14	59.094	15.342	640740000
KXJ23844.1	0	6	6	31.9	27.641	41.84	1741700000
KXJ23848.1	0	24	24	51.4	64.887	323.31	7221400000
KXJ23855.1	0	4	4	32	23.321	17.726	1953900000
KXJ23858.1	0.0060723	4	4	1.6	347.91	1.2377	91646000
KXJ23870.1	0.00032669	4	4	31.7	15.371	2.6886	385090000
KXJ23885.1	1	3	3	13.8	37.672	-2	156810000
KXJ23905.1	0	17	17	30.1	43.259	46.9	10769000000
KXJ23907.1	0	19	19	18.6	144.75	17.642	980850000
KXJ23915.1	0	12	12	10.3	161.99	20.533	1823300000
KXJ23916.1	0.0055679	8	8	15.5	71.478	1.2943	151930000
KXJ23923.1	0	23	1	35.5	81.285	4.9986	3788300000
KXJ23938.1	0	4	4	20.4	28.404	4.9371	170980000
KXJ23943.1	0	2	2	9.9	46.361	10.754	71443000
KXJ23947.1	0	4	4	25.8	27.901	5.7438	56974000
KXJ23948.1	0	9	9	56.6	25.653	90.256	3262300000
KXJ23952.1	0	10	10	13.6	79.055	6.771	525840000
KXJ23956.1	0	8	8	19.1	62.058	61.367	6946900000
KXJ23966.1	0.0048213	3	3	27.3	13.575	1.435	146740000
KXJ23969.1	0	13	13	20.4	104.25	55.056	4445100000
KXJ23975.1	0	10	10	46.5	28.311	46.838	7141300000
KXJ23978.1	0	3	3	17.8	25.495	7.8185	189060000
KXJ23981.1	0	48	26	23.1	215.57	295.48	120700000000
KXJ06044.1	0	48	26	23.1	215.57	295.48	120700000000
KXJ23985.1	0	38	38	40.9	118.32	182.59	18899000000
KXJ23989.1	0	11	11	36.3	45.867	8.3316	785040000
KXJ24004.1	0.0065556	2	2	9.7	36.612	1.1641	3409000
KXJ24010.1	0.00033512	3	3	5.4	119.91	3.0185	64348000
KXJ24034.1	0	11	11	27.6	56.721	25.915	2492700000
KXJ24040.1	0	5	5	39	16.74	7.2746	2043900000
KXJ24045.1	0	10	8	8.6	179.7	26.821	423770000
KXJ24047.1	0	12	12	43	25.176	188.56	5520500000
KXJ24048.1	0	11	11	11.8	146.1	6.9829	371840000
KXJ24049.1	1	2	2	0.6	511.45	-2	15829000
KXJ24052.1	0	18	18	20.1	143.03	206.23	1582300000
KXJ24130.1	0	7	7	13.5	88.268	3.6741	171640000
KXJ24139.1	0	3	3	21.9	24.286	44.191	202100000
KXJ24142.1	0	5	5	42.8	16.134	54.945	5067200000
KXJ24144.1	0	12	12	22.6	59.892	11.203	8030400000
KXJ24146.1	0	14	14	21.1	89.438	30.381	1885100000
KXJ24153.1	0.0056465	3	3	4.5	89.13	1.3836	87702000
KXJ24154.1	0	3	3	6.2	70.618	3.9758	270770000
KXJ24157.1	0	14	14	20.6	100.39	30.178	1796900000
KXJ24161.1	0.0020661	3	3	10.7	49.099	1.7742	202970000
KXJ24168.1	0.0012442	2	2	11.2	29.345	2.2364	24165000
KXJ24169.1	0	4	4	20.2	26.018	8.1472	1326700000
KXJ24176.1	0	5	5	8.3	94.742	5.2178	237660000
KXJ24182.1	0	26	26	54.6	48.552	117.61	18243000000
KXJ24185.1	0	29	28	44.9	80.164	323.31	12237000000
KXJ24186.1	0	23	21	58.5	44.323	195	18249000000
KXJ24188.1	0.0070652	4	4	8.3	83.057	1.1279	160420000
KXJ24192.1	0	5	5	15.1	50.389	6.2632	173070000
KXJ24200.1	0	8	8	18.7	51.857	5.3199	2250900000
KXJ24203.1	0	2	2	20.5	19.349	5.4169	404770000
KXJ24206.1	0	17	17	39	63.936	323.31	4238600000
KXJ24211.1	0	7	7	8.9	118.36	7.4499	395900000
KXJ24212.1	0	7	7	26.6	38.248	30.754	791940000
KXJ24213.1	0	6	6	43.7	15.624	96.474	5488600000
KXJ24218.1	1	2	2	6.4	62.793	-2	85730000
KXJ24222.1	0	16	16	44.6	42.874	323.31	6960700000
KXJ24223.1	0	8	8	34.3	37.983	27.348	542270000
KXJ24225.1	0	10	10	20.7	81.486	36.342	842450000
KXJ24230.1	0	8	8	18.8	53.794	50.366	1272700000
KXJ24245.1	0	5	5	18.9	49.582	13.144	420930000
KXJ24279.1	0	2	2	12.7	21.776	35.076	1018500000
KXJ24289.1	0	9	9	50.8	26.212	25.858	6269400000
KXJ24299.1	0	4	4	18.8	47.971	3.754	92489000
KXJ24309.1	0.0055882	4	4	4.1	150.62	1.3114	90832000
KXJ24312.1	0	12	12	22	80.852	11.599	460080000
KXJ24319.1	0	3	2	14.6	32.767	5.6078	1791100000
KXJ24322.1	0.00032841	5	5	5.1	113.23	2.7349	81682000
KXJ24343.1	0	32	32	72.9	30.862	323.31	82048000000
KXJ24350.1	0.00064226	8	8	11.6	93.425	2.5517	547710000
KXJ04711.1	0.00064226	8	8	11.6	93.425	2.5517	547710000
KXJ04378.1	0.00064226	8	8	11.6	93.425	2.5517	547710000
KXJ24353.1	0	4	4	8.8	56.67	9.4142	518490000
KXJ24357.1	0	12	12	29.5	56.125	18.888	735490000
KXJ09712.1	0	12	12	29.5	56.125	18.888	735490000
KXJ24360.1	0	9	5	23.1	55.531	3.5204	418960000
KXJ24363.1	0	19	3	63.3	33.295	323.31	158160000000
KXJ24364.1	0	3	3	1.7	295.21	3.938	43443000
KXJ24369.1	0	10	10	50	19.303	43.081	6159000000
KXJ24374.1	0	7	7	42	23.001	24.047	1435600000
KXJ24381.1	0	4	4	25.2	15.53	3.7324	5588300000
KXJ24382.1	0	14	14	40.8	44.897	28.171	4493600000
KXJ24383.1	0.00033434	2	2	9.6	42.014	2.9985	61323000
KXJ24387.1	0	2	2	13.5	30.985	10.115	57829000
KXJ24388.1	0	7	7	22.8	53.255	24.7	337620000
KXJ24390.1	0	4	4	12	53.636	5.0045	215460000
KXJ24398.1	1	3	3	3.8	152.45	-2	55414000
KXJ24399.1	0	8	8	18	62.229	71.116	2082700000
KXJ24410.1	0.0095923	4	2	30.1	25.284	0.93785	85648000
KXJ24411.1	0.0026042	2	1	16.7	16.736	1.6222	324370000
KXJ24413.1	0	24	23	36.2	79.315	91.623	17686000000
KXJ24414.1	0.0026178	2	2	6.6	47.528	1.6648	90569000
KXJ24431.1	0	4	2	20.4	33.088	3.4476	932970000
KXJ24489.1	0	3	3	9.4	46.992	3.9371	98078000
KXJ24498.1	0.00064662	3	3	31.7	9.534	2.5996	335870000
KXJ24504.1	0	3	3	6.7	50.37	5.4731	161940000
KXJ24510.1	0.0026132	3	3	5.9	69.482	1.6529	17163000
KXJ24516.1	0	34	34	21.4	260.6	145.06	2326800000
KXJ24528.1	0	9	9	9.8	130.11	7.9313	603420000
KXJ24531.1	0	26	26	35.8	121.02	129.21	8103000000
KXJ24548.1	0	11	4	21.7	59.421	23.775	4840700000
KXJ24550.1	0	6	3	13.4	44.301	6.5566	601160000
KXJ24565.1	0	11	4	21.5	70.946	8.4829	820500000
KXJ24601.1	0	11	4	21.5	70.946	8.4829	820500000
KXJ24566.1	0	46	46	23.9	283.33	136.1	5160900000
KXJ24608.1	0	16	15	20.9	136.6	49.699	5114500000
KXJ24577.1	0	16	15	20.9	136.6	49.699	5114500000
CON__Q3ZBD7	0	16	15	20.9	136.6	49.699	5114500000
KXJ24582.1	0	10	10	34.3	48.784	21.888	508630000
KXJ24584.1	0	2	2	9.9	41.543	4.0519	434930000
KXJ24610.1	0	2	2	9.9	41.543	4.0519	434930000
KXJ24596.1	0.0045701	7	1	11.8	71.752	1.4927	794470000
KXJ24613.1	0	13	11	34.7	40.253	253.18	14333000000
KXJ24617.1	0	23	23	28	114.25	323.31	15113000000
KXJ24619.1	0	4	4	3.5	166.97	10.192	621570000
KXJ24636.1	0	6	0	9.2	91.652	3.8946	230950000
KXJ24652.1	0	16	16	21.9	109.62	83.222	2614400000
KXJ24657.1	0	6	5	60.3	15.83	37.461	7142400000
KXJ24649.1	0	6	5	60.3	15.83	37.461	7142400000
KXJ24660.1	0	45	38	37.3	164.48	323.31	16364000000
KXJ24666.1	0	6	6	53.7	14.202	10.598	4908500000
KXJ24671.1	0.0012217	4	4	15.7	50.821	2.0632	149380000
KXJ24673.1	0.0015175	3	3	15.6	28.837	1.9883	538690000
KXJ24676.1	0	15	9	9.7	182.64	19.477	1323600000
KXJ24681.1	0	7	7	4.4	382.93	7.5604	109460000
KXJ24682.1	0	5	5	7.5	103.6	5.396	199110000
KXJ24683.1	0	2	2	5.5	86.385	33.012	115830000
KXJ24684.1	0	3	3	19.8	38.883	40.304	522130000
KXJ24685.1	0	13	13	41.9	33.788	323.31	45862000000
KXJ24690.1	0	2	2	13.2	28.376	4.6083	77445000
KXJ24693.1	0	31	31	59.8	62.501	53.549	7069300000
KXJ24695.1	0.0026216	4	4	27.3	18.215	1.6716	54423000
KXJ24701.1	0	2	1	3.3	83.472	3.837	16498000
KXJ24702.1	0.00063898	2	2	6.1	58.077	2.4876	103340000
KXJ24705.1	0.00034578	3	3	5.7	57.394	3.3505	2778000000
KXJ24707.1	0.0045571	2	2	3.3	124.14	1.4681	13712000
KXJ24708.1	0	3	3	20	32.239	3.5586	28781000
KXJ24719.1	0.0012614	3	3	10.7	48.72	2.3688	239400000
KXJ24720.1	0	11	11	32.1	33.857	9.8979	4884400000
KXJ24732.1	0	6	6	15.6	72.261	24.597	796930000
KXJ24748.1	0	8	8	74.8	11.651	54.101	23962000000
KXJ24755.1	0.0091031	3	3	6.7	70.469	0.98048	22476000
KXJ24766.1	0	8	8	19	66.729	5.9229	501260000
KXJ24768.1	0.0096	2	2	6	41.096	0.94509	91429000
KXJ24774.1	0	2	2	24.1	16.462	19.753	487310000
KXJ24777.1	0.00034025	5	5	24.9	31.738	3.1983	780710000
KXJ24781.1	0	6	6	49.6	14.403	6.7675	2075000000
KXJ24792.1	0	3	3	6.8	49.868	39.956	156480000
KXJ24793.1	0	5	5	9.2	83.625	5.7795	320130000
KXJ24800.1	0.0053733	3	3	6.3	39.948	1.4127	46555000
KXJ24803.1	0	8	8	33	57.406	19.902	1527800000
KXJ24751.1	0	8	8	33	57.406	19.902	1527800000
KXJ24804.1	1	2	2	22	18.532	-2	427770000
KXJ24810.1	0	17	16	30.3	59.073	20.352	7685700000
KXJ24813.1	0	26	26	68	46.732	129.88	21085000000
KXJ24819.1	0.0012369	2	2	9.1	30.407	2.1774	65857000
KXJ24823.1	0.00033367	3	3	15.7	31.267	2.9852	650440000
KXJ24825.1	0	8	8	32.9	34.468	149.49	2609500000
KXJ24827.1	0	6	6	48.7	13.674	103.33	2019500000
KXJ24838.1	0	10	10	33.2	33.6	40.903	9457900000
KXJ24846.1	0	8	5	50.5	22.655	323.31	7579600000
KXJ24856.1	0	6	6	22.4	44.46	22.704	815640000
KXJ24863.1	0	2	2	19	11.584	108.02	918710000
KXJ24885.1	0	9	9	44.3	24.978	20.899	793970000
KXJ24896.1	0	8	8	40	21.841	34.054	11645000000
KXJ24901.1	0	17	17	42.5	45.544	75.389	4828200000
KXJ24902.1	0	25	25	35.7	74.072	323.31	19665000000
KXJ24903.1	0	6	6	18.3	57.137	98.433	660010000
KXJ06503.1	0	6	6	18.3	57.137	98.433	660010000
KXJ24907.1	0.00033411	5	5	21.3	30.364	2.989	83739000
KXJ24908.1	0	20	20	17.3	171.21	121.18	6907200000
KXJ24911.1	0	7	7	38.9	30.441	9.933	1753700000
KXJ24917.1	0	8	8	32.9	26.928	80.714	1223000000
KXJ24924.1	0	16	16	24.6	70.76	42.227	21968000000
KXJ24928.1	0.0012426	4	4	7.5	83.907	2.2282	285760000
KXJ24941.1	0.00094637	3	3	9.6	46.787	2.371	76014000
KXJ24942.1	0	2	2	5.9	77.099	3.5851	47398000
KXJ24944.1	0	10	10	26.1	56.751	34.948	634710000
KXJ24946.1	0	23	23	48.9	55.242	21.577	5889200000
KXJ24948.1	0	6	6	33.1	13.154	3.4676	4548400000
KXJ24965.1	0	16	15	48.8	46.946	51.37	9710900000
KXJ24966.1	0	5	5	31.9	24.043	18.126	8590700000
KXJ24968.1	0	18	18	28.1	41.189	323.31	374600000000
KXJ24971.1	0	5	5	24.3	26.539	72.296	1225700000
KXJ24979.1	0	3	3	33.5	20.239	5.772	155290000
KXJ24988.1	0	6	6	15.9	67.148	15.045	152400000
KXJ24993.1	0.0012477	6	6	2.4	423.91	2.2679	2057500000
KXJ24994.1	0	8	8	30.2	34.89	135.37	3649900000
KXJ25001.1	0	4	4	41.6	13.232	203.47	10071000000
KXJ25012.1	0.0023467	2	2	16.3	16.607	1.737	719920000
KXJ25025.1	0	9	9	19	50.597	11.771	4210300000
KXJ25027.1	0.0020612	3	3	12.4	52.394	1.7475	212340000
KXJ25031.1	0	4	4	37.3	19.054	18.895	166700000
KXJ25034.1	0.001517	3	3	10.8	45.079	1.9857	103320000
KXJ25041.1	0	4	4	11.6	44.13	4.3186	134160000
KXJ25044.1	0	26	26	58.9	40.8	251.94	96592000000
KXJ25046.1	0	13	13	46.1	29.383	255.35	20934000000
KXJ25048.1	0.00033245	4	4	3.7	201.01	2.9095	105650000
KXJ25052.1	0	3	3	55.3	8.6146	44.707	1084900000
KXJ25053.1	0	21	21	60.5	41.466	323.31	12325000000
KXJ25058.1	0	19	19	51.8	45.461	173.53	17086000000
KXJ25064.1	0	20	20	35.7	85.482	79.333	4209600000
KXJ25068.1	0	2	2	18.9	20.004	4.9078	62845000
KXJ25072.1	0	51	51	79.1	44.205	323.31	387450000000
KXJ25076.1	0	6	6	18.4	37.792	183.72	260450000
KXJ25082.1	0	8	2	37.1	23.01	7.5418	6126300000
KXJ25083.1	0.00033681	2	2	5.8	74.203	3.0789	42034000
KXJ25109.1	0.00033681	2	2	5.8	74.203	3.0789	42034000
KXJ25084.1	0.0003367	3	3	4.2	125.14	3.0758	157480000
KXJ25100.1	0	4	4	21.5	33.49	4.642	27390000
KXJ25103.1	0	6	6	13.4	87.979	13.977	459790000
KXJ25108.1	0.0097858	2	1	2.7	152.26	0.88973	26889000
KXJ25122.1	0	31	31	36.7	113.69	186.26	10243000000
KXJ25126.1	0	12	6	24.4	53.44	16.356	8998900000
KXJ25133.1	0.0012602	5	5	23.9	35.404	2.3562	391620000
KXJ25134.1	0	8	8	42.8	16.278	244.14	9126200000
KXJ25138.1	0	11	11	28	57.372	47.486	632780000
KXJ25141.1	0	9	9	41.3	16.629	41.456	5307200000
KXJ25146.1	0	16	16	23.3	96.878	21.361	2447700000
KXJ25147.1	0	8	8	48.6	24.619	10.84	1924900000
KXJ25149.1	0	9	9	23.9	55.764	56.814	2629100000
KXJ25151.1	0	16	16	20.7	118.45	44.088	2633300000
KXJ25152.1	0	14	14	58	25.987	163.46	8789700000
KXJ25155.1	0	4	4	31.2	13.099	85.49	8111100000
KXJ25163.1	0	6	6	36.5	13.869	8.0751	19364000000
KXJ25169.1	0	60	60	36.9	171.53	323.31	26701000000
KXJ25176.1	0	3	3	8.7	76.204	10.588	96963000
KXJ25183.1	0	22	22	94.8	25.33	203.24	33947000000
KXJ25184.1	0	3	3	25.7	16.032	21.897	591190000
KXJ25189.1	0	21	21	17.9	178.93	26.628	2901400000
KXJ25192.1	0	4	4	32.7	23.96	3.4189	138590000
KXJ25200.1	0	5	5	5.3	128.77	4.2307	331820000
KXJ25203.1	0	13	13	19.6	99.702	26.289	616730000
KXJ25207.1	0.0042906	3	3	11.7	41.078	1.5098	92354000
KXJ25212.1	0	18	18	15.3	175.46	19.605	2783400000
KXJ25224.1	0	311	311	68.3	326.18	323.31	631990000000
KXJ25234.1	0	3	3	9.5	62.124	31.222	311660000
KXJ25235.1	0.00095027	2	2	1.9	210.27	2.4137	26380000
KXJ25238.1	0	12	12	16.7	114.29	31.713	2937900000
KXJ25255.1	0.0012338	2	2	3.4	92.938	2.1462	63962000
KXJ25276.1	0.0065663	2	2	18.3	14.059	1.1749	223050000
KXJ25284.1	0	19	18	26.8	109.8	37.519	1093900000
KXJ25291.1	0.0028885	2	2	3.8	80.305	1.6156	191490000
KXJ25295.1	1	3	1	25.9	19.433	-2	1767300
KXJ25297.1	0	4	4	19.3	35.221	70.132	661560000
KXJ25305.1	0	39	39	69.7	49.04	323.31	446290000000
KXJ25313.1	0	10	10	48	27.108	34.738	3304100000
KXJ25319.1	0	6	3	25.9	24.085	13.451	9060900000
KXJ25325.1	0.0020564	5	2	43.6	11.149	1.74	1359200000
KXJ25329.1	0	5	4	34.5	15.755	23.159	8088900000
KXJ25336.1	0	3	3	9.8	66.835	3.8712	69385000
KXJ25348.1	1	3	1	26.2	11.976	-2	10985000
KXJ25349.1	0	6	6	26.5	39.796	25.884	356370000
KXJ25365.1	0	8	8	54.5	25.959	78.673	1062700000
KXJ25376.1	0	8	8	33.4	42.875	26.33	1731000000
KXJ25381.1	0.0017884	4	4	8	82.285	1.8241	115520000
KXJ25382.1	0	6	6	20.5	43.001	8.0629	2457900000
KXJ25384.1	0	69	69	64	100.41	323.31	98631000000
KXJ25385.1	0	31	31	71.3	41.686	323.31	69502000000
KXJ25391.1	0	9	9	15.5	87.88	18.444	733930000
KXJ25395.1	0	5	5	15.3	65.303	5.1825	141620000
KXJ25396.1	0	19	19	54.9	60.207	323.31	2490400000
KXJ25397.1	0	4	4	10.4	53.416	5.098	171080000
KXJ25399.1	0.0093558	3	3	24.8	13.156	0.96459	278830000
KXJ25404.1	0	3	3	38.7	19.506	45.837	305890000
KXJ25407.1	0	4	4	10.5	52.605	14.207	324440000
KXJ25415.1	0	4	4	10.5	52.605	14.207	324440000
KXJ25422.1	0	4	4	10.5	52.605	14.207	324440000
KXJ25413.1	0	6	6	33.9	25.185	5.9968	1065900000
KXJ25418.1	0.0017964	2	2	9.8	34.053	1.8716	86672000
KXJ25410.1	0.0017964	2	2	9.8	34.053	1.8716	86672000
KXJ25425.1	0	6	6	32.8	19.913	89.058	3853000000
KXJ25440.1	0	17	17	46.9	54.238	70.022	1603900000
KXJ25451.1	0	45	45	41.5	117.57	323.31	31805000000
KXJ25462.1	0.004561	2	2	8.3	54.365	1.4728	238120000
KXJ25468.1	0	2	2	25	11.416	3.7786	805490000
KXJ25475.1	0	4	4	7.9	69.557	10.161	367980000
KXJ25481.1	0	7	7	12.1	113.45	101.61	562860000
KXJ25484.1	0	3	3	23.4	22.091	3.8048	466160000
KXJ25491.1	0.0086207	2	2	3.5	78.16	1.0302	211620000
KXJ25492.1	0.0012411	2	2	2.9	110.76	2.2107	108640000
KXJ25496.1	0	2	2	13.3	35.079	4.4023	83022000
KXJ25501.1	0	13	10	22	100.88	101.8	1889200000
KXJ25504.1	0	8	8	13.8	75.299	6.6053	1095700000
KXJ25507.1	0.00034329	3	3	24.1	13.314	3.2874	2014000000
KXJ25510.1	0	10	10	56.9	23.883	208.36	1081500000
KXJ25514.1	0.0015115	2	2	21.2	12.525	1.9516	543450000
KXJ25516.1	0	29	29	60.3	61.91	92.641	18209000000
KXJ25520.1	0	14	13	19.4	109.15	12.572	537190000
KXJ25522.1	0	22	18	65.9	20.348	323.31	184960000000
KXJ25532.1	0	4	4	18.4	22.074	6.7047	951470000
KXJ25537.1	0	31	31	45	78.495	132.6	11304000000
KXJ25541.1	0	5	5	21.5	61.645	220.78	10656000000
KXJ25542.1	0.0056338	2	2	8.7	37.451	1.3654	84481000
KXJ07018.1	0.0056338	2	2	8.7	37.451	1.3654	84481000
KXJ25547.1	0.0056417	6	3	10.7	96.608	1.37	53686000
KXJ25551.1	0	8	8	41.8	38.461	10.573	1485400000
KXJ25586.1	0	4	3	11.7	56.999	3.51	144920000
KXJ25598.1	0	5	5	30.4	25.785	3.6064	922270000
KXJ25606.1	0	6	6	19.9	52.35	14.627	926440000
KXJ25629.1	0	6	6	19.9	52.35	14.627	926440000
KXJ25616.1	0.0020735	3	2	4.9	142	1.7995	274420000
KXJ25626.1	0	2	2	12.5	22.943	20.516	75948000
KXJ25643.1	0.0023426	5	1	27.1	30.025	1.7283	191780000
KXJ25651.1	0	9	9	14.1	101.24	12.049	567160000
KXJ25653.1	0.00784	4	4	10.8	45.153	1.0728	93204000
KXJ25654.1	0	8	5	19.8	60.743	12.237	695150000
KXJ25657.1	0	2	2	4.9	108.74	13.724	83456000
KXJ25659.1	0	4	4	8.6	88.536	4.7864	205550000
KXJ25663.1	0	8	7	22.4	47.733	26.894	1361000000
KXJ25665.1	0	5	5	21.5	37.529	3.812	384280000
KXJ25667.1	0.0015129	2	2	8.3	38.224	1.9594	357210000
KXJ25668.1	0	5	1	13.6	58.467	11.238	2606100000
KXJ25676.1	0	13	13	36	45.02	16.001	8139600000
KXJ25681.1	0.0012225	2	2	5.4	68.508	2.0672	231280000
KXJ25683.1	0	8	8	27.5	45.947	13.309	5801900000
KXJ25690.1	0	3	3	13.2	34.648	3.7011	1123500000
KXJ25692.1	0	9	9	69.9	17.227	157.13	2787200000
KXJ25697.1	0	27	27	31.7	101.6	49.135	11161000000
KXJ25703.1	0.001233	2	2	23	9.642	2.1422	2096000000
KXJ25711.1	0	12	12	62.9	22.903	41.743	10224000000
KXJ25713.1	0	5	5	35.4	14.674	9.0156	579640000
KXJ25718.1	0	14	14	28.9	76.533	27.056	3960300000
KXJ25719.1	0.0042931	4	4	14	51.228	1.5147	492040000
KXJ25721.1	0	9	9	43.9	21.444	101.9	1648700000
KXJ25727.1	0.0095668	2	2	10.3	30.506	0.92431	39092000
KXJ25738.1	0	15	9	53.2	37.359	35.406	5092900000
KXJ25742.1	0.0058204	4	4	18.5	32.806	1.266	79093000
KXJ25747.1	0.00094667	3	3	15.6	27.851	2.3732	408950000
KXJ25757.1	0	21	21	48.3	58.136	279.7	8185100000
KXJ25760.1	0	21	21	43.2	75.494	69.771	6161600000
KXJ25761.1	0.00033535	2	2	16.1	18.303	3.027	687040000
KXJ25777.1	0	8	8	12.8	88.763	4.2186	202910000
KXJ25778.1	0	23	23	51.1	62.969	139.59	11607000000
KXJ25786.1	0	18	18	52.7	35.942	287.49	30656000000
KXJ25795.1	0.0012547	2	2	42.6	11.495	2.3202	70340000
KXJ25796.1	0	8	8	58.5	21.946	39.138	3166700000
KXJ25799.1	0	8	8	16.4	57.236	9.0063	3769200000
KXJ25803.1	0	9	9	8.4	142.01	10.243	1747100000
KXJ25815.1	0	3	3	14.2	37.187	11.562	177040000
KXJ25816.1	0	13	13	11.9	144.6	170.56	2669400000
KXJ25821.1	0.0020679	2	2	6.9	42.178	1.783	64737000
KXJ25822.1	0	6	6	17.1	57.988	6.4766	645650000
KXJ25824.1	0	6	6	6.5	149.31	5.0954	297120000
KXJ25826.1	0.00064371	2	2	1.7	175.98	2.5635	215650000
KXJ25827.1	0	48	48	52.4	95.5	311.66	14914000000
KXJ25833.1	0	9	9	19.8	90.106	24.713	1357100000
KXJ25834.1	0	10	10	51	27.293	178.42	3752400000
KXJ25841.1	0	7	7	10.4	112.43	64.017	4258200000
KXJ25852.1	0.00034447	3	3	8.4	33.927	3.3177	166460000
KXJ25856.1	0	10	10	15.1	122.84	38.334	643120000
KXJ25863.1	0	19	17	44.9	52.615	176.04	5882400000
KXJ25866.1	0	9	9	20.2	67.591	30.569	1016900000
KXJ25869.1	0	7	7	48.8	23.058	6.5964	490690000
KXJ25872.1	0	11	11	7.2	204.85	17.514	2361600000
KXJ25873.1	0	7	7	8.9	120.16	8.669	569130000
KXJ25875.1	0	5	5	57.8	14.456	9.5464	84931000
KXJ25878.1	0	27	27	27.9	125.81	209.75	36840000000
KXJ25880.1	0	28	28	69.5	47.296	80.243	24027000000
KXJ25884.1	0	5	5	26.6	19.828	17.223	1440600000
KXJ25893.1	0.00034483	6	6	13.3	53.341	3.3266	157790000
KXJ25897.1	0	19	19	17.5	124.54	75.249	8779200000
KXJ25901.1	0	11	11	16.1	101.17	66.807	816890000
KXJ25906.1	0	5	5	3.4	252.01	10.801	713470000
KXJ25907.1	0.0096051	2	2	2.9	122.35	0.94568	10365000
KXJ25909.1	0.0086323	4	4	6.8	106.98	1.0416	218040000
KXJ25911.1	0	32	32	56.9	60.071	101.54	13264000000
KXJ25914.1	0.00064309	2	2	5.2	75.153	2.5589	173590000
KXJ25922.1	0	12	12	48	35.447	27.518	4398400000
KXJ25924.1	0.0093583	3	1	2.7	176.7	0.96634	41348000
KXJ25926.1	0	12	12	10.6	129.61	81.523	5300000000
KXJ25928.1	0	3	3	10.4	49.019	5.2869	151930000
KXJ25933.1	0	11	11	43.6	21.798	323.31	22144000000
KXJ25934.1	0	10	10	20.9	53.416	12.103	3232900000
KXJ25935.1	0	3	3	19.7	23.996	73.494	4412900000
KXJ25938.1	0	12	12	47.2	41.417	39.029	1623700000
KXJ25944.1	0.0012365	3	1	19.3	19.397	2.1649	1178900000
KXJ25945.1	0	20	20	35.6	76.649	60.884	3795000000
KXJ25949.1	0	12	12	45.6	38.973	119.31	5155800000
KXJ25952.1	0.0012438	2	2	8.9	38.729	2.236	139080000
KXJ25954.1	0	13	13	60.7	24.405	36.361	9418300000
KXJ25955.1	0.00032884	5	5	2.5	312.25	2.7454	86735000
KXJ25958.1	0	9	9	31.9	45.627	34.812	4924900000
KXJ25962.1	0.00034388	4	4	19.5	38.921	3.3036	400280000
KXJ25965.1	0	74	74	83.3	65.091	323.31	119940000000
KXJ25968.1	0.0017825	2	2	1.9	148.78	1.8092	155770000
KXJ25972.1	0	6	6	56.8	19.191	31.493	2579600000
KXJ25976.1	0	10	10	43.3	28.161	31.27	7415800000
KXJ25978.1	0	44	44	64.1	55.04	323.31	115560000000
KXJ25984.1	0	7	7	13.7	92.718	6.2118	358240000
KXJ25985.1	0	10	10	13.4	125.39	11.675	1833700000
KXJ25990.1	0	2	2	10.8	23.618	8.5005	209340000
KXJ25991.1	0	10	10	27.9	48.954	45.468	3026300000
KXJ25992.1	0.00032744	11	11	17.4	92.698	2.7144	471250000
KXJ25993.1	0	13	13	22.3	86.273	23.469	2726600000
KXJ22664.1	0	13	13	22.3	86.273	23.469	2726600000
KXJ26000.1	0	5	5	10.9	71.981	17.695	890050000
KXJ26001.1	0	7	7	43.3	32.964	26.307	1233600000
KXJ26004.1	0	5	5	31.2	21.845	7.83	511660000
KXJ26013.1	0	2	2	8.7	46.119	10.317	669370000
KXJ26026.1	0	5	5	15.6	53.138	8.2637	1196400000
KXJ26032.1	0	24	24	67.4	27.162	56.214	23876000000
KXJ26034.1	0	18	17	20	91.679	128.1	5288500000
KXJ26044.1	0	2	2	9.1	32.189	3.6529	93654000
KXJ26054.1	0	7	7	19.5	48.913	4.6828	1198900000
KXJ26057.1	0	11	11	2.7	645.48	7.9824	246580000
KXJ26062.1	0	10	10	36.7	37.211	26.637	2584700000
KXJ26074.1	0	10	10	11.4	121.87	11.11	1319300000
KXJ26099.1	0	3	3	11	34.211	14.059	466660000
KXJ26116.1	0	4	4	49.6	13.555	19.863	339090000
KXJ26119.1	0	24	24	35.6	84.766	31.02	3583000000
KXJ26122.1	0.0017905	2	2	5.8	64.129	1.8357	28991000
KXJ26124.1	0	4	4	16.3	47.108	5.0805	198780000
KXJ26127.1	0	7	7	22.7	23.333	8.204	7517300000
KXJ26132.1	0.0012188	3	3	9.8	48.224	2.0281	50565000
KXJ26136.1	0	10	10	37.8	48.311	57.167	5698200000
KXJ26142.1	0	7	7	26.7	41.409	35.886	3531900000
KXJ26153.1	0	10	10	13.8	122.52	22.224	657010000
KXJ26158.1	0.0031746	3	3	5.2	80.985	1.6054	280370000
KXJ26168.1	0	12	12	43.5	22.027	29.678	5379800000
KXJ26170.1	0.0012184	5	1	19.8	40.525	2.0257	428580000
KXJ26171.1	0	9	9	31.2	31.2	323.31	9332500000
KXJ26174.1	0.00095481	2	2	13.7	20.953	2.4396	102990000
KXJ26177.1	0.0006483	4	4	2.8	248.63	2.6143	220220000
KXJ26179.1	0	3	3	21.5	35.616	6.3143	138570000
KXJ26180.1	0	5	4	18.6	31.444	4.8505	3620700000
KXJ26181.1	0	6	6	4.6	191.27	3.4075	1267500000
KXJ26183.1	0	17	17	58.6	35.997	112.88	10064000000
KXJ26184.1	0.0070595	3	3	4.1	110.46	1.1225	29957000
KXJ26185.1	0	2	2	32	10.593	3.4229	21016000
KXJ26194.1	0	10	10	25	69.351	24.002	2526500000
KXJ26200.1	0	7	7	42.9	21.106	63.592	5259900000
KXJ26201.1	0	9	9	11.1	152.44	13.144	1146300000
KXJ26203.1	0	15	15	12	229.1	115.16	3495200000
KXJ26206.1	0	27	27	57.2	49.51	323.31	17745000000
KXJ26208.1	0	2	2	15.9	18.515	4.3893	1939100000
KXJ26211.1	0	8	2	26.8	30.906	61.24	3254400000
KXJ26213.1	0	33	33	70.4	32.384	323.31	86915000000
KXJ26215.1	0	6	6	33.5	27.028	21.685	5230300000
KXJ26218.1	0	4	4	39.7	13.733	5.719	1853900000
KXJ26221.1	0	4	4	20.3	41.041	22.861	574090000
KXJ26228.1	0	5	5	28.9	29.54	9.2675	750490000
KXJ26229.1	0	8	8	29.8	36.704	16.034	1958500000
KXJ26241.1	0	14	1	55.5	14.618	5.7343	99534000
KXJ26251.1	0	30	30	33.6	111.93	195.9	7213600000
KXJ26255.1	0.0037346	5	3	18.4	30.679	1.546	659340000
KXJ26257.1	0.0056402	3	3	5	98.321	1.3694	150290000
KXJ26263.1	0	6	6	14.9	63.499	4.5531	335320000
KXJ26264.1	0	21	21	61.2	35.582	323.31	79633000000
KXJ26269.1	0	6	6	19.2	58.551	8.5105	277530000
KXJ26270.1	0	5	5	9.5	55.417	79.144	5939900000
KXJ26276.1	0	21	21	46.1	53.98	50.072	20311000000
KXJ26282.1	0	4	4	22	28.255	3.6148	535540000
KXJ26283.1	0	6	6	28.3	36.531	89.41	1756700000
KXJ26286.1	0	4	4	18.2	40.975	34.632	1253800000
KXJ26287.1	0	39	39	86.7	35.669	323.31	72762000000
KXJ26312.1	0	13	13	53.7	28.573	62.435	6642000000
KXJ26320.1	0	9	9	21.4	55.954	11.339	1560000000
KXJ26332.1	0	19	19	48	53.851	43.433	4304800000
KXJ05014.1	0	19	19	48	53.851	43.433	4304800000
KXJ26333.1	0	12	12	19.4	93.724	16.75	666090000
KXJ26345.1	0	9	9	32.8	36.426	14.313	3323900000
KXJ26351.1	0	20	20	15.9	252.78	51.188	560350000
KXJ26352.1	0	8	8	24.1	53.694	238.36	4963000000
KXJ26357.1	0	16	16	22.9	82.798	35.239	4895700000
KXJ26362.1	0	22	22	28.8	100.79	39.408	4706000000
KXJ26379.1	0	22	22	28.8	100.79	39.408	4706000000
KXJ26368.1	0	10	10	40.7	23.971	101.52	2837700000
KXJ26372.1	0	9	9	33.8	31.081	76.727	4189700000
KXJ26373.1	0	2	2	5.8	55.302	6.9707	289460000
KXJ26381.1	0	24	24	52.7	56.451	183.17	11292000000
KXJ26384.1	0	19	19	23.3	118.12	53.892	6099600000
KXJ26393.1	0	5	5	40.8	19.59	51.035	297690000
KXJ08577.1	0	5	5	40.8	19.59	51.035	297690000
KXJ26402.1	0.00206	2	2	6.5	62.85	1.7454	20046000
KXJ26403.1	0	3	3	21.9	30.187	9.0705	102120000
KXJ26405.1	0.00033602	4	4	11.1	35.534	3.0428	484080000
KXJ26413.1	0	6	6	13.4	63.155	7.433	1225800000
KXJ26420.1	0	11	11	41.2	24.993	70.698	6809800000
KXJ26432.1	0.0012407	3	3	4.8	84.253	2.2081	714570000
KXJ26435.1	0	8	8	14.7	72.815	70.428	1223700000
KXJ26437.1	0	10	10	35.2	35.954	13.398	683460000
KXJ26438.1	0	26	26	41.9	53.703	22.563	12024000000
KXJ26439.1	0.00064956	2	2	5.2	65.162	2.6235	12195000
KXJ26441.1	0	10	10	21.4	70.975	50.652	3135500000
KXJ26446.1	0	7	7	24.6	54.354	4.1247	523260000
KXJ26450.1	0	20	20	45.4	62.272	44.006	8269900000
KXJ26451.1	0.00033014	3	3	4.9	89.154	2.8213	412880000
KXJ26453.1	0	6	6	15.8	55.88	5.424	256690000
KXJ26461.1	0	24	24	28.7	83.776	274.87	72786000000
KXJ26463.1	0	27	27	71.8	36.969	160.86	35000000000
KXJ26464.1	0	4	4	24.9	31.999	5.1104	405550000
KXJ26469.1	0	10	10	45.3	26.031	31.667	4883900000
KXJ26472.1	0.0017868	2	2	2.3	137.79	1.8158	163320000
KXJ26481.1	0	19	15	40.5	98.294	79.672	7798600000
KXJ26484.1	0	8	8	16.2	84.109	11.956	1153100000
KXJ26489.1	0	5	5	11.3	80.011	21.213	847470000
KXJ26493.1	0.00034176	4	4	20.1	40.774	3.2337	85956000
KXJ26503.1	0	6	6	18.8	58.392	13.958	305540000
KXJ26504.1	0	3	3	6.5	52.049	3.705	609520000
KXJ26514.1	0.0026224	2	2	7.3	128.29	1.6729	64940000
KXJ26455.1	0.0026224	2	2	7.3	128.29	1.6729	64940000
KXJ26480.1	0.0026224	2	2	7.3	128.29	1.6729	64940000
KXJ26520.1	0	7	7	9.6	108.24	10.662	2634000000
KXJ26521.1	0	28	28	54.2	79.815	323.31	8277100000
KXJ26523.1	0	8	8	35	45.992	34.926	775590000
KXJ26525.1	0	5	5	30.7	22.117	6.4969	2379400000
KXJ26532.1	0	19	19	36.9	49.62	87.045	13425000000
KXJ26541.1	0	7	7	27.5	43.322	29.851	251530000
KXJ26543.1	0	9	9	9.7	132.37	31.151	2943100000
KXJ26547.1	0	10	10	62.4	18.251	105.26	51453000000
KXJ26550.1	0.0048227	2	2	2.3	118.45	1.4371	59691000
KXJ26551.1	0	4	4	29	24.824	5.8777	1114700000
KXJ26554.1	0.0055991	2	2	6.8	52.402	1.3176	1014800000
KXJ26560.1	0.00034495	5	5	11.4	59.067	3.3325	148760000
KXJ26565.1	0.0048118	6	6	27.6	37.164	1.4218	131870000
KXJ26569.1	0	321	319	82.4	223.03	323.31	5723900000000
KXJ12607.1	0	321	319	82.4	223.03	323.31	5723900000000
KXJ26570.1	0	12	12	52.3	38.358	30.01	5047800000
KXJ26577.1	0	219	217	71.5	227.91	323.31	606480000000
KXJ26578.1	0.0095796	4	4	6.2	71.952	0.9304	578120000
KXJ26579.1	0	8	8	15.6	72.327	13.414	1064400000
KXJ26581.1	0	9	3	17	85.471	31.075	328100000
KXJ26591.1	0	2	2	2.8	84.957	3.5716	241350000
KXJ26593.1	0	3	3	12.4	39.851	4.7128	159330000
KXJ26594.1	0	11	11	14.9	104.51	16.621	700050000
KXJ26595.1	0	11	5	28.9	59.158	13.208	2080300000
KXJ26604.1	0	4	4	6.5	107.69	7.4339	141370000
KXJ26610.1	0	42	6	71.5	41.634	323.31	418690000000
KXJ26611.1	0.00034258	5	5	7.4	113.37	3.2655	243610000
KXJ26613.1	0	8	8	10.4	123.56	4.5225	293470000
KXJ26616.1	0.0073032	2	2	7.6	33.78	1.0907	51817000
KXJ26617.1	0	6	6	30.2	22.415	17.805	5170700000
KXJ26619.1	0.0048295	2	1	2.8	135.4	1.4442	22562000
KXJ26621.1	0.00064725	3	3	5.3	63.211	2.6072	37209000
KXJ26622.1	0	9	9	33.7	41.188	20.011	1925000000
KXJ26623.1	0	5	3	34.9	21.329	6.4542	832440000
KXJ26629.1	0	3	3	9.7	68.33	12.332	1468600000
KXJ26633.1	0	6	6	17.3	55.828	15.966	627500000
KXJ26639.1	0	12	12	40.2	25.831	14.859	11090000000
KXJ26641.1	0	8	8	40.5	24.896	18.083	1980600000
KXJ26642.1	0	2	2	7.4	54.683	8.2795	82720000
KXJ26643.1	0	2	2	8	18.297	3.7652	1599500000
KXJ26644.1	0	5	5	22.7	36.582	8.1972	133050000
KXJ26647.1	0	9	9	10.2	100.5	4.8833	1546100000
KXJ26656.1	0	10	10	32.7	56.623	16.874	1641100000
KXJ26657.1	0	8	8	4.4	315.66	18.757	485960000
KXJ26663.1	1	2	2	42.2	9.0817	-2	7309400
KXJ26666.1	0.0015106	2	2	13.4	22.787	1.949	981360000
KXJ26674.1	0	4	4	17.5	33.27	4.9571	398690000
KXJ26675.1	0	14	8	36.8	39.359	16.251	2575900000
KXJ26680.1	0	193	193	62.4	236.3	323.31	267860000000
KXJ26685.1	0	14	12	57.6	41.163	11.926	1515200000
KXJ26695.1	0	6	6	7.1	156.4	10.216	93085000
KXJ26700.1	0	9	9	28.6	41.979	13.38	1686800000
KXJ26711.1	1	2	2	6.2	49.923	-2	69613000
KXJ26714.1	0	44	44	74.7	42.282	323.31	100230000000
KXJ26715.1	0	12	10	35.1	46.411	76.131	8274900000
KXJ26721.1	0	11	11	48	30.804	144.86	7427700000
KXJ06124.1	0	11	11	48	30.804	144.86	7427700000
KXJ26722.1	0	35	35	63.2	65.744	65.458	15762000000
KXJ26729.1	0	14	14	30.1	77.748	47.802	2394300000
KXJ26741.1	0	3	1	28.9	22.124	34.124	1235400000
KXJ26752.1	0	11	11	30.7	49.678	43.059	1666200000
KXJ26769.1	0.00032852	3	3	8.8	52.542	2.7375	164570000
KXJ26778.1	0	71	71	83.7	57.675	323.31	595340000000
KXJ26779.1	0.00033124	8	8	10.9	106.99	2.8649	73371000
KXJ26780.1	0	2	2	11.4	21.287	10.081	112650000
KXJ26784.1	0	7	7	10.1	111.06	27.571	2452200000
KXJ26812.1	0	29	29	22	207	105.3	9675800000
KXJ26832.1	0	14	14	69.7	22.265	167.72	28244000000
KXJ26843.1	0	6	6	36.2	27.422	13.787	970240000
KXJ26844.1	0	9	9	49.7	22.041	29.349	5338700000
KXJ26846.1	0	5	5	6.5	142.03	5.6956	159220000
KXJ26849.1	0.0055633	2	2	4.7	59.523	1.2881	240130000
KXJ26857.1	0	2	2	15.1	13.146	7.5566	702570000
KXJ26862.1	0	93	93	28.5	481.6	323.31	16634000000
KXJ26873.1	0	7	7	51.4	17.957	16.123	3696900000
KXJ26875.1	0	4	4	8.1	77.276	12.846	157360000
KXJ26877.1	0	9	9	73.9	15.811	175.85	10957000000
KXJ26889.1	0	19	19	39	60.65	27.587	7825000000
KXJ04637.1	0	19	19	39	60.65	27.587	7825000000
KXJ26896.1	0.00095541	3	3	5.6	94.122	2.4492	289170000
KXJ26908.1	0.0055509	3	3	5.8	56.574	1.2759	30575000
KXJ08781.1	0.0055509	3	3	5.8	56.574	1.2759	30575000
KXJ26918.1	0	12	12	25	35.086	48.12	22833000000
KXJ26932.1	0.0055571	2	2	6.1	55.541	1.2865	454150000
KXJ26933.1	0.0042894	3	3	4.9	124.45	1.5028	108870000
KXJ26935.1	0	23	23	93.6	15.987	323.31	351300000000
KXJ26940.1	0	163	163	46.7	477.59	323.31	84038000000
KXJ26941.1	0	22	22	78.9	30.218	259.3	26403000000
KXJ26943.1	0	7	7	9.2	115.81	3.867	300360000
KXJ26945.1	0	2	2	37.4	13.197	24.367	93347000
KXJ26952.1	0	4	4	7.4	105.07	12.751	1043200000
KXJ26963.1	0	9	9	71	13.613	323.31	21822000000
KXJ26979.1	0.0012236	3	3	18.7	29.011	2.0751	112860000
KXJ26990.1	0	12	12	40.5	45.244	31.405	2080000000
KXJ05569.1	0	12	12	40.5	45.244	31.405	2080000000
KXJ27009.1	0	4	4	30.4	24.442	11.529	492930000
KXJ27012.1	0	3	3	9.3	71.668	12.297	89957000
KXJ27013.1	0	17	17	56.3	46.742	192.01	2525400000
KXJ27016.1	0.0023412	3	3	6.4	63.809	1.7186	133550000
KXJ27024.1	0	3	3	15.8	29.75	9.3398	79483000
KXJ27025.1	0	28	28	64	38.688	323.31	13289000000
KXJ27042.1	0	18	18	62.7	42.388	218.76	22394000000
KXJ27046.1	0	17	17	54.8	39.404	48.387	10282000000
KXJ27047.1	0	10	10	34.7	43.297	212.03	10671000000
KXJ27049.1	0.0020698	2	2	2.1	157.46	1.7902	243860000
KXJ27051.1	0.0086137	2	2	3.3	115.61	1.0228	105230000
KXJ27054.1	0.0070499	4	4	14	41.304	1.1135	417560000
KXJ26966.1	0.0070499	4	4	14	41.304	1.1135	417560000
KXJ27060.1	0	8	8	7.7	130.48	4.7368	1143700000
KXJ27065.1	0.00034048	8	8	47.2	20.523	3.2012	950730000
KXJ27067.1	0	9	9	50.4	14.921	29.795	5740000000
KXJ27074.1	0	7	7	7.4	183.88	188.11	193080000
KXJ27076.1	0	3	3	14.5	47.026	4.0778	137630000
KXJ27080.1	0	16	16	17.7	121.78	86.052	9780400000
KXJ27082.1	0.0012311	6	6	22.9	41.936	2.128	289780000
KXJ27090.1	0	5	5	53	19.586	12.855	2180700000
KXJ27091.1	0	14	14	35.1	54.516	26.519	2286000000
KXJ27092.1	0	6	6	2.7	306.93	54.793	142110000
KXJ05518.1	0	6	6	2.7	306.93	54.793	142110000
KXJ27094.1	0	14	13	59.2	24.512	138.07	17442000000
KXJ27104.1	0.0012203	3	3	8.2	47.56	2.0394	334560000
KXJ27117.1	0	9	9	33.5	71.362	25.838	1360500000
KXJ27120.1	0	4	4	6.9	89.348	10.463	80167000
KXJ27124.1	0	26	26	63.3	53.825	232.58	27800000000
KXJ27127.1	0	6	6	51.6	17.879	14.703	6749900000
KXJ07025.1	0	6	6	51.6	17.879	14.703	6749900000
KXJ27128.1	0	8	8	35.6	14.958	206.4	7881100000
KXJ27129.1	0	4	4	3.1	81.908	37.394	695040000
KXJ27133.1	0	6	6	25.1	41.988	9.505	108130000
KXJ27136.1	0	7	7	25.7	48.707	10.41	537390000
KXJ27144.1	0	9	9	19.9	82.415	15.841	2922700000
KXJ27152.1	0	9	9	10.9	91.568	23.27	1215700000
KXJ27159.1	0	7	7	16.1	73.797	38.647	263260000
KXJ27105.1	0	7	7	16.1	73.797	38.647	263260000
KXJ27160.1	0	5	5	61.1	12.519	323.31	930860000
KXJ27165.1	0	12	12	35.9	67.117	63.439	2210400000
KXJ27172.1	0.006552	2	2	4.2	72.263	1.1564	42556000
KXJ05954.1	0.006552	2	2	4.2	72.263	1.1564	42556000
KXJ19797.1	0.006552	2	2	4.2	72.263	1.1564	42556000
KXJ21310.1	0.006552	2	2	4.2	72.263	1.1564	42556000
KXJ27179.1	0	4	4	5.6	126.33	6.6149	481800000
KXJ27187.1	0.0048309	3	3	9.7	34.662	1.4443	175010000
KXJ27192.1	0	14	14	3.1	510.84	149.02	2829000000
KXJ27196.1	0	66	66	45.4	161.31	323.31	239620000000
KXJ27198.1	0.00064123	2	2	2.9	114.35	2.5353	113400000
KXJ27200.1	0.00033156	4	4	31.1	14.864	2.875	1668300000
KXJ27206.1	0.0073171	2	2	28.8	9.2185	1.1034	553330000
KXJ27211.1	0	6	6	29.8	35.572	17.338	1220300000
KXJ27212.1	0	18	18	40.9	55.746	77.093	5458100000
KXJ27217.1	0	2	2	8	37.423	53.988	203150000
KXJ27222.1	0	8	7	22.7	46.543	36.434	1183900000
KXJ27223.1	0	9	9	16	75.231	12.993	1178700000
KXJ27224.1	0	4	4	25.4	28.414	28.456	5438700000
KXJ27229.1	0	20	20	69.1	32.14	323.31	44202000000
KXJ27244.1	0	5	5	23.1	37.513	5.3077	140100000
KXJ27246.1	0	7	7	19	75.892	39.653	250640000
KXJ27254.1	0	11	11	50.6	27.417	237.61	6869100000
KXJ27271.1	0	3	3	19.4	22.476	11.613	193150000
KXJ27279.1	0	11	11	52.8	26.724	40.378	3106300000
KXJ05290.1	0	11	11	52.8	26.724	40.378	3106300000
KXJ27284.1	0	17	6	42.8	44.445	107.22	17668000000
KXJ27288.1	0	32	32	27.4	139.48	267.73	3623800000
KXJ27289.1	0	9	9	37.3	28.223	265.82	19414000000
KXJ27293.1	0.0017894	4	1	22.7	27.632	1.833	33342000
KXJ27295.1	0	4	4	28.8	25.105	119.16	292160000
KXJ27300.1	0	18	18	23.9	104.92	26.792	668700000
KXJ27305.1	0	18	18	10.4	276.22	31.767	672310000
KXJ27313.1	0.0017878	3	3	15.9	16.409	1.82	883310000
KXJ27315.1	0	2	2	5.4	49.318	3.3799	331660000
KXJ27330.1	0	5	5	25.8	34.581	217.44	157200000
KXJ27332.1	0	6	6	9.2	106.62	11.06	267410000
KXJ27345.1	0	4	4	52.4	13.786	6.6862	428500000
KXJ27347.1	0	6	6	45.7	7.6177	36.233	2359500000
KXJ27348.1	0.0023399	3	3	23.2	8.9612	1.7163	159150000
KXJ27349.1	0	6	6	19.9	42.984	7.071	999970000
KXJ27351.1	0	8	8	58.1	18.74	94.141	5050300000
KXJ27353.1	0	9	9	36.4	33.274	43.72	2353300000
KXJ27362.1	0	19	18	54.4	50.482	174.96	5111700000
KXJ27373.1	0	4	4	8.8	80.27	5.8862	120540000
KXJ27376.1	0	56	56	70.3	71.802	323.31	197700000000
KXJ27381.1	0	4	4	26.9	23	34.188	2773900000
KXJ27386.1	0	7	7	20.6	56.95	14.026	500160000
KXJ27388.1	1	2	2	4.6	57.014	-2	77528000
KXJ27392.1	0.00033727	2	1	19	14.239	3.0917	491300000
KXJ27395.1	0	7	3	43	32.072	32.295	538890000
KXJ27406.1	0.0083693	3	2	16.7	32.419	1.0559	11907000
KXJ27407.1	0	5	5	65.8	8.3949	11.946	2028900000
KXJ27413.1	0.00034002	4	4	8	72.091	3.1929	776230000
KXJ27384.1	0.00034002	4	4	8	72.091	3.1929	776230000
KXJ27414.1	0	9	9	10.6	97.551	5.1371	751910000
KXJ27415.1	0	13	13	54.1	29.055	76.379	13285000000
KXJ27416.1	0.0065628	3	3	25.5	18.342	1.1674	20028000
KXJ27418.1	0	14	14	18.3	121.51	24.919	1314300000
KXJ27424.1	0	2	2	15.8	34.561	30.309	42716000
KXJ27431.1	0	37	37	66.8	67.17	323.31	40629000000
KXJ27439.1	0	6	6	18.8	54.169	263.17	2400800000
KXJ27442.1	0	5	5	12.4	69.197	39.194	4473900000
KXJ27444.1	0.00095359	5	5	7.8	88.819	2.4362	165810000
KXJ27459.1	0	5	5	5.4	145.29	10.446	288930000
KXJ27468.1	0.0095847	5	4	5.4	136.62	0.93377	253810000
KXJ27480.1	0	5	5	36.8	19.759	6.7633	229240000
KXJ27481.1	0.0012353	5	5	17.6	26.722	2.1593	1598900000
KXJ27482.1	0	2	2	13.1	31.632	4.7572	27210000
KXJ27488.1	0.00032808	3	3	13.4	34.929	2.7307	650330000
KXJ27453.1	0.00032808	3	3	13.4	34.929	2.7307	650330000
KXJ27492.1	0	6	6	17	59.738	9.3868	1286700000
KXJ27498.1	0	11	8	21.5	72.876	13.622	2180300000
KXJ27508.1	0	6	6	7.1	136.54	5.7655	613050000
KXJ27510.1	0.0015038	4	4	14.8	34.242	1.906	146560000
KXJ27515.1	0	7	7	31.2	35.558	36.305	3352600000
KXJ27541.1	1	2	2	8.6	47.337	-2	82428000
KXJ27544.1	0	10	10	7.1	286.16	13.987	623410000
KXJ27555.1	0	281	228	38.9	1027.5	323.31	52639000000
KXJ27557.1	0	7	7	11.5	88	31.78	710500000
KXJ06033.1	0	7	7	11.5	88	31.78	710500000
KXJ27560.1	0.0040149	3	3	10.6	34.683	1.5364	89749000
KXJ27561.1	0	4	4	19.4	37.073	101.93	671390000
KXJ06034.1	0	4	4	19.4	37.073	101.93	671390000
KXJ27585.1	0	44	44	76.6	46.64	323.31	144610000000
KXJ27598.1	0	4	4	7	92.183	5.987	78542000
KXJ27617.1	0	9	9	15.6	109.68	9.1611	296850000
KXJ27626.1	0	19	19	65.2	37.831	126.25	15656000000
KXJ27630.1	0	7	7	38.1	26.539	10.073	1205100000
KXJ27631.1	0	13	13	43.6	33.992	77.75	2060500000
KXJ27639.1	0.00032755	3	3	4.2	138.69	2.7144	45243000
KXJ27640.1	0	22	22	60.1	34.201	323.31	54166000000
KXJ27647.1	0	6	6	12.3	81.697	69.594	249620000
KXJ27651.1	0	5	5	8.6	70.851	4.7381	205010000
KXJ27652.1	0	10	10	17.1	90.592	17.526	699810000
KXJ27663.1	0	5	5	40.9	21.262	5.3728	721950000
KXJ27673.1	0	7	7	32.8	25.735	7.1792	1036100000
KXJ27678.1	0	16	13	38.5	52.917	39.154	16565000000
KXJ27682.1	0	25	25	21.8	155.84	287.85	4189100000
KXJ26258.1	0	25	25	21.8	155.84	287.85	4189100000
KXJ10330.1	0	25	25	21.8	155.84	287.85	4189100000
KXJ05248.1	0	25	25	21.8	155.84	287.85	4189100000
KXJ27691.1	0	12	12	6.7	237.63	12.332	2093500000
KXJ27694.1	0	10	10	61.2	21.061	68.886	11246000000
KXJ27695.1	0	2	2	6.3	34.217	5.7731	41945000
KXJ27697.1	0	15	15	23.5	112.95	49.145	2888400000
KXJ27698.1	0	24	24	45.9	69.39	62.614	8368400000
KXJ27710.1	0	2	2	7	74.895	32.655	57975000
KXJ27719.1	0	16	16	36.9	59.807	52.427	4039000000
KXJ27721.1	0	6	6	9.6	72.359	31.934	9907900000
KXJ27723.1	0	4	4	29.7	23.984	26.593	138810000
KXJ27725.1	0	15	15	55.7	36.702	323.31	59307000000
KXJ27728.1	0	3	3	6.7	69.354	3.9426	121650000
KXJ27730.1	0	8	8	25.5	38.691	97.241	2766100000
KXJ27733.1	0	4	4	13.1	59.055	9.5658	141700000
KXJ27735.1	0	86	86	57.6	182.75	323.31	93950000000
KXJ27741.1	0	17	17	68.9	21.23	87.906	30178000000
KXJ27746.1	0	9	9	42.2	31.454	18.948	2699900000
KXJ27748.1	0	8	8	11.3	89.994	9.7931	2861000000
KXJ27749.1	0	14	14	15.5	100.85	9.6595	1293000000
KXJ27750.1	0	6	6	28.7	39.771	13.315	750710000
KXJ27752.1	0.0003399	3	3	10.3	44.217	3.1899	24966000
KXJ27758.1	0	4	4	5.8	84.412	3.6996	121330000
KXJ27759.1	0	13	13	55.2	23.61	10.587	3896100000
KXJ27764.1	0	9	9	8.6	160.15	7.0289	1042200000
KXJ27769.1	0	9	9	25.1	46.956	42.843	1760400000
KXJ27775.1	0	6	6	10.2	89.469	12.286	619400000
KXJ27782.1	0	7	7	35.5	33.506	19.42	445730000
KXJ27784.1	0.0017959	6	6	39	30.853	1.8701	171090000
KXJ27785.1	0	15	15	20	80.922	14.23	2555000000
KXJ27793.1	0	8	8	22.5	68.36	49.003	975620000
KXJ27795.1	0.001243	2	2	7.7	44.005	2.2345	7377400
KXJ27797.1	0	4	4	25.9	34.179	21.649	585840000
KXJ27798.1	0	7	7	24.1	50.221	7.6851	529010000
KXJ27807.1	0	18	18	40.2	30.791	27.077	18226000000
KXJ27812.1	0	10	10	35.4	55.356	102.94	2385300000
KXJ27823.1	0	2	2	9.6	51.644	26.505	74367000
KXJ27826.1	0	26	26	58	56.746	269.52	14887000000
KXJ27833.1	0.0017809	5	5	11.3	45.689	1.8075	362700000
KXJ27839.1	0	10	10	25.7	57.219	9.5026	2974500000
KXJ27844.1	0.0020558	7	7	2.9	513.82	1.7381	157860000
KXJ27847.1	0.0048282	2	2	3.7	86.275	1.4436	28373000
KXJ27853.1	0	9	9	56.9	25.61	21.494	919320000
KXJ27854.1	0.0056211	5	5	8.8	102.15	1.3552	384260000
KXJ27855.1	0.0003268	3	3	5.5	102.25	2.6918	65092000
KXJ27860.1	0	5	5	19.2	41.446	6.7049	232070000
KXJ27872.1	0	9	9	13.7	103.52	8.775	230800000
KXJ27876.1	0.0040092	2	2	12.3	20.707	1.5253	28540000
KXJ27890.1	0	2	2	11.4	19.677	6.122	15895000
KXJ27880.1	0	2	2	11.4	19.677	6.122	15895000
KXJ27883.1	0	22	22	23.3	160.69	215.79	3323000000
KXJ27885.1	0	2	2	15.5	14.982	3.5696	394820000
KXJ27888.1	0	32	29	78.2	53.726	323.31	30573000000
KXJ06283.1	0	32	29	78.2	53.726	323.31	30573000000
KXJ27889.1	0	2	2	24.4	14.298	6.0031	1834800000
KXJ27896.1	0	20	20	49.8	34.424	323.31	319590000000
KXJ27899.1	0	14	14	31.4	82.577	35.875	1211300000
KXJ27902.1	0	8	8	11.7	82.932	55.448	1186600000
KXJ27906.1	0	10	10	39.5	35.69	29.862	4049400000
KXJ27907.1	0	4	4	18	43.381	16.902	559120000
KXJ27908.1	0	44	31	92.2	38.605	323.31	146660000000
KXJ06316.1	0	44	31	92.2	38.605	323.31	146660000000
KXJ27912.1	0	8	8	64.6	15.766	323.31	30812000000
KXJ27922.1	0.00064516	3	3	12	41.683	2.5831	106650000
KXJ27929.1	0	10	10	75.4	14.635	78.629	7125400000
KXJ27938.1	0	10	10	88.1	9.1771	95.214	9991500000
KXJ27942.1	0	13	13	30	34.995	293.67	22879000000
KXJ27946.1	0	7	7	16.9	70.644	3.6709	191800000
KXJ27951.1	0	2	2	15.5	29.697	41.435	123490000
KXJ27955.1	0	4	4	11.2	36.27	13.565	1023900000
KXJ27958.1	0	29	28	80.4	42.697	323.31	80205000000
KXJ27969.1	0	5	5	24.2	30.859	13.786	2640700000
KXJ27970.1	0	5	5	19.5	49.558	57.435	4192900000
KXJ27975.1	0	7	7	17.5	48.952	7.9151	628200000
KXJ27986.1	0	103	103	41.8	414.21	304.4	29368000000
KXJ27987.1	0	6	6	24.4	41.078	5.776	262150000
KXJ27993.1	0	97	97	27.7	534.29	323.31	12762000000
KXJ28003.1	0	8	8	13.3	107.01	28.38	334180000
KXJ28004.1	0.0045662	2	2	2.3	117.37	1.4846	141680000
KXJ28013.1	0	9	9	25.1	64.902	41.383	1273900000
KXJ28014.1	0	271	271	27.6	1512.9	323.31	46092000000
KXJ28016.1	0	32	32	55.4	37.824	323.31	146940000000
KXJ28018.1	0	13	13	51.8	37.236	42.535	5329700000
KXJ28020.1	0	12	12	64.7	17.265	29.305	29185000000
KXJ28021.1	0	65	65	49.8	131.32	323.31	54616000000
KXJ28025.1	0	6	6	34.2	25.863	12.259	340220000
KXJ28032.1	0	3	3	18	30.87	25.24	124820000
KXJ27007.1	0	3	3	18	30.87	25.24	124820000
KXJ05791.1	0	3	3	18	30.87	25.24	124820000
KXJ28038.1	0	15	15	21.9	122.82	32.446	1382100000
KXJ28039.1	0	6	6	14.1	58.849	4.6462	744040000
KXJ28041.1	0	3	3	19.8	20.035	3.3772	132470000
KXJ28044.1	0	8	8	48.9	26.399	17.875	1130700000
KXJ28046.1	0	4	4	27.5	17.101	6.2244	147950000
KXJ28057.1	0	36	36	28.6	142.5	76.239	26364000000
KXJ28900.1	0	36	36	28.6	142.5	76.239	26364000000
KXJ28058.1	0	2	2	30.4	9.7081	6.9684	196060000
KXJ28062.1	0	35	35	68.9	41.475	252.52	22914000000
KXJ28063.1	0.00065062	5	5	4.8	164.32	2.6295	1179400000
KXJ28065.1	0.0055695	6	6	1.9	457.8	1.2945	92721000
KXJ28072.1	0.00033875	2	2	6.5	41.715	3.1503	64621000
KXJ28078.1	0	7	7	74.7	9.6248	34.999	29502000000
KXJ28084.1	0	4	4	16.3	38.471	8.4195	40149000
KXJ28088.1	0	10	10	64.5	23.625	97.743	8301600000
KXJ28099.1	0	12	12	35.4	53.577	151.75	4161900000
KXJ28101.1	0	23	23	23.7	125.43	58.953	2649800000
KXJ28104.1	0	16	16	40.7	54.689	131.31	6901800000
KXJ28122.1	0.00034282	3	3	6	79.416	3.2662	280990000
KXJ28126.1	0.00033784	3	3	19.7	23.437	3.1043	404090000
KXJ28133.1	0	5	5	1.8	341.27	7.7647	148090000
KXJ28135.1	0.0062996	3	3	12.8	31.705	1.1813	160620000
KXJ28136.1	0	8	8	13.2	107.05	4.2815	313100000
KXJ28149.1	0.0020704	2	2	5.3	36.558	1.7903	23566000
KXJ28158.1	0.00033456	3	3	11	53.231	3.0048	60717000
KXJ28161.1	0	5	5	33.3	25.93	7.2305	468310000
KXJ28164.1	0.00063939	2	2	4.8	66.836	2.5006	1260700000
KXJ28165.1	0	5	5	34	16.831	6.8176	2164200000
KXJ28174.1	0.0012496	2	2	4.8	54.172	2.284	440930000
KXJ28180.1	0	20	17	84.8	19.314	323.31	234250000000
KXJ28181.1	0	34	34	60.5	75.157	323.31	33796000000
KXJ28184.1	0.0012399	2	2	10.7	39.366	2.2077	24583000
KXJ28192.1	0	12	12	19.1	88.476	14.886	1434600000
KXJ28196.1	0	21	21	59.1	43.031	323.31	13299000000
KXJ28206.1	0	6	6	4.1	196.36	20.495	3092800000
KXJ28210.1	0	17	17	60.9	34.149	28.102	17976000000
KXJ28219.1	0	15	15	30.5	74.318	93.642	1187600000
KXJ28222.1	0	5	5	7	111.92	5.2044	301820000
KXJ28226.1	0	6	6	34.1	25.297	4.1963	368440000
KXJ28230.1	0	64	61	73.7	71.205	323.31	250890000000
KXJ28234.1	0	3	3	21.5	26.893	3.8983	282610000
KXJ28237.1	0.0020588	3	3	7.2	56.822	1.7437	198840000
KXJ28238.1	0	8	8	20.2	56.849	17.609	463180000
KXJ28240.1	0	9	9	27.9	40.295	44.345	1235300000
KXJ28247.1	0.00032595	2	2	31.2	8.7189	2.6742	1844300000
KXJ28249.1	0	3	3	18	29.938	15.137	158260000
KXJ28264.1	0	14	11	54.1	33.889	35.309	5275300000
KXJ28281.1	0	6	6	30.2	19.24	50.391	1754700000
KXJ28286.1	0	4	2	11.5	49.679	12.005	570000000
KXJ28293.1	0.00034518	4	4	15.1	41.339	3.3347	195710000
KXJ28297.1	0	13	13	13.1	147.49	9.5835	296180000
KXJ28298.1	0	20	20	74.4	19.104	323.31	219940000000
KXJ28302.1	0	16	16	22.9	116.41	37.365	3191400000
KXJ28307.1	0	7	7	6.4	222.87	7.3686	566710000
KXJ28310.1	0.00033267	3	3	4.3	116.8	2.9303	90510000
KXJ28313.1	0	19	19	80.3	12.855	323.31	49333000000
KXJ28314.1	0	8	6	24.9	43.845	65.644	6607100000
KXJ28336.1	0	8	6	24.9	43.845	65.644	6607100000
KXJ21151.1	0	8	6	24.9	43.845	65.644	6607100000
KXJ28318.1	0	13	13	21.7	95.357	13.213	1231700000
KXJ28319.1	0.0060656	2	2	9.2	30.484	1.2275	130000000
KXJ28325.1	0.00064185	2	2	16.3	13.926	2.546	259610000
KXJ28326.1	0	15	15	51.8	34.979	169.4	8836200000
KXJ28338.1	0	3	3	9.9	53.087	5.6535	177750000
KXJ28340.1	0	13	13	26.4	64.176	272.36	3742200000
KXJ28342.1	0.001221	4	4	8.4	89.321	2.0515	95536000
KXJ28345.1	0.0091055	4	3	6.2	110.1	0.98551	103510000
KXJ28350.1	0	12	10	59.7	20.477	75.842	18254000000
KXJ28354.1	0	2	2	11.2	26.823	29.688	38716000
KXJ28358.1	0	7	7	33.9	36.438	66.664	2447200000
KXJ28376.1	0	14	14	20.5	94.392	13.502	1491500000
KXJ28377.1	0	9	9	21	47.102	15.337	1710600000
KXJ28378.1	0	3	3	9.6	48.82	16.8	144770000
KXJ28402.1	0	8	8	44.2	18.561	180.56	32830000000
KXJ28404.1	0	9	9	61.8	24.161	15.055	1382300000
KXJ28406.1	0	6	6	12	67.205	7.1993	1357500000
KXJ28409.1	0.0012434	2	2	6.5	75.278	2.2352	14377000
KXJ28410.1	0	3	3	22.7	20.607	3.966	266610000
KXJ28418.1	0	24	23	26.7	148.37	227.75	1999700000
KXJ28426.1	0.0040115	3	3	3.7	144.63	1.5286	52958000
KXJ28429.1	0	17	17	46.6	51.474	196.38	4534800000
KXJ28434.1	0	14	14	44.3	49.223	199.5	7131200000
KXJ28444.1	0	18	16	34	131.63	40.064	2147900000
KXJ28458.1	0.00033378	3	3	10.2	50.477	2.9862	111710000
KXJ28459.1	0	4	3	7.2	62.187	4.1678	2546800000
KXJ28461.1	0	5	5	18.8	48.11	6.2821	736690000
KXJ28479.1	0	12	8	38.1	47.728	42.682	3521500000
KXJ28480.1	0	22	22	54.2	47.239	181.42	19199000000
KXJ28495.1	0.00033944	4	4	24.9	18.777	3.1722	1405400000
KXJ28513.1	0.0098013	3	3	35.7	8.1287	0.89844	616160000
KXJ28516.1	0	6	6	16.9	51.51	56.445	1570200000
KXJ28521.1	0.009108	2	2	5.8	45.623	0.9874	88652000
KXJ28529.1	0	3	3	8.2	73.91	10.867	255900000
KXJ28540.1	0	8	8	20.3	61.076	7.8691	1017700000
KXJ28552.1	0	6	6	39.8	24.434	31.817	784730000
KXJ28571.1	0	8	8	22.2	50.04	21.325	1341800000
KXJ28576.1	0	17	17	41.9	46.295	52.886	6192700000
KXJ28577.1	0.0055617	3	3	12.9	48.456	1.2874	38205000
KXJ28579.1	0	2	2	5.7	53.281	4.6797	168640000
KXJ28596.1	0	11	11	40.9	29.341	5.63	1630700000
KXJ28601.1	0	3	3	32.1	12.757	4.7031	878930000
KXJ28605.1	0.0023358	2	2	11.6	44.843	1.702	16747000
KXJ28612.1	0	6	6	20.7	30.306	7.104	769950000
KXJ28615.1	0	3	3	11.9	44.144	14.52	319510000
KXJ28619.1	0	40	40	40.5	130.65	323.31	89904000000
KXJ28624.1	0	10	10	29	58.2	17.801	847600000
KXJ28628.1	0.00033501	3	3	24.9	24.685	3.0158	140890000
KXJ28629.1	0.0012296	3	3	4.7	104.99	2.1212	225060000
KXJ28654.1	0	17	17	32.5	65.204	94.502	5660300000
KXJ28686.1	0	5	5	23.4	22.481	5.9637	598410000
KXJ28687.1	0.0012247	4	4	9.3	44.573	2.0879	75154000
KXJ28718.1	0.0056481	3	3	5.9	70.951	1.3861	269080000
KXJ28721.1	0.0015156	3	3	12.7	39.91	1.9814	91548000
KXJ28732.1	0	23	23	52.8	56.726	46.633	7883800000
KXJ28739.1	0	45	45	77.2	54.109	323.31	57920000000
KXJ28740.1	0	3	3	17.7	25.873	41.525	2051900000
KXJ28746.1	0	3	3	5.1	119.66	3.919	52762000
KXJ28747.1	0	10	10	41.1	38.323	29.515	1914500000
KXJ28752.1	0	58	58	41.6	192.03	323.31	10242000000
KXJ06189.1	0	58	58	41.6	192.03	323.31	10242000000
KXJ28762.1	0	9	9	20.8	76.359	23.237	1004400000
KXJ28773.1	0.0012195	2	2	5.2	53.631	2.031	328730000
KXJ28779.1	0	5	5	13.7	44.218	3.9053	824290000
KXJ28781.1	0	10	10	30.5	51.812	4.3957	527240000
KXJ28801.1	0	11	11	48.7	35.435	60.013	9183700000
KXJ28808.1	0	48	48	100	27.673	323.31	748370000000
KXJ28810.1	0	5	5	22.5	28.719	8.9841	372370000
KXJ28811.1	1	2	2	6.3	69.812	-2	26008000
KXJ28818.1	0	12	12	40.5	46.686	12.487	1497800000
KXJ28819.1	0	10	10	69.1	15.384	89.948	19695000000
KXJ28821.1	0	12	12	34	38.67	33.764	7490400000
KXJ28824.1	1	14	1	14.9	122.41	-2	8423800
KXJ28826.1	0	4	4	14.1	45.095	7.4443	631700000
KXJ28834.1	0	4	4	28.1	30.632	8.9782	665970000
KXJ28837.1	0	25	25	49.6	47.328	323.31	43714000000
KXJ28838.1	0	7	7	14.6	23.132	7.056	3219600000
KXJ28841.1	0	20	20	28.1	80.251	63.903	7268100000
KXJ28846.1	0.0012392	2	2	8.4	37.393	2.191	113540000
KXJ28904.1	0.00034341	5	5	20.4	39.89	3.2913	221480000
KXJ28847.1	0.00034341	5	5	20.4	39.89	3.2913	221480000
KXJ28852.1	0	29	27	47.9	55.338	323.31	89956000000
KXJ28853.1	0	9	9	34	40.519	255.33	4112400000
KXJ28858.1	0	9	9	34	40.519	255.33	4112400000
KXJ28856.1	0	5	5	8	96.103	5.1258	432890000
KXJ28857.1	0.00064475	2	2	9.9	33.977	2.581	13386000
KXJ28859.1	0	7	7	26.8	41.156	5.6305	645350000
KXJ28861.1	0	12	12	22.4	77.653	11.591	1688700000
KXJ28875.1	0	2	2	22	11.182	4.4796	11507000
KXJ28880.1	0	25	25	42.4	80.659	69.609	6229800000
KXJ28883.1	0.00064267	3	3	13	23.193	2.5535	291950000
KXJ28901.1	0	31	18	61.5	52.991	146.66	43548000000
KXJ28917.1	0	17	17	28.8	84.984	30.867	2157200000
KXJ29050.1	0	3	3	9	66.001	5.0377	98529000
KXJ28922.1	0	3	3	9	66.001	5.0377	98529000
KXJ28925.1	0	6	6	21.8	29.877	13.463	2544700000
KXJ28932.1	0	17	17	41.4	50.207	101.75	13600000000
KXJ28935.1	0.00095511	3	3	14.8	35.996	2.4405	207630000
KXJ28941.1	0	5	5	16.2	37.361	5.2013	165740000
KXJ28946.1	0	7	7	38.3	22.602	4.2398	252780000
KXJ28951.1	0	6	6	9	85.191	3.8986	460820000
KXJ28963.1	0.0020582	4	3	1.7	467.68	1.7421	14567000
KXJ28968.1	1	6	1	34.3	26.408	-2	11451000
KXJ28973.1	0.0042882	2	2	4.9	63.536	1.5019	102660000
KXJ28988.1	0	10	10	24.5	76.574	28.609	2631200000
KXJ28996.1	0.0056227	4	4	7.8	81.312	1.3563	231780000
KXJ28998.1	0	6	6	21.1	44.715	3.8724	66521000
KXJ28999.1	0	21	21	62.2	35.291	71.295	26526000000
KXJ29001.1	0.00095208	3	3	7.7	64.553	2.4303	85996000
KXJ29003.1	0	6	6	28.2	30.314	48.891	2011300000
KXJ29004.1	0	13	13	46	46.834	52.734	1640300000
KXJ29010.1	0	5	5	8.1	87.989	3.7557	285760000
KXJ29011.1	0.0017916	2	2	10.4	34.919	1.8409	88822000
KXJ29012.1	0	102	102	62.7	191.32	323.31	172940000000
KXJ29020.1	0	10	10	35.3	23.19	10.789	14007000000
KXJ29026.1	0	13	13	5.9	393.59	241.92	322640000
KXJ29027.1	0	8	8	36.1	41.715	10.575	1195000000
KXJ29028.1	0	17	17	55.1	32.865	98.058	12252000000
KXJ29031.1	0	8	8	25.8	37.351	5.5059	1277700000
KXJ29032.1	0	2	2	5.3	71.538	51.671	79333000
KXJ29038.1	0	6	6	56	18.355	5.6907	937320000
KXJ29042.1	0	9	4	34.9	49.732	44.013	10538000000
KXJ29043.1	0	31	31	49.9	79.063	115.98	13384000000
KXJ29047.1	0	6	6	34.7	22.018	35.786	5132500000
KXJ29052.1	0	2	2	17.5	11.701	4.5229	458150000
KXJ29064.1	0	8	8	47.1	25.461	63.29	1057700000
KXJ29067.1	0	6	6	27.7	34.793	223.32	481830000
KXJ29072.1	0	11	11	60.3	24.829	23.818	5480000000
KXJ29073.1	0	10	10	39.5	33.793	78.882	1870700000
KXJ29075.1	0	9	9	34	52.865	72.668	3737400000
KXJ29077.1	0	7	7	60.5	21.873	22.861	1514000000
KXJ29078.1	0	4	4	10.2	79.402	24.28	414470000
KXJ29090.1	0	4	4	34.1	15.125	6.9384	457800000
KXJ29091.1	0	55	55	29.1	248.82	308.7	11705000000
KXJ27767.1	0	55	55	29.1	248.82	308.7	11705000000
KXJ29095.1	0	8	8	69.8	12.889	71.028	7039900000
KXJ29098.1	0	5	5	31	23.915	25.508	2371800000
KXJ29101.1	0	22	22	60.7	42.985	85.45	8507700000
KXJ29102.1	0.0026148	3	3	10.9	45.219	1.6555	89010000
KXJ29111.1	0	3	3	3.1	125.12	3.7524	218090000
KXJ29116.1	0.0015138	3	3	3.1	177.41	1.9622	105620000
KXJ29117.1	0	21	21	88.8	23.233	114.81	30742000000
KXJ29124.1	0	2	2	17.9	19.345	6.2631	463580000
KXJ29128.1	0	5	5	27.1	23.232	21.778	922680000
KXJ29132.1	0	6	5	17.4	59.791	102.4	1376200000
KXJ29133.1	0	13	10	16.9	113.16	31.81	1208900000
KXJ29134.1	0	6	6	38.3	20.584	25.453	3234600000
KXJ29139.1	0	37	37	23.3	251.3	59.017	3104100000
KXJ29141.1	0.00065125	3	3	6	83.118	2.6517	132280000
KXJ29157.1	0	29	29	64.7	54.149	323.31	36968000000
KXJ29165.1	0	13	13	37.5	53.909	43.33	3593800000
KXJ29173.1	0	5	5	39.5	13.542	7.7138	433610000
KXJ29192.1	0.0015088	3	3	6.6	87.872	1.9411	330870000
KXJ29201.1	0	3	3	4.5	85.711	3.5863	586640000
KXJ29153.1	0	3	3	4.5	85.711	3.5863	586640000
KXJ29203.1	0.002891	3	3	2.5	160.44	1.6184	59975000
KXJ29209.1	0.0012403	4	4	14.3	48.473	2.208	84918000
KXJ29215.1	0	11	10	13.2	106.69	4.6419	510240000
KXJ29217.1	0	42	42	32.8	178.48	185.72	7808800000
KXJ29223.1	0.006039	4	4	11.2	69.523	1.1962	9882600
KXJ29225.1	0	12	12	56.6	26.319	26.982	11282000000
KXJ29170.1	0	12	12	56.6	26.319	26.982	11282000000
KXJ29144.1	0	12	12	56.6	26.319	26.982	11282000000
KXJ29227.1	0.0037367	2	2	9.3	27.802	1.5539	51564000
KXJ29233.1	0	12	9	14.8	119.21	14.919	210370000
KXJ29240.1	0.0003283	11	10	16.1	105.68	2.7322	859600000
KXJ29248.1	0	2	2	6.6	63.201	15.039	13395000
KXJ29259.1	0	16	16	55.4	31.625	323.31	22758000000
KXJ29268.1	0	30	30	51.4	69.977	138.15	14597000000
KXJ29270.1	0	4	4	16.1	30.881	34.497	298190000
KXJ29277.1	0	3	3	10.1	57.379	21.468	345850000
KXJ29284.1	0.00125	3	3	20	22.7	2.2846	90970000
KXJ29308.1	0.0017932	2	2	1.7	183.79	1.8599	191270000
KXJ29329.1	0.0060673	2	2	17.9	8.0496	1.2306	443910000
KXJ29342.1	1	2	2	3.7	83.385	-2	53690000
KXJ29348.1	0	4	4	6.6	105.31	5.0818	104250000
KXJ29352.1	1	2	2	3.7	54.282	-2	23167000
KXJ29365.1	0	19	19	57.3	29.643	113.97	22407000000
KXJ29367.1	0	2	2	9	41.212	5.2215	21378000
KXJ29379.1	0	4	4	14.6	27.749	11.314	1988200000
KXJ29387.1	0.0006398	3	3	29.4	14.441	2.5102	384390000
KXJ29390.1	0	16	16	9.7	241.68	11.174	488320000
KXJ29402.1	0	15	15	39.4	46.709	11.35	4887200000
KXJ29404.1	0	3	3	25.3	9.353	190.25	9987700000
KXJ29407.1	0	11	11	55	41.633	52.721	1586900000
KXJ29410.1	0	21	21	64.9	36.776	323.31	11621000000
KXJ29424.1	0	42	42	54.4	103.56	310.73	19061000000
KXJ29425.1	0	13	13	18.3	57.891	24.891	2227800000
KXJ29462.1	0	11	11	47.1	17.576	27.534	13972000000
KXJ29439.1	0	11	11	47.1	17.576	27.534	13972000000
KXJ29454.1	0	11	11	15.8	106.33	8.9876	513710000
KXJ29465.1	0	4	4	20.8	26.453	39.797	617130000
KXJ29474.1	0	11	11	20.3	50.136	312.37	25033000000
KXJ29482.1	0	2	2	6.4	70.662	3.4456	23068000
KXJ29487.1	0	5	5	23.4	23.785	12.959	466920000
KXJ29499.1	0.0095745	2	2	2.9	109.95	0.92589	91283000
KXJ29393.1	0.0095745	2	2	2.9	109.95	0.92589	91283000
KXJ29512.1	0	35	35	88.2	38.246	208.51	100180000000
KXJ29516.1	0.00032982	3	3	13.6	25.272	2.7923	456010000
KXJ29518.1	0	8	8	43.8	18.815	46.425	5341900000
CON__P62894	0	8	8	43.8	18.815	46.425	5341900000
KXJ29519.1	0	5	2	9.5	62.493	4.4765	4366900000
KXJ29523.1	0.0055975	2	2	3.8	86.066	1.3173	103590000
KXJ29524.1	0	9	9	11.7	90.965	7.5153	1037300000
KXJ05917.1	0	9	9	11.7	90.965	7.5153	1037300000
KXJ29525.1	0	20	20	43.6	55.351	34.764	6591700000
KXJ29528.1	0	5	5	10.5	91.64	4.7473	122040000
KXJ29537.1	0	5	5	36.9	14.584	5.8419	882380000
KXJ29539.1	0	3	3	8.4	42.729	15.754	2456400000
KXJ29544.1	0	6	6	30.8	34.825	6.674	3929100000
KXJ29556.1	0	8	8	24.7	64.367	87.773	191070000
KXJ29565.1	0	9	9	15.7	80.272	17.942	436590000
KXJ29574.1	0.0015101	4	2	4.4	120.04	1.9469	384950000
KXJ29575.1	0	9	9	24.2	60.599	8.7482	562580000
KXJ29577.1	0	8	7	4.8	211.55	34.317	2633600000
KXJ29578.1	0	4	4	5.2	131.28	3.6426	96645000
KXJ29582.1	0.0015119	4	4	9.9	49.345	1.9558	494840000
KXJ29583.1	0	12	12	36.8	53.135	106.73	2789600000
KXJ29584.1	0	13	13	76.5	16.182	323.31	24877000000
KXJ29585.1	0	2	2	9.9	39.269	5.2674	43471000
KXJ29592.1	0	10	10	14.7	106.45	9.5434	915500000
KXJ29595.1	0	6	6	24.8	39.72	8.3682	1336500000
KXJ29597.1	0	10	9	70.6	18.434	189.13	9038400000
KXJ27550.1	0	10	9	70.6	18.434	189.13	9038400000
KXJ29598.1	0	12	12	27.4	72.797	12.255	1069700000
KXJ29603.1	0.00034153	8	5	15.5	66.476	3.2222	1589800000
KXJ29609.1	0	5	5	32.5	18.63	7.191	550660000
KXJ29614.1	1	4	4	6.4	80.026	-2	167640000
KXJ29616.1	0	7	7	16.4	72.089	20.607	1688800000
KXJ29621.1	0	7	7	5.9	259.89	14.433	229140000
KXJ29622.1	0	9	9	34.3	26.454	181.59	10546000000
KXJ29623.1	0	16	16	51.6	49.778	82.246	2912900000
KXJ29638.1	0	12	12	22.6	56.956	10.403	891260000
KXJ29639.1	0	3	3	17.5	31.062	16.82	111830000
KXJ29640.1	0	2	2	8.9	54.919	15.935	299040000
KXJ29642.1	0.00033058	3	3	17.2	36.482	2.8358	43591000
KXJ29644.1	0	8	8	58.9	14.767	30.208	3112200000
KXJ29652.1	1	2	2	8.2	40.018	-2	46920000
KXJ29663.1	0.0045727	3	3	11.6	38.192	1.4996	158780000
KXJ29670.1	0	5	5	9.7	51.539	6.7407	322850000
KXJ29675.1	0.00033036	4	4	13.3	47.15	2.8295	342270000
KXJ06619.1	0.00033036	4	4	13.3	47.15	2.8295	342270000
KXJ29676.1	0	4	4	14.6	59.627	4.6821	182770000
KXJ29678.1	0	9	9	28.2	53.037	20.555	2607300000
KXJ29684.1	0	4	4	15.5	29.615	36.111	1283400000
KXJ29687.1	0	2	2	8.6	32.491	7.095	536840000
KXJ29691.1	0	23	23	27.5	124.18	47.836	3295300000
KXJ29696.1	0	8	8	20.8	47.013	10.861	3553400000
KXJ29699.1	0	7	7	55.6	20.163	10.546	610620000
KXJ29716.1	0	19	18	68.3	40.779	121.71	69870000000
KXJ29727.1	0.0012469	4	4	2.7	216.03	2.2646	80699000
KXJ29736.1	0	7	5	27.9	29.228	32.837	1733900000
KXJ29740.1	0	31	31	85.6	38.337	265.53	39876000000
KXJ29741.1	0	2	2	11	36.963	20.47	138620000
KXJ29757.1	0.00033223	3	3	9.4	47.399	2.902	142920000
KXJ29763.1	0	11	11	31.1	59.932	65.069	911720000
KXJ29766.1	0	8	8	28	37.826	10.974	1174000000
KXJ29767.1	0	9	9	40.7	30.502	21.579	2621200000
KXJ29772.1	0.0056529	2	2	4.6	63.588	1.399	130000000
KXJ29788.1	0	9	9	13	117.75	51.353	535470000
KXJ29794.1	0	8	8	12.9	49.719	10.255	2110000000
KXJ29805.1	0	2	2	9.4	34.485	79.195	59054000
KXJ29806.1	0	37	37	44.2	92.682	218.47	24546000000
KXJ29808.1	0.0031719	6	6	33.2	26.192	1.6019	279550000
KXJ29844.1	0.0031719	6	6	33.2	26.192	1.6019	279550000
KXJ29815.1	0	15	15	27.3	95.578	86.185	2729200000
KXJ29816.1	0	5	5	10.8	58.534	7.95	99616000
KXJ29811.1	0	5	5	10.8	58.534	7.95	99616000
KXJ29817.1	0.008871	2	2	4.9	67.798	1.0065	126940000
KXJ29818.1	1	2	1	6.1	52.053	-2	13377000
KXJ29821.1	0	4	4	7.1	62.401	4.3314	138270000
KXJ07285.1	0	4	4	7.1	62.401	4.3314	138270000
KXJ29827.1	0	13	11	20.3	129.99	118.46	4979700000
KXJ29828.1	0	28	28	27.4	183.28	119.67	3944000000
KXJ29830.1	0	26	26	74.9	26.287	323.31	69370000000
KXJ29834.1	0	3	3	5.6	76.016	196.77	826780000
KXJ29838.1	0	10	10	40.9	44.186	11.59	829610000
KXJ29839.1	0	6	6	6.6	170.62	18.121	215700000
KXJ29840.1	0	10	10	6.3	195.6	9.9042	3526400000
KXJ29842.1	0	6	6	17.2	55.874	23.029	429270000
KXJ29852.1	0	54	54	58.1	83.604	323.31	142550000000
KXJ29853.1	0	4	4	5.7	118.18	7.2062	295750000
KXJ29862.1	0	3	3	32.9	16.399	28.093	648810000
KXJ29867.1	0	7	7	10.7	102.03	22.24	4106300000
KXJ29868.1	0	11	11	23.1	61.752	52.997	1423500000
KXJ29870.1	0	16	10	24.9	105.48	323.31	11269000000
KXJ30041.1	0	16	10	24.9	105.48	323.31	11269000000
KXJ29879.1	0	53	53	55.1	132.45	274.84	37821000000
KXJ29885.1	0	2	1	9.6	33.877	5.4595	160420000
KXJ29887.1	0	9	8	25.3	55.287	8.2672	877610000
KXJ29888.1	0.00033201	3	3	7.9	71.379	2.8892	67727000
KXJ29892.1	0	5	5	13.8	92.051	26.38	433530000
KXJ29895.1	0	5	5	21.6	26.69	5.1061	297730000
KXJ29896.1	0.00033557	2	2	8.4	40.465	3.0369	74903000
KXJ29899.1	0.00095178	2	0	10.2	33.238	2.4232	1282600000
KXJ30029.1	0.00095178	2	0	10.2	33.238	2.4232	1282600000
KXJ22767.1	0.00095178	2	0	10.2	33.238	2.4232	1282600000
KXJ29864.1	0.00095178	2	0	10.2	33.238	2.4232	1282600000
KXJ29902.1	0	12	12	35.6	35.039	83.597	11176000000
KXJ29907.1	0	13	2	19.2	74.383	323.31	8171700000
KXJ29919.1	0	10	10	58	16.478	54.756	31679000000
KXJ29922.1	0	2	2	18.3	27.945	4.0008	90772000
KXJ29928.1	0	24	22	47.6	54.739	93.534	11737000000
KXJ29937.1	0	11	11	15.5	134.88	12.212	788120000
KXJ24812.1	0	11	11	15.5	134.88	12.212	788120000
KXJ29940.1	0	8	8	47.4	24.276	128.63	6785400000
KXJ29943.1	1	13	1	38.4	33.027	-2	211900000
KXJ29954.1	0.0056132	3	3	3.6	139.8	1.3377	1032900000
KXJ29957.1	0.00064998	2	2	11.5	29.215	2.6242	27953000
KXJ29964.1	0	10	10	17.8	123.68	29.092	1216400000
KXJ05508.1	0	10	10	17.8	123.68	29.092	1216400000
KXJ29972.1	0	77	77	86	75.941	323.31	387810000000
KXJ29973.1	0	6	6	31.3	30.501	11.114	1955100000
KXJ29976.1	0	17	17	35.9	51.464	28.16	5379400000
KXJ29977.1	0.00033234	4	4	13	32.297	2.9058	354070000
KXJ29980.1	0	9	9	40.5	23.602	51.033	6134300000
KXJ29981.1	0.00064	5	5	10.7	85.649	2.5105	71397000
KXJ29984.1	0.00064558	2	2	45.5	8.5547	2.5879	73860000
KXJ29989.1	0	5	5	38.9	15.357	49.139	4305100000
KXJ29995.1	0	8	8	10.3	120.67	4.626	410830000
KXJ29998.1	0	8	8	18	66.717	6.1934	383590000
KXJ30001.1	0.0056054	11	2	26	55.943	1.3279	21018000
KXJ30012.1	0	13	13	46.2	43.286	87.42	6711600000
KXJ30013.1	0	12	2	34.9	36.383	44.436	2133500000
KXJ30017.1	0	8	6	23	36.376	9.5199	3096800000
KXJ30018.1	0	10	10	37.2	40.167	22.64	2991500000
KXJ30037.1	1	2	2	9.4	52.019	-2	19854000
KXJ30038.1	0.0031709	2	2	15.9	25.323	1.6012	54721000
KXJ30049.1	0	32	32	33	113.76	24.5	9184000000
KXJ30054.1	0	10	10	45.4	28.499	49.055	5702200000
KXJ30063.1	0	38	38	17.9	299.71	323.31	8516300000
KXJ30065.1	0	6	6	9.2	94.303	7.1733	286040000
KXJ30079.1	0	2	2	25	13.119	4.8421	82835000
KXJ30085.1	0	7	7	19	33.868	29.167	6267200000
KXJ30092.1	0.0028902	3	3	9.8	51.931	1.6166	123920000
KXJ30101.1	0	10	10	33.9	26.2	6.9467	2206100000
KXJ30176.1	0	10	10	33.9	26.2	6.9467	2206100000
KXJ30117.1	0.0020546	7	1	13.2	59.136	1.7378	217480000
KXJ30121.1	0	12	5	30.2	59.692	30.708	1149700000
KXJ30122.1	0	10	10	13.7	116.27	10.314	865170000
KXJ30127.1	0	6	6	26.4	43.476	12.946	828470000
KXJ30131.1	0.0012323	4	4	15.8	30.645	2.1379	53094000
KXJ30140.1	0.00094907	3	3	7.5	66.609	2.3921	250050000
KXJ30147.1	0.00063816	4	4	38	8.2924	2.4748	253450000
KXJ30153.1	0	4	4	19.1	28.442	306.86	5156600000
KXJ30165.1	0	2	2	8.5	53.481	5.7029	240830000
KXJ30166.1	0	15	15	63.1	23.422	323.31	1662100000
KXJ30179.1	0	22	22	64.7	32.796	68.741	60988000000
KXJ30191.1	0.0012516	4	4	23.8	30.052	2.2961	62298000
KXJ30199.1	0.00032819	3	3	3.8	143.95	2.7321	194730000
KXJ30200.1	0	5	5	18.9	27.3	6.7238	402410000
KXJ30182.1	0	5	5	18.9	27.3	6.7238	402410000
KXJ30208.1	0	2	2	37.5	10.428	32.581	767140000
KXJ30210.1	0	16	16	52.7	39.834	116.76	6084200000
KXJ30221.1	0	292	208	78.2	344.01	323.31	936760000000
KXJ30222.1	0	7	7	28.9	40.073	7.1736	1067600000
KXJ30224.1	0.0012587	2	2	24.5	12.6	2.3466	61412000
REV__CON__P17697	0.00065168	3	3	0	51.113	2.6656	303580000
REV__CON__Q0V8M9	1	2	2	0	99.536	-2	47422000
REV__KXJ06047.1	0.0040184	2	2	0	27.516	1.5412	58538000
REV__KXJ22638.1	0.0040184	2	2	0	27.516	1.5412	58538000
REV__KXJ06240.1	1	2	2	0	61.148	-2	157650000
REV__KXJ11645.1	1	2	2	0	61.148	-2	157650000
REV__KXJ06498.1	0.0058285	2	2	0	342.31	1.2732	7085900000
REV__KXJ08418.1	1	2	2	0	204.77	-2	100420000
REV__KXJ18435.1	1	2	2	0	81.182	-2	140200000
REV__KXJ08583.1	1	2	2	0	81.182	-2	140200000
REV__KXJ09789.1	1	2	1	0	114.7	-2	8974900
REV__KXJ09790.1	1	2	1	0	114.7	-2	8974900
REV__KXJ09806.1	0.0012618	3	3	0	133.85	2.3706	44078000
REV__KXJ19428.1	0.0012618	3	3	0	133.85	2.3706	44078000
REV__KXJ10344.1	1	2	2	0	535.4	-2	121230000
REV__KXJ10349.1	1	2	2	0	108.34	-2	88562000
REV__KXJ10495.1	0.0091128	2	2	0	110.18	0.99333	150770000
REV__KXJ10522.1	1	2	2	0	63.24	-2	63705000
REV__KXJ11367.1	1	2	1	0	105.71	-2	17469000
REV__KXJ11499.1	1	3	3	0	149.67	-2	64305000
REV__KXJ06002.1	1	3	3	0	149.67	-2	64305000
REV__KXJ12575.1	1	2	2	0	198.26	-2	29862000
REV__KXJ13000.1	0.0050948	2	2	0	106.54	1.4217	30291000000
REV__KXJ13080.1	1	3	3	0	85.389	-2	37063000
REV__KXJ13341.1	1	3	3	0	128.17	-2	46418000
REV__KXJ13361.1	0.0023481	5	5	0	260.86	1.7378	704310000
REV__KXJ13365.1	1	3	3	0	152.42	-2	82944000
REV__KXJ13368.1	0.0026254	9	9	0	525.63	1.6949	533590000
REV__KXJ14034.1	0.00095633	2	2	0	66.865	2.4618	2145000000
REV__KXJ14284.1	0.0093658	3	3	0	102.43	0.97308	3913000000
REV__KXJ15381.1	1	2	2	0	369.98	-2	42834000
REV__KXJ15422.1	0.0042955	7	7	0	409	1.5207	330590000
REV__KXJ15613.1	0.0083716	2	2	0	82.23	1.061	234310000
REV__KXJ15699.1	1	2	2	0	74.205	-2	82820000
REV__KXJ16272.1	0.0098117	2	2	0	113.82	0.90419	22473000
REV__KXJ06748.1	0.0098117	2	2	0	113.82	0.90419	22473000
REV__KXJ08159.1	0.0098117	2	2	0	113.82	0.90419	22473000
REV__KXJ06783.1	0.0098117	2	2	0	113.82	0.90419	22473000
REV__KXJ05868.1	0.0098117	2	2	0	113.82	0.90419	22473000
REV__KXJ09461.1	0.0098117	2	2	0	113.82	0.90419	22473000
REV__KXJ10643.1	0.0098117	2	2	0	113.82	0.90419	22473000
REV__KXJ16498.1	0.0070729	3	3	0	116.46	1.1341	399970000
REV__KXJ16725.1	1	3	3	0	250.05	-2	102460000
REV__KXJ17098.1	1	2	2	0	77.964	-2	140000000
REV__KXJ17379.1	1	5	5	0	427.76	-2	395290000
REV__KXJ17880.1	1	2	2	0	77.399	-2	86359000
REV__KXJ18311.1	0.006825	3	3	0	139.47	1.1544	52068000
REV__KXJ18621.1	1	4	4	0	285.25	-2	60512000
REV__KXJ08274.1	1	4	4	0	285.25	-2	60512000
REV__KXJ19706.1	0.0031755	3	3	0	99.421	1.6073	62799000
REV__KXJ19883.1	0.0060959	3	3	0	378.51	1.2644	2183300000
REV__KXJ19929.1	0.0018013	2	2	0	38.588	1.8868	7631700000
REV__KXJ19983.1	0.0048419	2	2	0	285.96	1.4659	15648000
REV__KXJ20200.1	1	2	2	0	57.645	-2	2174100000
REV__KXJ20412.1	0.0078442	2	2	0	82.698	1.0849	248450000
REV__KXJ20482.1	0.007321	2	2	0	65.185	1.1102	1494600000
REV__KXJ20876.1	1	2	2	0	236.51	-2	49496000
REV__KXJ21078.1	0.0056545	2	2	0	114.33	1.4062	233090000
REV__KXJ06295.1	0.0056545	2	2	0	114.33	1.4062	233090000
REV__KXJ21174.1	0.0034572	2	2	0	130.45	1.5929	88115000
REV__KXJ21247.1	0.0037432	2	2	0	268.72	1.5878	51103000
REV__KXJ21474.1	1	2	2	0	128.42	-2	13905000
REV__KXJ15495.1	1	2	2	0	128.42	-2	13905000
REV__KXJ18376.1	1	2	2	0	128.42	-2	13905000
REV__KXJ07804.1	1	2	2	0	128.42	-2	13905000
REV__KXJ22068.1	1	2	2	0	103.42	-2	239970000
REV__KXJ22601.1	1	2	2	0	120.94	-2	72090000
REV__KXJ22844.1	0.0020759	2	2	0	186.71	1.8019	918300000
REV__KXJ22862.1	1	2	2	0	78.301	-2	38837000
REV__KXJ24003.1	0.0088734	2	2	0	43.884	1.0158	33555000
REV__KXJ21930.1	0.0088734	2	2	0	43.884	1.0158	33555000
REV__KXJ24313.1	1	2	2	0	100.87	-2	48227000
REV__KXJ19775.1	1	2	2	0	100.87	-2	48227000
REV__KXJ25110.1	0.0065717	3	3	0	108.92	1.1785	1309000000
REV__KXJ25132.1	0.0096154	2	2	0	135.46	0.95508	100660000
REV__KXJ25285.1	1	2	2	0	75.069	-2	90419000
REV__KXJ25568.1	0.0086346	2	2	0	29.995	1.0454	142690000
REV__KXJ25698.1	1	2	2	0	396.29	-2	73292000
REV__KXJ25816.1	1	2	2	0	144.6	-2	17897000
REV__KXJ25827.1	0.004574	2	2	0	95.5	1.5004	123370000
REV__KXJ26212.1	0.0053779	2	2	0	159.67	1.4199	36164000
REV__KXJ26252.1	1	2	2	0	154.21	-2	210420000
REV__KXJ27098.1	1	3	3	0	131.15	-2	361350000
REV__KXJ27486.1	0.0081103	2	2	0	208.38	1.072	261360000
REV__KXJ27785.1	1	3	3	0	80.922	-2	213470000
REV__KXJ28014.1	0.0015188	8	8	0	1512.9	1.9968	1807100000
REV__KXJ28203.1	0.0075737	2	2	0	184.01	1.0897	29427000
REV__KXJ28222.1	1	2	2	0	111.92	-2	33446000
REV__KXJ28660.1	0.0003459	2	1	0	69.027	3.3538	1113800000
REV__KXJ06531.1	0.0003459	2	1	0	69.027	3.3538	1113800000
REV__KXJ09121.1	0.0003459	2	1	0	69.027	3.3538	1113800000
REV__KXJ23869.1	0.0003459	2	1	0	69.027	3.3538	1113800000
REV__KXJ07909.1	0.0003459	2	1	0	69.027	3.3538	1113800000
REV__KXJ28886.1	1	2	2	0	183.83	-2	7111100
REV__KXJ29458.1	1	2	2	0	126.28	-2	33944000
REV__KXJ29461.1	0.0063014	3	3	0	210.37	1.1815	265200000
REV__KXJ29545.1	1	3	3	0	148.91	-2	102740000
REV__KXJ29621.1	1	2	2	0	259.89	-2	38636000
REV__KXJ30064.1	0.0028935	3	3	0	205.91	1.6218	98453000
