comp4063_c0	0	12.4	2536000000	2	2	18.907	19.067
comp10000_c0	0	12.4	2536000000	2	2	18.907	19.067
comp10001_c0	0	7.9	204270000	5	5	85.54	32.049
comp10005_c0	0	25.7	1225600000	11	1	84.983	64.271
comp64947_c0	0	25.7	1225600000	11	1	84.983	64.271
comp21404_c0	0	25.7	1225600000	11	1	84.983	64.271
comp67818_c0	0	25.7	1225600000	11	1	84.983	64.271
comp10009_c0	0.000693	3.3	216110000	2	2	83.509	12.432
comp10016_c0	0.0060096	25.3	426270000	3	1	17.24	6.7829
comp10019_c0	0	11.8	13301000000	2	2	17.917	323.31
comp32255_c0	0	16.6	670360000	3	3	29.956	36.543
comp10025_c0	0	16.6	670360000	3	3	29.956	36.543
comp10030_c0	0	29.6	4000700000	7	7	35.908	106.73
comp10031_c0	0	13.5	475090000	3	3	28.427	40.596
comp10043_c0	0	27.9	467310000	4	4	23.816	26.137
comp10074_c0	0	54.8	4814100000	5	5	17.125	117.16
comp10077_c0	0	25.3	706220000	8	8	61.79	56.023
comp10106_c0	0	17.2	1157200000	2	2	21.987	20.628
comp10113_c0	0.0019133	5.8	287100000	2	2	58.473	11.575
comp10137_c0	0.00066578	23.8	606700000	2	2	10.87	12.003
comp10141_c0	0	29.9	2093300000	7	7	29.1	116.04
comp65817_c0	0	29.9	2093300000	7	7	29.1	116.04
comp10160_c0	0	7.5	332150000	3	3	67.908	19.198
comp66685_c0	0	7.5	332150000	3	3	67.908	19.198
comp65243_c0	0	7.5	332150000	3	3	67.908	19.198
comp10164_c0	0.0060277	19.4	10833000	2	1	19.015	7.0758
comp66723_c0	0.0060277	19.4	10833000	2	1	19.015	7.0758
comp10169_c0	0	40.4	16947000000	21	21	72.733	323.31
comp62815_c0	0	40.4	16947000000	21	21	72.733	323.31
comp10170_c0	0	14.5	134760000	4	4	50.74	24.037
comp81816_c0	0	14.5	134760000	4	4	50.74	24.037
comp70135_c0	0	14.5	134760000	4	4	50.74	24.037
comp9500_c0	0	32.7	1260200000	6	4	29.137	268.76
comp10188_c0	0	32.7	1260200000	6	4	29.137	268.76
comp10874_c0	0	32.7	1260200000	6	4	29.137	268.76
comp15758_c0	0	32.7	1260200000	6	4	29.137	268.76
comp62858_c0	0	32.7	1260200000	6	4	29.137	268.76
comp10215_c0	0	31.4	4091300000	4	4	23.766	47.209
comp10219_c0	0.00064935	4.2	25373000	2	2	75.975	11.781
comp10222_c0	0.0059809	14	98214000	2	1	24.16	6.51
comp10229_c0	0	33	34979000000	37	17	158.76	323.31
comp26430_c0	0	33	34979000000	37	17	158.76	323.31
comp31075_c0	0	33	34979000000	37	17	158.76	323.31
comp35965_c0	0	33	34979000000	37	17	158.76	323.31
comp10232_c0	0	28.8	1318900000	5	2	31.825	313.38
comp10245_c0	0	35.3	7737000000	8	8	22.13	228.56
comp10253_c0	0	29.4	4849800000	3	3	12.306	123
comp32304_c0	0	29.4	4849800000	3	3	12.306	123
comp34726_c0	0	39.4	9245100000	6	6	19.249	323.31
comp30954_c0	0	39.4	9245100000	6	6	19.249	323.31
comp10272_c0	0	39.4	9245100000	6	6	19.249	323.31
comp7055_c0	0	17.8	459370000	3	3	24.254	30.615
comp10276_c0	0	17.8	459370000	3	3	24.254	30.615
comp10278_c0	0	31.2	4244800000	13	13	66.723	323.31
comp99356_c0	0	31.2	4244800000	13	13	66.723	323.31
comp10286_c0	0	27.1	8724200000	10	10	41.557	164.63
comp74301_c0	0	27.1	8724200000	10	10	41.557	164.63
comp10289_c0	0	12.7	589680000	3	3	44.559	19.39
comp10292_c0	0.00082781	9.6	168780000	3	3	48.325	17.663
comp62317_c0	0.00082781	9.6	168780000	3	3	48.325	17.663
comp10294_c0	0.00075586	25.4	17077000	2	2	16.36	13.637
comp10303_c0	0	28.4	2107800000	5	5	29.918	98.089
comp63438_c0	0	28.4	2107800000	5	5	29.918	98.089
comp10317_c0	0	18.3	729600000	8	8	59.554	154.61
comp100723_c0	0	18.3	729600000	8	8	59.554	154.61
comp10327_c0	0.00073421	12.9	118270000	2	2	29.559	13.086
comp10344_c0	0	11.6	477690000	4	3	46.029	24.229
comp62112_c0	0	11.6	477690000	4	3	46.029	24.229
comp10371_c0	0	15.1	292050000	3	3	27.668	18.842
comp10374_c0	0	16	993390000	3	3	26.004	52.843
comp10375_c0	0	29.4	566200000	3	3	20.136	24.772
comp10389_c0	0	26.2	3753500000	7	7	39.368	323.31
comp75622_c0	0	26.2	3753500000	7	7	39.368	323.31
comp10407_c0	0	3.8	75587000	2	2	98.334	19.298
comp10424_c0	0.00084246	6.7	103200000	3	3	67.952	17.951
comp10435_c0	0	11.2	895650000	15	15	217.31	256.74
comp68256_c0	0	11.2	895650000	15	15	217.31	256.74
comp10457_c0	0	13.5	79936000	2	2	32.822	150.51
comp10478_c0	0	9.3	362780000	8	8	148.35	221.41
comp10505_c0	0	16.1	198700000	3	3	38.428	44.318
comp10508_c0	0.00081566	11	509390000	3	3	37.809	17.356
comp10510_c0	0.00072674	9.6	438720000	2	2	25.699	12.976
comp10530_c0	0	8.5	324360000	6	6	137.56	36.431
comp10536_c0	0.0025078	9.2	27300000	2	2	36.844	11.439
comp65496_c0	0.0025078	9.2	27300000	2	2	36.844	11.439
comp10537_c0	0	30.2	6055800000	3	3	16.822	184.94
comp10545_c0	0.0006592	6.5	790940000	2	2	42.806	11.905
comp10547_c0	0	28.4	948770000	5	5	31.771	53.329
comp75276_c0	0	28.4	948770000	5	5	31.771	53.329
comp10561_c0	0	26	767580000	3	3	19.65	20.413
comp65533_c0	0	26	767580000	3	3	19.65	20.413
comp10574_c0	0	11.1	810530000	8	8	110.93	50.269
comp74196_c0	0	11.1	810530000	8	8	110.93	50.269
comp10608_c0	0	31.1	1158200000	8	8	47.789	319.17
comp10612_c0	0	3.4	50296000	2	2	102.87	323.31
comp61432_c0	0	3.4	50296000	2	2	102.87	323.31
comp10630_c0	0.0058651	18.2	259290000	3	1	16.836	5.5393
comp10633_c0	0	19.8	831640000	7	6	58.237	62.135
comp80131_c0	0	19.8	831640000	7	6	58.237	62.135
comp68880_c0	0	19.8	831640000	7	6	58.237	62.135
comp10678_c0	0	47.7	4734300000	5	2	14.196	20.672
comp10690_c0	0	13.9	740140000	6	6	81.488	37.984
comp2115_c0	0	38.8	479960000	4	4	12.237	23.598
comp10702_c0	0	38.8	479960000	4	4	12.237	23.598
comp7737_c0	0	38.8	479960000	4	4	12.237	23.598
comp10567_c0	0	38.8	479960000	4	4	12.237	23.598
comp10740_c0	0	21.5	3917600000	10	9	64.238	175.54
comp71226_c0	0	21.5	3917600000	10	9	64.238	175.54
comp10743_c0	0	16.6	905300000	3	2	33.488	323.31
comp10756_c0	0	23.6	395450000	3	3	18.31	25.329
comp10757_c0	0	29.4	4276300000	13	13	74.993	323.31
comp10758_c0	0	30.7	827890000	6	6	30.985	61.893
comp10777_c0	0	17.4	607680000	3	3	25.053	20.598
comp74361_c0	0	17.4	607680000	3	3	25.053	20.598
comp10805_c0	0.00064392	1.6	37775000	2	2	186.38	11.693
comp10806_c0	0	21.1	2830900000	7	4	38.4	26.283
comp10809_c0	0	24.1	658030000	8	8	58.675	68.178
comp58603_c0	0	24.1	658030000	8	8	58.675	68.178
comp35630_c0	0	24.1	658030000	8	8	58.675	68.178
comp10849_c0	0	10	244650000	5	5	91.137	158.84
comp10862_c0	0.00066489	5.1	134030000	2	2	50.276	11.981
comp76322_c0	0.00066489	5.1	134030000	2	2	50.276	11.981
comp37956_c0	0.00066489	5.1	134030000	2	2	50.276	11.981
comp10924_c0	0	4.4	340740000	4	4	149.13	24.01
comp10933_c0	0	8	227400000	4	4	85.126	23.836
comp10941_c0	0	12.3	828670000	8	8	94.282	50.028
comp10986_c0	0	12.3	828670000	8	8	94.282	50.028
comp11014_c0	0.00074738	6.7	12249000	2	2	55.88	13.388
comp11059_c0	0.000815	8.7	113350000	3	3	54.121	17.298
comp61344_c0	0.000815	8.7	113350000	3	3	54.121	17.298
comp64702_c0	0.000815	8.7	113350000	3	3	54.121	17.298
comp11087_c0	0.00066269	3.6	9342800	2	2	78.518	11.971
comp16664_c0	0	31.9	6811800000	5	5	31.274	323.31
comp11097_c0	0	31.9	6811800000	5	5	31.274	323.31
comp11115_c0	0	19.5	657330000	4	4	37.242	28.469
comp11128_c0	0.00078616	19.4	160150000	2	2	25.773	15.384
comp11198_c0	0	7.5	90017000	3	3	69.318	27.527
comp81402_c0	0	7.5	90017000	3	3	69.318	27.527
comp11226_c0	0	9.8	296690000	7	7	134.19	65.494
comp11257_c0	0	16.4	505670000	5	5	49.747	37.281
comp78698_c0	0	16.4	505670000	5	5	49.747	37.281
comp11260_c0	0	15.7	227960000	3	2	24.448	21.067
comp46582_c0	0	15.7	227960000	3	2	24.448	21.067
comp11266_c0	0	16.5	282660000	5	5	57.887	118.1
comp16589_c0	0	16.5	282660000	5	5	57.887	118.1
comp93121_c0	0	16.5	282660000	5	5	57.887	118.1
comp11314_c0	0.00068493	18.7	164840000	2	2	15.095	12.286
comp1138_c0	0	42.1	309360000	3	3	12.618	30.119
comp12294_c0	0	42.1	309360000	3	3	12.618	30.119
comp11432_c0	0	23.7	1805200000	4	2	24.557	321.44
comp52033_c0	0	17.3	690410000	4	4	44.594	323.31
comp11446_c0	0	17.3	690410000	4	4	44.594	323.31
comp11505_c0	0	14.3	54246000	5	5	50.18	28.957
comp11526_c0	0	40.5	10446000000	6	6	20.028	323.31
comp11565_c0	0.0059666	36	45623000000	4	1	15.41	6.3197
comp11643_c0	0.0060643	58.3	520650000	7	1	17.928	9.8332
comp64156_c0	0.0060643	58.3	520650000	7	1	17.928	9.8332
comp32981_c0	0.0060643	58.3	520650000	7	1	17.928	9.8332
comp11687_c0	0	20.4	17876000000	5	4	45.05	73.211
comp70499_c0	0	20.4	17876000000	5	4	45.05	73.211
comp11763_c0	0	6.6	720900000	4	4	102.66	35.004
comp11774_c0	0	29.5	2899500000	10	10	52.82	112.22
comp11798_c0	0	10.1	119810000	2	2	31.759	19.51
comp11822_c0	0	18.6	858130000	4	4	45.253	323.31
comp11827_c0	0.0059773	28.7	128840000	2	1	13.401	6.4435
comp11889_c0	0	12.3	3898400000	3	3	31.345	22.015
comp11916_c0	0.00078431	10.6	219070000	2	2	33.559	15.308
comp12024_c0	0	25.6	3741100000	3	3	16.993	323.31
comp12048_c0	0	21.5	4230300000	6	5	48.049	61.507
comp70965_c0	0	21.5	4230300000	6	5	48.049	61.507
comp56105_c0	0	21.5	4230300000	6	5	48.049	61.507
comp12099_c0	0	15.9	932120000	2	2	21.63	100.09
comp12130_c0	0.00071633	7.8	86991000	2	2	44.751	12.803
comp12177_c0	0	15.8	596680000	6	6	60.601	70.94
comp12202_c0	0.0060132	24.3	149580000	8	1	52.67	6.8689
comp12235_c0	0	22.5	1612800000	6	6	46.227	37.632
comp12272_c0	0	23.4	16392000	3	3	28.79	21.605
comp12293_c0	0	10.7	31724000000	2	2	15.413	172.81
comp12314_c0	0.0054845	5.6	145340000	2	1	65.74	10.934
comp12338_c0	0	13.3	133780000	3	3	45.936	44.21
comp12436_c0	0.00072464	20.3	40344000	2	2	16.112	12.949
comp12445_c0	0	23.7	198380000	4	4	27.825	34.299
comp78118_c0	0	23.7	198380000	4	4	27.825	34.299
comp12515_c0	0.00071788	10.1	75773000	2	2	33.762	12.829
comp12547_c0	0	20.5	8855600000	9	9	73.069	156.63
comp12623_c0	0	33	5735500000	7	2	44.66	87.716
comp84072_c0	0	33	5735500000	7	2	44.66	87.716
comp12665_c0	0	16.9	232920000	4	4	38.597	24.637
comp12732_c0	0	30.5	4469800000	3	2	15.211	37.449
comp67584_c0	0	30.5	4469800000	3	2	15.211	37.449
comp12741_c0	0	41.5	2497300000	4	2	15.936	50.156
comp10302_c0	0	41.5	2497300000	4	2	15.936	50.156
comp12761_c0	0	36.6	897240000	6	6	29.027	289.04
comp12808_c0	0	9.6	230430000	3	3	60.391	19.502
comp12827_c0	0	19.3	457940000	2	2	21.911	323.31
comp12850_c0	0	14.7	657070000	2	2	23.86	31.145
comp12925_c0	0.00079051	5.4	109700000	2	2	58	15.875
comp12937_c0	0.00069109	13.7	278350000	2	2	27.03	12.362
comp66686_c0	0.00069109	13.7	278350000	2	2	27.03	12.362
comp12958_c0	0	47.7	1024000000	3	3	11.962	202.08
comp12997_c0	0	40.3	10665000000	7	7	33.779	323.31
comp13002_c0	0	16.1	927170000	4	4	43.204	29.228
comp13005_c0	0.0019218	7.6	14201000	2	2	46.847	11.641
comp13058_c0	0	21.3	764770000	4	4	32.367	24.955
comp13062_c0	0.0019182	10.8	54012000	2	2	22.435	11.614
comp13103_c0	0.00076982	12	212570000	2	2	27.682	14.569
comp13134_c0	0	14.8	3483500000	2	2	21.627	20.509
comp98154_c0	0	22	4343100000	3	3	13.648	18.853
comp13179_c0	0	22	4343100000	3	3	13.648	18.853
comp13334_c0	0	13.6	613120000	7	4	74.297	35.078
comp13411_c0	0	16.9	182750000	6	6	59.641	61.991
comp13500_c0	0.00068353	11.2	92746000	2	2	34.134	12.252
comp13503_c0	0	21.4	131120000	2	2	14.355	20.733
comp13558_c0	0	14.7	427370000	4	4	44.348	29.1
comp13568_c0	0	13.4	888110000	5	5	51.561	34.728
comp13705_c0	0.00076161	33.3	794370000	2	1	11.977	13.922
comp13847_c0	0	16.9	551680000	4	4	40.342	91.744
comp66035_c0	0	16.9	551680000	4	4	40.342	91.744
comp13961_c0	0	18	851170000	4	4	35.129	189.6
comp14003_c0	0	7.1	1053900000	4	4	67.923	26.617
comp65198_c0	0	7.1	1053900000	4	4	67.923	26.617
comp14060_c0	0	30.2	2095600000	13	5	57.609	29.719
comp14146_c0	0	4.5	48215000	2	2	86.886	19.599
comp14161_c0	0	8.3	189120000	5	5	88.432	30.847
comp14195_c0	0.0006435	8.3	0	2	2	39.359	11.688
comp14352_c0	0.00074019	7.5	127000000	2	2	29.387	13.152
comp14409_c0	0	7.1	16214000	2	2	48.219	35.787
comp14470_c0	0	9.8	542170000	2	2	34.532	24.469
comp14548_c0	0.00079681	3.8	27292000	2	2	88.238	16.316
comp14571_c0	0	3.8	222220000	2	2	86.972	26.651
comp14608_c0	0.00083542	6.1	53232000	2	2	34.159	17.823
comp14998_c0	0	14	926220000	3	3	35.808	19.752
comp15112_c0	0	30.9	2131700000	5	5	24.175	70.031
comp15118_c0	0	5.5	86089000	3	3	101.9	21.777
comp15143_c0	0.0036832	5.2	13263000	2	2	67.129	11.077
comp15434_c0	0	22.7	126860000	4	4	28.639	44.676
comp15450_c0	0	11.4	151870000	4	4	59.959	24.191
comp15525_c0	0	22.4	1130200000	3	3	26.821	22.538
comp15637_c0	0	28.7	897380000	4	4	26.779	35.159
comp15714_c0	0	25.9	740810000	9	9	59.401	77.003
comp15752_c0	0.00068634	10.3	199630000	2	2	24.764	12.294
comp15777_c0	0.0042866	2.9	3104100	2	2	114.33	11.021
comp15801_c0	0	22.1	653640000	4	4	35.038	323.31
comp15809_c0	0.0019157	21.8	921410000	2	2	11.928	11.598
comp15824_c0	0	18.7	1090000000	4	2	36.178	39.62
comp15857_c0	0	22.4	1338800000	5	4	51.718	110.97
comp78038_c0	0	22.4	1338800000	5	4	51.718	110.97
comp78167_c0	0	22.4	1338800000	5	4	51.718	110.97
comp27349_c0	0	22.4	1338800000	5	4	51.718	110.97
comp15884_c0	0	28.6	1496200000	5	5	33.018	323.31
comp15903_c0	0.0008569	12.7	29089000	3	3	42.787	18.229
comp15955_c0	0	44.4	7428300000	6	5	19.287	75.353
comp30089_c0	0	44.4	7428300000	6	5	19.287	75.353
comp15982_c0	0	12.9	1032200000	2	2	33.361	26.122
comp16023_c0	0	7.9	632460000	6	6	109.86	81.167
comp16062_c0	0	64.3	54022000000	21	8	53.796	323.31
comp47574_c0	0	64.3	54022000000	21	8	53.796	323.31
comp16378_c0	0	26.7	3153700000	6	6	28.253	323.31
comp69784_c0	0	26.7	3153700000	6	6	28.253	323.31
comp16395_c0	0.00073153	9.9	309410000	2	1	29.048	13.047
comp16472_c0	0	33.2	1430400000	5	5	20.584	49.967
comp16487_c0	0	13.9	1337500000	7	7	75.812	44.039
comp16514_c0	0	25.9	1439100000	5	5	28.853	45.994
comp1662_c0	0.0059418	35	18251000	4	1	13.552	6.1466
comp41785_c0	0.0059418	35	18251000	4	1	13.552	6.1466
comp23363_c0	0.0059418	35	18251000	4	1	13.552	6.1466
comp16686_c0	0.00082919	5.1	61460000	3	3	78.156	17.681
comp16732_c0	0.00071124	16.4	104960000	2	2	20.448	12.709
comp16780_c0	0.00084317	6.3	475790000	3	3	53.566	17.953
comp16800_c0	0.00065147	4.8	36356000	2	2	63.725	11.807
comp25470_c0	0.0007485	16.1	489980000	2	2	18	13.417
comp16809_c0	0.0007485	16.1	489980000	2	2	18	13.417
comp44911_c0	0.0007485	16.1	489980000	2	2	18	13.417
comp16827_c0	0	13.2	23701000	2	2	29.199	92.97
comp1683_c0	0	25.9	707550000	3	3	17.106	69.079
comp16904_c0	0	33.5	59001000	3	3	18.304	19.451
comp16913_c0	0	12.9	1036800000	4	4	60.12	77.527
comp16928_c0	0	28.3	5859300000	9	9	51.869	65.825
comp16941_c0	0.00079491	11.5	366440000	2	2	26.978	16.234
comp16951_c0	0	32.8	44830000000	9	9	37.285	323.31
comp38606_c0	0	32.8	44830000000	9	9	37.285	323.31
comp45166_c0	0	32.8	44830000000	9	9	37.285	323.31
comp13210_c0	0	32.8	44830000000	9	9	37.285	323.31
comp17016_c0	0	37.3	4589700000	9	9	30.313	98.456
comp17038_c0	0	6	158410000	5	5	165.73	37.1
comp17139_c0	0	26.7	1510400000	5	5	27.265	131.19
comp17165_c0	0	40.1	4212000000	8	8	30.27	263.67
comp17285_c0	0.0058824	9.8	4124500	2	1	29.3	5.6751
comp1731_c0	0	45.5	6613900000	3	3	11.364	323.31
comp33533_c0	0	45.5	6613900000	3	3	11.364	323.31
comp17438_c0	0	63.8	6852900000	7	7	19.426	61.642
comp17447_c0	0.00075131	7.3	60473000	2	2	45.37	13.514
comp17539_c0	0	19.4	468440000	4	4	28.029	182.97
comp17572_c0	0	39	3752900000	9	9	40.445	323.31
comp17665_c0	0	9.9	90504000	3	3	53.21	18.609
comp17870_c0	0	12.4	1936900000	7	7	77.576	42.182
comp17924_c0	0	22.4	442330000	3	3	20.83	28.784
comp17958_c0	0	33.3	896240000	4	4	21.372	120.88
comp17965_c0	0	7	222620000	3	3	93.764	41.072
comp17973_c0	0.00068399	5.7	100200000	2	2	49.38	12.252
comp37307_c0	0.00068399	5.7	100200000	2	2	49.38	12.252
comp17996_c0	0	19.1	207590000	4	4	43.003	148.56
comp18099_c0	0	23.3	933150000	3	3	19.818	21.106
comp18109_c0	0	4.5	152060000	3	3	103.54	20.457
comp18175_c0	0	30.3	6140000000	10	7	48.284	244.73
comp77888_c0	0	30.3	6140000000	10	7	48.284	244.73
comp18184_c0	0	10	163260000	2	2	36.322	20.973
comp18224_c0	0.0042761	11.4	6503700	2	2	47.722	10.993
comp18244_c0	0.00080064	4.2	15224000	3	3	119.36	16.628
comp18275_c0	0	28.9	2646300000	5	5	30.789	70.82
comp18302_c0	0.00066667	3.2	17933000	2	2	85.788	12.008
comp18392_c0	0	5.6	75574000	2	2	45.199	159.15
comp18431_c0	0.00066357	17.7	69088000	2	2	19.983	11.976
comp18480_c0	0	30.9	247640000	3	3	19.445	24.115
comp18494_c0	0.000819	5.1	13736000	3	3	85.466	17.506
comp18502_c0	0.00077882	8.5	516510000	2	2	38.378	14.997
comp18560_c0	0.003096	6.3	108340000	2	2	44.894	11.207
comp18629_c0	0.0042945	3	15962000	2	2	111.29	11.03
comp18648_c0	0	15	944180000	7	7	85.766	323.31
comp18657_c0	0	11.7	217640000	5	5	65.108	117.79
comp18683_c0	0	10.9	862910000	3	3	49.243	190.62
comp18695_c0	0	18.5	268440000	3	3	36.925	18.726
comp18744_c0	0	16	604310000	4	4	35.168	25.858
comp18764_c0	0	32.3	10612000000	16	13	78.31	323.31
comp18827_c0	0	29.1	6474600000	7	7	50.929	323.31
comp18860_c0	0.0024953	7.7	36641000	2	2	45.278	11.348
comp79601_c0	0.0024953	7.7	36641000	2	2	45.278	11.348
comp18868_c0	0	8.5	567790000	6	6	98.567	36.785
comp3636_c0	0	8.5	567790000	6	6	98.567	36.785
comp56502_c0	0	8.5	567790000	6	6	98.567	36.785
comp18887_c0	0.00075019	20.9	1404100000	2	2	15.018	13.481
comp18954_c0	0	19	2021100000	10	9	84.524	285.58
comp71353_c0	0	19	2021100000	10	9	84.524	285.58
comp61732_c0	0	19	2021100000	10	9	84.524	285.58
comp74863_c0	0	19	2021100000	10	9	84.524	285.58
comp18976_c0	0	25	560660000	2	2	20.678	29.728
comp18984_c0	0	9.2	1053500000	4	4	66.831	24.131
comp19000_c0	0	17.1	88585000	3	3	27.382	22.236
comp58455_c0	0	52.4	5062000000	3	3	11.462	212.31
comp19010_c0	0	52.4	5062000000	3	3	11.462	212.31
comp19023_c0	0	13.1	390200000	3	3	50.07	31.346
comp19064_c0	0	4.5	741810000	4	4	128.71	28.977
comp19077_c0	0	26	1743200000	19	18	115.73	323.31
comp19136_c0	0.00086806	13.5	208410000	3	3	34.487	18.404
comp19155_c0	0.00068213	6.9	60218000	2	2	38.509	12.242
comp19176_c0	0	28.1	472710000	4	4	29.038	38.473
comp19188_c0	0	24.9	5439200000	26	26	194.44	323.31
comp77751_c0	0	24.9	5439200000	26	26	194.44	323.31
comp65615_c0	0	24.9	5439200000	26	26	194.44	323.31
comp19217_c0	0	34.1	4392300000	18	10	79.184	323.31
comp23997_c0	0	34.1	4392300000	18	10	79.184	323.31
comp19260_c0	0.0059207	14.2	8465500	3	1	36.34	5.996
comp19302_c0	0.00074129	4.8	13246000	2	2	76.438	13.174
comp19320_c0	0	15.7	68546000	2	2	25.387	29.26
comp69685_c0	0	15.7	68546000	2	2	25.387	29.26
comp19361_c0	0	29.8	2014600000	5	5	28.585	124.55
comp5417_c0	0	51.2	12146000000	6	6	13.904	103.5
comp19362_c0	0	51.2	12146000000	6	6	13.904	103.5
comp19363_c0	0	17.4	686850000	5	5	47.629	32.698
comp69244_c0	0	17.4	686850000	5	5	47.629	32.698
comp33000_c0	0.00070028	19.2	157320000	2	1	16.979	12.547
comp19370_c0	0.00070028	19.2	157320000	2	1	16.979	12.547
comp19384_c0	0	8	643360000	2	2	42.363	323.31
comp19397_c0	0	52.3	6009700000	5	2	14.069	23.411
comp19398_c0	0	22.3	6858500000	16	16	97.568	118.33
comp61793_c0	0	22.3	6858500000	16	16	97.568	118.33
comp1417_c0	0	22.3	6858500000	16	16	97.568	118.33
comp19419_c0	0.00086655	11.5	1226800000	3	3	34.336	18.379
comp77593_c0	0.00086655	11.5	1226800000	3	3	34.336	18.379
comp35098_c0	0.00086655	11.5	1226800000	3	3	34.336	18.379
comp19428_c0	0	20.8	2416200000	12	10	92.195	96.047
comp85171_c0	0	20.8	2416200000	12	10	92.195	96.047
comp19457_c0	0	36.7	2734900000	6	6	24.665	281.76
comp19466_c0	0	8.4	39787000	2	2	41.847	29.842
comp19482_c0	0	8.2	1405500000	6	4	82.992	60.413
comp1852_c0	0	8.2	1405500000	6	4	82.992	60.413
comp19511_c0	0	38.8	28179000000	9	9	26.928	323.31
comp44184_c0	0	12.3	3206700000	3	3	37.646	43.263
comp19527_c1	0	12.3	3206700000	3	3	37.646	43.263
comp19547_c0	0	24.5	2982400000	6	6	47.325	323.31
comp65689_c0	0	24.5	2982400000	6	6	47.325	323.31
comp74674_c0	0	24.5	2982400000	6	6	47.325	323.31
comp26004_c0	0	20.3	12938000000	3	3	13.675	142.67
comp19557_c0	0	20.3	12938000000	3	3	13.675	142.67
comp45862_c0	0	20.3	12938000000	3	3	13.675	142.67
comp44272_c0	0	20.3	12938000000	3	3	13.675	142.67
comp8573_c0	0	33.8	813680000	3	3	16.103	19.024
comp19562_c0	0	33.8	813680000	3	3	16.103	19.024
comp67209_c0	0	44.2	9588300000	8	3	23.431	60.255
comp19564_c0	0	44.2	9588300000	8	3	23.431	60.255
comp19571_c0	0	38.3	6092700000	5	2	18.375	154.28
comp19576_c0	0	20.9	4944000000	5	5	37.647	61.709
comp58104_c0	0	20.9	4944000000	5	5	37.647	61.709
comp23133_c0	0	25	114000000	2	1	13.649	167.8
comp19578_c0	0	25	114000000	2	1	13.649	167.8
comp19612_c0	0	27.7	2537300000	5	5	36.259	112.7
comp62502_c0	0	27.7	2537300000	5	5	36.259	112.7
comp19619_c0	0	17.9	724820000	6	6	56.119	200.65
comp69248_c0	0	17.9	724820000	6	6	56.119	200.65
comp19631_c0	0	18.4	2540700000	3	3	23.098	20.127
comp19636_c0	0	17.6	1204400000	12	12	90.949	323.31
comp72456_c0	0	17.6	1204400000	12	12	90.949	323.31
comp50037_c0	0	17.6	1204400000	12	12	90.949	323.31
comp78765_c0	0	17.6	1204400000	12	12	90.949	323.31
comp19682_c0	0	34.9	7134700000	7	7	36.578	61.573
comp19698_c0	0	54.5	2337400000	8	6	29.293	323.31
comp33850_c0	0	35.7	1569500000	3	3	16.697	186.27
comp19724_c0	0	35.7	1569500000	3	3	16.697	186.27
comp87854_c0	0	35.7	1569500000	3	3	16.697	186.27
comp19730_c0	0	8.3	53578000	3	3	57.745	18.459
comp80861_c0	0	8.3	53578000	3	3	57.745	18.459
comp68115_c0	0	8.3	53578000	3	3	57.745	18.459
comp19747_c0	0	26.7	2320000000	3	3	16.38	18.666
comp19767_c0	0	13.7	112660000	4	4	44.935	24.464
comp46851_c0	0	13.7	112660000	4	4	44.935	24.464
comp30289_c0	0.00079239	14	2944800000	2	2	17.995	15.996
comp19778_c0	0.00079239	14	2944800000	2	2	17.995	15.996
comp11686_c0	0.00079239	14	2944800000	2	2	17.995	15.996
comp19782_c0	0	23.2	14396000000	6	6	42.107	323.31
comp19795_c0	0	16.1	876280000	3	3	32.962	57.534
comp64048_c0	0	16.1	876280000	3	3	32.962	57.534
comp19847_c0	0	17.7	1617400000	2	2	19.52	128.77
comp19870_c0	0	26	467250000	2	1	13.855	46.188
comp19891_c0	0	41.2	727850000	4	4	11.257	23.194
comp63997_c0	0	41.2	727850000	4	4	11.257	23.194
comp19897_c0	0.0008643	5	616340000	3	3	73.511	18.316
comp19908_c0	0	14.3	1218200000	10	10	92.876	64.282
comp55154_c0	0	14.3	1218200000	10	10	92.876	64.282
comp19948_c0	0	18.5	631320000	6	4	56.197	42.132
comp19949_c0	0	29.3	3647000000	24	24	142.52	223.16
comp19953_c0	0.0059559	26.1	228970000	2	1	14.34	6.2589
comp19987_c0	0.0058514	7.7	0	3	1	76.368	5.4365
comp20041_c0	0	13.6	113710000	2	2	30.773	323.31
comp20044_c0	0.0024969	6.6	62159000	2	2	60.609	11.358
comp20063_c0	0	10.8	196650000	4	4	56.918	26.811
comp20103_c0	0	12.2	215170000	3	3	43.51	37.462
comp30262_c0	0.00080775	24.4	214680000	3	3	21.91	17.157
comp20198_c0	0.00080775	24.4	214680000	3	3	21.91	17.157
comp20218_c0	0	25.4	1610200000	9	9	65.643	64.899
comp20231_c0	0	15	260170000	3	3	39.796	25.104
comp20237_c0	0	9.3	1187800000	2	2	52.907	38.334
comp20249_c0	0	15.9	99036000	4	4	39.643	31.834
comp20281_c0	0.006068	22.8	241350000	2	1	15.742	9.8684
comp20294_c0	0.0058685	42.2	375860000	3	1	12.966	5.6203
comp20368_c0	0.0025047	4.4	45281000	2	2	49.338	11.401
comp20449_c0	0.00070721	6.6	87097000	2	2	66.728	12.624
comp20540_c0	0.0007764	6.7	11994000	2	2	72.495	14.895
comp20543_c0	0	25.7	760740000	4	4	23.32	26.026
comp20644_c0	0	37.2	5263600000	12	12	48.533	323.31
comp20739_c0	0	25.8	334090000	7	7	54.294	323.31
comp89243_c0	0	25.8	334090000	7	7	54.294	323.31
comp93533_c0	0	25.8	334090000	7	7	54.294	323.31
comp20749_c0	0	7.8	269630000	3	3	66.88	19.529
comp20770_c0	0	25	4356200000	9	9	61.165	208.69
comp80605_c0	0	25	4356200000	9	9	61.165	208.69
comp20835_c0	0	12.9	605820000	3	3	33.806	88.346
comp20861_c0	0	55.3	3061300000	12	12	30.168	323.31
comp20871_c0	0	8.2	127450000	2	2	16.99	23.602
comp20896_c0	0.00085106	27.9	148110000	3	3	13.276	18.097
comp20902_c0	0.0025063	8.6	85972000	2	2	31.901	11.419
comp21000_c0	0	26.1	3654600000	12	12	82.33	82.867
comp21004_c0	0	14.4	936280000	10	10	101.77	63.117
comp77610_c0	0	14.4	936280000	10	10	101.77	63.117
comp21009_c0	0.00070373	7.7	4028900000	2	2	51.243	12.608
comp21022_c0	0	16	681120000	6	6	54.979	54.832
comp21024_c0	0.00070126	8.9	262920000	2	2	34.933	12.569
comp21045_c0	0	18.8	1948900000	14	14	105.26	323.31
comp21074_c0	0.00072046	5.5	184060000	2	2	60.805	12.891
comp21076_c0	0	20.9	742320000	3	3	23.854	19.276
comp1104_c0	0	20.9	742320000	3	3	23.854	19.276
comp21108_c0	0.00078003	13.3	1246100000	2	2	22.258	15.076
comp21112_c0	0.00071225	8	288220000	2	2	53.413	12.73
comp21177_c0	0	29.1	1026100000	6	6	34.092	82.92
comp21229_c0	0	12.5	126900000	6	5	77.521	38.015
comp21344_c0	0	13.6	325650000	5	5	57.168	47.142
comp21384_c0	0	8.3	2600600000	5	5	80.004	58.537
comp21489_c0	0.0030845	3.7	33998000	2	2	71.869	11.166
comp21647_c0	0.00073314	8.1	134800000	2	2	34.876	13.073
comp21719_c0	0	15	78291000	3	3	26.267	18.471
comp21984_c0	0.00065531	4.8	349020000	2	2	90.503	11.833
comp22073_c0	0.0060024	8.2	54123000	2	1	44.244	6.6778
comp22134_c0	0.00066225	5.8	57550000	2	2	49.643	11.97
comp22395_c0	0	15.8	37584000	3	3	26.886	18.53
comp22833_c0	0.0007776	9.4	167640000	2	2	38.109	14.921
comp22834_c0	0	36.1	1394100000	4	4	19.629	41.287
comp22918_c0	0	4.5	129990000	3	3	110.23	20.205
comp23010_c0	0	20.2	489180000	3	3	22.788	20.477
comp23164_c0	0.00070274	15.1	283830000	2	2	19.244	12.602
comp23309_c0	0.0059312	16.3	154200000	2	1	17.374	6.0459
comp23358_c0	0	9.9	238470000	3	3	63.594	30.667
comp23416_c0	0	11.9	872470000	2	2	22.082	49.559
comp30000_c0	0	37.9	1683900000	4	4	22.608	144.43
comp23437_c0	0	37.9	1683900000	4	4	22.608	144.43
comp23640_c0	0.00066401	17.9	239820000	2	2	15.714	11.977
comp23680_c0	0.00083126	61.4	319200000	8	3	17.057	17.721
comp23702_c0	0.0007215	3.9	33554000	2	2	81.124	12.909
comp23715_c0	0	15.9	115710000	3	3	35.653	18.963
comp23731_c0	0.0024891	10	26083000	2	2	28.082	11.305
comp23749_c0	0.0059844	38.5	419090000	5	0	20.224	6.5463
comp23914_c0	0	9.9	338030000	4	4	68.793	54.547
comp23948_c0	0.00067522	5.2	34979000	2	2	66.917	12.171
comp24055_c0	0.005988	44.1	6957300	6	1	23.416	6.5994
comp24148_c0	0.00073638	27.7	68758000	2	2	11.374	13.11
comp24195_c0	0	23.9	311830000	3	3	15.456	21.76
comp38593_c0	0	23.9	311830000	3	3	15.456	21.76
comp24422_c0	0	4.3	98133000	3	3	76.904	18.53
comp24540_c0	0.00075815	17.7	812010000	2	2	20.195	13.806
comp24681_c0	0.003075	15.7	23204000	2	2	20.408	11.098
comp24695_c0	0	8.6	20347000	3	3	59.387	20.139
comp24782_c0	0	38.3	225590000	9	1	40.005	320.32
comp24833_c0	0	16.5	554220000	4	4	58.109	154.75
comp24870_c0	0.00071378	9	535350000	2	2	37.189	12.739
comp24945_c0	0	8.3	429070000	2	2	33.693	121.62
comp24972_c0	0	9.2	149600000	3	3	52.048	21.048
comp25026_c0	0	39.7	39957000000	4	2	13.23	149.04
comp34756_c0	0	30.3	23160000000	5	5	27.465	323.31
comp25048_c0	0	30.3	23160000000	5	5	27.465	323.31
comp25079_c0	0	11	307040000	3	3	25.476	19.324
comp25116_c0	0	13.5	1195000000	4	4	35.738	70.748
comp25117_c0	0	32	27143000000	4	3	18.528	105.99
comp25153_c0	0	4.3	45634000	3	3	141.52	19.296
comp73985_c0	0	4.3	45634000	3	3	141.52	19.296
comp67835_c0	0	4.3	45634000	3	3	141.52	19.296
comp12471_c0	0	4.3	45634000	3	3	141.52	19.296
comp25219_c0	0	19.6	4591400000	2	2	11.904	63.602
comp25241_c0	0	6.6	810770000	7	7	132.46	285.29
comp75206_c0	0	6.6	810770000	7	7	132.46	285.29
comp80220_c0	0	6.6	810770000	7	7	132.46	285.29
comp59528_c0	0	6.6	810770000	7	7	132.46	285.29
comp6656_c0	0	6.6	810770000	7	7	132.46	285.29
comp25245_c0	0	16.7	881180000	2	2	20.469	168.93
comp26404_c0	0	16.7	881180000	2	2	20.469	168.93
comp25284_c0	0	14.4	262140000	2	1	24.342	153.63
comp25326_c0	0	48.3	3717600000	6	6	16.484	40.235
comp25393_c0	0.00065617	5.8	29435000	2	2	50.382	11.842
comp25421_c0	0.00066094	5.3	40470000	2	2	48.098	11.915
comp25581_c0	0.00079808	10.8	187890000	2	2	43.32	16.453
comp13880_c0	0.00079808	10.8	187890000	2	2	43.32	16.453
comp55613_c0	0.00079808	10.8	187890000	2	2	43.32	16.453
comp25624_c0	0.00068918	29.1	95063000	2	2	13.175	12.343
comp25631_c0	0.0058754	11.1	59721000	2	1	26.488	5.6484
comp42802_c0	0	19.5	19578000000	9	9	55.827	155.26
comp25640_c0	0	19.5	19578000000	9	9	55.827	155.26
comp25925_c0	0	24.2	25762000000	7	7	50.685	323.31
comp25642_c0	0	24.2	25762000000	7	7	50.685	323.31
comp33106_c0	0.00077519	11.4	357010000	2	2	27.245	14.763
comp25660_c0	0.00077519	11.4	357010000	2	2	27.245	14.763
comp25661_c0	0.00074184	2.7	47646000	2	2	133.13	13.192
comp25693_c0	0	6.6	161260000	2	2	55.405	159.3
comp25723_c0	0	18.2	283620000	3	3	21.394	19.95
comp9987_c0	0	18.2	283620000	3	3	21.394	19.95
comp71448_c0	0	18.2	283620000	3	3	21.394	19.95
comp25726_c0	0.0054912	6	83039000	2	2	38.756	10.939
comp65426_c0	0.0054912	6	83039000	2	2	38.756	10.939
comp25730_c0	0	6.2	83950000	2	2	62.763	323.31
comp25768_c0	0	10.6	1334500000	5	5	75.007	34.92
comp60560_c0	0	10.6	1334500000	5	5	75.007	34.92
comp25797_c0	0	22.2	639400000	8	8	61.178	51.034
comp25803_c0	0.00085616	13.9	47334000	3	3	40.625	18.217
comp25816_c0	0.0030731	6.5	958970000	2	2	45.43	11.097
comp9686_c0	0.0030731	6.5	958970000	2	2	45.43	11.097
comp25818_c0	0	30.7	2314300000	8	3	43.151	51.328
comp25824_c0	0.00064851	26.1	285680000	2	2	12.649	11.777
comp10187_c0	0.00064851	26.1	285680000	2	2	12.649	11.777
comp25873_c0	0	15.7	66921000	4	4	55.683	24.004
comp25895_c0	0	22.4	303440000	3	3	22.61	57.915
comp25898_c0	0	49.1	35075000000	9	9	31.074	323.31
comp25900_c0	0	18.7	40885000	6	3	52.44	58.734
comp9913_c0	0	18.7	40885000	6	3	52.44	58.734
comp66223_c0	0	18.7	40885000	6	3	52.44	58.734
comp25906_c0	0	53.2	1592400000	8	8	21.099	49.34
comp25950_c0	0	13.4	149280000	2	2	29.826	24.332
comp25951_c0	0	13.8	862940000	3	3	22.402	69.711
comp25980_c0	0.00067249	7.5	68369000	2	2	38.366	12.093
comp26073_c0	0	10.2	87318000	3	3	57.632	239.54
comp26078_c0	0.00080128	6	92571000	2	2	59.855	16.638
comp26087_c0	0.0060496	52.4	184500000	6	1	19.234	7.633
comp30163_c0	0.0060496	52.4	184500000	6	1	19.234	7.633
comp27133_c0	0.0060496	52.4	184500000	6	1	19.234	7.633
comp26099_c0	0	17.3	561910000	2	2	19.554	92.086
comp26125_c0	0	27.7	710730000	4	4	27.191	31.884
comp26178_c0	0	41.6	2128500000	7	3	15.229	19.78
comp26184_c0	0	15.7	3707400000	4	4	33.504	94.555
comp26289_c0	0.00067797	10.8	151130000	2	2	23.722	12.207
comp3264_c0	0.00067797	10.8	151130000	2	2	23.722	12.207
comp26360_c0	0.00080386	10	50901000	5	3	74.772	16.802
comp26366_c0	0.00083264	13.2	149800000	3	3	43.581	17.766
comp26390_c0	0	27.4	1934800000	8	8	50.104	81.903
comp26397_c0	0	9.7	138850000	4	4	63.343	51.427
comp89173_c0	0	9.7	138850000	4	4	63.343	51.427
comp26491_c0	0.002486	19	29644000	3	2	22.066	11.294
comp26534_c0	0.00067431	13.5	279560000	2	2	18.8	12.16
comp26575_c0	0	25.9	1889600000	3	3	19.265	25.702
comp26579_c0	0	12.1	367430000	4	4	58.901	48.844
comp26595_c0	0	29.9	2837900000	9	9	51.7	152.64
comp1963_c0	0	29.9	2837900000	9	9	51.7	152.64
comp106383_c0	0	29.9	2837900000	9	9	51.7	152.64
comp26625_c0	0	37.1	292790000	6	6	25.872	41.89
comp26665_c0	0	21.8	3399100000	9	8	78.912	152.58
comp64840_c0	0	21.8	3399100000	9	8	78.912	152.58
comp26694_c0	0	29.8	7018200000	3	3	12.634	323.31
comp26706_c0	0	15.4	235440000	4	4	35.943	46.887
comp82285_c0	0	16.8	889540000	2	2	12.653	39.967
comp26742_c0	0	16.8	889540000	2	2	12.653	39.967
comp65820_c0	0.0007148	27	37708000	2	2	13.543	12.744
comp26757_c0	0.0007148	27	37708000	2	2	13.543	12.744
comp26758_c0	0	7.6	78874000	4	4	81.307	97.384
comp26811_c0	0	55.7	8120300000	6	1	17.966	72.695
comp31964_c0	0	55.7	8120300000	6	1	17.966	72.695
comp26834_c0	0.00069396	2.3	15758000	2	2	168.72	12.451
comp26842_c0	0	19.1	781780000	8	8	70.168	132.95
comp83334_c0	0	19.1	781780000	8	8	70.168	132.95
comp26843_c0	0	8	833500000	2	2	37.308	323.31
comp26885_c0	0	64.2	8967600000	6	6	14.204	323.31
comp26963_c0	0	24.5	1171000000	5	5	36.627	37.931
comp26968_c0	0	15.4	743220000	3	3	24.777	36.261
comp26973_c0	0	16.7	1533600000	4	4	25.445	36.549
comp26990_c0	0.00085543	27	870930000	2	1	10.7	18.191
comp27000_c0	0	32.5	2216200000	4	4	22.073	323.31
comp27006_c0	0.00065703	13.3	81418000	2	2	18	11.86
comp27054_c0	0.0006566	11.5	35725000	2	2	33.1	11.855
comp27090_c0	0	47.1	6844300000	5	5	17.741	213.65
comp27092_c0	0.00085179	9.1	13248000	3	3	29.75	18.133
comp27135_c0	0	46.2	12669000000	10	10	55.428	323.31
comp27181_c0	0.00069735	3.6	122490000	2	2	80.744	12.485
comp72823_c0	0.00069735	3.6	122490000	2	2	80.744	12.485
comp27188_c0	0	20.9	923850000	4	4	36.011	115.37
comp27251_c0	0	25.4	585560000	3	3	26.454	147.38
comp27285_c0	0	20.8	1010300000	4	4	33.703	27.975
comp27286_c0	0	29.4	912900000	10	10	61.946	85.722
comp27322_c0	0	29.3	746230000	3	3	18.654	19.357
comp27382_c0	0	4.4	209660000	3	1	130.85	41.792
comp27423_c0	0.00064809	3.2	13783000	2	2	80.165	11.765
comp27495_c0	0	21	241390000	3	3	33.037	35.787
comp27516_c0	0	7.6	146220000	6	6	132.49	36.486
comp27710_c0	0	29.4	450020000	7	7	45.817	50.556
comp27734_c0	0	41.1	13966000000	6	6	14.344	134.62
comp35195_c0	0	41.1	13966000000	6	6	14.344	134.62
comp27796_c0	0	19.1	300010000	7	7	54.56	316.25
comp27886_c0	0	33.9	77588000000	5	5	18.683	153.63
comp41519_c0	0	33.9	77588000000	5	5	18.683	153.63
comp27888_c0	0.00085397	11.5	706720000	3	3	53.278	18.167
comp27895_c0	0	22	1885900000	8	8	60.621	204.65
comp27924_c0	0	21.8	1612300000	8	8	54.296	55.541
comp28119_c0	0	14.2	46247000	3	1	27.035	184.32
comp28148_c0	0	13.7	89840000	2	2	18.128	30.942
comp28169_c0	0	19.8	5611100000	7	7	53.841	159.01
comp28229_c0	0	3.2	76899000	2	2	116.37	27.303
comp28256_c0	0	13	773740000	4	4	51.85	25.959
comp28261_c0	0.00071531	10.1	6564600	2	2	30.461	12.759
comp28318_c0	0.0025221	3.8	0	2	2	73.099	11.482
comp28343_c0	0	14.5	629570000	4	4	36.34	137.31
comp28350_c0	0	12.9	109000000	5	5	68.539	30.334
comp28594_c0	0.0006605	27.6	8880200	2	2	11.919	11.914
comp28597_c0	0.0059382	19.7	193780000	4	1	24.774	6.1049
comp28601_c0	0.00075415	10.2	168110000	2	2	30.62	13.605
comp28817_c0	0	27.6	530520000	5	4	28.305	27.825
comp33516_c0	0	27.6	530520000	5	4	28.305	27.825
comp28890_c0	0	26	76204000000	4	4	18.507	323.31
comp38315_c0	0	26	76204000000	4	4	18.507	323.31
comp28893_c0	0	19	1117300000	6	5	36.699	44.021
comp77950_c0	0	19	1117300000	6	5	36.699	44.021
comp28944_c0	0	10	105610000	2	2	46.508	23.903
comp28978_c0	0.00086356	9.5	180610000	3	3	42.925	18.304
comp28999_c0	0	16.8	2010100000	8	8	70.737	233.96
comp29025_c0	0.00069204	5.4	557790000	2	2	58.195	12.389
comp29046_c0	0.00070077	7	8498000	2	2	53.868	12.556
comp29048_c0	0.00066313	3.9	54985000	2	2	65.811	11.973
comp29066_c0	0	55.6	5096300000	8	8	18.851	95.337
comp29130_c0	0.00079365	21	45620000	2	2	20.484	16.132
comp29164_c0	0	20.3	462620000	4	4	37.771	323.31
comp29172_c0	0.00071891	9.4	584050000	2	2	31.24	12.853
comp41819_c0	0.00071891	9.4	584050000	2	2	31.24	12.853
comp29230_c0	0	19	303170000	3	3	32.402	18.884
comp29254_c0	0	11.9	153340000	5	5	65.975	30.863
comp29270_c0	0	56	2343700000	5	1	11.127	64.022
comp29274_c0	0	12.4	17086000	2	2	20.482	77.364
comp29278_c0	0	23.7	361190000	4	2	27.782	68.246
comp29314_c0	0.00081103	8.1	42723000	3	3	70.398	17.207
comp29383_c0	0	21.3	1930300000	7	7	50.803	323.31
comp29429_c0	0.00068823	15.1	592580000	2	2	23.399	12.316
comp29449_c0	0	27.9	3892400000	8	8	55.986	323.31
comp81148_c0	0	27.9	3892400000	8	8	55.986	323.31
comp29467_c0	0.00074074	12.6	1024600000	2	2	23.45	13.171
comp29488_c0	0.00077942	4.3	72144000	2	2	119.81	15.058
comp29503_c0	0	6.2	152090000	2	2	56.21	44.272
comp29505_c0	0.00069348	3	47374000	2	2	104.3	12.441
comp99323_c0	0.00069348	3	47374000	2	2	104.3	12.441
comp29549_c0	0	11.3	234210000	3	3	42.007	62.716
comp29553_c0	0	10.3	201860000	3	3	43.399	24.404
comp29562_c0	0.0025349	14.5	28532000	2	2	27.174	11.517
comp29615_c0	0	25.2	1764800000	4	4	32.523	295.52
comp84377_c0	0	25.2	1764800000	4	4	32.523	295.52
comp29641_c0	0	15.7	1006800000	10	8	92.142	323.31
comp29651_c0	0	14.4	286820000	4	4	63.057	25.993
comp29675_c0	0.00065876	16.9	175980000	2	2	15.122	11.901
comp29683_c0	0.0024938	8.8	414480000	2	2	27.995	11.343
comp29691_c0	0.00073584	5.9	30495000	2	2	49.083	13.099
comp29794_c1	0	23.8	86806000	2	2	11.729	86.145
comp29868_c0	0.00072411	5.6	101480000	2	2	46.835	12.935
comp29887_c0	0	13.1	378540000	5	5	60.669	30.247
comp82032_c0	0	13.1	378540000	5	5	60.669	30.247
comp101201_c0	0	13.1	378540000	5	5	60.669	30.247
comp2716_c0	0	13.1	378540000	5	5	60.669	30.247
comp29915_c0	0	8.8	137050000	2	2	51.159	76.427
comp29940_c0	0	16.4	1269800000	11	9	92.112	59
comp73424_c0	0	16.4	1269800000	11	9	92.112	59
comp99789_c0	0	16.4	1269800000	11	9	92.112	59
comp30065_c0	0.00079114	3	150430000	2	2	104.67	15.966
comp43155_c0	0.00079114	3	150430000	2	2	104.67	15.966
comp30095_c0	0	17.6	723150000	5	5	35.556	96.302
comp30121_c0	0	14.1	1105300000	4	4	46.405	323.31
comp83932_c0	0	14.1	1105300000	4	4	46.405	323.31
comp30141_c0	0	30.9	1318500000	6	5	29.13	43.437
comp75937_c0	0	30.9	1318500000	6	5	29.13	43.437
comp30161_c0	0	35.4	42665000000	11	5	50.811	323.31
comp87528_c0	0.0006812	11.9	390870000	2	2	11.144	12.231
comp30166_c0	0.0006812	11.9	390870000	2	2	11.144	12.231
comp30167_c1	0	27.4	5346700000	2	2	12.166	178.76
comp30177_c0	0.0059137	7.8	18217000	2	1	41.285	5.832
comp30192_c0	0	6.4	1556200000	2	2	19.157	200.25
comp30195_c0	0	30.8	15924000000	7	5	28.964	295.16
comp20537_c0	0	30.8	15924000000	7	5	28.964	295.16
comp70503_c0	0	30.8	15924000000	7	5	28.964	295.16
comp78907_c0	0	30.8	15924000000	7	5	28.964	295.16
comp45247_c0	0	30.8	15924000000	7	5	28.964	295.16
comp30202_c0	0.0007593	21.6	55244000	2	2	22.787	13.83
comp30217_c0	0	22.4	1101800000	4	4	25.728	112.81
comp30278_c0	0	9.2	2191600000	2	2	46.196	323.31
comp75548_c0	0	9.2	2191600000	2	2	46.196	323.31
comp24177_c0	0	9.2	2191600000	2	2	46.196	323.31
comp30290_c0	0	13.5	541080000	4	4	39.268	24.92
comp30291_c0	0	28.2	992800000	4	4	24.221	25.889
comp30323_c0	0	38.1	20867000000	15	15	57.318	323.31
comp6902_c0	0	38.1	20867000000	15	15	57.318	323.31
comp89964_c0	0	38.1	20867000000	15	15	57.318	323.31
comp78472_c0	0	38.1	20867000000	15	15	57.318	323.31
comp30330_c0	0	25.5	1787400000	11	11	61.785	239.38
comp30408_c0	0.00072098	11.6	296850000	2	2	24.196	12.906
comp30422_c0	0	3.3	86661000	3	3	147.18	18.972
comp74603_c0	0	3.3	86661000	3	3	147.18	18.972
comp30463_c0	0	16.1	571840000	2	2	20.66	69.77
comp30527_c0	0.0059524	9.7	27447000	2	1	30.138	6.2337
comp30530_c0	0	22.9	1740400000	4	4	31.873	39.944
comp30568_c0	0	12	1406200000	3	3	49.578	22.095
comp83667_c0	0	12	1406200000	3	3	49.578	22.095
comp30573_c0	0	18.6	5255100000	3	3	16.391	107.39
comp30588_c1	0.0008	14.3	70197000	2	2	26.098	16.626
comp30625_c0	0	21	49673000	4	4	34.13	33.878
comp30653_c0	0.00079177	15.9	430200000	2	2	22.817	15.991
comp76980_c0	0.00079177	15.9	430200000	2	2	22.817	15.991
comp30661_c0	0.00069252	8.5	213510000	2	2	40.584	12.412
comp21641_c0	0.00069252	8.5	213510000	2	2	40.584	12.412
comp1935_c0	0.00069252	8.5	213510000	2	2	40.584	12.412
comp30666_c0	0	42	3058100000	5	5	14.527	34.038
comp30686_c0	0	23.4	3105600000	6	6	42.936	40.691
comp30707_c0	0	27	2120400000	10	10	55.541	66.08
comp30715_c0	0	14.2	484730000	4	4	43.191	25.666
comp16707_c0	0	14.2	484730000	4	4	43.191	25.666
comp30732_c0	0	9.3	498050000	2	2	32.625	71.064
comp30746_c0	0.00073368	16.6	203360000	2	2	21.101	13.08
comp30769_c0	0	30.1	2895600000	5	5	14.641	31.19
comp36472_c0	0	30.1	2895600000	5	5	14.641	31.19
comp3079_c0	0	59.6	23570000000	4	3	11.154	24.276
comp30803_c0	0	15.8	1358700000	4	3	34.546	175.23
comp30823_c0	0.00074683	10.3	396710000	2	2	34.44	13.382
comp26728_c0	0.00074683	10.3	396710000	2	2	34.44	13.382
comp30850_c0	0	40.1	10276000000	12	12	53.729	272.21
comp30891_c0	0	11.2	1439800000	17	17	247.17	323.31
comp79906_c0	0	11.2	1439800000	17	17	247.17	323.31
comp63459_c0	0	11.2	1439800000	17	17	247.17	323.31
comp30919_c0	0.0025253	5.9	40254000	2	2	50.475	11.493
comp30955_c0	0	29.4	5497700000	17	16	71.286	323.31
comp65269_c0	0	29.4	5497700000	17	16	71.286	323.31
comp30961_c0	0	8.3	979840000	4	4	80.136	25.001
comp81186_c0	0	8.3	979840000	4	4	80.136	25.001
comp30985_c0	0.00085324	5.4	362360000	3	3	47.58	18.15
comp30992_c0	0	41.9	8109700	4	1	13.724	62.944
comp30996_c0	0	24.6	5566600000	4	4	20.376	323.31
comp30998_c0	0	31.8	39227000	3	1	26	18.964
comp31034_c0	0.00086059	11.2	164830000	3	3	48.749	18.253
comp60603_c0	0.00086059	11.2	164830000	3	3	48.749	18.253
comp31069_c0	0	23.6	807530000	2	2	16.803	42.209
comp31091_c0	0.00065963	12.6	391980000	2	2	21.493	11.906
comp31130_c0	0.00070225	15	740210000	2	2	24.509	12.6
comp31135_c0	0.0060569	23.7	121680000	2	1	19.081	9.2933
comp31155_c0	0.00078064	11.4	509860000	2	2	12.708	15.167
comp31161_c0	0	6.5	222060000	2	2	54.984	36.184
comp31165_c0	0	13.3	1041100000	11	11	159.34	323.31
comp31236_c0	0	15.8	2077500000	7	7	81.185	49.425
comp31242_c0	0.00066756	3.6	10439000	2	2	87.274	12.035
comp31249_c0	0	18	76555000	4	4	38.558	23.321
comp31318_c0	0	45.7	5410800000	8	8	21.556	323.31
comp31343_c0	0	21	972220000	4	4	31.202	323.31
comp31356_c0	0.0060386	17	0	3	1	28.823	7.5146
comp31387_c0	0	31.1	8052700000	3	2	11.061	18.643
comp31411_c0	0	8	659800000	3	3	56.472	19.667
comp31451_c0	0	10.9	289320000	6	6	88.028	61.916
comp31497_c0	0	42.6	607410000	7	7	32.685	71.428
comp31503_c0	0	6.8	139730000	3	3	72.574	21.029
comp31533_c0	0	9.7	342900000	2	2	31.536	323.31
comp31535_c0	0	19.5	234030000	3	3	28.958	22.876
comp31588_c0	0.00076046	3	5188000	2	2	100.32	13.872
comp31623_c0	0.0060753	4.8	40703000	2	2	60.708	10.768
comp31660_c0	0	33	150630000	5	5	23.473	67.467
comp31750_c0	0	7.5	117840000	4	4	99.453	33.443
comp31799_c0	0.00073099	6.6	84284000	2	2	46.358	13.046
comp31813_c0	0	8.9	85564000	2	2	39.772	278.19
comp31819_c0	0.00071736	9	56709000	2	2	35.976	12.817
comp29855_c0	0.00071736	9	56709000	2	2	35.976	12.817
comp31840_c0	0	21.2	1333200000	5	5	37.854	143.84
comp31847_c0	0	16.5	40542000	2	2	27.477	24.004
comp31854_c0	0	17.5	650890000	4	4	32.367	45.713
comp31895_c0	0	23.5	1169200000	9	9	58.509	78.594
comp73903_c0	0	23.5	1169200000	9	9	58.509	78.594
comp31897_c0	0	8.7	293930000	3	3	51.049	20.969
comp31911_c0	0.0025189	7	24538000	2	2	42.484	11.472
comp31912_c0	0	10.3	168220000	3	3	47.69	323.31
comp31958_c0	0	46.7	316130000	5	3	21.138	40.302
comp31984_c0	0	22.1	6272500000	6	6	23.576	41.182
comp16917_c0	0	22.1	6272500000	6	6	23.576	41.182
comp31987_c0	0.00072622	11.3	0	2	2	16.342	12.975
comp31992_c0	0	34.6	4437400000	3	3	15.688	117.24
comp31999_c0	0	38.7	1470500000	4	4	21.384	323.31
comp2536_c0	0	38.7	1470500000	4	4	21.384	323.31
comp32037_c0	0.00073801	4.3	135460000	2	2	65.585	13.131
comp72799_c0	0.00073801	4.3	135460000	2	2	65.585	13.131
comp32047_c0	0	35.6	3080300000	4	4	13.762	201.09
comp32079_c0	0.0030883	17.9	135000000	2	2	12.312	11.177
comp32098_c0	0	31.4	2406900000	3	3	14.417	24.3
comp32123_c0	0.00065189	6.8	61263000	2	2	42.828	11.811
comp32163_c0	0.0058582	14.9	0	2	1	22.041	5.4652
comp32191_c0	0	13.9	718170000	4	4	34.691	56.405
comp32246_c0	0	44.2	9345200000	7	7	28.882	266.27
comp32257_c0	0	30.9	269480000	5	2	19.534	89.21
comp32278_c0	0	7.2	1228600000	3	3	53.601	21.315
comp32280_c0	0	18.1	1308800000	2	2	18.7	309.9
comp32315_c0	0.0030788	7	14420000	2	2	39.806	11.14
comp32346_c0	0.0059916	52.4	2583100000	9	1	21.348	6.609
comp32423_c0	0	17.9	706660000	5	5	53.947	313.71
comp32463_c0	0.0025016	8.8	11696000	2	2	21.374	11.396
comp32489_c0	0	34.9	982410000	5	5	21.024	323.31
comp36351_c0	0	34.9	982410000	5	5	21.024	323.31
comp32496_c0	0.0006854	5.8	39961000	2	2	60.988	12.292
comp32506_c0	0.00072307	12.1	579380000	2	2	24.564	12.925
comp32526_c0	0	9.8	195110000	3	3	57.774	323.31
comp32528_c0	0	19.1	834380000	5	4	39.067	23.316
comp32531_c0	0	16.5	687710000	5	5	60.497	37.483
comp32545_c0	0	12	369330000	3	3	47.213	89.28
comp32562_c0	0	7.1	57721000	2	2	48.37	19.036
comp32570_c0	0	18.1	353950000	7	7	68.574	44.892
comp32574_c0	0	5	182530000	3	3	90.352	57.311
comp32633_c0	0.0060716	6.6	89706000	2	1	53.662	10.647
comp57490_c0	0	42.1	136130000	3	1	13.891	58.294
comp32684_c0	0	42.1	136130000	3	1	13.891	58.294
comp32685_c0	0	21.6	5505200000	5	5	34.789	52.433
comp32695_c0	0	14.1	204750000	5	5	55.338	31.061
comp32698_c0	0	27.2	91778000000	14	4	66.923	323.31
comp45388_c0	0	27.2	91778000000	14	4	66.923	323.31
comp32735_c0	0	18.6	246240000	3	3	26.643	41.546
comp32805_c0	0	16.3	309870000	4	4	43.613	28.187
comp32822_c0	0.00077459	6.8	2154400000	2	2	51.673	14.762
comp32871_c0	0	33.5	968040000	8	8	39.843	58.455
comp32911_c0	0.00068074	10	9288500	2	2	36.125	12.23
comp32924_c0	0.0030902	1.4	126140000	2	2	206.23	11.18
comp32946_c0	0	20.5	2342700000	10	6	79.081	154.52
comp32954_c0	0.00069156	6.4	81452000	2	2	59.355	12.376
comp70568_c0	0.00069156	6.4	81452000	2	2	59.355	12.376
comp39201_c0	0.00069156	6.4	81452000	2	2	59.355	12.376
comp32957_c0	0.0060241	37.5	168080000	4	1	17.442	6.9956
comp33006_c0	0.00072886	27.5	173090000	2	1	16.129	13.009
comp33059_c0	0.0019145	20.5	12171000	2	2	17.218	11.598
comp33087_c0	0	5.5	37685000	2	2	52.995	26.5
comp33098_c0	0.00071839	11.3	127160000	2	2	32.556	12.847
comp471_c0	0.00067295	18.6	352450000	2	2	12.878	12.109
comp33102_c0	0.00067295	18.6	352450000	2	2	12.878	12.109
comp33126_c0	0	9.6	154390000	3	3	53.311	36.971
comp33159_c0	0	15.9	340400000	3	3	29.563	20.879
comp33180_c0	0	26.4	702870000	5	5	40.351	55.738
comp33311_c0	0	19.7	323480000	8	8	65.966	50.189
comp76763_c0	0	19.7	323480000	8	8	65.966	50.189
comp33320_c0	0.00077399	39.3	54500000000	6	2	13.18	14.762
comp33375_c0	0	7.6	2392600000	5	5	97.209	37.653
comp33436_c0	0	33.3	540830000	5	5	25.426	32.486
comp33520_c0	0	2.1	36480000	3	3	237.66	18.774
comp33523_c0	0	10	1720800000	4	4	49.679	323.31
comp31534_c0	0	10	1720800000	4	4	49.679	323.31
comp60497_c0	0	10	1720800000	4	4	49.679	323.31
comp29900_c0	0	10	1720800000	4	4	49.679	323.31
comp33524_c0	0	13.6	281780000	3	3	37.763	20.189
comp68046_c0	0	13.6	281780000	3	3	37.763	20.189
comp33535_c0	0	15.3	938580000	4	3	54.437	21.661
comp39829_c0	0	15.3	938580000	4	3	54.437	21.661
comp33538_c0	0	26.6	338860000	4	4	24.56	249.85
comp33593_c0	0	20	1904000000	7	7	54.901	93.397
comp33630_c0	0	21.7	381050000	2	2	18.591	38.096
comp33670_c0	0.00071994	6.4	158510000	2	2	61.115	12.861
comp67962_c0	0.00071994	6.4	158510000	2	2	61.115	12.861
comp33682_c0	0.0007734	16.1	158680000	2	2	22.337	14.717
comp33687_c0	0.0024984	5.8	13434000	2	2	27.58	11.381
comp33749_c0	0	3.3	133520000	2	2	102.59	40.407
comp33767_c0	0	6.2	35026000	2	2	55.437	29.193
comp13701_c0	0	6.2	35026000	2	2	55.437	29.193
comp33840_c0	0	20.4	2010400000	3	3	31.608	41.99
comp33886_c0	0.0007728	36.8	493620000	2	2	13.287	14.708
comp36246_c0	0.0007728	36.8	493620000	2	2	13.287	14.708
comp33929_c0	0	2.1	72560000	4	4	257.79	22.694
comp33948_c0	0	9.8	333400000	5	3	76.209	40.811
comp27952_c0	0	9.8	333400000	5	3	76.209	40.811
comp14059_c0	0	9.8	333400000	5	3	76.209	40.811
comp34800_c0	0	9.8	333400000	5	3	76.209	40.811
comp16646_c0	0	9.8	333400000	5	3	76.209	40.811
comp26980_c0	0	9.8	333400000	5	3	76.209	40.811
comp33953_c0	0	6	399890000	2	2	61.902	99.207
comp33954_c0	0.00075988	29	265760000	2	2	14.287	13.869
comp33958_c0	0	17.7	1035600000	3	3	31.35	115.34
comp33968_c0	0.0007622	11.3	25960000	2	2	43.931	13.965
comp33988_c0	0	14	630700000	3	1	40.813	75.916
comp34008_c0	0	29.8	2394100000	5	5	24.3	59.991
comp34035_c0	0	20	850400000	4	3	26.945	23.468
comp34103_c0	0.00076394	2.9	277400000	2	2	101.07	14.079
comp34147_c0	0.00079428	8.9	189280000	2	2	35.428	16.228
comp34150_c0	0	34.4	6533900000	8	8	33.616	164.45
comp34160_c0	0	13.2	188790000	5	5	49.628	28.961
comp34215_c0	0.0058617	13.4	42199000	2	1	26.664	5.4861
comp34225_c0	0.00071327	14.3	9457300	2	2	28.483	12.734
comp74935_c0	0	31.2	1218100000	3	3	14.255	45.765
comp34243_c0	0	31.2	1218100000	3	3	14.255	45.765
comp34255_c0	0.00085034	8.2	293610000	2	2	40.982	18.093
comp34287_c0	0.00075245	10.9	141230000	2	2	34.357	13.529
comp34292_c0	0	23.5	2936400000	16	12	101.09	210.72
comp34306_c0	0.00070175	22.8	136880000	2	2	14.676	12.593
comp60367_c0	0	28.2	6431500000	5	5	23.567	323.31
comp34314_c0	0	28.2	6431500000	5	5	23.567	323.31
comp34319_c0	0	26.4	3297600000	12	12	76.257	323.31
comp34332_c0	0	14.3	146540000	5	5	61.44	30.155
comp59734_c0	0	14.3	146540000	5	5	61.44	30.155
comp34337_c0	0	1.9	67339000	2	2	167.78	21.383
comp41528_c0	0	1.9	67339000	2	2	167.78	21.383
comp34343_c0	0.00076511	14.1	395550000	2	2	27.299	14.149
comp37787_c0	0	18.6	14267000000	3	3	24.597	179.1
comp34345_c0	0	18.6	14267000000	3	3	24.597	179.1
comp49228_c0	0	18.6	14267000000	3	3	24.597	179.1
comp34363_c0	0	28.1	1974900000	6	6	27.46	43.502
comp34395_c0	0.0019255	3.5	2144200000	2	2	91.732	11.65
comp34420_c0	0.0059172	4.2	0	2	1	47.575	5.9505
comp34426_c0	0.00074906	11.2	247260000	2	2	29.506	13.432
comp34433_c0	0.00076104	14.1	297130000	2	2	21.181	13.913
comp34454_c0	0.0059032	11.2	32201000	2	1	29.577	5.7722
comp60761_c0	0.0059032	11.2	32201000	2	1	29.577	5.7722
comp45169_c0	0.0059032	11.2	32201000	2	1	29.577	5.7722
comp34488_c0	0.00067889	3.4	32881000	2	2	99.562	12.217
comp34495_c0	0.006035	20.6	31770000	2	1	15.584	7.4732
comp34499_c0	0	10.4	65425000	2	2	28.444	188.84
comp34512_c0	0	42.9	47512000000	7	6	21.629	211.42
comp37402_c0	0	42.9	47512000000	7	6	21.629	211.42
comp34558_c0	0.00070423	4.7	25824000	2	2	70.126	12.612
comp37050_c0	0	45.6	260300000	5	3	14.978	79.837
comp34569_c0	0	45.6	260300000	5	3	14.978	79.837
comp60049_c0	0	45.6	260300000	5	3	14.978	79.837
comp34257_c0	0	45.6	260300000	5	3	14.978	79.837
comp34608_c0	0.00078186	10.3	117900000	2	2	48.626	15.21
comp22563_c0	0.00078186	10.3	117900000	2	2	48.626	15.21
comp34613_c0	0	28.3	17616000000	8	7	38.658	323.31
comp39305_c0	0	28.3	17616000000	8	7	38.658	323.31
comp34629_c0	0.00064516	5.6	23360000	2	2	44.546	11.72
comp34633_c0	0	15.9	82916000	3	3	32.212	22.154
comp34691_c0	0	16.7	244140000	3	3	38.289	323.31
comp34713_c0	0.00068966	9.3	138990000	2	2	36.172	12.348
comp34714_c0	0	14.9	5090800000	5	5	42.837	191.55
comp1173_c0	0	14.9	5090800000	5	5	42.837	191.55
comp34732_c0	0	9.8	19039000	3	3	46.867	188.75
comp34743_c0	0	36.1	32644000000	7	7	25.405	323.31
comp41694_c0	0	36.1	32644000000	7	7	25.405	323.31
comp34744_c0	0	17.4	151970000	3	3	29.629	24.918
comp34805_c0	0.0025237	11.5	84960000	2	2	33.328	11.489
comp34842_c0	0.00078125	11.7	27159000	2	2	32.513	15.201
comp34843_c0	0.0059347	5.5	6530200	2	1	39.869	6.084
comp34847_c0	0	19.9	2231100000	12	12	109.3	85.39
comp34855_c0	0	35.1	5128700000	12	12	57.526	323.31
comp23645_c0	0	35.1	5128700000	12	12	57.526	323.31
comp34865_c0	0	27.8	54278000000	7	3	22.027	323.31
comp34884_c0	0.0042813	9.1	70773000	2	2	27.372	11.01
comp34888_c0	0.00085763	8.1	24024000	3	2	63.252	18.234
comp34928_c0	0.00071685	8.4	45428000	2	2	32.563	12.816
comp34938_c0	0	35.2	4161400000	6	6	26.189	51.037
comp34946_c0	0	21.5	513540000	4	4	33.798	205.9
comp34953_c0	0	18.1	2716000000	4	4	36.388	25.887
comp1467_c0	0	18.1	2716000000	4	4	36.388	25.887
comp34984_c0	0	25.2	21346000000	6	6	40.1	90.793
comp34993_c0	0	20.8	145350000	3	3	27.424	32.625
comp35006_c0	0.0007326	10.6	347390000	2	2	31.631	13.049
comp35057_c0	0	2	75690000	2	2	175.66	18.843
comp35058_c0	0	18.1	652170000	3	3	37.195	167.01
comp35077_c0	0.00073529	5	421910000	2	2	59.252	13.093
comp35101_c0	0	31.7	726190000	9	5	59.524	198.31
comp35110_c0	0	30.7	193600000	2	2	11.431	23.71
comp44224_c0	0	30.7	193600000	2	2	11.431	23.71
comp35502_c0	0	30.7	193600000	2	2	11.431	23.71
comp35198_c0	0.00070472	23.2	34185000	2	2	17.084	12.613
comp35199_c0	0	19.8	185980000	3	3	25.032	19.645
comp35224_c0	0	28.1	1946600000	8	8	58.48	323.31
comp69966_c0	0	28.1	1946600000	8	8	58.48	323.31
comp96084_c0	0	28.1	1946600000	8	8	58.48	323.31
comp35262_c0	0	11.1	903980000	5	5	85.971	102.84
comp35274_c0	0	15.8	2179900000	7	7	44.068	77.27
comp35325_c0	0.00071582	10.5	276240000	2	2	26.86	12.798
comp35335_c0	0	18.7	3033700000	7	7	62.341	83.593
comp35363_c0	0.0054878	3.8	36261000	2	2	89.179	10.934
comp35388_c0	0	16.8	282710000	3	3	32.558	38.8
comp35431_c0	0	20.6	2179200000	5	5	39.101	137.45
comp35434_c0	0	12.4	206100000	3	3	40.724	19.721
comp35481_c0	0	26	471240000	5	4	28.673	26.001
comp46865_c0	0	26	471240000	5	4	28.673	26.001
comp48943_c0	0	12.8	172780000	2	2	29.143	20.17
comp35482_c0	0	12.8	172780000	2	2	29.143	20.17
comp35508_c0	0.00083403	3.7	149020000	2	2	86.538	17.813
comp35530_c0	0.00078247	13.2	347940000	2	2	25.202	15.221
comp35536_c0	0.00069061	4.5	17484000	2	2	71.262	12.359
comp35538_c0	0	21	3705200000	8	8	40.555	164.8
comp35552_c0	0	17.8	4625500000	5	5	44.454	72.117
comp35571_c0	0	22.4	2359600000	4	4	27.352	92.786
comp79810_c0	0	22.4	2359600000	4	4	27.352	92.786
comp35584_c0	0	8.1	863400000	8	8	174.32	192.1
comp35595_c0	0	11.8	2332400000	4	4	35.111	270.41
comp35624_c0	0.00086207	13.9	1800700000	2	1	16.725	18.255
comp35637_c0	0	24.3	227470000	4	4	27.896	36.408
comp75856_c0	0.00071942	23.1	130580000	2	2	13.747	12.854
comp35639_c0	0.00071942	23.1	130580000	2	2	13.747	12.854
comp35657_c0	0.00082102	21.7	126180000	3	3	24.505	17.537
comp35663_c0	0.0008489	7.2	61317000	2	2	57.317	18.072
comp35668_c0	0	19.1	14520000000	4	4	24.283	108.73
comp42655_c0	0	19.1	14520000000	4	4	24.283	108.73
comp35679_c0	0	19.3	90856000	3	3	35.198	40.429
comp35680_c0	0	23.6	238950000	5	5	37.091	29.91
comp35682_c0	0.0030921	5.1	22108000	2	2	70.187	11.188
comp35695_c0	0.00086281	6.5	47397000	3	3	70.065	18.293
comp35700_c0	0	18.2	58923000	2	2	25.396	323.31
comp35717_c0	0.0007278	13.5	2249700000	2	2	18.07	12.981
comp35727_c0	0.0058789	34.7	8067300	2	1	13.063	5.6681
comp35731_c0	0	7.4	137190000	3	3	66.152	19.421
comp6301_c0	0	7.4	137190000	3	3	66.152	19.421
comp35747_c0	0.0007391	9	244900000	2	2	30.334	13.148
comp35784_c0	0	17.2	80146000	3	3	29.023	18.57
comp35795_c0	0	4.9	71253000	2	2	86.654	36.773
comp35837_c0	0	3	7066100000	2	2	110.02	26.859
comp35850_c0	0.00078927	7.4	98667000	3	2	61.239	15.864
comp39077_c0	0.00078927	7.4	98667000	3	2	61.239	15.864
comp42261_c0	0.00078927	7.4	98667000	3	2	61.239	15.864
comp28025_c0	0.00078927	7.4	98667000	3	2	61.239	15.864
comp28520_c0	0.00078927	7.4	98667000	3	2	61.239	15.864
comp38231_c0	0.00078927	7.4	98667000	3	2	61.239	15.864
comp53597_c0	0.00078927	7.4	98667000	3	2	61.239	15.864
comp21346_c0	0.00078927	7.4	98667000	3	2	61.239	15.864
comp40224_c0	0.00078927	7.4	98667000	3	2	61.239	15.864
comp39618_c0	0.00078927	7.4	98667000	3	2	61.239	15.864
comp49055_c0	0.00078927	7.4	98667000	3	2	61.239	15.864
comp35871_c0	0	4.6	234220000	5	5	166.1	129.07
comp35903_c0	0	14.3	703520000	5	5	60.325	36.193
comp35974_c0	0.0007716	13	72599000	2	2	32.161	14.65
comp35997_c0	0	61.2	702000000	5	5	14.436	111.34
comp36016_c0	0.0059067	9.4	42625000	2	1	32.631	5.7894
comp36025_c0	0	5	77638000	3	3	106.5	63.506
comp36029_c0	0.00064475	9	924410000	2	2	32.067	11.712
comp36040_c0	0	19	2156400000	4	4	34.632	32.246
comp20552_c0	0	19	2156400000	4	4	34.632	32.246
comp36081_c0	0	16.3	2161100000	2	2	20.357	200.5
comp36096_c0	0	26.5	4901400000	18	18	110.99	323.31
comp74150_c0	0	26.5	4901400000	18	18	110.99	323.31
comp36123_c0	0	23	1304700000	5	5	33.699	38.561
comp20377_c0	0	23	1304700000	5	5	33.699	38.561
comp36128_c0	0	18.1	870250000	6	6	33.696	39.775
comp4427_c0	0	18.1	870250000	6	6	33.696	39.775
comp36212_c0	0	14.7	2313700000	6	5	45.384	323.31
comp36226_c0	0	24	829780000	6	6	41.823	63.486
comp36229_c0	0	15.2	1151800000	4	4	45.367	187.23
comp36232_c0	0	27.6	14773000000	11	4	76.008	323.31
comp65281_c0	0	27.6	14773000000	11	4	76.008	323.31
comp21213_c0	0	27.6	14773000000	11	4	76.008	323.31
comp69581_c0	0	27.6	14773000000	11	4	76.008	323.31
comp36240_c0	0.00064641	5.8	236960000	2	2	42.289	11.751
comp75211_c0	0.00064641	5.8	236960000	2	2	42.289	11.751
comp36258_c0	0	20.7	8027500000	10	10	69.307	106.4
comp24370_c0	0	20.7	8027500000	10	10	69.307	106.4
comp36329_c0	0	11	353320000	5	5	91.182	62.919
comp36338_c0	0.00078864	11.5	155900000	2	2	29.739	15.614
comp36343_c0	0	49.7	21214000000	13	13	36.598	323.31
comp36346_c0	0	28.1	978540000	5	5	22.203	64.15
comp36356_c0	0	24.2	855150000	5	5	34.312	35.125
comp36365_c0	0	10.6	181650000	3	3	59.812	38.456
comp36406_c0	0	12.3	424400000	3	3	48.038	21.345
comp70553_c0	0	12.3	424400000	3	3	48.038	21.345
comp36410_c0	0.0019169	3.7	28467000	2	2	77.439	11.611
comp36411_c0	0	20.8	17291000000	4	4	37.189	275.7
comp6014_c0	0	20.8	17291000000	4	4	37.189	275.7
comp36437_c0	0	18.8	2659200000	3	3	27.091	158.34
comp110336_c0	0	18.8	2659200000	3	3	27.091	158.34
comp81944_c0	0	18.8	2659200000	3	3	27.091	158.34
comp36446_c0	0	9.8	680570000	11	11	176.33	68.747
comp69102_c0	0	9.8	680570000	11	11	176.33	68.747
comp61251_c0	0	9.8	680570000	11	11	176.33	68.747
comp64220_c0	0	9.8	680570000	11	11	176.33	68.747
comp68579_c0	0	9.8	680570000	11	11	176.33	68.747
comp73241_c0	0	9.8	680570000	11	11	176.33	68.747
comp37873_c0	0	9.8	680570000	11	11	176.33	68.747
comp36901_c0	0	9.8	680570000	11	11	176.33	68.747
comp36499_c0	0.00077042	12.5	602800000	2	2	32.523	14.571
comp36523_c0	0.00067114	16.4	51821000	2	2	28.506	12.07
comp36534_c0	0	20.3	327210000	3	3	26	213.9
comp36538_c0	0	9.3	780550000	3	3	62.021	68.006
comp36540_c0	0	45.9	1129900000	4	4	12.993	162.36
comp68989_c0	0	45.9	1129900000	4	4	12.993	162.36
comp10267_c0	0	45.9	1129900000	4	4	12.993	162.36
comp36557_c0	0.0059453	3	12741000	2	1	93.343	6.2028
comp36559_c0	0.00081235	7.4	58928000	3	3	63.972	17.224
comp36609_c0	0	13.1	1381700000	6	6	64.649	57.678
comp3115_c0	0	13.1	1381700000	6	6	64.649	57.678
comp36636_c0	0.0024829	30.6	71375000	4	2	16.057	11.285
comp36651_c0	0	11.6	352660000	3	3	33.319	27.201
comp16954_c0	0	11.6	352660000	3	3	33.319	27.201
comp36660_c0	0	22.5	2142000000	5	5	41.018	151.5
comp36691_c0	0	5.7	2645800000	2	2	62.55	56.872
comp36701_c0	0.00085911	7.7	104760000	2	2	49.028	18.247
comp36769_c0	0	17.3	2205200000	6	4	36.596	44.306
comp36770_c0	0	20	2302800000	5	5	27.322	30.952
comp36774_c0	0.00074349	3.5	117370000	2	2	98.197	13.227
comp36784_c0	0.00067705	9.2	121100000	2	2	33.183	12.193
comp36787_c0	0.00072993	18.6	51230000	2	2	22.107	13.029
comp36805_c0	0.0042918	4.5	28642000	2	2	76.324	11.026
comp36808_c0	0.000757	2.4	94402000	2	2	128.63	13.739
comp36825_c0	0	17.5	560740000	3	3	28.263	105.37
comp36887_c0	0.00075358	9.8	185340000	2	2	30.342	13.581
comp36897_c0	0.00070922	9.1	64294000	2	2	52.03	12.672
comp36929_c0	0	10.9	188880000	3	3	49.53	139.19
comp36946_c0	0	7.4	535800000	6	6	140.59	60.716
comp36950_c0	0	25.7	1771500000	6	6	48.42	323.31
comp36979_c0	0	33.5	19938000000	5	4	17.215	323.31
comp36996_c0	0.00083682	9.6	190550000	3	3	58.423	17.879
comp69263_c0	0.00083682	9.6	190550000	3	3	58.423	17.879
comp49944_c0	0.00083682	9.6	190550000	3	3	58.423	17.879
comp13859_c0	0.00083682	9.6	190550000	3	3	58.423	17.879
comp37089_c0	0	8.9	169580000	5	5	113.94	323.31
comp37099_c0	0.00071429	2.7	213800000	2	2	101.56	12.743
comp39878_c0	0	33.6	1.1631E+11	7	6	23.159	323.31
comp37102_c0	0	33.6	1.1631E+11	7	6	23.159	323.31
comp37147_c0	0	19.4	1028000000	5	5	30.483	33.716
comp37169_c0	0	49.1	15934000000	7	4	25.48	323.31
comp44536_c0	0	49.1	15934000000	7	4	25.48	323.31
comp44221_c0	0	49.1	15934000000	7	4	25.48	323.31
comp9048_c1	0	49.1	15934000000	7	4	25.48	323.31
comp37186_c0	0	8.4	127250000	3	3	80.365	20.494
comp37282_c0	0	7.5	4213700000	3	3	51.037	36.858
comp37299_c0	0.0030941	9.2	228740000	2	2	32.477	11.191
comp37302_c0	0	10.4	485310000	3	3	47.468	49.325
comp37319_c0	0	6	184720000	8	8	221.61	323.31
comp37340_c0	0	5.5	105680000	4	4	110.53	23.827
comp37341_c0	0.0019084	1.2	64244000	2	2	215.92	11.554
comp37355_c0	0.00070822	3.3	718560000	2	2	80.637	12.661
comp37358_c0	0	13.6	381000000	3	3	38.902	323.31
comp74023_c0	0	13.6	381000000	3	3	38.902	323.31
comp37364_c0	0.00064599	5.3	121170000	2	2	55.993	11.729
comp37422_c0	0	31.3	11412000000	4	4	15.621	106.42
comp37491_c0	0	16.6	360280000	2	2	24.645	25.624
comp37513_c0	0	26.3	476940000	4	4	22.333	22.956
comp37541_c0	0	27.5	2987800000	5	5	25.535	323.31
comp77784_c0	0	27.5	2987800000	5	5	25.535	323.31
comp37563_c0	0.0059277	10	14807000	2	1	37.361	6.0421
comp37584_c0	0.00067024	7.5	72533000	2	2	54.379	12.052
comp37587_c0	0	19.3	221430000	5	5	52.202	49.876
comp37635_c0	0	2.6	53985000	3	3	222.99	20.354
comp37651_c0	0	18.3	1537000000	10	10	85.832	323.31
comp37664_c0	0.00083056	6.3	67979000	3	3	72.865	17.702
comp37703_c0	0.00074963	13.7	92182000	2	2	33.31	13.458
comp37729_c0	0	35.4	29100000000	28	25	119.37	323.31
comp3172_c0	0	35.4	29100000000	28	25	119.37	323.31
comp76750_c0	0	35.4	29100000000	28	25	119.37	323.31
comp14937_c0	0	35.4	29100000000	28	25	119.37	323.31
comp37732_c0	0.00081301	16.7	239400000	3	3	29.771	17.244
comp37740_c0	0.0025268	2.8	21832000	2	2	96.244	11.496
comp37755_c0	0.0025	10.9	25556000	2	2	30.047	11.385
comp37761_c0	0	16.1	728640000	2	2	26.492	20.002
comp28377_c0	0	16.1	728640000	2	2	26.492	20.002
comp37779_c0	0.0058893	11.2	27501000	3	1	41.793	5.6833
comp70444_c0	0.0058893	11.2	27501000	3	1	41.793	5.6833
comp37792_c0	0.00253	3.8	22090000	2	2	81.191	11.499
comp37832_c0	0	16.1	1335700000	6	6	57.034	60.119
comp3566_c0	0	16.1	1335700000	6	6	57.034	60.119
comp37834_c0	0	15.8	482320000	4	4	42.023	24.991
comp37905_c0	0.00073964	19.3	79140000	2	2	20.415	13.151
comp37910_c0	0	14.2	241140000	3	3	31.959	21.541
comp37936_c0	0	12.5	403390000	7	5	108.26	181.82
comp37953_c0	0	25.3	3830800000	5	5	20.483	323.31
comp41824_c0	0	47.4	95530000000	6	6	15.167	323.31
comp37970_c0	0	47.4	95530000000	6	6	15.167	323.31
comp38018_c0	0	21.6	4521500000	10	10	80.834	85.024
comp38028_c0	0	33.2	1775400000	13	13	66.464	323.31
comp38057_c0	0	19.7	1622700000	4	4	39.735	30.498
comp38058_c0	0.00067613	5.7	2354500	2	2	58.614	12.181
comp38072_c0	0.00070771	54	282800000	8	2	27.136	12.633
comp39937_c0	0.00070771	54	282800000	8	2	27.136	12.633
comp38074_c0	0.00075758	5	92191000	2	2	61.314	13.786
comp38098_c0	0	18.3	1648700000	3	3	25.872	184.79
comp42047_c0	0	23.9	14579000000	2	2	16.422	323.31
comp38124_c0	0	23.9	14579000000	2	2	16.422	323.31
comp38192_c0	0.00069832	5	31460000	2	2	82.907	12.499
comp38195_c0	0.00068306	5.9	67136000	2	2	48.949	12.25
comp38204_c0	0.00066181	5.9	11861000	2	2	44.784	11.933
comp38216_c0	0.0008547	8.1	100930000	3	3	50.189	18.179
comp65538_c0	0.0008547	8.1	100930000	3	3	50.189	18.179
comp38253_c0	0	9.3	289770000	2	2	36.801	172.73
comp38296_c0	0	8.3	1193700000	2	2	37.214	323.31
comp38354_c0	0	15.3	532150000	7	7	68.937	61.059
comp38379_c0	0	16.1	461740000	3	3	27.727	36.77
comp38410_c0	0	49.3	14730000000	31	31	106.03	317.23
comp64_c0	0	49.3	14730000000	31	31	106.03	317.23
comp38502_c0	0	25	3653300000	9	7	63.644	323.31
comp38534_c0	0	13.4	543660000	4	4	45.457	32.664
comp38545_c0	0	27	47855000000	15	7	81.433	323.31
comp38559_c0	0	23.5	3800600000	6	6	37.307	323.31
comp31310_c0	0	23.5	3800600000	6	6	37.307	323.31
comp38568_c0	0.0060533	12.5	159830000	3	1	41.694	8.3122
comp758_c0	0.0060533	12.5	159830000	3	1	41.694	8.3122
comp38573_c0	0	27.8	16478000000	12	6	47.325	142.24
comp29263_c0	0	27.8	16478000000	12	6	47.325	142.24
comp44709_c0	0	27.8	16478000000	12	6	47.325	142.24
comp38575_c0	0	30.6	1881400000	4	4	24.056	323.31
comp38626_c0	0	24.7	4762900000	8	8	47.087	323.31
comp16324_c0	0	24.7	4762900000	8	8	47.087	323.31
comp38640_c0	0	11	619010000	4	4	57.181	31.759
comp38641_c0	0.0025173	7.8	194780000	2	2	34.28	11.462
comp40869_c0	0	23	6594400000	3	3	12.023	21.676
comp38654_c0	0	23	6594400000	3	3	12.023	21.676
comp38667_c0	0	4.9	48000000	3	3	113.47	323.31
comp38676_c0	0	7.7	185800000	3	3	51.58	18.6
comp38683_c0	0.00076278	7.3	581740000	2	2	46.815	14.013
comp38690_c0	0	24.4	3012900000	4	3	19.672	19.634
comp33071_c0	0	24.4	3012900000	4	3	19.672	19.634
comp38695_c0	0.0019243	4.7	57796000	2	2	58.813	11.649
comp38703_c0	0	34.8	126070000	6	3	33.56	323.31
comp38707_c0	0	4.8	241070000	5	5	156.21	31.035
comp23290_c0	0	4.8	241070000	5	5	156.21	31.035
comp74113_c0	0	4.8	241070000	5	5	156.21	31.035
comp78493_c0	0	4.8	241070000	5	5	156.21	31.035
comp38721_c0	0	21.8	3936400000	6	3	38.908	50.799
comp38752_c0	0	19.7	536780000	7	7	72.545	129.39
comp38785_c0	0	8.6	716820000	3	3	64.092	323.31
comp2990_c0	0	8.6	716820000	3	3	64.092	323.31
comp38788_c0	0	12.7	196850000	3	3	48.065	19.805
comp38815_c0	0	15.8	1004300000	6	5	51.218	30.691
comp74218_c0	0	15.8	1004300000	6	5	51.218	30.691
comp38819_c0	0.00068681	5.2	116880000	2	2	85.221	12.295
comp38824_c0	0.00078309	10.5	344620000	2	1	27.299	15.234
comp38825_c0	0	12.5	485420000	4	4	49.161	65.366
comp38835_c0	0	40.7	7439700000	6	6	25.228	323.31
comp38862_c0	0	34.4	906460000	8	8	39.535	152.13
comp86149_c0	0	34.4	906460000	8	8	39.535	152.13
comp38872_c0	0	15.6	203100000	4	4	37.74	24.006
comp38877_c0	0.00076923	5.3	138150000	2	2	62.485	14.382
comp38916_c0	0	11.4	162390000	3	3	55.325	18.459
comp38926_c0	0.00082645	3.6	322830000	3	3	115.73	17.636
comp38950_c0	0	33.3	9482900000	5	5	19.626	111.13
comp38954_c0	0	30	3603900000	6	6	34.07	169.86
comp1655_c0	0	30	3603900000	6	6	34.07	169.86
comp38955_c0	0	30.5	872530000	6	3	38	19.316
comp38971_c0	0.00066711	5.3	24285000	2	2	56.967	12.011
comp38972_c0	0.00066445	3.4	20563000	2	2	82.953	11.978
comp39032_c0	0	6.4	204280000	2	2	60.064	52.456
comp39036_c0	0.0025205	12.1	61009000	2	2	32.99	11.473
comp39037_c0	0	19.8	2272600000	2	2	23.247	323.31
comp39062_c0	0	9.1	4125700000	5	2	113.16	59.371
comp39079_c0	0	11.2	450730000	4	4	49.228	26.664
comp39090_c0	0	17.1	1223300000	8	8	67.823	79.888
comp39116_c0	0	26.5	3191600000	5	5	37.257	177.08
comp39155_c0	0	10.6	382790000	3	3	61.681	21.943
comp39184_c0	0	36.2	3261900000	8	8	34.194	92.057
comp30424_c0	0	36.2	3261900000	8	8	34.194	92.057
comp39216_c0	0	22.5	1772900000	14	14	96.268	205.8
comp39223_c0	0.0030979	3.4	14719000	2	2	106.12	11.211
comp39228_c0	0	23.2	245320000	3	3	21.343	19.832
comp40535_c0	0	23.2	245320000	3	3	21.343	19.832
comp61977_c0	0	23.2	245320000	3	3	21.343	19.832
comp10206_c0	0	23.2	245320000	3	3	21.343	19.832
comp39229_c0	0	30.3	1856800000	3	3	20.928	48.868
comp39296_c0	0	32.8	50164000000	18	18	73.933	323.31
comp41572_c0	0	32.8	50164000000	18	18	73.933	323.31
comp39298_c0	0.00084034	17.5	1267900000	3	3	24.244	17.921
comp27360_c0	0.00084034	17.5	1267900000	3	3	24.244	17.921
comp39316_c0	0	24.5	23670000000	4	4	11.475	119.12
comp39329_c0	0	6	6448500000	3	3	78.028	323.31
comp39353_c0	0	9.9	56646000	5	5	84.487	28.427
comp39371_c0	0.00075301	8.6	47259000	2	2	52.439	13.561
comp39413_c0	0	14.9	2310600000	3	3	41.462	323.31
comp19844_c0	0	14.9	2310600000	3	3	41.462	323.31
comp8783_c0	0	24.4	247460000	2	2	14.8	173.07
comp39416_c0	0	24.4	247460000	2	2	14.8	173.07
comp39424_c0	0	18.9	1514000000	4	4	46.553	40.274
comp39449_c0	0	8.2	119370000	3	3	57.881	20.051
comp39504_c0	0.00083333	5.7	82800000	3	3	87.618	17.769
comp39541_c0	0	13.3	278490000	4	4	46.782	31.338
comp39563_c0	0	17.2	7430900000	7	6	71.045	77.871
comp23805_c0	0	17.2	7430900000	7	6	71.045	77.871
comp39584_c0	0	18.9	1707100000	5	5	40.045	53.768
comp39604_c0	0.00073206	5	30706000	2	2	61.417	13.048
comp39606_c0	0	18.4	1115000000	12	8	91.893	189
comp39613_c0	0.0006689	15.8	233110000	2	2	15.834	12.039
comp39619_c0	0	11.8	31323000	3	3	53.508	205.48
comp23855_c0	0	11.8	31323000	3	3	53.508	205.48
comp39656_c0	0.00076805	7.5	148690000	2	2	47.117	14.282
comp39679_c0	0	12.1	1534100000	4	3	72.612	155.47
comp39684_c0	0.0019206	12.9	63635000	2	2	28.425	11.638
comp39693_c0	0.00086133	8.6	74506000	3	3	65.188	18.254
comp39701_c0	0	19.5	178550000	4	4	36.899	25.591
comp39765_c0	0	25.3	968640000	8	8	52.409	323.31
comp39770_c0	0	35.6	1451600000	7	4	34.874	39.454
comp14118_c0	0	35.6	1451600000	7	4	34.874	39.454
comp30274_c0	0	35.6	1451600000	7	4	34.874	39.454
comp39778_c0	0	16.7	166460000	5	5	54.615	28.526
comp28257_c0	0	16.7	166460000	5	5	54.615	28.526
comp39788_c0	0.00070872	7.2	14517000	2	2	39.449	12.671
comp42201_c0	0.00070872	7.2	14517000	2	2	39.449	12.671
comp39791_c0	0	6.9	178810000	2	2	52.708	30.373
comp39814_c0	0.00066979	12.2	69884000	2	2	26.73	12.051
comp39831_c0	0	30.1	4903300000	7	7	44.677	72.901
comp41684_c0	0	23.4	3707200000	7	7	45.385	95.436
comp39872_c0	0	23.4	3707200000	7	7	45.385	95.436
comp39893_c0	0	12	1524800000	2	2	34.705	323.31
comp39897_c0	0	43.2	21968000000	15	10	50.143	210.99
comp26119_c0	0	43.2	21968000000	15	10	50.143	210.99
comp39919_c0	0.00080645	21.3	325280000	3	3	19.826	17.029
comp24739_c0	0.00080645	21.3	325280000	3	3	19.826	17.029
comp51928_c0	0.00080645	21.3	325280000	3	3	19.826	17.029
comp39925_c0	0	7.6	33192000000	3	2	41.058	21.984
comp39948_c0	0	7.6	33192000000	3	2	41.058	21.984
comp31316_c0	0	7.6	33192000000	3	2	41.058	21.984
comp39943_c0	0	38.3	8067100000	4	4	13.743	53.137
comp40062_c0	0	28.9	3718300000	7	7	46.922	323.31
comp67116_c0	0	28.9	3718300000	7	7	46.922	323.31
comp40072_c0	0.00080906	6.8	82085000	3	3	59.908	17.16
comp40158_c0	0	15.6	354600000	9	8	99.362	72.669
comp40161_c0	0	6.7	625370000	4	4	96.485	56.165
comp40178_c0	0.00082508	5.7	237680000	3	3	78.97	17.599
comp40215_c0	0	20	562300000	4	3	30.917	26.459
comp17981_c0	0	20	562300000	4	3	30.917	26.459
comp40217_c0	0.00082713	10.7	262760000	3	3	49.076	17.661
comp30515_c0	0.00082713	10.7	262760000	3	3	49.076	17.661
comp40238_c0	0	8.2	94671000	4	4	99.773	27.232
comp40257_c0	0.0024814	4.9	79351000	2	2	57.404	11.279
comp40263_c0	0	17.6	660940000	7	6	66.387	40.332
comp71584_c0	0	17.6	660940000	7	6	66.387	40.332
comp40264_c0	0	13	61477000	2	2	32.459	27.302
comp40271_c0	0	5.2	41145000	2	2	60.889	74.391
comp40286_c0	0.00068259	5.5	46799000	2	2	71.984	12.246
comp40291_c0	0	4.6	510870000	3	3	107.23	31.922
comp40309_c0	0	40.7	2636300000	13	13	52.266	323.31
comp78382_c0	0	40.7	2636300000	13	13	52.266	323.31
comp40333_c0	0	7.3	121090000	2	2	50.018	51.66
comp22695_c0	0	7.3	121090000	2	2	50.018	51.66
comp86118_c0	0	7.3	121090000	2	2	50.018	51.66
comp40350_c0	0	12.3	721850000	8	8	111.39	78.846
comp40365_c0	0	23	1828600000	8	8	60.502	323.31
comp74635_c0	0	23	1828600000	8	8	60.502	323.31
comp40391_c0	0	6.9	170420000	3	3	64.729	18.586
comp40401_c0	0.00076864	6.7	33594000	2	2	58.732	14.362
comp40411_c0	0	42.2	65579000000	5	5	18.134	323.31
comp42991_c0	0	42.2	65579000000	5	5	18.134	323.31
comp40425_c0	0	25.6	1088000000	4	4	27.291	24.166
comp40449_c0	0.00066845	10.4	26562000	2	2	38.909	12.038
comp40479_c0	0	12.4	3473400000	5	5	50.792	32.49
comp40503_c0	0.00076746	5.5	61017000	2	2	58.325	14.26
comp40518_c0	0.0059488	19.1	419570000	4	1	20.648	6.2174
comp40521_c0	0	5.7	78200000	3	3	82.205	19.533
comp40548_c0	0	25.1	1101600000	7	7	48.731	53.229
comp40565_c0	0	9.1	86277000	3	3	55.779	29.929
comp40569_c0	0	19.2	1906600000	5	5	45.311	35.48
comp80258_c0	0	19.2	1906600000	5	5	45.311	35.48
comp40573_c0	0.00083752	5.5	177860000	3	3	102.29	17.883
comp40576_c0	0	34.7	9508500000	18	18	75.686	323.31
comp14635_c0	0	34.7	9508500000	18	18	75.686	323.31
comp40588_c0	0	21	2928600000	9	9	59.864	268.48
comp40595_c0	0	12.4	438930000	8	8	111.2	55.058
comp40671_c0	0	45.1	35039000000	10	10	26.79	323.31
comp40680_c0	0	6	381760000	4	4	106.64	33.846
comp40709_c0	0	10.2	495440000	6	5	117.92	65.679
comp40713_c0	0.0019096	6.3	77404000	2	2	45.919	11.56
comp40727_c0	0	39.9	1515100000	13	13	44.673	84.995
comp20105_c0	0	39.9	1515100000	13	13	44.673	84.995
comp40794_c0	0	10	658810000	5	5	88.637	34.39
comp40797_c0	0	15.1	458550000	3	3	38.57	25.519
comp40803_c0	0	33.5	1212000000	6	5	29.041	39.819
comp36910_c0	0	33.5	1212000000	6	5	29.041	39.819
comp78107_c0	0	33.5	1212000000	6	5	29.041	39.819
comp40823_c0	0.0025365	6.2	8395800	2	2	61.606	11.522
comp40831_c0	0.0030713	10.8	38107000	2	2	33.351	11.085
comp40841_c0	0	17.5	1946100000	11	9	110.74	323.31
comp63891_c0	0	17.5	1946100000	11	9	110.74	323.31
comp40855_c0	0	10.1	18790000	2	2	30.559	55.436
comp40878_c0	0	16.4	235350000	6	6	60.652	38.877
comp42262_c0	0	15.6	605850000	2	2	19.82	122.24
comp40889_c0	0	15.6	605850000	2	2	19.82	122.24
comp40903_c0	0	11.6	298070000	3	3	50.996	18.54
comp40915_c1	0	7.4	968500000	10	10	232.92	234.79
comp27144_c0	0	7.4	968500000	10	10	232.92	234.79
comp15627_c0	0	7.4	968500000	10	10	232.92	234.79
comp40952_c0	0	7.9	427970000	4	4	116.01	51.504
comp40953_c0	0.00084674	19.7	853460000	3	3	13.419	18.002
comp40972_c0	0	15.8	261700000	3	3	43.054	30.849
comp40973_c0	0.00083822	7.8	80208000	3	3	67.696	17.885
comp41027_c0	0	6.4	127020000	3	3	66.751	19.009
comp42618_c0	0	59.7	38815000000	8	8	16.79	323.31
comp41042_c0	0	59.7	38815000000	8	8	16.79	323.31
comp41057_c0	0	15.3	14823000000	8	8	77.142	306.79
comp43426_c0	0	15.3	14823000000	8	8	77.142	306.79
comp41110_c0	0	5.7	378150000	6	6	181.71	39.518
comp41131_c0	0.00066007	4.6	32239000	2	2	82.804	11.91
comp41146_c0	0	4.6	57785000	2	2	89.931	35.967
comp41152_c0	0.00070323	3.7	97118000	2	2	68.809	12.605
comp41190_c0	0	9.2	8761300000	2	2	32.468	109.61
comp41229_c0	0.0024922	3.8	74699000	2	2	66.938	11.342
comp41246_c0	0	13	34841000	3	3	41.598	29.051
comp41288_c0	0	3.8	1493300000	2	2	45.819	323.31
comp41309_c0	0.00069013	3	290780000	2	2	106.72	12.358
comp41310_c0	0	53.3	41538000000	9	9	21.94	323.31
comp41314_c0	0	53.4	1370300000	9	6	28.982	92.629
comp19688_c0	0	53.4	1370300000	9	6	28.982	92.629
comp28514_c0	0	53.4	1370300000	9	6	28.982	92.629
comp44543_c0	0	53.4	1370300000	9	6	28.982	92.629
comp41330_c0	0	21.5	455650000	5	5	36.916	31.261
comp41339_c0	0	12.6	227990000	7	7	93.703	123.46
comp41346_c0	0	70.2	4.5022E+11	22	22	38.781	323.31
comp17325_c0	0	70.2	4.5022E+11	22	22	38.781	323.31
comp41349_c0	0	11.9	13117000000	3	3	32.529	163.01
comp41354_c0	0.00082372	7.9	90758000	3	3	58.534	17.58
comp41367_c0	0	18.2	416300000	3	3	31.641	19.925
comp37122_c0	0	18.2	416300000	3	3	31.641	19.925
comp41386_c0	0	56.3	21844000000	25	7	43.6	323.31
comp41409_c0	0.00065445	3	30147000	2	2	86.351	11.823
comp41420_c0	0	13.8	14480000000	25	25	269.48	323.31
comp41426_c0	0	56.6	16851000000	15	12	44.051	323.31
comp37935_c0	0	56.6	16851000000	15	12	44.051	323.31
comp41440_c0	0	30.3	12864000000	10	10	48.645	323.31
comp40152_c0	0	30.3	12864000000	10	10	48.645	323.31
comp41446_c0	0	21.6	1180500000	4	4	33.27	24.697
comp41490_c0	0	13.6	1408100000	4	4	47.248	58.874
comp67072_c0	0	13.6	1408100000	4	4	47.248	58.874
comp38340_c0	0	13.6	1408100000	4	4	47.248	58.874
comp43440_c0	0	54	1.4163E+12	15	13	41.786	323.31
comp41491_c0	0	54	1.4163E+12	15	13	41.786	323.31
comp10403_c0	0	54	1.4163E+12	15	13	41.786	323.31
comp64861_c0	0	54	1.4163E+12	15	13	41.786	323.31
comp44312_c0	0	54	1.4163E+12	15	13	41.786	323.31
comp17889_c0	0	54	1.4163E+12	15	13	41.786	323.31
comp41529_c0	0	4.5	2401000000	3	3	89.166	69.548
comp41534_c0	0	3.4	47276000	2	2	95.318	19.26
comp41540_c0	0	33.8	11269000000	6	4	28.986	323.31
comp31109_c0	0	33.8	11269000000	6	4	28.986	323.31
comp41545_c0	0	17.9	4586300000	10	10	76.689	323.31
comp41546_c0	0	22.3	301240000	5	5	40.802	29.85
comp41556_c0	0	22.9	2057400000	6	6	44.495	211.02
comp41567_c0	0.00075529	2.4	167110000	2	2	151.98	13.625
comp41570_c0	0	7.1	378420000	2	2	57.222	323.31
comp41583_c0	0	10.2	45452000	4	4	82.456	36.362
comp41606_c0	0	29.2	3900500000	10	10	57.493	289.38
comp27140_c0	0	29.2	3900500000	10	10	57.493	289.38
comp32899_c0	0	29.2	3900500000	10	10	57.493	289.38
comp44407_c0	0	29.2	3900500000	10	10	57.493	289.38
comp41611_c0	0.00065402	4.8	1745400000	2	2	77.384	11.821
comp41618_c0	0	26.2	6586900000	12	7	66.991	84.665
comp41626_c0	0	37.3	1065000000	12	2	46.119	19.471
comp41634_c0	0.00081367	6.1	42516000	3	3	84.759	17.266
comp41673_c0	0	18.1	871640000	3	3	34.665	31.634
comp41674_c0	0	24.5	8476700000	3	1	19.989	159.63
comp41675_c0	0	34	60155000000	18	16	53.897	323.31
comp40197_c1	0	34	60155000000	18	16	53.897	323.31
comp41679_c0	0	29.2	2839200000	3	3	18.053	30.891
comp41683_c0	0	4.4	81994000	3	3	86.715	20.321
comp41706_c0	0	38	23049000000	55	54	234.18	323.31
comp80822_c0	0	38	23049000000	55	54	234.18	323.31
comp65402_c0	0	38	23049000000	55	54	234.18	323.31
comp71058_c0	0	38	23049000000	55	54	234.18	323.31
comp41714_c0	0	11	749530000	6	6	88.759	76.494
comp41716_c0	0	5.8	116130000	4	4	153.97	25.283
comp41768_c0	0	9.4	414780000	7	6	112.96	71.472
comp38077_c0	0	9.4	414780000	7	6	112.96	71.472
comp41775_c0	0	7.9	183900000	5	5	101.85	32.007
comp41795_c0	0	9.6	298610000	6	6	92.153	46.163
comp41796_c0	0	24.9	2829100000	23	17	160.29	312.32
comp76765_c0	0	24.9	2829100000	23	17	160.29	312.32
comp95867_c0	0	24.9	2829100000	23	17	160.29	312.32
comp812_c0	0	24.9	2829100000	23	17	160.29	312.32
comp41829_c0	0.00082169	11.3	163780000	3	3	46.631	17.538
comp41850_c0	0	10.1	197890000	8	8	130.68	61.289
comp49271_c0	0	10.1	197890000	8	8	130.68	61.289
comp51530_c0	0	10.1	197890000	8	8	130.68	61.289
comp41865_c0	0	33.6	4142000000	10	9	34.772	323.31
comp23653_c0	0	33.6	4142000000	10	9	34.772	323.31
comp41868_c0	0	13.2	522900000	4	4	53.836	27.61
comp41870_c0	0	9.5	530750000	5	5	83.08	31.99
comp41886_c0	0	12.4	327170000	4	4	47.917	27.407
comp73602_c0	0	12.4	327170000	4	4	47.917	27.407
comp41907_c0	0	30.7	75608000000	9	8	53.018	323.31
comp28147_c0	0	30.7	75608000000	9	8	53.018	323.31
comp86159_c0	0	30.7	75608000000	9	8	53.018	323.31
comp41930_c0	0.00066622	22.1	255030000	2	2	12.051	12.004
comp41958_c0	0.00084459	12	112140000	3	3	47.75	17.966
comp41961_c0	0	14.2	272210000	3	3	36.388	25.679
comp36514_c0	0	14.2	272210000	3	3	36.388	25.679
comp25008_c0	0	14.2	272210000	3	3	36.388	25.679
comp42015_c0	0	13.5	1830800000	16	15	198.55	129.28
comp42058_c0	0	15.6	1797800000	5	4	55.241	83.335
comp36502_c0	0	15.6	1797800000	5	4	55.241	83.335
comp53072_c0	0	15.6	1797800000	5	4	55.241	83.335
comp937_c0	0	15.6	1797800000	5	4	55.241	83.335
comp19350_c0	0	15.6	1797800000	5	4	55.241	83.335
comp42133_c0	0	28	5126400000	12	9	73.769	206.43
comp19433_c0	0	28	5126400000	12	9	73.769	206.43
comp27949_c0	0	28	5126400000	12	9	73.769	206.43
comp42146_c0	0	55.9	29170000000	18	16	55.899	323.31
comp24826_c0	0	55.9	29170000000	18	16	55.899	323.31
comp24320_c0	0	55.9	29170000000	18	16	55.899	323.31
comp43020_c0	0	18.6	4818600000	6	5	48.526	74.073
comp42167_c0	0	18.6	4818600000	6	5	48.526	74.073
comp1545_c0	0	18.6	4818600000	6	5	48.526	74.073
comp19443_c0	0	18.6	4818600000	6	5	48.526	74.073
comp42181_c0	0	33.6	9721500000	9	6	44.809	323.31
comp31402_c0	0	33.6	9721500000	9	6	44.809	323.31
comp42182_c0	0	32	10990000000	19	19	90.323	323.31
comp29809_c0	0	32	10990000000	19	19	90.323	323.31
comp24275_c0	0	32	10990000000	19	19	90.323	323.31
comp42190_c0	0	39.1	7674400000	15	12	56.346	323.31
comp32658_c0	0	39.1	7674400000	15	12	56.346	323.31
comp18932_c0	0	39.1	7674400000	15	12	56.346	323.31
comp42197_c0	0	6.2	228820000	4	4	94.721	24.486
comp42211_c0	0	60.1	1.0593E+11	10	8	18.979	323.31
comp38202_c0	0	60.1	1.0593E+11	10	8	18.979	323.31
comp39708_c0	0	60.1	1.0593E+11	10	8	18.979	323.31
comp42239_c0	0	6.3	201450000	5	5	134.83	32.642
comp42282_c0	0	23.5	5477500000	12	0	85.104	196.74
comp42294_c0	0	8.6	210530000	7	7	158.89	134.32
comp83265_c0	0	8.6	210530000	7	7	158.89	134.32
comp42309_c0	0	6.5	217400000	4	4	96.793	31.39
comp42318_c0	0	30.1	27255000000	5	5	23.648	38.153
comp42410_c0	0	28.7	94518000000	9	2	38.75	323.31
comp46321_c0	0	28.7	94518000000	9	2	38.75	323.31
comp42412_c0	0.00078678	6.1	57576000	2	2	57.886	15.516
comp42449_c0	0.0030826	1.1	51902000	2	2	354.79	11.161
comp43691_c0	0	54.1	1.291E+11	16	16	34.559	323.31
comp42462_c0	0	54.1	1.291E+11	16	16	34.559	323.31
comp40243_c0	0	54.1	1.291E+11	16	16	34.559	323.31
comp42465_c0	0	10.1	529250000	4	4	59.472	32.142
comp42478_c0	0.00070621	12.4	397650000	2	2	23.51	12.623
comp42509_c0	0	9.3	2205000000	5	5	93.175	45.545
comp37267_c0	0	9.3	2205000000	5	5	93.175	45.545
comp26345_c0	0	9.3	2205000000	5	5	93.175	45.545
comp15746_c0	0	9.3	2205000000	5	5	93.175	45.545
comp42528_c0	0	14.4	769970000	4	4	54.023	69.348
comp42530_c0	0	15.9	601100000	5	5	60.378	33.727
comp42532_c0	0	52.2	44030000000	20	12	47.329	323.31
comp19454_c0	0	52.2	44030000000	20	12	47.329	323.31
comp42556_c0	0	13.5	2222700000	8	8	92.382	58.323
comp42579_c0	0.00073855	3.2	101650000	2	2	94.783	13.148
comp42597_c0	0.00076336	5.3	38404000	2	2	61.328	14.075
comp42608_c0	0	26.8	84877000000	15	7	71.478	323.31
comp36588_c0	0	26.8	84877000000	15	7	71.478	323.31
comp89178_c0	0	26.8	84877000000	15	7	71.478	323.31
comp29142_c0	0	26.8	84877000000	15	7	71.478	323.31
comp44921_c0	0	26.8	84877000000	15	7	71.478	323.31
comp44842_c0	0	26.8	84877000000	15	7	71.478	323.31
comp45807_c0	0	26.8	84877000000	15	7	71.478	323.31
comp42613_c0	0.0008244	6.8	128570000	3	3	62.391	17.596
comp42625_c0	0	33.6	6728900000	11	6	50.537	240.06
comp39863_c0	0	33.6	6728900000	11	6	50.537	240.06
comp42632_c0	0	36.1	69857000000	7	2	25.725	120.74
comp42679_c0	0.00067476	3.7	2265800	2	2	85.355	12.168
comp42680_c0	0.00076628	4.4	55808000	2	2	79.178	14.207
comp42695_c0	0	18.3	13039000000	5	5	44.64	157.63
comp42733_c0	0	19.6	484620000	7	7	58.903	55.998
comp28269_c0	0	19.6	484620000	7	7	58.903	55.998
comp42739_c0	0	21.7	13771000000	7	7	53.264	323.31
comp41662_c0	0	21.7	13771000000	7	7	53.264	323.31
comp42757_c0	0	7.8	813290000	7	7	143.28	44.963
comp42758_c0	0	4.6	213960000	2	2	72.241	19.236
comp42801_c0	0	28.9	16737000000	10	6	60.368	323.31
comp3287_c0	0	28.9	16737000000	10	6	60.368	323.31
comp42825_c0	0.00065232	3.9	9214300	3	2	114.57	11.813
comp42827_c0	0	8.8	65464000	5	5	103.94	33.901
comp23114_c0	0	8.8	65464000	5	5	103.94	33.901
comp42837_c0	0	23.6	789870000	7	7	43.405	45.755
comp42879_c0	0.00082988	1.7	113660000	3	3	224.31	17.687
comp42892_c0	0	29.7	34232000000	13	10	63.865	323.31
comp42932_c0	0	11.7	241630000	3	3	48.623	20.362
comp42942_c0	0.001912	2.3	83779000	2	2	129.23	11.571
comp42988_c0	0.0059102	1.3	31632000	2	1	176.64	5.8308
comp43009_c0	0	42.7	25674000000	15	9	44.121	323.31
comp36930_c0	0	42.7	25674000000	15	9	44.121	323.31
comp26934_c0	0	42.7	25674000000	15	9	44.121	323.31
comp43026_c0	0.0024799	4.8	8311600	2	2	94.086	11.263
comp43027_c0	0	55.2	1.3629E+11	28	10	49.074	323.31
comp43054_c0	0	45.8	98758000000	11	4	26.921	323.31
comp32491_c0	0	45.8	98758000000	11	4	26.921	323.31
comp81660_c0	0	45.8	98758000000	11	4	26.921	323.31
comp43101_c0	0	20.1	1201600000	8	4	60.624	25.495
comp43156_c1	0	2.1	167750000	5	5	519.47	49.477
comp43162_c0	0.0054811	3	39781000	2	2	91.041	10.925
comp43168_c0	0	39.9	51498000000	5	4	19.431	323.31
comp43172_c0	0.0007837	6	15784000	2	2	51.379	15.3
comp5763_c0	0.0007837	6	15784000	2	2	51.379	15.3
comp43204_c0	0	24.8	88574000000	6	5	28.286	323.31
comp39318_c0	0	24.8	88574000000	6	5	28.286	323.31
comp43248_c0	0	5	350120000	3	3	90.062	21.767
comp43274_c0	0	4.5	2846800000	2	2	97.927	270.1
comp43280_c0	0.0007758	6.6	525150000	2	2	37.398	14.763
comp43289_c0	0.00065488	5.6	66509000	2	2	89.6	11.829
comp43290_c0	0.0024876	2.9	265710000	2	2	61.51	11.299
comp43297_c0	0	16.4	583310000	11	11	121.61	79.696
comp32720_c0	0	16.4	583310000	11	11	121.61	79.696
comp83816_c0	0	16.4	583310000	11	11	121.61	79.696
comp43970_c0	0	9.2	27454000000	5	5	52.266	33.545
comp43299_c0	0	9.2	27454000000	5	5	52.266	33.545
comp43311_c0	0.00064893	4.1	231510000	2	2	63.528	11.78
comp43325_c0	0	11.6	773410000	7	6	89.364	99.27
comp49360_c0	0	11.6	773410000	7	6	89.364	99.27
comp43348_c0	0	11.6	773410000	7	6	89.364	99.27
comp43340_c0	0	37.4	71174000000	8	8	19.121	323.31
comp43351_c0	0	42.4	992350000	19	3	61.007	188.6
comp43361_c0	0	22.1	1562200000	8	6	74.795	68.396
comp81979_c0	0	22.1	1562200000	8	6	74.795	68.396
comp35134_c0	0	22.1	1562200000	8	6	74.795	68.396
comp43375_c0	0	8.9	767050000	5	5	107.49	89.179
comp43390_c0	0	25.4	2356500000	6	6	47.513	323.31
comp43780_c0	0	25.4	2356500000	6	6	47.513	323.31
comp43398_c0	0.00065833	4.3	1090200000	2	2	51.156	11.9
comp43451_c0	0	36.4	1.3203E+12	7	4	19.886	323.31
comp43454_c0	0	10.9	2324900000	2	2	28.328	172.94
comp35901_c0	0	10.9	2324900000	2	2	28.328	172.94
comp43463_c0	0.00072202	26.7	5010700000	2	2	11.188	12.921
comp43781_c0	0	24.8	6806000000	9	9	51.829	77.396
comp43485_c0	0	24.8	6806000000	9	9	51.829	77.396
comp43494_c0	0	5.5	210490000	3	3	76.225	19.143
comp30968_c0	0	5.5	210490000	3	3	76.225	19.143
comp35910_c0	0	5.5	210490000	3	3	76.225	19.143
comp43537_c0	0	5.3	292990000	8	8	235.19	50.322
comp69497_c0	0	5.3	292990000	8	8	235.19	50.322
comp43551_c0	0	9.9	203120000	4	4	78.981	81.748
comp22832_c0	0	9.9	203120000	4	4	78.981	81.748
comp25648_c0	0	9.9	203120000	4	4	78.981	81.748
comp43552_c0	0	5.3	115030000	3	3	101.64	31.702
comp43591_c0	0	36.4	26728000000	12	12	46.106	323.31
comp31869_c0	0	36.4	26728000000	12	12	46.106	323.31
comp44025_c0	0	31.2	42654000000	12	12	52.396	323.31
comp43601_c0	0	31.2	42654000000	12	12	52.396	323.31
comp43633_c0	0.00078802	26.5	1436600000	3	2	19.522	15.587
comp43634_c0	0	23.6	1197700000	4	3	20.717	25.267
comp43646_c0	0	28.1	12128000000	18	17	106	323.31
comp28820_c0	0	28.1	12128000000	18	17	106	323.31
comp59246_c0	0	28.1	12128000000	18	17	106	323.31
comp23108_c0	0	28.1	12128000000	18	17	106	323.31
comp43654_c0	0	39.5	25292000000	10	2	37.786	323.31
comp43655_c0	0	68.9	3.0252E+12	30	3	38.137	323.31
comp43661_c0	0	41.6	80477000000	27	24	70.516	323.31
comp42403_c0	0	41.6	80477000000	27	24	70.516	323.31
comp37028_c0	0	41.6	80477000000	27	24	70.516	323.31
comp73880_c0	0	41.6	80477000000	27	24	70.516	323.31
comp43665_c0	0	31.7	6240000000	16	9	86.765	323.31
comp49420_c0	0	31.7	6240000000	16	9	86.765	323.31
comp28558_c0	0	31.7	6240000000	16	9	86.765	323.31
comp1738_c0	0	31.7	6240000000	16	9	86.765	323.31
comp43672_c0	0	10	1165200000	7	1	71.686	118.91
comp43107_c0	0	10	1165200000	7	1	71.686	118.91
comp32186_c0	0	10	1165200000	7	1	71.686	118.91
comp43703_c0	0	16.1	458620000	5	5	49.991	28.898
comp37498_c0	0	16.1	458620000	5	5	49.991	28.898
comp43748_c0	0	6.5	704010000	2	2	47.775	19.171
comp44055_c0	0	6.5	704010000	2	2	47.775	19.171
comp43773_c0	0.0007722	7.2	208320000	2	2	57.842	14.667
comp50227_c0	0.0007722	7.2	208320000	2	2	57.842	14.667
comp40157_c0	0.0007722	7.2	208320000	2	2	57.842	14.667
comp43779_c0	0	28.4	5734300000	39	23	233.68	323.31
comp5507_c0	0	28.4	5734300000	39	23	233.68	323.31
comp25605_c0	0	28.4	5734300000	39	23	233.68	323.31
comp63387_c0	0	28.4	5734300000	39	23	233.68	323.31
comp4839_c0	0	28.4	5734300000	39	23	233.68	323.31
comp44123_c0	0	28.4	5734300000	39	23	233.68	323.31
comp43222_c0	0	28.4	5734300000	39	23	233.68	323.31
comp43788_c0	0	40.5	69202000000	12	9	47.175	323.31
comp3476_c0	0	40.5	69202000000	12	9	47.175	323.31
comp34672_c0	0	40.5	69202000000	12	9	47.175	323.31
comp43791_c0	0	35.4	18473000000	20	10	88.792	304.66
comp17813_c0	0	35.4	18473000000	20	10	88.792	304.66
comp43792_c0	0	3.6	185280000	4	4	225.83	26.48
comp43802_c0	0	51	90345000000	31	31	75.699	323.31
comp35922_c0	0	51	90345000000	31	31	75.699	323.31
comp29709_c0	0	51	90345000000	31	31	75.699	323.31
comp25223_c0	0	51	90345000000	31	31	75.699	323.31
comp35225_c0	0	51	90345000000	31	31	75.699	323.31
comp43832_c0	0	6.4	624060000	2	2	44.427	30.42
comp43843_c0	0	22.3	7266000000	17	14	115.82	323.31
comp37857_c0	0	22.3	7266000000	17	14	115.82	323.31
comp39015_c0	0	22.3	7266000000	17	14	115.82	323.31
comp43853_c0	0	41.2	66747000000	27	11	81.136	323.31
comp42998_c0	0	41.2	66747000000	27	11	81.136	323.31
comp43872_c0	0	17.7	2784500000	12	12	108.26	323.31
comp78065_c0	0	17.7	2784500000	12	12	108.26	323.31
comp43895_c0	0.00082034	19.4	24938000	20	3	156.49	17.531
comp43896_c0	0	23.2	6014100000	12	12	74.675	278.26
comp34804_c0	0	23.2	6014100000	12	12	74.675	278.26
comp1962_c0	0	23.2	6014100000	12	12	74.675	278.26
comp43900_c0	0	3.1	93617000	3	3	170.19	20.195
comp43904_c1	0	19.1	531410000	5	4	44.537	33.537
comp43905_c0	0	11.5	164670000	3	3	41.848	178.79
comp43906_c0	0	12.1	677940000	4	3	54.496	56.862
comp43922_c0	0	13.7	318300000	5	5	68.582	40.806
comp6365_c0	0	13.7	318300000	5	5	68.582	40.806
comp43931_c0	0.00064683	2.3	16619000	2	2	146.13	11.754
comp43934_c0	0.00079936	1.2	74351000	2	2	345.45	16.624
comp43935_c0	0	66	1.1206E+11	29	2	38.151	160.94
comp43936_c0	0	39.5	3667700000	10	1	37.772	75.479
comp6431_c0	0	39.5	3667700000	10	1	37.772	75.479
comp43938_c0	0	30.4	16883000000	18	18	98.649	323.31
comp42627_c0	0	30.4	16883000000	18	18	98.649	323.31
comp27458_c0	0	30.4	16883000000	18	18	98.649	323.31
comp24004_c0	0	30.4	16883000000	18	18	98.649	323.31
comp43942_c0	0.00065062	5.6	35031000	2	2	47.993	11.806
comp43960_c0	0	31.9	56728000000	9	8	44.475	307.63
comp36884_c0	0	31.9	56728000000	9	8	44.475	307.63
comp43962_c0	0	18.3	1485300000	6	6	53.429	38.11
comp43976_c0	0	5.7	580930000	9	9	277.82	104.27
comp43979_c0	0.00083963	0.9	44524000	3	3	538.38	17.913
comp44000_c0	0.00080192	2	154500000	3	3	274.06	16.729
comp44001_c0	0	4.6	226060000	8	8	300.36	55.606
comp44002_c0	0.00073046	2.3	323670000	2	2	129.45	13.031
comp44032_c0	0.00068166	1.3	126460000	2	2	251.17	12.236
comp44039_c0	0	9.1	1100800000	4	4	46.299	25.261
comp44046_c0	0	31.4	97161000000	9	9	44.174	323.31
comp43856_c0	0	31.4	97161000000	9	9	44.174	323.31
comp44049_c0	0.00070972	1.6	9463800	2	2	266.49	12.696
comp44054_c0	0	6.3	792170000	5	5	123.7	77.88
comp30423_c0	0	6.3	792170000	5	5	123.7	77.88
comp44061_c0	0	52.8	14401000000	7	5	18.632	64.067
comp44065_c0	0	55.9	2.7228E+11	16	16	40.332	323.31
comp44069_c0	0	55.9	2.7228E+11	16	16	40.332	323.31
comp44074_c0	0	1.9	150270000	6	6	480.77	35.991
comp44097_c0	0	47.6	1.9042E+11	17	5	51.649	323.31
comp42163_c0	0	47.6	1.9042E+11	17	5	51.649	323.31
comp30374_c0	0	47.6	1.9042E+11	17	5	51.649	323.31
comp31360_c0	0	47.6	1.9042E+11	17	5	51.649	323.31
comp25571_c0	0	47.6	1.9042E+11	17	5	51.649	323.31
comp43334_c0	0	47.6	1.9042E+11	17	5	51.649	323.31
comp45772_c0	0	47.6	1.9042E+11	17	5	51.649	323.31
comp19435_c0	0	47.6	1.9042E+11	17	5	51.649	323.31
comp18260_c0	0	47.6	1.9042E+11	17	5	51.649	323.31
comp35383_c0	0	47.6	1.9042E+11	17	5	51.649	323.31
comp45347_c0	0	47.6	1.9042E+11	17	5	51.649	323.31
comp44240_c0	0	47.6	1.9042E+11	17	5	51.649	323.31
comp44102_c0	0	9.6	215230000	4	4	69.515	32.9
comp29778_c0	0	9.6	215230000	4	4	69.515	32.9
comp44105_c0	0	19.1	2552200000	10	10	77.905	303.92
comp44062_c0	0	19.1	2552200000	10	10	77.905	303.92
comp44106_c0	0	13.1	661740000	7	7	99.455	48.616
comp36881_c0	0	13.1	661740000	7	7	99.455	48.616
comp39825_c0	0	13.1	661740000	7	7	99.455	48.616
comp44107_c0	0	12.6	34859000000	3	3	50.394	109.18
comp39377_c0	0	12.6	34859000000	3	3	50.394	109.18
comp42927_c0	0	12.6	34859000000	3	3	50.394	109.18
comp44122_c0	0	9.9	289810000	4	4	68.123	26.604
comp39410_c0	0	9.9	289810000	4	4	68.123	26.604
comp44124_c0	0	14.9	3977300000	18	18	208.16	323.31
comp33489_c0	0	14.9	3977300000	18	18	208.16	323.31
comp37525_c0	0	14.9	3977300000	18	18	208.16	323.31
comp27944_c0	0	14.9	3977300000	18	18	208.16	323.31
comp3978_c0	0	14.9	3977300000	18	18	208.16	323.31
comp33648_c0	0	14.9	3977300000	18	18	208.16	323.31
comp26515_c0	0	14.9	3977300000	18	18	208.16	323.31
comp44128_c0	0.0025141	1.9	34357000	2	2	170.36	11.456
comp29629_c0	0.0025141	1.9	34357000	2	2	170.36	11.456
comp44130_c0	0.00068027	0.4	141010000	2	2	1137.1	12.223
comp44132_c0	0	6.7	261420000	3	3	83.824	21.869
comp44138_c0	0	44.1	94635000000	11	3	39.88	323.31
comp43576_c0	0	44.1	94635000000	11	3	39.88	323.31
comp44329_c0	0	44.1	94635000000	11	3	39.88	323.31
comp35623_c0	0	44.1	94635000000	11	3	39.88	323.31
comp65586_c0	0	44.1	94635000000	11	3	39.88	323.31
comp44140_c0	0.00084175	6	192240000	3	2	77.149	17.948
comp44154_c0	0	0.8	2820300	3	3	688.32	19.933
comp44171_c0	0.0019108	0.3	73332000	2	2	1125.8	11.565
comp58205_c0	0.00072727	26.1	434200000	2	2	14.635	12.981
comp44187_c0	0.00072727	26.1	434200000	2	2	14.635	12.981
comp50144_c0	0	26.4	5019200000	14	14	58.333	323.31
comp44199_c0	0	26.4	5019200000	14	14	58.333	323.31
comp64724_c0	0	43	3808100000	4	4	15.122	323.31
comp44223_c0	0	43	3808100000	4	4	15.122	323.31
comp44248_c0	0	26.4	1726700000	7	4	36.352	45.341
comp67953_c0	0	26.4	1726700000	7	4	36.352	45.341
comp18813_c0	0	26.4	1726700000	7	4	36.352	45.341
comp44253_c0	0	40.2	4723900000	8	3	26.418	52.259
comp44565_c0	0	40.2	4723900000	8	3	26.418	52.259
comp68994_c0	0	40.2	4723900000	8	3	26.418	52.259
comp65050_c0	0	40.2	4723900000	8	3	26.418	52.259
comp46440_c0	0	40.2	4723900000	8	3	26.418	52.259
comp44255_c0	0	22	1409100000	7	7	46.825	46.163
comp67635_c0	0	22	1409100000	7	7	46.825	46.163
comp44265_c0	0	16.4	947490000	6	3	56.096	42.138
comp35609_c0	0	16.4	947490000	6	3	56.096	42.138
comp64196_c0	0	16.4	947490000	6	3	56.096	42.138
comp33741_c0	0	16.4	947490000	6	3	56.096	42.138
comp86127_c0	0	16.4	947490000	6	3	56.096	42.138
comp27323_c0	0	16.4	947490000	6	3	56.096	42.138
comp44266_c0	0	29.6	27937000000	9	9	49.913	323.31
comp82431_c0	0	29.6	27937000000	9	9	49.913	323.31
comp44273_c0	0.00072833	8.7	76216000	2	2	41.726	12.999
comp66797_c0	0	34.6	4978900000	6	3	20.887	86.428
comp44296_c0	0	34.6	4978900000	6	3	20.887	86.428
comp44314_c0	0	15.6	306010000	2	2	22.939	197.09
comp44325_c0	0.0059595	5.5	17997000	2	1	46.061	6.2664
comp62077_c0	0.0059595	5.5	17997000	2	1	46.061	6.2664
comp44333_c0	0.0007657	16.2	347040000	2	2	16.607	14.202
comp59254_c0	0	27.1	5935600000	3	3	19.382	49.778
comp44353_c0	0	27.1	5935600000	3	3	19.382	49.778
comp44354_c0	0	29	8780500000	12	12	66.849	323.31
comp77310_c0	0	29	8780500000	12	12	66.849	323.31
comp68307_c0	0	29	8780500000	12	12	66.849	323.31
comp77394_c0	0	29	8780500000	12	12	66.849	323.31
comp44365_c0	0	22.3	1216600000	4	4	35.315	191.65
comp44396_c0	0	19.2	186320000	3	3	30.152	23.84
comp61889_c0	0	19.2	186320000	3	3	30.152	23.84
comp44411_c0	0.00068871	8.2	40071000	2	2	57.36	12.334
comp72007_c0	0.00068871	8.2	40071000	2	2	57.36	12.334
comp62208_c0	0.00068871	8.2	40071000	2	2	57.36	12.334
comp44414_c0	0	11.1	1315300000	3	3	41.544	323.31
comp92442_c0	0	11.1	1315300000	3	3	41.544	323.31
comp44419_c0	0	33.3	2382500000	4	1	15.739	96.58
comp55970_c0	0	37.3	1471300000	9	9	42.893	290.96
comp44424_c0	0	37.3	1471300000	9	9	42.893	290.96
comp44432_c0	0	16.7	2891900000	4	4	42.539	25.645
comp16300_c0	0	16.7	2891900000	4	4	42.539	25.645
comp64735_c0	0	16.7	2891900000	4	4	42.539	25.645
comp44458_c0	0	12.2	2253700000	4	4	39.586	323.31
comp80338_c0	0	12.2	2253700000	4	4	39.586	323.31
comp44477_c0	0.00081037	21.7	3506200000	6	2	42.901	17.18
comp69038_c0	0.00081037	21.7	3506200000	6	2	42.901	17.18
comp44488_c0	0	24.8	959550000	7	3	39.621	19.003
comp25256_c0	0	24.8	959550000	7	3	39.621	19.003
comp64952_c0	0	17.5	185500000	2	2	14.187	19.002
comp44494_c0	0	17.5	185500000	2	2	14.187	19.002
comp44496_c0	0	23.9	2214000000	14	13	84.937	240.25
comp65082_c0	0	23.9	2214000000	14	13	84.937	240.25
comp44508_c0	0	25.4	7806400000	11	11	35.823	120.32
comp56704_c0	0	25.4	7806400000	11	11	35.823	120.32
comp44511_c0	0	13.5	886240000	4	4	46.294	31.448
comp69002_c0	0	13.5	886240000	4	4	46.294	31.448
comp44529_c0	0.006006	15.8	206360000	3	1	32.603	6.7263
comp44532_c0	0	39.5	10301000000	8	8	37.621	323.31
comp63484_c0	0	39.5	10301000000	8	8	37.621	323.31
comp62541_c0	0	39.5	10301000000	8	8	37.621	323.31
comp44545_c0	0	19.8	75794000	5	5	49.724	28.353
comp70453_c0	0	19.8	75794000	5	5	49.724	28.353
comp44546_c0	0	10.7	2899500000	4	3	68.515	204.04
comp15459_c0	0	10.7	2899500000	4	3	68.515	204.04
comp44550_c0	0	28.9	133950000	2	2	15.147	64.64
comp19742_c0	0	28.9	133950000	2	2	15.147	64.64
comp44020_c0	0	28.9	133950000	2	2	15.147	64.64
comp44109_c0	0	28.9	133950000	2	2	15.147	64.64
comp44568_c0	0.0025316	9.3	201100000	2	1	33.027	11.502
comp44570_c0	0	21	16422000000	6	6	24.607	323.31
comp19685_c0	0	21	16422000000	6	6	24.607	323.31
comp44591_c0	0	19.2	8786100000	7	5	49.818	323.31
comp44592_c0	0	6.1	334450000	2	2	52.048	48.16
comp44600_c0	0	12.3	19029000000	2	2	13.023	88.254
comp44604_c0	0	41.2	21505000000	18	10	65.003	323.31
comp73464_c0	0	41.2	21505000000	18	10	65.003	323.31
comp44635_c0	0	24.6	1126700000	2	2	15.492	323.31
comp44641_c0	0	35.3	696050000	5	5	22.793	81.67
comp86439_c0	0	35.3	696050000	5	5	22.793	81.67
comp44654_c0	0	18.2	663210000	7	7	53.165	51.861
comp67602_c0	0	18.2	663210000	7	7	53.165	51.861
comp69959_c0	0	18.2	663210000	7	7	53.165	51.861
comp44668_c0	0	18.4	668190000	7	7	52.779	122.13
comp77458_c0	0	18.4	668190000	7	7	52.779	122.13
comp44694_c0	0.0059988	27.5	147620000	3	1	15.612	6.6669
comp44697_c0	0	46.2	90459000	6	4	27.426	26.538
comp67449_c0	0	46.2	90459000	6	4	27.426	26.538
comp44715_c0	0.00081833	7.8	70923000	3	3	50.383	17.436
comp44725_c0	0	11.4	101250000	4	4	49.365	22.726
comp98267_c0	0	11.4	101250000	4	4	49.365	22.726
comp68601_c0	0	11.4	101250000	4	4	49.365	22.726
comp44736_c0	0	32.5	13653000000	9	9	43.321	287.89
comp65703_c0	0	32.5	13653000000	9	9	43.321	287.89
comp44742_c0	0	13.1	1560200000	4	3	51.175	24.869
comp44808_c0	0	7.5	334780000	2	2	47.719	22.054
comp44822_c0	0	35.8	4275600000	5	5	15.647	31.316
comp44839_c0	0	37.5	3929500000	11	11	36.359	252.49
comp80324_c0	0	37.5	3929500000	11	11	36.359	252.49
comp84403_c0	0	37.5	3929500000	11	11	36.359	252.49
comp44880_c0	0	38.7	10253000000	7	7	29.977	84.876
comp58126_c0	0	38.7	10253000000	7	7	29.977	84.876
comp44894_c0	0	37.9	341620000	7	6	30.586	37.672
comp74293_c0	0	37.9	341620000	7	6	30.586	37.672
comp81100_c0	0	37.9	341620000	7	6	30.586	37.672
comp72886_c0	0	20.8	1783900000	3	3	22.789	19.182
comp44901_c0	0	20.8	1783900000	3	3	22.789	19.182
comp73769_c0	0.00069589	17.2	385040000	2	2	18.766	12.471
comp44912_c0	0.00069589	17.2	385040000	2	2	18.766	12.471
comp44920_c0	0	35.5	11198000000	7	3	20.586	94.595
comp44972_c0	0	14.2	258630000	6	6	62.741	48.472
comp19813_c0	0	14.2	258630000	6	6	62.741	48.472
comp44986_c0	0	34.1	6661000000	4	4	22.452	37.536
comp60815_c0	0	34.1	6661000000	4	4	22.452	37.536
comp44991_c0	0	7.2	2640700000	2	2	49.125	56.26
comp44999_c0	0	27	1095400000	7	7	49.11	45.516
comp45017_c0	0	11.7	180850000	4	4	58.457	40.673
comp65790_c0	0.00084602	29.5	364340000	2	2	17.581	17.999
comp45030_c0	0.00084602	29.5	364340000	2	2	17.581	17.999
comp45071_c0	0.0060459	25.2	1840300000	2	1	11.615	7.6259
comp45097_c0	0	20.5	11733000000	6	6	41.936	170.22
comp45123_c0	0.0060168	10.6	147500000	3	1	35.709	6.8858
comp45144_c0	0	13.5	180160000	4	4	41.698	323.31
comp70916_c0	0	13.5	180160000	4	4	41.698	323.31
comp45160_c0	0	29.1	4604000000	3	3	14.905	245.96
comp75753_c0	0	36.6	809850000	3	3	15.328	38.231
comp45162_c0	0	36.6	809850000	3	3	15.328	38.231
comp45175_c0	0	17.6	19255000000	4	4	27.856	323.31
comp45177_c0	0.00071023	15.2	225830000	2	2	33.678	12.705
comp89238_c0	0.00071023	15.2	225830000	2	2	33.678	12.705
comp45207_c0	0.0058928	34.1	39304000	8	1	29.765	5.7126
comp71543_c0	0	38.5	373800000	3	3	11.747	252.96
comp45223_c0	0	38.5	373800000	3	3	11.747	252.96
comp45226_c0	0	21.9	1565500000	7	7	53.187	103.92
comp45250_c0	0	73.5	3363700000	6	6	14.14	323.31
comp45269_c0	0.00083893	7.1	227090000	3	3	48.629	17.899
comp45308_c0	0	30.4	485620000	2	2	12.116	21.466
comp45344_c0	0	18.4	948170000	4	4	45.085	59.227
comp111396_c0	0	18.4	948170000	4	4	45.085	59.227
comp45353_c0	0	38.7	885390000	6	6	25.954	39.265
comp45362_c0	0.00080972	5.8	262940000	3	3	72.176	17.163
comp45364_c0	0	52	2235100000	7	4	27.207	323.31
comp51452_c0	0	18.3	313560000	2	2	12.096	22.077
comp45378_c0	0	18.3	313560000	2	2	12.096	22.077
comp45398_c0	0	26.9	1586800000	7	7	36.054	44.644
comp80250_c0	0	26.9	1586800000	7	7	36.054	44.644
comp45405_c0	0	16.9	1398600000	5	5	39.239	34.209
comp45423_c0	0	41.8	16206000000	14	14	45.47	323.31
comp87257_c0	0	41.8	16206000000	14	14	45.47	323.31
comp45436_c0	0.00078493	12.2	225600000	2	2	26.886	15.369
comp45460_c0	0	11.7	405690000	3	3	37.511	25.048
comp45478_c0	0	18.9	1802100000	2	2	15.347	36.568
comp45492_c0	0	23.5	156600000	3	3	16.517	258.71
comp45493_c0	0	12	370150000	5	5	71.004	30.843
comp45501_c0	0	11.7	504820000	3	3	51.552	20.272
comp68692_c0	0	11.7	504820000	3	3	51.552	20.272
comp45553_c0	0.0054778	5.9	12533000	2	2	52.378	10.87
comp45558_c0	0.005872	36.8	253520000	2	1	12.785	5.6306
comp73986_c0	0.005872	36.8	253520000	2	1	12.785	5.6306
comp45589_c0	0	21.7	1134200000	4	4	30.959	31.056
comp45596_c0	0	24.9	2064600000	10	10	65.054	66.9
comp45621_c0	0	31.6	2704100000	3	3	16.265	305.09
comp45623_c0	0	32	16092000000	9	9	37.455	323.31
comp70205_c0	0.0019231	23.4	29050000	2	2	12.54	11.648
comp45652_c0	0.0019231	23.4	29050000	2	2	12.54	11.648
comp45690_c0	0	24.4	692320000	6	6	33.498	35.882
comp45721_c0	0	19.4	998940000	2	2	20.148	32.248
comp45722_c0	0	38.7	4267000000	7	6	29.359	293.43
comp32744_c0	0	38.7	4267000000	7	6	29.359	293.43
comp45741_c0	0	19.9	3916500000	8	8	59.591	323.31
comp45746_c0	0.0025397	19.8	100640000	2	2	10.986	11.529
comp45748_c0	0	37.9	8499600000	10	5	26.078	68.927
comp80867_c0	0	37.9	8499600000	10	5	26.078	68.927
comp45751_c0	0	32.6	2048200000	5	2	20.345	24.723
comp86074_c0	0	32	961780000	2	2	11.069	21.301
comp45768_c0	0	32	961780000	2	2	11.069	21.301
comp45769_c0	0.00075472	7.9	104300000	2	2	42.565	13.609
comp45806_c0	0	15.8	382270000	3	3	25.287	19.341
comp45829_c0	0	12	214480000	2	2	20.272	23.291
comp45855_c0	0	25.2	3091700000	7	7	45.31	323.31
comp45900_c0	0	17.5	1878100000	3	3	27.93	19.802
comp45956_c0	0	3.5	72647000	4	4	163.96	23.852
comp45962_c0	0.0008285	5.6	59986000	3	3	104.24	17.674
comp45977_c0	0.00086505	8.8	387230000	3	3	45.413	18.374
comp45997_c0	0	36.4	23457000000	17	17	59.437	323.31
comp12469_c0	0	36.4	23457000000	17	17	59.437	323.31
comp51619_c0	0	36.4	23457000000	17	17	59.437	323.31
comp51679_c0	0	36.4	23457000000	17	17	59.437	323.31
comp46004_c0	0.00079745	7.2	419290000	2	2	60.251	16.452
comp70712_c0	0.00079745	7.2	419290000	2	2	60.251	16.452
comp46006_c0	0	29.9	2351600000	3	3	14.821	81.303
comp46031_c0	0.00075873	9.3	306810000	2	2	30.355	13.821
comp46032_c0	0.00074294	8.7	400920000	2	2	33.545	13.216
comp46046_c0	0.00069979	22.2	97930000	2	2	13.32	12.538
comp46063_c0	0.0042892	8.9	80657000	2	2	34.591	11.021
comp46088_c0	0	14.1	594730000	3	3	31.801	46.305
comp46114_c0	0	11.2	20200000	2	2	27.516	18.834
comp46130_c0	0.00070671	5.7	97180000	2	2	53.107	12.623
comp46154_c0	0.00069444	11.4	229700000	2	2	25.211	12.453
comp46187_c0	0.00071073	6.5	156500000	2	2	45.214	12.706
comp46197_c0	0	11.3	258070000	3	3	51.214	23.429
comp46220_c0	0	26.7	4180900000	5	5	27.792	82.826
comp46229_c0	0	47.7	1616200000	4	4	16.551	143.28
comp46230_c0	0	4.6	168260000	3	3	108.34	21.621
comp46260_c0	0	30.8	5043900000	3	3	19.168	33.178
comp46282_c0	0	13.5	224470000	4	4	41.791	26.236
comp46285_c0	0	38.8	446920000	3	3	19.164	138.65
comp46315_c0	0.00067204	24.8	115140000	2	2	12.488	12.077
comp46324_c0	0.0006993	5.2	66699000	2	2	53.687	12.517
comp46327_c0	0.0030807	19.3	2065100000	3	2	19.419	11.148
comp46339_c0	0	9.5	235770000	3	3	46.906	20.227
comp46340_c0	0	67.9	3995800000	14	1	29.291	323.31
comp46363_c0	0.00083612	7.6	116640000	3	3	56.773	17.826
comp46391_c0	0.00069638	11.8	175030000	2	2	27.625	12.478
comp46402_c0	0.00080257	5.3	417460000	2	2	77.608	16.759
comp65348_c0	0.00080257	5.3	417460000	2	2	77.608	16.759
comp46416_c0	0.00069784	12.6	277200000	3	2	31.434	12.49
comp46419_c0	0.00064433	13.9	98204000	2	2	22.867	11.702
comp46425_c0	0	14.3	600300000	4	4	46.535	25.565
comp46442_c0	0.00067069	14.8	58637000	2	2	20.52	12.053
comp46535_c0	0	24.3	712280000	4	4	33.098	45.653
comp49500_c0	0	25.4	114820000	3	3	30.925	26.723
comp46602_c0	0	25.4	114820000	3	3	30.925	26.723
comp46605_c0	0	46.8	7025400000	9	9	33.718	323.31
comp46647_c0	0	20.6	2086600000	5	5	28.813	33.151
comp80431_c0	0	57.4	1280700000	4	4	11.315	27.051
comp46672_c0	0	57.4	1280700000	4	4	11.315	27.051
comp46674_c0	0	23.8	506360000	3	3	22.716	194.85
comp46678_c0	0	36	4453500000	6	6	18.188	36.945
comp46757_c0	0	8	447230000	3	3	53.59	22.059
comp46765_c0	0.0007874	7.1	51777000	2	2	46.214	15.542
comp46793_c0	0	25.1	1131800000	4	4	27.498	323.31
comp46806_c0	0.00066138	12.9	193920000	2	2	26.578	11.928
comp46852_c0	0	12.3	1049700000	6	6	84.59	323.31
comp46870_c0	0	30.9	3276600000	4	4	19.382	55.522
comp46978_c0	0	7.7	325410000	3	3	57.276	28.767
comp46999_c0	0	31.7	6476200000	7	7	29.053	230.71
comp47003_c0	0	16.5	925560000	3	3	27.351	50.959
comp75986_c0	0	16.5	925560000	3	3	27.351	50.959
comp47016_c0	0	32.9	2004700000	5	5	24.407	323.31
comp47025_c0	0.00085985	15.1	419600000	3	3	22.804	18.253
comp47034_c0	0.0024845	8.2	274570000	2	2	37.551	11.291
comp47046_c0	0	16.8	4332300000	2	2	16.428	24.734
comp47054_c0	0	27.3	100750000	2	2	11.376	40.929
comp45860_c0	0	27.3	100750000	2	2	11.376	40.929
comp47136_c0	0.00081967	14.6	745280000	3	3	20.396	17.521
comp47177_c0	0.0019194	6.7	215050000	2	2	36.658	11.634
comp47183_c0	0	5.2	85112000	3	3	96.738	18.707
comp47207_c0	0	12	783740000	10	10	126.84	59.705
comp47223_c0	0	42.2	2941400000	5	5	22.982	52.23
comp47233_c0	0	8.1	638590000	3	3	47.676	18.656
comp47234_c0	0	34.5	3003200000	10	10	54.303	183.1
comp87829_c0	0	34.5	3003200000	10	10	54.303	183.1
comp47238_c0	0.00074239	6.8	21202000	2	2	42.523	13.21
comp47247_c0	0.00084388	10.5	197200000	3	3	49.895	17.959
comp47254_c0	0	28	1363600000	9	9	59.366	69.95
comp47260_c0	0.00081766	5.8	253490000	3	3	71.157	17.436
comp47315_c0	0.0059701	15.3	106320000	3	1	36.247	6.3845
comp47382_c0	0.0030864	15	6201500	2	2	34.892	11.177
comp47383_c0	0.00084818	17.2	68520000	3	3	32.404	18.019
comp47410_c0	0	48.5	3879700000	5	5	14.601	64.07
comp47445_c0	0	10.4	1474400000	3	3	32.391	155.2
comp47478_c0	0.00083472	15.9	142290000	3	3	24.122	17.814
comp47516_c0	0	12	172520000	3	3	44.773	30.001
comp47529_c0	0	30.4	3209000000	10	10	52.66	264.51
comp47585_c0	0.0006734	20.5	175010000	2	2	14.022	12.127
comp47602_c0	0	34.7	490320000	6	6	28.257	203.62
comp47604_c0	0	20.4	599100000	4	4	30.242	28.008
comp47670_c0	0	7	164380000	3	3	69.401	30.114
comp47716_c0	0	29.5	2131000000	5	5	28.443	173.14
comp47750_c0	0.00073746	3.2	71005000	2	2	51.027	13.127
comp47755_c0	0	23.8	2325100000	18	15	118.89	185.31
comp47777_c0	0	7.9	110020000	2	2	19.826	248.14
comp47848_c0	0	5.1	142220000	3	3	113.4	20.373
comp47868_c0	0.00081633	12.2	222900000	3	3	32.829	17.393
comp47884_c0	0.00070572	23.4	1053800000	3	2	15.959	12.615
comp47929_c0	0	37.1	478930000	5	5	22.338	30.849
comp47945_c0	0	36.3	5216000000	7	7	38.938	279.28
comp47976_c0	0	28.3	316580000	4	4	30.298	35.838
comp48012_c0	0	18.2	63153000	3	3	32.086	32.488
comp48013_c0	0.00072939	7.5	20491000	2	2	43.255	13.013
comp48031_c0	0	16.4	300420000	3	3	27.66	259.51
comp48065_c0	0.00064725	24.4	154020000	2	2	13.622	11.761
comp48077_c0	0	22.3	161330000	4	4	47.816	32.618
comp48082_c0	0	11.9	48961000	4	4	74.25	25.336
comp48091_c0	0.00067935	7.6	31491000	2	2	52.008	12.219
comp48096_c0	0.00082576	6.8	105770000	3	3	66.925	17.62
comp48109_c0	0	23.8	1616500000	11	11	70.56	127.45
comp86629_c0	0	23.8	1616500000	11	11	70.56	127.45
comp48287_c0	0	15.1	48788000	2	2	26.833	23.456
comp48294_c0	0	21.3	22474000	3	3	25.133	22.025
comp48298_c0	0	15	1338500000	3	3	26.615	158.88
comp72477_c0	0.00067981	26.4	213750000	2	2	13.337	12.219
comp48317_c0	0.00067981	26.4	213750000	2	2	13.337	12.219
comp48365_c0	0.0025429	18.9	77399000	2	2	14.389	11.544
comp48381_c0	0	21	333020000	4	4	43.098	42.06
comp48449_c0	0	6.7	238050000	4	4	94.438	39.168
comp48452_c0	0	9	76665000	4	4	84.992	34.873
comp48454_c0	0.000668	6	10162000	2	2	57.535	12.035
comp48476_c0	0	30.2	572050000	3	3	21.109	42.058
comp48495_c0	0	17.5	1677100000	4	4	40.82	323.31
comp48508_c0	0	35.8	3381200000	6	6	24.395	229.12
comp48523_c0	0	24.1	3154800000	4	2	21.25	27.533
comp48557_c0	0	36.2	2512400000	8	8	37.61	55.442
comp87668_c0	0	36.2	2512400000	8	8	37.61	55.442
comp48610_c0	0	12.9	341160000	6	6	88.886	42.537
comp48639_c0	0	11	193010000	4	4	53.747	28.224
comp48640_c0	0	23.2	300010000	9	4	64.911	112.21
comp48641_c0	0	32.4	1066100000	11	11	55.496	66.283
comp48677_c0	0	18.4	67971000	4	4	41.956	24.076
comp48712_c0	0	17.9	66492000	3	3	37.285	41.982
comp48915_c0	0	13.5	326900000	4	4	44.26	23.865
comp48920_c0	0	25.5	820140000	6	6	30.527	50.463
comp49034_c0	0	22.4	563590000	2	2	22.606	323.31
comp49035_c0	0.00075188	22.5	114600000	2	2	14.83	13.524
comp49068_c0	0.00083195	21.3	72362000	4	3	32.205	17.738
comp49094_c0	0.00084104	7.1	493480000	3	3	64.527	17.924
comp49117_c0	0	29.9	235460000	3	3	20.668	18.896
comp49124_c0	0	21.1	208850000	3	3	29.808	19.384
comp49139_c0	0	10.7	236040000	3	3	42.698	18.613
comp49148_c0	0.0025413	5.6	43358000	2	2	43.013	11.535
comp49149_c0	0.00065746	2.4	105130000	2	2	127.2	11.869
comp49240_c0	0	20.3	350560000	2	2	21.768	87.665
comp49283_c0	0.0060827	2.9	173740000	2	2	65.687	10.846
comp49288_c0	0	19.4	243290000	3	3	30.706	18.592
comp49334_c0	0	10.9	433460000	3	3	64.383	323.31
comp49366_c0	0.0025126	6.3	27818000	2	2	52.778	11.453
comp50655_c0	0.00067751	15.3	1153300000	2	2	14.092	12.2
comp49376_c0	0.00067751	15.3	1153300000	2	2	14.092	12.2
comp49380_c0	0.00075075	26.2	349890000	2	2	13.268	13.501
comp49412_c0	0.00068446	4.3	58087000	2	2	67.346	12.28
comp49470_c0	0.000777	21.5	124910000	2	2	19.67	14.908
comp49498_c0	0.00080515	5.8	67473000	3	3	74.329	16.948
comp49515_c0	0	13.4	241830000	3	3	37.807	18.669
comp49516_c0	0.00067159	22.1	147480000	2	2	13.077	12.076
comp49546_c0	0	14.8	139540000	2	2	23.141	24.867
comp49581_c0	0	27.2	1338800000	3	3	17.257	23.167
comp49634_c0	0	14.7	189960000	5	5	64.204	52.653
comp49666_c0	0	33.6	1220700000	2	2	13.711	275.23
comp49689_c0	0	6.6	356300000	4	4	83.091	24.441
comp49707_c0	0.002511	9	87838000	2	2	30.575	11.445
comp49724_c0	0.00084746	13.5	257570000	3	3	30.787	18.018
comp49740_c0	0	13.4	119490000	3	3	34.454	21.869
comp49808_c0	0.0030769	5.8	19094000	2	2	25.552	11.115
comp49892_c0	0	9.5	66029000	3	3	63.742	20.306
comp49909_c0	0.00077101	5.7	434170000	2	2	78.191	14.597
comp49938_c0	0	12.2	468030000	2	2	29.716	22.184
comp50000_c0	0	17	794550000	2	2	18.38	222.31
comp50076_c0	0.00065274	8.4	41973000	2	2	43.613	11.815
comp50086_c0	0.00081169	3.9	95296000	3	3	36.434	17.218
comp50089_c0	0	20.1	142500000	4	4	32.749	38.052
comp50101_c0	0	24.8	1017200000	9	9	55.831	201.47
comp50117_c0	0.00082237	10	249600000	2	2	42.798	17.566
comp50153_c0	0	13.6	347090000	3	3	36.161	18.952
comp50162_c0	0	29.8	4837900000	6	6	38.715	313.79
comp50217_c0	0.0042787	2.5	17590000	2	2	184.34	10.997
comp50225_c0	0.00072516	17.4	902480000	2	2	20.582	12.961
comp50311_c0	0.0025332	16.1	667490000	2	2	19.477	11.51
comp50322_c0	0.00074571	18.8	48557000	2	2	19.141	13.292
comp50396_c0	0.00069541	11.1	31321000	2	2	34.279	12.464
comp50412_c0	0	25.2	381010000	2	2	13.088	129.23
comp50468_c0	0	6.9	138540000	4	4	101.99	26.796
comp50479_c0	0	15.4	372750000	4	4	43.808	211.21
comp50484_c0	0	24.8	215250000	4	4	27.473	24.925
comp50522_c0	0.0006502	5.5	36750000	2	2	60.159	11.794
comp33293_c0	0.0006502	5.5	36750000	2	2	60.159	11.794
comp50526_c0	0.00066534	6.6	105700000	2	2	44.693	11.984
comp50566_c0	0	12.5	206870000	4	4	50.744	30.226
comp50567_c0	0.004284	3.1	130260000	2	2	68.017	11.016
comp50571_c0	0.00073692	6.6	154450000	2	2	56.837	13.115
comp50586_c0	0.00074627	7.8	260170000	2	2	41.192	13.339
comp50621_c0	0.00067659	3	66026000	2	2	98.64	12.181
comp50661_c0	0	19.2	229290000	3	3	24.332	22.49
comp50675_c0	0	27.3	1653900000	4	4	32.254	323.31
comp50750_c0	0	22.7	2263100000	4	4	28.609	323.31
comp50785_c0	0	11.4	387790000	3	3	37.639	85.351
comp50921_c0	0	11.9	1242100000	4	4	48.468	50.316
comp50932_c0	0	12.3	190760000	5	5	60.043	29.031
comp50951_c0	0.0042735	4.2	35576000	2	2	45.814	10.977
comp50966_c0	0	15.9	519240000	6	6	62.744	37.82
comp71431_c0	0	15.9	519240000	6	6	62.744	37.82
comp51130_c0	0	28.8	588320000	5	5	23.05	42.469
comp51182_c0	0	8.2	237220000	2	2	20.468	20.384
comp51204_c0	0.00081699	9	35963000	3	3	42.228	17.395
comp51238_c0	0	17.3	1954600000	10	10	91.31	74.825
comp51306_c0	0	21.9	456310000	5	5	27.669	146.47
comp51357_c0	0	25.5	508750000	5	5	25.486	31.297
comp51403_c0	0.00065789	11.2	114860000	2	2	27.64	11.871
comp51437_c0	0.0025094	6.8	29750000	2	2	47.966	11.443
comp51481_c0	0	20.3	223180000	3	3	24.46	166.38
comp51518_c0	0	9.9	340330000	3	3	48.095	19.169
comp51552_c0	0	19.8	419500000	3	3	30.304	214.57
comp51581_c0	0.00074516	6.1	15947000	2	2	44.993	13.283
comp51657_c0	0.0019268	11.7	23301000	2	2	28.631	11.65
comp51689_c0	0	4.8	72491000	2	2	83.024	38.244
comp51691_c0	0	15.6	93818000	3	3	32.534	25.185
comp51693_c0	0.0008658	16.1	917330000	3	3	24.771	18.377
comp51711_c0	0.00085251	9.8	56671000	3	3	45.946	18.135
comp51722_c0	0	17.3	534480000	2	2	18.678	323.31
comp51731_c0	0	7.4	528480000	2	2	47.318	91.339
comp51804_c0	0.0012862	17	74643000	2	2	15.288	11.673
comp51815_c0	0.00065574	10.7	96722000	2	2	27.434	11.834
comp51876_c0	0.00075643	10.5	19413000	2	2	36.46	13.655
comp51990_c0	0.0060205	6.3	7305100	2	1	51.701	6.886
comp51993_c0	0	45.9	2183400000	4	4	12.295	64.816
comp52099_c0	0	13.8	269060000	3	3	45.282	21.455
comp52186_c0	0	16	327400000	4	4	36.406	24.39
comp52201_c0	0	16.8	480010000	4	4	43.382	99.161
comp52306_c0	0.0012853	3.8	8747900	2	2	97.152	11.671
comp52326_c0	0	6.7	59852000	6	6	139.41	37.033
comp52357_c0	0.0025284	3	4077300	2	2	176.71	11.498
comp52382_c0	0.00065104	7.9	103170000	2	2	29.889	11.806
comp52638_c0	0.00064977	15.2	260460000	2	2	28.107	11.793
comp52710_c0	0	20.7	84369000	2	2	15.645	19.344
comp52729_c0	0.0025157	11.5	28586000	2	2	25.549	11.46
comp51472_c0	0.0025157	11.5	28586000	2	2	25.549	11.46
comp52807_c0	0	26.6	637780000	10	10	60.664	70.937
comp52848_c0	0.00065317	10.6	91217000	2	2	30.228	11.82
comp53045_c0	0.00069881	19.1	33675000	2	2	12.894	12.513
comp53112_c0	0.006079	5.8	42146000	2	2	74.071	10.837
comp53269_c0	0	29.8	573620000	6	6	31.801	94.384
comp5331_c0	0	35.3	4429500000	3	2	15.832	140.53
comp53402_c0	0.00064558	6.9	23251000	2	2	55.222	11.729
comp53459_c0	0	10.1	119040000	3	3	43.946	19.497
comp53543_c0	0.0008058	14.8	49846000	3	3	29.236	16.981
comp53613_c0	0.0025031	10.5	1416600	2	2	26.442	11.4
comp53633_c0	0.0024907	8.1	86083000	2	2	32.059	11.305
comp53758_c0	0	38.2	502680000	3	3	11.396	44.74
comp53786_c0	0	10.5	44728000	3	3	54.123	23.032
comp53829_c0	0.0059242	4.5	481110000	2	1	50.386	6.0274
comp54133_c0	0.0007446	14.3	142110000	2	2	21.283	13.276
comp54169_c0	0	5.9	202910000	3	3	99.2	19.616
comp54192_c0	0.00068776	13.2	67016000	2	2	26.615	12.31
comp54211_c0	0.00071276	18.6	126040000	2	2	25.316	12.731
comp54226_c0	0	8.9	112710000	4	4	75.954	24.886
comp54390_c0	0	5.7	64195000	2	2	71.046	20.587
comp54477_c0	0	21.9	87439000	4	4	24.138	25.222
comp54483_c0	0.00078989	20.4	217330000	2	2	14.754	15.87
comp54556_c0	0	26	1728300000	10	10	72.829	95.898
comp54788_c0	0.00072359	11.6	54942000	2	2	38.623	12.928
comp54950_c0	0	22.7	123100000	2	2	16.516	34.138
comp55148_c0	0	10.6	1200500000	4	4	47.485	27.053
comp55156_c0	0.00072254	4.9	50867000	2	2	67.925	12.922
comp55259_c0	0.0025381	11.3	22383000	2	2	36.444	11.528
comp55753_c0	0	13.9	313110000	2	2	24.741	323.31
comp55793_c0	0.00079554	15.9	851310000	2	2	19.488	16.241
comp56507_c0	0.00064767	14.2	65873000	2	2	24.099	11.762
comp56529_c0	0	19.1	400470000	2	2	23.515	213.82
comp56577_c0	0.0058997	8.6	19106000	2	1	42.99	5.7308
comp56721_c0	0	21.9	339710000	4	4	30.552	54.495
comp56836_c0	0.00071174	5.3	98425000	2	2	97.186	12.71
comp56913_c0	0.00079872	14.4	1190800000	2	2	22.33	16.621
comp57006_c0	0.00067568	8	42538000	2	2	38.742	12.177
comp57012_c0	0	26.7	1811000000	5	5	29.895	35.992
comp57272_c0	0.0058548	42.3	14415000	3	1	16.047	5.4437
comp57523_c0	0.00079302	12.5	397070000	2	2	33.422	16.127
comp57582_c0	0	6.7	26985000000	3	3	48.041	24.27
comp39052_c0	0	6.7	26985000000	3	3	48.041	24.27
comp75377_c0	0	6.7	26985000000	3	3	48.041	24.27
comp57871_c0	0	13.2	27812000	4	4	62.364	24.15
comp41417_c0	0	13.2	27812000	4	4	62.364	24.15
comp39053_c0	0	13.2	27812000	4	4	62.364	24.15
comp40169_c0	0	13.2	27812000	4	4	62.364	24.15
comp57883_c0	0.00067385	14.8	318390000	2	2	18.986	12.137
comp58233_c0	0.00066934	13.8	86623000	2	2	20.493	12.041
comp59367_c0	0	28	22015000000	10	4	49.763	291.33
comp60138_c0	0	40.4	448470000	5	1	17.336	44.871
comp60534_c0	0	13.7	137180000	2	2	22.442	22.617
comp60755_c0	0	12.5	186050000	3	3	27.907	30.787
comp61413_c0	0.0008071	23.1	69482000	2	2	13.755	17.14
comp69177_c0	0.005963	27.1	69650000	2	1	11.868	6.318
comp7235_c0	0	8	180720000	3	3	51.839	20.132
comp7316_c0	0.0060423	9.4	99889000	2	1	34.755	7.6172
comp7338_c0	0	6.3	177130000	2	2	55.475	38.193
comp7358_c0	0	32	355140000	5	5	31.592	75.035
comp7395_c0	0.0008673	10	150340000	3	3	48.557	18.38
comp7397_c0	0	12.8	687960000	3	3	43.524	73.595
comp7449_c0	0	15	93840000	2	2	24.615	32.354
comp7497_c0	0	12.9	69380000	3	3	34.221	18.492
comp7563_c0	0.00069686	9.3	98505000	2	2	34.641	12.479
comp7618_c0	0.0060606	6.4	17143000	2	1	41.839	9.661
comp7722_c0	0	18.5	16652000	3	3	31.876	150.76
comp77554_c0	0	25.2	938500000	2	2	13.345	36.348
comp8918_c0	0	25.2	938500000	2	2	13.345	36.348
comp7764_c0	0.00073475	6.3	233770000	2	2	50.885	13.087
comp81158_c0	0.005848	33.7	3007100	3	1	10.976	5.4102
comp8696_c0	0.00079618	11.9	194630000	2	2	28.833	16.286
comp8816_c0	0	10.8	187340000	3	3	41.655	19.889
comp69086_c0	0	10.8	187340000	3	3	41.655	19.889
comp8866_c0	0	14.9	1278700000	5	5	52.052	50.037
comp8869_c0	0	19.5	964130000	3	3	32.98	24.42
comp8881_c0	0	12	287990000	2	2	25.675	38.467
comp8912_c0	0.00084962	13.7	61395000	3	3	32.714	18.088
comp8921_c0	0.00081433	16.9	51629000	3	3	21.847	17.284
comp8934_c0	0	6.2	70172000	2	2	52.614	66.51
comp8965_c0	0	32.4	5798100000	13	13	50.194	93.312
comp9008_c0	0	16.6	43655000	2	2	26.078	65.195
comp9054_c0	0	12	153400000	6	6	75.077	36.236
comp9074_c0	0.00077821	27	667190000	2	2	18.786	14.971
comp9099_c0	0	27.4	1110600000	3	3	18.705	20.436
comp9104_c0	0	10.2	188490000	5	5	66.6	32.747
comp9110_c0	0.00078555	10.5	24729000	2	2	29.079	15.377
comp9118_c0	0	21.2	1316700000	2	2	17.347	73.376
comp9130_c0	0.00068587	12	990870000	2	2	21.956	12.294
comp9141_c0	0	10.4	434280000	4	4	42.418	23.867
comp9153_c0	0	45.7	12333000000	21	20	60.123	323.31
comp84251_c0	0	45.7	12333000000	21	20	60.123	323.31
comp84988_c0	0	45.7	12333000000	21	20	60.123	323.31
comp9165_c0	0	15	858630000	10	10	104.91	61.562
comp9170_c0	0	13.3	348310000	4	4	48.072	53.433
comp65895_c0	0	13.3	348310000	4	4	48.072	53.433
comp9171_c0	0.00085837	18.3	261980000	3	3	27.938	18.245
comp99499_c0	0.00085837	18.3	261980000	3	3	27.938	18.245
comp9188_c0	0	9.2	713230000	5	5	80.412	32.103
comp9196_c0	0	11	1090900000	6	6	76.409	70.287
comp9204_c0	0	20.5	659200000	2	2	22.064	323.31
comp9208_c0	0.00070522	13.4	515690000	2	2	21.173	12.615
comp9216_c0	0.00082305	12.4	82642000	3	3	36.68	17.575
comp6026_c0	0.00082305	12.4	82642000	3	3	36.68	17.575
comp9223_c0	0	17.6	182890000	3	2	26.197	158.39
comp9229_c0	0	6.8	193920000	4	4	86.629	107.93
comp9231_c0	0	15.5	36686000	3	3	35.331	19.697
comp9254_c0	0	21.5	1243600000	4	4	27.383	254.73
comp9255_c0	0.00069493	8.2	33402000	2	2	36.523	12.457
comp9260_c0	0	15.8	815700000	4	4	44.888	52.602
comp9284_c0	0.00074405	26.4	36570000	2	2	19.688	13.259
comp9288_c0	0	42.2	8962900000	7	7	26.522	323.31
comp9397_c0	0	34.3	215360000	3	3	14.758	21.279
comp9403_c0	0.00076687	4.7	92747000	2	2	71.86	14.209
comp9416_c0	0.00072569	13.4	461690000	2	2	25.235	12.974
comp9467_c0	0.00068729	16.4	59574000	2	2	25.015	12.304
comp9558_c0	0.00080841	11.6	221680000	3	3	32.235	17.157
comp9622_c0	0	19.8	174910000	2	2	29.754	37.986
comp9624_c0	0.00067843	11.9	219700000	2	2	23.909	12.214
comp33276_c0	0.00067843	11.9	219700000	2	2	23.909	12.214
comp9661_c0	0	13.5	512830000	3	3	42.315	70.059
comp9664_c0	0.00074794	29	250440000	2	2	13.814	13.402
comp9705_c0	0	26.7	359060000	6	6	44.353	72.583
comp9726_c0	0	7.7	59951000	3	3	62.596	67.807
comp78952_c0	0	7.7	59951000	3	3	62.596	67.807
comp9740_c0	0.0058858	13.2	42722000	2	1	18.719	5.6821
comp9744_c0	0	10.3	118560000	3	3	59.041	187.98
comp9751_c0	0	12.7	207880000	4	4	48.905	26.86
comp9828_c0	0.00080321	26.9	40789000	3	3	18.354	16.768
comp9867_c0	0	15.1	910910000	8	6	80.249	179.59
comp9945_c0	0.00076453	6.8	56371000	2	2	69.453	14.125
comp9949_c0	0.00084531	9.9	119200000	3	3	62.425	17.991
comp9952_c0	0	31.5	374740000	4	4	24.015	24.368
comp9969_c0	0	54.5	477060000	3	1	11.423	27.156
comp9970_c0	0	20.3	198160000	3	3	25.726	18.57
comp1000_c0	0	20.3	198160000	3	3	25.726	18.57
