100_MH_MC	4	1	1	3.5	45.348	4.34E-07	39947000
99_MH_MC	4	1	1	3.5	45.348	4.34E-07	39947000
39351_MH_MC	4	1	1	3.5	45.348	4.34E-07	39947000
28423_MH_MC	4	1	1	3.5	45.348	4.34E-07	39947000
41434_MH_MC	5	9	9	19.3	79.523	4.83E-76	2199000000
24694_MH_MC	5	9	9	19.3	79.523	4.83E-76	2199000000
100783_MH_MC	5	9	9	19.3	79.523	4.83E-76	2199000000
16783_MH_MC	5	9	9	19.3	79.523	4.83E-76	2199000000
167072_MH_MC	5	9	9	19.3	79.523	4.83E-76	2199000000
100870_MH_MC	2	2	2	27.1	14.987	9.91E-42	1887400000
40436_MH_MC	2	2	2	27.1	14.987	9.91E-42	1887400000
102_MH_MC	4	1	1	2	50.275	0.0034679	81325000
28424_MH_MC	4	1	1	2	50.275	0.0034679	81325000
CON__ENSEMBL:ENSBTAP00000016242	4	1	1	2	50.275	0.0034679	81325000
101_MH_MC	4	1	1	2	50.275	0.0034679	81325000
43448_MH_MC	3	1	1	1.6	93.628	1.64E-05	12463000
22145_MH_MC	3	1	1	1.6	93.628	1.64E-05	12463000
101374_MH_MC	3	1	1	1.6	93.628	1.64E-05	12463000
101534_MH_MC	2	1	1	7.9	24.87	2.05E-09	0
17458_MH_MC	2	1	1	7.9	24.87	2.05E-09	0
44693_MH_MC	4	1	1	1.3	116.17	0.00026216	12857000
26701_MH_MC	4	1	1	1.3	116.17	0.00026216	12857000
101830_MH_MC	4	1	1	1.3	116.17	0.00026216	12857000
18182_MH_MC	4	1	1	1.3	116.17	0.00026216	12857000
40320_MH_MC	4	1	1	1.9	66.987	0.02364	0
22251_MH_MC	4	1	1	1.9	66.987	0.02364	0
102644_MH_MC	4	1	1	1.9	66.987	0.02364	0
7310_MH_MC	4	1	1	1.9	66.987	0.02364	0
102827_MH_MC	2	1	1	6	29.835	0.02645	12629000
40915_MH_MC	2	1	1	6	29.835	0.02645	12629000
42190_MH_MC	5	2	2	2.3	97.701	0.0001804	18786000
170784_MH_MC	5	2	2	2.3	97.701	0.0001804	18786000
26946_MH_MC	5	2	2	2.3	97.701	0.0001804	18786000
18361_MH_MC	5	2	2	2.3	97.701	0.0001804	18786000
102932_MH_MC	5	2	2	2.3	97.701	0.0001804	18786000
102956_MH_MC	5	2	2	12.7	18.814	1.60E-05	61653000
3249_MH_MC	5	2	2	12.7	18.814	1.60E-05	61653000
3247_MH_MC	5	2	2	12.7	18.814	1.60E-05	61653000
3246_MH_MC	5	2	2	12.7	18.814	1.60E-05	61653000
3248_MH_MC	5	2	2	12.7	18.814	1.60E-05	61653000
102962_MH_MC	1	1	1	13.3	6.6396	0.020776	239190000
44722_MH_MC	2	1	1	2.8	64.178	6.49E-09	14183000
103101_MH_MC	2	1	1	2.8	64.178	6.49E-09	14183000
10482_MH_MC	1	2	1	9.2	8.4216	1.72E-14	240200000
44594_MH_MC	4	2	2	8.3	35.83	1.35E-13	83382000
104829_MH_MC	4	2	2	8.3	35.83	1.35E-13	83382000
27760_MH_MC	4	2	2	8.3	35.83	1.35E-13	83382000
18983_MH_MC	4	2	2	8.3	35.83	1.35E-13	83382000
40975_MH_MC	4	1	1	0.9	102.75	0.016293	0
14998_MH_MC	4	1	1	0.9	102.75	0.016293	0
105025_MH_MC	4	1	1	0.9	102.75	0.016293	0
22284_MH_MC	4	1	1	0.9	102.75	0.016293	0
105061_MH_MC	1	1	1	8.2	12.585	0.0047937	121640000
45892_MH_MC	3	1	1	29.4	7.5334	1.04E-45	0
10531_MH_MC	3	1	1	29.4	7.5334	1.04E-45	0
156367_MH_MC	3	1	1	29.4	7.5334	1.04E-45	0
105456_MH_MC	3	1	1	7.6	13.566	0.0030101	70210000
43191_MH_MC	3	1	1	7.6	13.566	0.0030101	70210000
24291_MH_MC	3	1	1	7.6	13.566	0.0030101	70210000
110564_MH_MC	3	1	1	7	15.229	0.0039684	61329000
1055_MH_MC	3	1	1	7	15.229	0.0039684	61329000
138066_MH_MC	3	1	1	7	15.229	0.0039684	61329000
10561_MH_MC	1	2	2	44.6	6.5826	0.0023419	21040000
29210_MH_MC	4	1	1	5.8	33.629	0.0055222	0
107231_MH_MC	4	1	1	5.8	33.629	0.0055222	0
22431_MH_MC	4	1	1	5.8	33.629	0.0055222	0
29211_MH_MC	4	1	1	5.8	33.629	0.0055222	0
44720_MH_MC	3	1	1	2.8	31.29	0.013794	313110000
107263_MH_MC	3	1	1	2.8	31.29	0.013794	313110000
17616_MH_MC	3	1	1	2.8	31.29	0.013794	313110000
107473_MH_MC	3	1	1	2.3	58.404	0.0104	0
42789_MH_MC	3	1	1	2.3	58.404	0.0104	0
27240_MH_MC	3	1	1	2.3	58.404	0.0104	0
28629_MH_MC	3	1	1	6.5	24.458	0.0091458	0
27956_MH_MC	3	1	1	6.5	24.458	0.0091458	0
107605_MH_MC	3	1	1	6.5	24.458	0.0091458	0
107885_MH_MC	2	1	1	5.7	21.952	0.027664	11566000
27863_MH_MC	2	1	1	5.7	21.952	0.027664	11566000
28630_MH_MC	4	2	2	5.3	51.509	7.92E-06	29464000
28631_MH_MC	4	2	2	5.3	51.509	7.92E-06	29464000
107965_MH_MC	4	2	2	5.3	51.509	7.92E-06	29464000
22488_MH_MC	4	2	2	5.3	51.509	7.92E-06	29464000
108278_MH_MC	4	1	1	3.4	41.444	0.016658	24424000
22230_MH_MC	4	1	1	3.4	41.444	0.016658	24424000
162985_MH_MC	4	1	1	3.4	41.444	0.016658	24424000
14958_MH_MC	4	1	1	3.4	41.444	0.016658	24424000
1090_MH_MC	2	1	1	6.8	26.831	0.00083524	0
1089_MH_MC	2	1	1	6.8	26.831	0.00083524	0
10920_MH_MC	1	5	1	32	10.678	2.00E-50	139790000
109731_MH_MC	1	1	1	8.4	12.026	0.0046874	12598000
110150_MH_MC	3	1	1	1.9	55.247	0.0086776	11518000
26830_MH_MC	3	1	1	1.9	55.247	0.0086776	11518000
170596_MH_MC	3	1	1	1.9	55.247	0.0086776	11518000
1102_MH_MC	7	3	1	9.7	18.738	1.17E-18	36634000
1103_MH_MC	7	3	1	9.7	18.738	1.17E-18	36634000
30308_MH_MC	7	3	1	9.7	18.738	1.17E-18	36634000
30309_MH_MC	7	3	1	9.7	18.738	1.17E-18	36634000
2772_MH_MC	7	3	1	9.7	18.738	1.17E-18	36634000
16281_MH_MC	7	3	1	9.7	18.738	1.17E-18	36634000
41422_MH_MC	7	3	1	9.7	18.738	1.17E-18	36634000
11020_MH_MC	2	4	4	50	10.144	1.24E-14	492260000
138637_MH_MC	2	4	4	50	10.144	1.24E-14	492260000
110372_MH_MC	1	1	1	5.4	21.642	0.030134	86807000
31572_MH_MC	3	3	3	23.4	14.609	1.57E-22	164240000
1676_MH_MC	3	3	3	23.4	14.609	1.57E-22	164240000
11053_MH_MC	3	3	3	23.4	14.609	1.57E-22	164240000
40960_MH_MC	4	4	4	5.2	95.111	2.39E-07	0
23081_MH_MC	4	4	4	5.2	95.111	2.39E-07	0
15603_MH_MC	4	4	4	5.2	95.111	2.39E-07	0
110878_MH_MC	4	4	4	5.2	95.111	2.39E-07	0
11097_MH_MC	1	3	1	12.2	9.5186	1.13E-13	195320000
15295_MH_MC	4	1	1	4	36.237	0.00013036	5296900
110972_MH_MC	4	1	1	4	36.237	0.00013036	5296900
42599_MH_MC	4	1	1	4	36.237	0.00013036	5296900
46885_MH_MC	4	1	1	4	36.237	0.00013036	5296900
1111_MH_MC	8	4	4	10.4	58.996	1.23E-43	108480000
1112_MH_MC	8	4	4	10.4	58.996	1.23E-43	108480000
23980_MH_MC	8	4	4	10.4	58.996	1.23E-43	108480000
30340_MH_MC	8	4	4	10.4	58.996	1.23E-43	108480000
77988_MH_MC	8	4	4	10.4	58.996	1.23E-43	108480000
1108_MH_MC	8	4	4	10.4	58.996	1.23E-43	108480000
1110_MH_MC	8	4	4	10.4	58.996	1.23E-43	108480000
16266_MH_MC	8	4	4	10.4	58.996	1.23E-43	108480000
22783_MH_MC	3	1	1	6.3	26.648	0.0039919	8216500
38044_MH_MC	3	1	1	6.3	26.648	0.0039919	8216500
111408_MH_MC	3	1	1	6.3	26.648	0.0039919	8216500
43598_MH_MC	2	1	1	8	13.855	0.0089594	17273000
11218_MH_MC	2	1	1	8	13.855	0.0089594	17273000
30374_MH_MC	7	4	1	2.3	49.67	1.03E-13	0
1130_MH_MC	7	4	1	2.3	49.67	1.03E-13	0
CON__ENSEMBL:ENSBTAP00000025008	7	4	1	2.3	49.67	1.03E-13	0
1131_MH_MC	7	4	1	2.3	49.67	1.03E-13	0
1132_MH_MC	7	4	1	2.3	49.67	1.03E-13	0
8790_MH_MC	7	4	1	2.3	49.67	1.03E-13	0
8791_MH_MC	7	4	1	2.3	49.67	1.03E-13	0
22432_MH_MC	4	1	1	10.8	22.173	1.26E-06	14920000
113238_MH_MC	4	1	1	10.8	22.173	1.26E-06	14920000
28660_MH_MC	4	1	1	10.8	22.173	1.26E-06	14920000
28659_MH_MC	4	1	1	10.8	22.173	1.26E-06	14920000
13357_MH_MC	3	2	2	15.7	19.316	3.45E-15	75641000
1135_MH_MC	3	2	2	15.7	19.316	3.45E-15	75641000
1134_MH_MC	3	2	2	15.7	19.316	3.45E-15	75641000
30381_MH_MC	3	1	1	8.8	13.171	0.028932	79697000
1136_MH_MC	3	1	1	8.8	13.171	0.028932	79697000
139393_MH_MC	3	1	1	8.8	13.171	0.028932	79697000
40432_MH_MC	2	1	1	20.7	11.985	0.0067376	9571200
11374_MH_MC	2	1	1	20.7	11.985	0.0067376	9571200
21773_MH_MC	2	1	1	2	57.988	0.00031069	0
114109_MH_MC	2	1	1	2	57.988	0.00031069	0
40683_MH_MC	2	1	1	6.6	25.532	7.16E-15	0
114371_MH_MC	2	1	1	6.6	25.532	7.16E-15	0
40938_MH_MC	3	1	1	5.6	33.473	1.42E-18	0
157965_MH_MC	3	1	1	5.6	33.473	1.42E-18	0
11522_MH_MC	3	1	1	5.6	33.473	1.42E-18	0
115578_MH_MC	3	1	1	5.4	17.027	0.012045	134420000
6629_MH_MC	3	1	1	5.4	17.027	0.012045	134420000
6628_MH_MC	3	1	1	5.4	17.027	0.012045	134420000
11567_MH_MC	1	1	1	12.7	11.75	0.00022482	48991000
36749_MH_MC	3	1	1	3.5	43.067	4.94E-05	0
158063_MH_MC	3	1	1	3.5	43.067	4.94E-05	0
11589_MH_MC	3	1	1	3.5	43.067	4.94E-05	0
116057_MH_MC	4	2	2	5.4	40.632	5.54E-05	29146000
44641_MH_MC	4	2	2	5.4	40.632	5.54E-05	29146000
21503_MH_MC	4	2	2	5.4	40.632	5.54E-05	29146000
14382_MH_MC	4	2	2	5.4	40.632	5.54E-05	29146000
1162_MH_MC	8	9	9	10.8	104.61	1.53E-32	452690000
1161_MH_MC	8	9	9	10.8	104.61	1.53E-32	452690000
30429_MH_MC	8	9	9	10.8	104.61	1.53E-32	452690000
23366_MH_MC	8	9	9	10.8	104.61	1.53E-32	452690000
112315_MH_MC	8	9	9	10.8	104.61	1.53E-32	452690000
15823_MH_MC	8	9	9	10.8	104.61	1.53E-32	452690000
1160_MH_MC	8	9	9	10.8	104.61	1.53E-32	452690000
20045_MH_MC	8	9	9	10.8	104.61	1.53E-32	452690000
14212_MH_MC	3	6	6	21	43.401	4.25E-15	172540000
41476_MH_MC	3	6	6	21	43.401	4.25E-15	172540000
116170_MH_MC	3	6	6	21	43.401	4.25E-15	172540000
14210_MH_MC	9	7	7	30	27.984	1.02E-77	551400000
116249_MH_MC	9	7	7	30	27.984	1.02E-77	551400000
39473_MH_MC	9	7	7	30	27.984	1.02E-77	551400000
6723_MH_MC	9	7	7	30	27.984	1.02E-77	551400000
5946_MH_MC	9	7	7	30	27.984	1.02E-77	551400000
4937_MH_MC	9	7	7	30	27.984	1.02E-77	551400000
4805_MH_MC	9	7	7	30	27.984	1.02E-77	551400000
6875_MH_MC	9	7	7	30	27.984	1.02E-77	551400000
4804_MH_MC	9	7	7	30	27.984	1.02E-77	551400000
1163_MH_MC	2	5	4	9.9	49.524	2.56E-11	165840000
30432_MH_MC	2	5	4	9.9	49.524	2.56E-11	165840000
44454_MH_MC	3	1	1	10.8	13.026	5.37E-13	0
136765_MH_MC	3	1	1	10.8	13.026	5.37E-13	0
11638_MH_MC	3	1	1	10.8	13.026	5.37E-13	0
30435_MH_MC	7	1	1	3.9	39.638	0.017766	0
1164_MH_MC	7	1	1	3.9	39.638	0.017766	0
1165_MH_MC	7	1	1	3.9	39.638	0.017766	0
1166_MH_MC	7	1	1	3.9	39.638	0.017766	0
19558_MH_MC	7	1	1	3.9	39.638	0.017766	0
133935_MH_MC	7	1	1	3.9	39.638	0.017766	0
12442_MH_MC	7	1	1	3.9	39.638	0.017766	0
33952_MH_MC	12	6	6	11.3	76.598	4.28E-34	159790000
2828_MH_MC	12	6	6	11.3	76.598	4.28E-34	159790000
2827_MH_MC	12	6	6	11.3	76.598	4.28E-34	159790000
116581_MH_MC	12	6	6	11.3	76.598	4.28E-34	159790000
21325_MH_MC	12	6	6	11.3	76.598	4.28E-34	159790000
14203_MH_MC	12	6	6	11.3	76.598	4.28E-34	159790000
161436_MH_MC	12	6	6	11.3	76.598	4.28E-34	159790000
40837_MH_MC	12	6	6	11.3	76.598	4.28E-34	159790000
12823_MH_MC	12	6	6	11.3	76.598	4.28E-34	159790000
161437_MH_MC	12	6	6	11.3	76.598	4.28E-34	159790000
132151_MH_MC	12	6	6	11.3	76.598	4.28E-34	159790000
161438_MH_MC	12	6	6	11.3	76.598	4.28E-34	159790000
11663_MH_MC	2	1	1	25.8	10.621	5.76E-21	24896000
158166_MH_MC	2	1	1	25.8	10.621	5.76E-21	24896000
1792_MH_MC	3	1	1	6.7	21.009	0.0015958	30910000
1791_MH_MC	3	1	1	6.7	21.009	0.0015958	30910000
11677_MH_MC	3	1	1	6.7	21.009	0.0015958	30910000
30431_MH_MC	2	1	1	2.9	31.218	0.012694	25742000
1170_MH_MC	2	1	1	2.9	31.218	0.012694	25742000
158290_MH_MC	2	1	1	7.6	15.843	0.00037311	0
11737_MH_MC	2	1	1	7.6	15.843	0.00037311	0
1174_MH_MC	10	4	4	10.4	48.597	5.02E-24	264310000
1176_MH_MC	10	4	4	10.4	48.597	5.02E-24	264310000
30486_MH_MC	10	4	4	10.4	48.597	5.02E-24	264310000
1175_MH_MC	10	4	4	10.4	48.597	5.02E-24	264310000
30485_MH_MC	10	4	4	10.4	48.597	5.02E-24	264310000
22759_MH_MC	10	4	4	10.4	48.597	5.02E-24	264310000
124570_MH_MC	10	4	4	10.4	48.597	5.02E-24	264310000
163906_MH_MC	10	4	4	10.4	48.597	5.02E-24	264310000
15361_MH_MC	10	4	4	10.4	48.597	5.02E-24	264310000
172102_MH_MC	10	4	4	10.4	48.597	5.02E-24	264310000
33651_MH_MC	5	2	2	7.2	29.658	2.11E-05	204200000
33652_MH_MC	5	2	2	7.2	29.658	2.11E-05	204200000
11780_MH_MC	5	2	2	7.2	29.658	2.11E-05	204200000
43845_MH_MC	5	2	2	7.2	29.658	2.11E-05	204200000
136277_MH_MC	5	2	2	7.2	29.658	2.11E-05	204200000
118146_MH_MC	1	1	1	17.2	7.3475	0.0012366	0
44025_MH_MC	4	1	1	7	35.036	5.57E-14	55065000
22937_MH_MC	4	1	1	7	35.036	5.57E-14	55065000
15499_MH_MC	4	1	1	7	35.036	5.57E-14	55065000
118511_MH_MC	4	1	1	7	35.036	5.57E-14	55065000
43115_MH_MC	3	1	1	4.3	32.968	0.01928	0
11885_MH_MC	3	1	1	4.3	32.968	0.01928	0
135927_MH_MC	3	1	1	4.3	32.968	0.01928	0
34059_MH_MC	6	1	1	1.8	73.222	2.98E-13	0
34058_MH_MC	6	1	1	1.8	73.222	2.98E-13	0
119079_MH_MC	6	1	1	1.8	73.222	2.98E-13	0
22093_MH_MC	6	1	1	1.8	73.222	2.98E-13	0
14860_MH_MC	6	1	1	1.8	73.222	2.98E-13	0
162741_MH_MC	6	1	1	1.8	73.222	2.98E-13	0
119183_MH_MC	1	4	0	0	15.443	8.19E-24	216450000
43947_MH_MC	2	3	3	8.9	44.916	1.21E-22	162710000
119651_MH_MC	2	3	3	8.9	44.916	1.21E-22	162710000
35688_MH_MC	3	1	1	4.5	25.271	0.020371	189900000
3906_MH_MC	3	1	1	4.5	25.271	0.020371	189900000
11972_MH_MC	3	1	1	4.5	25.271	0.020371	189900000
11978_MH_MC	1	1	1	17.4	10.564	7.73E-05	10779000
120095_MH_MC	1	1	1	10.9	12.579	4.64E-05	14365000
12015_MH_MC	1	1	1	6.7	12.248	0.052501	78340000
6130_MH_MC	7	1	1	4.5	26.2	0.017063	33959000
6131_MH_MC	7	1	1	4.5	26.2	0.017063	33959000
8466_MH_MC	7	1	1	4.5	26.2	0.017063	33959000
8467_MH_MC	7	1	1	4.5	26.2	0.017063	33959000
8465_MH_MC	7	1	1	4.5	26.2	0.017063	33959000
120343_MH_MC	7	1	1	4.5	26.2	0.017063	33959000
43994_MH_MC	7	1	1	4.5	26.2	0.017063	33959000
7320_MH_MC	4	1	1	8.7	13.924	7.54E-06	54667000
120544_MH_MC	4	1	1	8.7	13.924	7.54E-06	54667000
14880_MH_MC	4	1	1	8.7	13.924	7.54E-06	54667000
162798_MH_MC	4	1	1	8.7	13.924	7.54E-06	54667000
8240_MH_MC	5	1	1	2.8	47.866	0.00020519	0
43356_MH_MC	5	1	1	2.8	47.866	0.00020519	0
120832_MH_MC	5	1	1	2.8	47.866	0.00020519	0
14094_MH_MC	5	1	1	2.8	47.866	0.00020519	0
21237_MH_MC	5	1	1	2.8	47.866	0.00020519	0
1214_MH_MC	5	1	1	2.4	52.539	0.00055676	0
30545_MH_MC	5	1	1	2.4	52.539	0.00055676	0
30544_MH_MC	5	1	1	2.4	52.539	0.00055676	0
1213_MH_MC	5	1	1	2.4	52.539	0.00055676	0
20287_MH_MC	5	1	1	2.4	52.539	0.00055676	0
25185_MH_MC	3	1	1	2.9	43.006	0.018517	0
121612_MH_MC	3	1	1	2.9	43.006	0.018517	0
28907_MH_MC	3	1	1	2.9	43.006	0.018517	0
121711_MH_MC	3	6	6	40	21.248	1.84E-44	626220000
41143_MH_MC	3	6	6	40	21.248	1.84E-44	626220000
23553_MH_MC	3	6	6	40	21.248	1.84E-44	626220000
121762_MH_MC	2	1	1	2.6	38.846	0.010488	12072000
14063_MH_MC	2	1	1	2.6	38.846	0.010488	12072000
122070_MH_MC	4	3	3	20.6	28.999	9.72E-77	68093000
37034_MH_MC	4	3	3	20.6	28.999	9.72E-77	68093000
21197_MH_MC	4	3	3	20.6	28.999	9.72E-77	68093000
14044_MH_MC	4	3	3	20.6	28.999	9.72E-77	68093000
7415_MH_MC	5	2	2	3.8	53.097	1.21E-08	31515000
40639_MH_MC	5	2	2	3.8	53.097	1.21E-08	31515000
22505_MH_MC	5	2	2	3.8	53.097	1.21E-08	31515000
122130_MH_MC	5	2	2	3.8	53.097	1.21E-08	31515000
15172_MH_MC	5	2	2	3.8	53.097	1.21E-08	31515000
37935_MH_MC	2	1	1	7.5	14.944	0.022468	64093000
12218_MH_MC	2	1	1	7.5	14.944	0.022468	64093000
31011_MH_MC	4	1	1	3.6	52.02	1.04E-12	8837900
1411_MH_MC	4	1	1	3.6	52.02	1.04E-12	8837900
122203_MH_MC	4	1	1	3.6	52.02	1.04E-12	8837900
14038_MH_MC	4	1	1	3.6	52.02	1.04E-12	8837900
44892_MH_MC	2	6	6	42.1	19.763	1.50E-26	1198800000
12228_MH_MC	2	6	6	42.1	19.763	1.50E-26	1198800000
122345_MH_MC	4	9	9	45.1	34.52	2.81E-76	4426800000
21186_MH_MC	4	9	9	45.1	34.52	2.81E-76	4426800000
14028_MH_MC	4	9	9	45.1	34.52	2.81E-76	4426800000
46270_MH_MC	4	9	9	45.1	34.52	2.81E-76	4426800000
31370_MH_MC	4	1	1	3	42.52	0.0058005	51826000
31372_MH_MC	4	1	1	3	42.52	0.0058005	51826000
134693_MH_MC	4	1	1	3	42.52	0.0058005	51826000
12238_MH_MC	4	1	1	3	42.52	0.0058005	51826000
44535_MH_MC	2	2	2	12.9	25.05	1.62E-12	0
12257_MH_MC	2	2	2	12.9	25.05	1.62E-12	0
33347_MH_MC	2	1	1	3.5	57.317	1.34E-14	8211700
12317_MH_MC	2	1	1	3.5	57.317	1.34E-14	8211700
23964_MH_MC	2	1	1	2.9	28.043	0.0061596	0
123302_MH_MC	2	1	1	2.9	28.043	0.0061596	0
2053_MH_MC	4	2	2	9.9	19.056	0.00087114	65236000
12341_MH_MC	4	2	2	9.9	19.056	0.00087114	65236000
159885_MH_MC	4	2	2	9.9	19.056	0.00087114	65236000
134330_MH_MC	4	2	2	9.9	19.056	0.00087114	65236000
123590_MH_MC	3	4	4	16.8	34.072	3.84E-13	39660000
7955_MH_MC	3	4	4	16.8	34.072	3.84E-13	39660000
21116_MH_MC	3	4	4	16.8	34.072	3.84E-13	39660000
2659_MH_MC	3	1	1	7.6	21.054	7.32E-05	10063000
19493_MH_MC	3	1	1	7.6	21.054	7.32E-05	10063000
12376_MH_MC	3	1	1	7.6	21.054	7.32E-05	10063000
123962_MH_MC	1	1	1	7	15.363	0.015296	53806000
123978_MH_MC	2	4	3	14.8	23.706	7.17E-19	266850000
13932_MH_MC	2	4	3	14.8	23.706	7.17E-19	266850000
21088_MH_MC	2	1	1	5.2	27.14	0.0012219	6617100
124135_MH_MC	2	1	1	5.2	27.14	0.0012219	6617100
12426_MH_MC	1	2	2	16.8	17.17	0.00019394	69255000
12444_MH_MC	3	1	1	7.5	19.189	0.00015697	0
133919_MH_MC	3	1	1	7.5	19.189	0.00015697	0
19561_MH_MC	3	1	1	7.5	19.189	0.00015697	0
13893_MH_MC	5	4	4	16.4	32.293	1.87E-30	283420000
124608_MH_MC	5	4	4	16.4	32.293	1.87E-30	283420000
46413_MH_MC	5	4	4	16.4	32.293	1.87E-30	283420000
21061_MH_MC	5	4	4	16.4	32.293	1.87E-30	283420000
44483_MH_MC	5	4	4	16.4	32.293	1.87E-30	283420000
35126_MH_MC	5	1	1	1.7	80.11	0.0030844	14820000
35129_MH_MC	5	1	1	1.7	80.11	0.0030844	14820000
35127_MH_MC	5	1	1	1.7	80.11	0.0030844	14820000
12472_MH_MC	5	1	1	1.7	80.11	0.0030844	14820000
159227_MH_MC	5	1	1	1.7	80.11	0.0030844	14820000
124735_MH_MC	4	2	2	8.4	34.668	2.59E-08	58405000
13884_MH_MC	4	2	2	8.4	34.668	2.59E-08	58405000
21053_MH_MC	4	2	2	8.4	34.668	2.59E-08	58405000
43737_MH_MC	4	2	2	8.4	34.668	2.59E-08	58405000
42203_MH_MC	4	1	1	3.4	43.681	0.0014425	5259800
21044_MH_MC	4	1	1	3.4	43.681	0.0014425	5259800
124817_MH_MC	4	1	1	3.4	43.681	0.0014425	5259800
13877_MH_MC	4	1	1	3.4	43.681	0.0014425	5259800
43365_MH_MC	4	4	4	17.8	31.997	1.90E-36	167680000
124974_MH_MC	4	4	4	17.8	31.997	1.90E-36	167680000
13873_MH_MC	4	4	4	17.8	31.997	1.90E-36	167680000
21041_MH_MC	4	4	4	17.8	31.997	1.90E-36	167680000
44030_MH_MC	5	1	1	2.2	80.548	3.00E-15	0
8470_MH_MC	5	1	1	2.2	80.548	3.00E-15	0
8471_MH_MC	5	1	1	2.2	80.548	3.00E-15	0
13869_MH_MC	5	1	1	2.2	80.548	3.00E-15	0
125024_MH_MC	5	1	1	2.2	80.548	3.00E-15	0
21038_MH_MC	2	1	1	5.1	29.384	4.06E-13	20201000
125041_MH_MC	2	1	1	5.1	29.384	4.06E-13	20201000
13865_MH_MC	3	1	1	4.1	30.717	8.27E-06	11087000
21036_MH_MC	3	1	1	4.1	30.717	8.27E-06	11087000
125053_MH_MC	3	1	1	4.1	30.717	8.27E-06	11087000
12519_MH_MC	3	5	5	35.8	19.579	1.33E-36	2508500000
19644_MH_MC	3	5	5	35.8	19.579	1.33E-36	2508500000
133652_MH_MC	3	5	5	35.8	19.579	1.33E-36	2508500000
125451_MH_MC	6	1	1	6.2	30.884	0.0074218	37342000
23234_MH_MC	6	1	1	6.2	30.884	0.0074218	37342000
2735_MH_MC	6	1	1	6.2	30.884	0.0074218	37342000
125325_MH_MC	6	1	1	6.2	30.884	0.0074218	37342000
164682_MH_MC	6	1	1	6.2	30.884	0.0074218	37342000
160996_MH_MC	6	1	1	6.2	30.884	0.0074218	37342000
125573_MH_MC	4	1	1	5.3	27.725	7.69E-13	63358000
20989_MH_MC	4	1	1	5.3	27.725	7.69E-13	63358000
160973_MH_MC	4	1	1	5.3	27.725	7.69E-13	63358000
13813_MH_MC	4	1	1	5.3	27.725	7.69E-13	63358000
125631_MH_MC	2	1	1	9.5	16.923	0.00014482	29510000
22242_MH_MC	2	1	1	9.5	16.923	0.00014482	29510000
8080_MH_MC	2	5	5	35.1	20.518	5.40E-21	135000000
12599_MH_MC	2	5	5	35.1	20.518	5.40E-21	135000000
126065_MH_MC	2	3	3	11.7	31.081	3.49E-05	86010000
20948_MH_MC	2	3	3	11.7	31.081	3.49E-05	86010000
159397_MH_MC	4	2	1	6.5	16.737	7.76E-08	60525000
133207_MH_MC	4	2	1	6.5	16.737	7.76E-08	60525000
19742_MH_MC	4	2	1	6.5	16.737	7.76E-08	60525000
12617_MH_MC	4	2	1	6.5	16.737	7.76E-08	60525000
14672_MH_MC	2	1	1	3.5	27.014	0.026832	53458000
126238_MH_MC	2	1	1	3.5	27.014	0.026832	53458000
43557_MH_MC	2	2	2	14.9	22.845	4.93E-17	33739000
12633_MH_MC	2	2	2	14.9	22.845	4.93E-17	33739000
20915_MH_MC	2	2	2	11.9	29.491	1.06E-07	158180000
126433_MH_MC	2	2	2	11.9	29.491	1.06E-07	158180000
28932_MH_MC	4	1	1	4.1	35.733	0.029472	0
132998_MH_MC	4	1	1	4.1	35.733	0.029472	0
19774_MH_MC	4	1	1	4.1	35.733	0.029472	0
12652_MH_MC	4	1	1	4.1	35.733	0.029472	0
12660_MH_MC	4	2	2	15.6	19.758	1.89E-11	23376000
133015_MH_MC	4	2	2	15.6	19.758	1.89E-11	23376000
159445_MH_MC	4	2	2	15.6	19.758	1.89E-11	23376000
44073_MH_MC	4	2	2	15.6	19.758	1.89E-11	23376000
15051_MH_MC	4	2	2	13.8	21.358	2.07E-09	61101000
163187_MH_MC	4	2	2	13.8	21.358	2.07E-09	61101000
126672_MH_MC	4	2	2	13.8	21.358	2.07E-09	61101000
36890_MH_MC	4	2	2	13.8	21.358	2.07E-09	61101000
2653_MH_MC	2	1	1	2.1	40.447	0.009382	0
126685_MH_MC	2	1	1	2.1	40.447	0.009382	0
27982_MH_MC	3	2	2	16	17.92	1.57E-08	148750000
126688_MH_MC	3	2	2	16	17.92	1.57E-08	148750000
19171_MH_MC	3	2	2	16	17.92	1.57E-08	148750000
126728_MH_MC	3	7	1	7.1	25.921	8.06E-54	163790000
20882_MH_MC	3	7	1	7.1	25.921	8.06E-54	163790000
13719_MH_MC	3	7	1	7.1	25.921	8.06E-54	163790000
31875_MH_MC	3	1	1	1.4	80.681	0.00519	0
31876_MH_MC	3	1	1	1.4	80.681	0.00519	0
126738_MH_MC	3	1	1	1.4	80.681	0.00519	0
126762_MH_MC	2	1	1	6	16.141	0.028564	17558000
20879_MH_MC	2	1	1	6	16.141	0.028564	17558000
31439_MH_MC	4	1	1	4.7	46.355	0.00049435	0
1626_MH_MC	4	1	1	4.7	46.355	0.00049435	0
19819_MH_MC	4	1	1	4.7	46.355	0.00049435	0
12710_MH_MC	4	1	1	4.7	46.355	0.00049435	0
42139_MH_MC	4	1	1	4.5	30.717	8.31E-05	12865000
127151_MH_MC	4	1	1	4.5	30.717	8.31E-05	12865000
13683_MH_MC	4	1	1	4.5	30.717	8.31E-05	12865000
20835_MH_MC	4	1	1	4.5	30.717	8.31E-05	12865000
30502_MH_MC	4	1	1	3.8	26.323	0.0022881	136780000
12725_MH_MC	4	1	1	3.8	26.323	0.0022881	136780000
132680_MH_MC	4	1	1	3.8	26.323	0.0022881	136780000
93889_MH_MC	4	1	1	3.8	26.323	0.0022881	136780000
33055_MH_MC	4	5	5	26.2	24.035	8.86E-29	2416200000
127367_MH_MC	4	5	5	26.2	24.035	8.86E-29	2416200000
13645_MH_MC	4	5	5	26.2	24.035	8.86E-29	2416200000
20801_MH_MC	4	5	5	26.2	24.035	8.86E-29	2416200000
13618_MH_MC	5	1	1	7.2	25.6	0.00035371	11376000
127566_MH_MC	5	1	1	7.2	25.6	0.00035371	11376000
20775_MH_MC	5	1	1	7.2	25.6	0.00035371	11376000
3190_MH_MC	5	1	1	7.2	25.6	0.00035371	11376000
3191_MH_MC	5	1	1	7.2	25.6	0.00035371	11376000
43415_MH_MC	3	1	1	1.1	121.31	0.00076916	11696000
13619_MH_MC	3	1	1	1.1	121.31	0.00076916	11696000
127575_MH_MC	3	1	1	1.1	121.31	0.00076916	11696000
33768_MH_MC	4	1	1	5.6	28.627	0.0058637	17680000
127849_MH_MC	4	1	1	5.6	28.627	0.0058637	17680000
13583_MH_MC	4	1	1	5.6	28.627	0.0058637	17680000
2742_MH_MC	4	1	1	5.6	28.627	0.0058637	17680000
127915_MH_MC	2	3	1	6.3	23.456	7.80E-10	25028000
13568_MH_MC	2	3	1	6.3	23.456	7.80E-10	25028000
128002_MH_MC	4	1	1	6.4	20.155	0.00063929	0
13549_MH_MC	4	1	1	6.4	20.155	0.00063929	0
20718_MH_MC	4	1	1	6.4	20.155	0.00063929	0
160612_MH_MC	4	1	1	6.4	20.155	0.00063929	0
44819_MH_MC	2	1	1	5.6	18.818	0.00032396	118350000
12803_MH_MC	2	1	1	5.6	18.818	0.00032396	118350000
128047_MH_MC	1	6	6	23.7	27.51	2.11E-27	903010000
20693_MH_MC	2	3	3	13.4	26.855	1.12E-11	159570000
128190_MH_MC	2	3	3	13.4	26.855	1.12E-11	159570000
13527_MH_MC	2	1	1	6.4	19.265	0.0014003	0
128194_MH_MC	2	1	1	6.4	19.265	0.0014003	0
12820_MH_MC	2	1	1	5	22.774	2.86E-41	0
36943_MH_MC	2	1	1	5	22.774	2.86E-41	0
128204_MH_MC	1	1	1	23.9	8.606	1.59E-12	23234000
37775_MH_MC	3	1	1	3.6	38.109	0.0060624	17065000
12832_MH_MC	3	1	1	3.6	38.109	0.0060624	17065000
132090_MH_MC	3	1	1	3.6	38.109	0.0060624	17065000
40425_MH_MC	3	1	1	8.3	18.975	0.0070545	10003000
128377_MH_MC	3	1	1	8.3	18.975	0.0070545	10003000
163166_MH_MC	3	1	1	8.3	18.975	0.0070545	10003000
6042_MH_MC	4	1	1	3.2	35.663	0.0068198	11329000
128415_MH_MC	4	1	1	3.2	35.663	0.0068198	11329000
20657_MH_MC	4	1	1	3.2	35.663	0.0068198	11329000
160537_MH_MC	4	1	1	3.2	35.663	0.0068198	11329000
32167_MH_MC	3	1	1	3.3	48.399	0.0083451	31296000
12848_MH_MC	3	1	1	3.3	48.399	0.0083451	31296000
159678_MH_MC	3	1	1	3.3	48.399	0.0083451	31296000
128492_MH_MC	4	3	3	36.4	20	1.78E-50	1414000000
13478_MH_MC	4	3	3	36.4	20	1.78E-50	1414000000
20641_MH_MC	4	3	3	36.4	20	1.78E-50	1414000000
43565_MH_MC	4	3	3	36.4	20	1.78E-50	1414000000
32762_MH_MC	5	2	2	9.1	39.354	1.20E-05	47543000
128719_MH_MC	5	2	2	9.1	39.354	1.20E-05	47543000
20597_MH_MC	5	2	2	9.1	39.354	1.20E-05	47543000
32761_MH_MC	5	2	2	9.1	39.354	1.20E-05	47543000
160470_MH_MC	5	2	2	9.1	39.354	1.20E-05	47543000
20593_MH_MC	2	1	1	4.5	23.127	0.021153	0
128749_MH_MC	2	1	1	4.5	23.127	0.021153	0
8633_MH_MC	4	2	2	11.7	26.164	2.46E-06	16420000
128859_MH_MC	4	2	2	11.7	26.164	2.46E-06	16420000
20573_MH_MC	4	2	2	11.7	26.164	2.46E-06	16420000
13420_MH_MC	4	2	2	11.7	26.164	2.46E-06	16420000
12886_MH_MC	9	2	2	23.3	16.16	2.20E-15	15601000
1846_MH_MC	9	2	2	23.3	16.16	2.20E-15	15601000
131807_MH_MC	9	2	2	23.3	16.16	2.20E-15	15601000
1845_MH_MC	9	2	2	23.3	16.16	2.20E-15	15601000
137150_MH_MC	9	2	2	23.3	16.16	2.20E-15	15601000
5944_MH_MC	9	2	2	23.3	16.16	2.20E-15	15601000
5945_MH_MC	9	2	2	23.3	16.16	2.20E-15	15601000
123039_MH_MC	9	2	2	23.3	16.16	2.20E-15	15601000
162143_MH_MC	9	2	2	23.3	16.16	2.20E-15	15601000
20544_MH_MC	2	1	1	6	20.337	0.0073304	0
129046_MH_MC	2	1	1	6	20.337	0.0073304	0
173_MH_MC	5	1	1	3.8	46.632	1.13E-08	0
28549_MH_MC	5	1	1	3.8	46.632	1.13E-08	0
28548_MH_MC	5	1	1	3.8	46.632	1.13E-08	0
13353_MH_MC	5	1	1	3.8	46.632	1.13E-08	0
129277_MH_MC	5	1	1	3.8	46.632	1.13E-08	0
47017_MH_MC	3	2	2	15.6	15.734	3.46E-09	712750000
44998_MH_MC	3	2	2	15.6	15.734	3.46E-09	712750000
12960_MH_MC	3	2	2	15.6	15.734	3.46E-09	712750000
43948_MH_MC	2	2	2	10	32.94	1.38E-41	128790000
129651_MH_MC	2	2	2	10	32.94	1.38E-41	128790000
43313_MH_MC	4	1	1	3.6	41.628	4.33E-05	0
13290_MH_MC	4	1	1	3.6	41.628	4.33E-05	0
20431_MH_MC	4	1	1	3.6	41.628	4.33E-05	0
129671_MH_MC	4	1	1	3.6	41.628	4.33E-05	0
12968_MH_MC	1	1	1	8.4	17.446	4.28E-05	82990000
129720_MH_MC	1	1	1	12.1	10.64	0.00062729	0
20090_MH_MC	4	1	1	5.3	21.741	0.021099	4951100
12977_MH_MC	4	1	1	5.3	21.741	0.021099	4951100
131284_MH_MC	4	1	1	5.3	21.741	0.021099	4951100
159845_MH_MC	4	1	1	5.3	21.741	0.021099	4951100
129872_MH_MC	4	2	2	11.4	17.137	0.00093074	181620000
13246_MH_MC	4	2	2	11.4	17.137	0.00093074	181620000
20394_MH_MC	4	2	2	11.4	17.137	0.00093074	181620000
7830_MH_MC	4	2	2	11.4	17.137	0.00093074	181620000
40372_MH_MC	4	1	1	2.5	66.171	0.0093628	0
20361_MH_MC	4	1	1	2.5	66.171	0.0093628	0
160177_MH_MC	4	1	1	2.5	66.171	0.0093628	0
129993_MH_MC	4	1	1	2.5	66.171	0.0093628	0
42882_MH_MC	2	1	1	2.7	42.802	0.026795	0
130085_MH_MC	2	1	1	2.7	42.802	0.026795	0
130087_MH_MC	2	1	1	8.4	14.15	0.0070469	13635000
13198_MH_MC	2	1	1	8.4	14.15	0.0070469	13635000
42733_MH_MC	4	1	1	2.5	46.057	0.021099	19318000
8029_MH_MC	4	1	1	2.5	46.057	0.021099	19318000
13016_MH_MC	4	1	1	2.5	46.057	0.021099	19318000
131036_MH_MC	4	1	1	2.5	46.057	0.021099	19318000
20299_MH_MC	2	4	4	20.2	13.256	2.77E-07	1787600000
130276_MH_MC	2	4	4	20.2	13.256	2.77E-07	1787600000
34285_MH_MC	3	3	3	15.4	26.746	1.25E-09	303110000
20298_MH_MC	3	3	3	15.4	26.746	1.25E-09	303110000
130277_MH_MC	3	3	3	15.4	26.746	1.25E-09	303110000
32247_MH_MC	5	1	1	4.4	45.333	0.015206	0
32248_MH_MC	5	1	1	4.4	45.333	0.015206	0
1966_MH_MC	5	1	1	4.4	45.333	0.015206	0
130572_MH_MC	5	1	1	4.4	45.333	0.015206	0
20239_MH_MC	5	1	1	4.4	45.333	0.015206	0
40910_MH_MC	4	1	1	7.1	23.478	9.25E-27	46574000
20228_MH_MC	4	1	1	7.1	23.478	9.25E-27	46574000
130619_MH_MC	4	1	1	7.1	23.478	9.25E-27	46574000
13105_MH_MC	4	1	1	7.1	23.478	9.25E-27	46574000
13068_MH_MC	2	1	1	6.1	24.794	0.011209	8584000
130833_MH_MC	2	1	1	6.1	24.794	0.011209	8584000
13086_MH_MC	4	3	3	29.7	17.281	2.26E-20	271220000
130692_MH_MC	4	3	3	29.7	17.281	2.26E-20	271220000
42642_MH_MC	4	3	3	29.7	17.281	2.26E-20	271220000
160003_MH_MC	4	3	3	29.7	17.281	2.26E-20	271220000
41733_MH_MC	3	1	1	4.6	23.285	0.0082896	0
20197_MH_MC	3	1	1	4.6	23.285	0.0082896	0
130724_MH_MC	3	1	1	4.6	23.285	0.0082896	0
33639_MH_MC	4	1	1	2.6	51.395	0.0012316	0
20190_MH_MC	4	1	1	2.6	51.395	0.0012316	0
130767_MH_MC	4	1	1	2.6	51.395	0.0012316	0
159977_MH_MC	4	1	1	2.6	51.395	0.0012316	0
13078_MH_MC	1	1	1	4.8	22.327	0.017526	21788000
41517_MH_MC	3	2	2	10.6	26.687	1.19E-09	37620000
131068_MH_MC	3	2	2	10.6	26.687	1.19E-09	37620000
13014_MH_MC	3	2	2	10.6	26.687	1.19E-09	37620000
131088_MH_MC	1	1	1	6	21.266	0.018845	25568000
41181_MH_MC	5	5	5	23.2	29.352	3.08E-66	1650100000
13121_MH_MC	5	5	5	23.2	29.352	3.08E-66	1650100000
7556_MH_MC	5	5	5	23.2	29.352	3.08E-66	1650100000
160041_MH_MC	5	5	5	23.2	29.352	3.08E-66	1650100000
130515_MH_MC	5	5	5	23.2	29.352	3.08E-66	1650100000
44849_MH_MC	3	2	2	11.5	22.016	3.39E-18	262440000
13129_MH_MC	3	2	2	11.5	22.016	3.39E-18	262440000
20251_MH_MC	3	2	2	11.5	22.016	3.39E-18	262440000
13145_MH_MC	3	2	1	4.8	19.996	8.86E-05	0
130399_MH_MC	3	2	1	4.8	19.996	8.86E-05	0
47021_MH_MC	3	2	1	4.8	19.996	8.86E-05	0
40267_MH_MC	2	2	1	2.1	44.627	0.00016432	17954000
131559_MH_MC	2	2	1	2.1	44.627	0.00016432	17954000
42090_MH_MC	2	4	4	13.7	40.155	4.51E-12	45589000
131731_MH_MC	2	4	4	13.7	40.155	4.51E-12	45589000
29972_MH_MC	3	1	1	3.4	44.568	0.00022482	38032000
131867_MH_MC	3	1	1	3.4	44.568	0.00022482	38032000
159702_MH_MC	3	1	1	3.4	44.568	0.00022482	38032000
42250_MH_MC	3	1	1	6.8	24.379	0.00010593	32970000
132221_MH_MC	3	1	1	6.8	24.379	0.00010593	32970000
19915_MH_MC	3	1	1	6.8	24.379	0.00010593	32970000
132253_MH_MC	2	1	1	10.6	17.006	5.34E-20	32018000
42924_MH_MC	2	1	1	10.6	17.006	5.34E-20	32018000
44472_MH_MC	2	1	1	5.8	16.263	0.010959	134400000
132380_MH_MC	2	1	1	5.8	16.263	0.010959	134400000
34026_MH_MC	2	1	1	4.8	59.067	2.47E-27	85091000
132443_MH_MC	2	1	1	4.8	59.067	2.47E-27	85091000
132617_MH_MC	3	6	6	34.5	16.835	1.79E-23	782210000
40513_MH_MC	3	6	6	34.5	16.835	1.79E-23	782210000
19840_MH_MC	3	6	6	34.5	16.835	1.79E-23	782210000
19830_MH_MC	3	1	1	11	15.006	0.0026391	0
132681_MH_MC	3	1	1	11	15.006	0.0026391	0
36962_MH_MC	3	1	1	11	15.006	0.0026391	0
132785_MH_MC	1	1	1	9	10.172	2.17E-13	246800000
43643_MH_MC	2	1	1	3.3	38.086	0.0021777	3569200
132859_MH_MC	2	1	1	3.3	38.086	0.0021777	3569200
132864_MH_MC	1	2	2	17.7	11.209	1.09E-05	73723000
19793_MH_MC	3	1	1	9.1	15.612	0.0075632	26113000
42859_MH_MC	3	1	1	9.1	15.612	0.0075632	26113000
132924_MH_MC	3	1	1	9.1	15.612	0.0075632	26113000
30892_MH_MC	4	1	1	6.4	19.525	0.01785	17809000
133251_MH_MC	4	1	1	6.4	19.525	0.01785	17809000
19734_MH_MC	4	1	1	6.4	19.525	0.01785	17809000
30893_MH_MC	4	1	1	6.4	19.525	0.01785	17809000
41473_MH_MC	2	2	2	5.6	45.091	5.10E-06	84766000
13331_MH_MC	2	2	2	5.6	45.091	5.10E-06	84766000
8483_MH_MC	3	1	1	5.1	35.506	6.56E-06	28550000
44066_MH_MC	3	1	1	5.1	35.506	6.56E-06	28550000
133399_MH_MC	3	1	1	5.1	35.506	6.56E-06	28550000
38584_MH_MC	3	1	1	1.9	45.802	0.013215	41240000
13345_MH_MC	3	1	1	1.9	45.802	0.013215	41240000
5520_MH_MC	3	1	1	1.9	45.802	0.013215	41240000
33624_MH_MC	2	1	1	4.1	55.218	0.00058874	0
133581_MH_MC	2	1	1	4.1	55.218	0.00058874	0
35991_MH_MC	3	2	2	18.2	16.245	4.94E-09	69979000
133592_MH_MC	3	2	2	18.2	16.245	4.94E-09	69979000
19657_MH_MC	3	2	2	18.2	16.245	4.94E-09	69979000
134093_MH_MC	2	2	2	9.5	12.141	9.39E-06	225120000
19521_MH_MC	2	2	2	9.5	12.141	9.39E-06	225120000
29166_MH_MC	2	1	1	4.6	25.261	0.007178	0
134158_MH_MC	2	1	1	4.6	25.261	0.007178	0
134339_MH_MC	1	5	1	12.3	12.408	5.90E-63	0
134548_MH_MC	2	2	2	27.7	10.98	3.40E-62	15717000
41293_MH_MC	2	2	2	27.7	10.98	3.40E-62	15717000
34006_MH_MC	2	1	1	8.5	22.928	1.11E-10	108070000
134736_MH_MC	2	1	1	8.5	22.928	1.11E-10	108070000
134835_MH_MC	1	1	1	16.1	14.128	0.028613	84489000
134851_MH_MC	1	1	1	8.3	14.64	0.00018343	30472000
134907_MH_MC	1	1	1	10.7	12.938	0.00047383	39625000
36122_MH_MC	2	1	1	4.5	26.992	0.0051969	0
134927_MH_MC	2	1	1	4.5	26.992	0.0051969	0
134937_MH_MC	2	2	2	15	13.783	0.0014644	39212000
12174_MH_MC	2	2	2	15	13.783	0.0014644	39212000
44116_MH_MC	2	1	1	9.4	15.422	0.0015219	27372000
134947_MH_MC	2	1	1	9.4	15.422	0.0015219	27372000
134951_MH_MC	1	1	1	11.5	7.4901	0.011926	0
135090_MH_MC	2	1	1	8.3	13.295	0.0013547	84684000
37350_MH_MC	2	1	1	8.3	13.295	0.0013547	84684000
42239_MH_MC	2	2	1	9	14.05	3.84E-10	70803000
135148_MH_MC	2	2	1	9	14.05	3.84E-10	70803000
40252_MH_MC	2	2	2	2.9	34.541	0.0003013	412810000
135192_MH_MC	2	2	2	2.9	34.541	0.0003013	412810000
135608_MH_MC	1	1	1	11.1	10.739	0.00054719	25884000
135630_MH_MC	1	1	1	11.7	14.943	1.06E-22	0
20732_MH_MC	3	5	1	8.7	28.159	5.41E-18	215990000
13564_MH_MC	3	5	1	8.7	28.159	5.41E-18	215990000
127917_MH_MC	3	5	1	8.7	28.159	5.41E-18	215990000
135698_MH_MC	1	3	2	15.8	11.489	1.16E-40	350940000
31829_MH_MC	3	2	2	7.8	26.602	2.81E-05	87604000
135718_MH_MC	3	2	2	7.8	26.602	2.81E-05	87604000
1790_MH_MC	3	2	2	7.8	26.602	2.81E-05	87604000
135870_MH_MC	1	1	1	10.2	13.453	0.00025645	0
13607_MH_MC	2	2	2	19.4	14.803	1.34E-11	87185000
160679_MH_MC	2	2	2	19.4	14.803	1.34E-11	87185000
136193_MH_MC	1	1	1	12	9.8359	0.007178	0
29619_MH_MC	2	1	1	9.9	15.346	0.015711	9007000
136424_MH_MC	2	1	1	9.9	15.346	0.015711	9007000
35155_MH_MC	5	1	1	6.4	24.724	8.74E-22	99036000
35156_MH_MC	5	1	1	6.4	24.724	8.74E-22	99036000
3589_MH_MC	5	1	1	6.4	24.724	8.74E-22	99036000
3590_MH_MC	5	1	1	6.4	24.724	8.74E-22	99036000
136485_MH_MC	5	1	1	6.4	24.724	8.74E-22	99036000
43177_MH_MC	3	2	2	20.9	12.556	1.03E-06	39856000
136505_MH_MC	3	2	2	20.9	12.556	1.03E-06	39856000
11702_MH_MC	3	2	2	20.9	12.556	1.03E-06	39856000
33004_MH_MC	8	1	1	4.8	39.086	0.000153	19503000
2400_MH_MC	8	1	1	4.8	39.086	0.000153	19503000
2402_MH_MC	8	1	1	4.8	39.086	0.000153	19503000
33001_MH_MC	8	1	1	4.8	39.086	0.000153	19503000
2401_MH_MC	8	1	1	4.8	39.086	0.000153	19503000
33003_MH_MC	8	1	1	4.8	39.086	0.000153	19503000
33006_MH_MC	8	1	1	4.8	39.086	0.000153	19503000
136531_MH_MC	8	1	1	4.8	39.086	0.000153	19503000
20824_MH_MC	2	1	1	4.1	35.338	0.02123	9202700
13671_MH_MC	2	1	1	4.1	35.338	0.02123	9202700
136908_MH_MC	1	1	1	20.3	7.9711	6.36E-16	140940000
13698_MH_MC	1	2	2	9.4	30.933	5.32E-15	50805000
44955_MH_MC	2	1	1	4.9	21.512	0.020098	9606800
137128_MH_MC	2	1	1	4.9	21.512	0.020098	9606800
40716_MH_MC	2	1	1	26.8	9.299	3.30E-14	0
137137_MH_MC	2	1	1	26.8	9.299	3.30E-14	0
137228_MH_MC	2	1	1	14.1	10.522	3.09E-07	0
41364_MH_MC	2	1	1	14.1	10.522	3.09E-07	0
137286_MH_MC	1	4	2	27.6	8.6766	5.90E-51	207870000
40399_MH_MC	3	3	3	26.1	14.266	9.76E-08	175860000
137526_MH_MC	3	3	3	26.1	14.266	9.76E-08	175860000
157778_MH_MC	3	3	3	26.1	14.266	9.76E-08	175860000
44749_MH_MC	2	1	1	2.9	53.783	0.00011836	0
137694_MH_MC	2	1	1	2.9	53.783	0.00011836	0
137776_MH_MC	1	1	1	12.6	9.9513	0.0002058	102620000
13801_MH_MC	2	2	2	9.3	30.792	1.14E-06	33515000
20979_MH_MC	2	2	2	9.3	30.792	1.14E-06	33515000
13814_MH_MC	3	6	4	16.2	31.911	3.83E-23	437680000
125546_MH_MC	3	6	4	16.2	31.911	3.83E-23	437680000
160976_MH_MC	3	6	4	16.2	31.911	3.83E-23	437680000
138249_MH_MC	1	3	3	47.4	8.4646	3.13E-24	475500000
138353_MH_MC	1	2	2	25.4	8.4268	1.07E-06	112350000
7857_MH_MC	2	1	1	4.7	28.599	0.017236	0
138890_MH_MC	2	1	1	4.7	28.599	0.017236	0
32894_MH_MC	2	1	1	4.2	41.26	3.11E-07	3597200
138905_MH_MC	2	1	1	4.2	41.26	3.11E-07	3597200
138983_MH_MC	1	3	2	45.7	7.9638	2.99E-20	0
29921_MH_MC	3	1	1	2.8	44.881	0.0025235	39851000
893_MH_MC	3	1	1	2.8	44.881	0.0025235	39851000
13902_MH_MC	3	1	1	2.8	44.881	0.0025235	39851000
37017_MH_MC	2	1	1	3.2	33.908	0.015933	22948000
139118_MH_MC	2	1	1	3.2	33.908	0.015933	22948000
45927_MH_MC	2	2	1	13.4	9.8785	0.00013718	111470000
139141_MH_MC	2	2	1	13.4	9.8785	0.00013718	111470000
139171_MH_MC	1	1	1	24.3	8.3606	2.59E-16	30882000
139378_MH_MC	1	1	1	21.7	7.0249	0.0018259	23774000
139398_MH_MC	1	1	1	22.9	8.4024	2.94E-28	46125000
43456_MH_MC	2	1	1	3	55.874	1.84E-14	0
13947_MH_MC	2	1	1	3	55.874	1.84E-14	0
139708_MH_MC	1	2	1	10.1	9.2567	0.00031941	0
42325_MH_MC	2	1	1	3.8	27.071	0.010488	15821000
13983_MH_MC	2	1	1	3.8	27.071	0.010488	15821000
139914_MH_MC	1	3	3	51.7	7.1622	3.40E-10	493140000
42837_MH_MC	4	2	2	4.8	68.437	3.22E-08	49984000
14119_MH_MC	4	2	2	4.8	68.437	3.22E-08	49984000
21260_MH_MC	4	2	2	4.8	68.437	3.22E-08	49984000
120055_MH_MC	4	2	2	4.8	68.437	3.22E-08	49984000
14128_MH_MC	1	1	1	2	50.725	0.024172	16612000
43063_MH_MC	2	1	1	1.4	110.22	0.016355	0
14169_MH_MC	2	1	1	1.4	110.22	0.016355	0
14200_MH_MC	1	5	5	14.8	59.438	4.67E-60	292130000
43250_MH_MC	2	2	2	2.6	72.427	0.0010378	8712900
14233_MH_MC	2	2	2	2.6	72.427	0.0010378	8712900
14234_MH_MC	2	7	1	2.9	42.596	9.71E-23	29216000
21353_MH_MC	2	7	1	2.9	42.596	9.71E-23	29216000
14299_MH_MC	2	3	3	4.5	93.093	4.15E-10	21228000
42774_MH_MC	2	3	3	4.5	93.093	4.15E-10	21228000
14305_MH_MC	2	3	3	5.6	84.016	7.79E-38	382420000
44672_MH_MC	2	3	3	5.6	84.016	7.79E-38	382420000
28494_MH_MC	4	4	4	10.8	44.821	2.99E-13	48864000
28493_MH_MC	4	4	4	10.8	44.821	2.99E-13	48864000
144_MH_MC	4	4	4	10.8	44.821	2.99E-13	48864000
28492_MH_MC	4	4	4	10.8	44.821	2.99E-13	48864000
15287_MH_MC	6	3	3	25.2	15.005	2.32E-11	198700000
1455_MH_MC	6	3	3	25.2	15.005	2.32E-11	198700000
1456_MH_MC	6	3	3	25.2	15.005	2.32E-11	198700000
1454_MH_MC	6	3	3	25.2	15.005	2.32E-11	198700000
163735_MH_MC	6	3	3	25.2	15.005	2.32E-11	198700000
156374_MH_MC	6	3	3	25.2	15.005	2.32E-11	198700000
22632_MH_MC	4	1	1	4	39.879	0.019243	0
31091_MH_MC	4	1	1	4	39.879	0.019243	0
1457_MH_MC	4	1	1	4	39.879	0.019243	0
163701_MH_MC	4	1	1	4	39.879	0.019243	0
14647_MH_MC	1	3	3	17.1	27.027	1.27E-07	122930000
146884_MH_MC	1	2	2	23.6	10.96	1.72E-12	205990000
1472_MH_MC	1	1	1	7.1	24.272	4.16E-08	152050000
17880_MH_MC	9	1	1	0.4	239.29	0.0024501	15344000
31103_MH_MC	9	1	1	0.4	239.29	0.0024501	15344000
31104_MH_MC	9	1	1	0.4	239.29	0.0024501	15344000
46959_MH_MC	9	1	1	0.4	239.29	0.0024501	15344000
31109_MH_MC	9	1	1	0.4	239.29	0.0024501	15344000
46960_MH_MC	9	1	1	0.4	239.29	0.0024501	15344000
8380_MH_MC	9	1	1	0.4	239.29	0.0024501	15344000
1475_MH_MC	9	1	1	0.4	239.29	0.0024501	15344000
40083_MH_MC	9	1	1	0.4	239.29	0.0024501	15344000
147691_MH_MC	1	3	3	37.1	11.289	6.08E-18	140940000
147720_MH_MC	1	3	3	58.4	8.8282	1.78E-38	66956000
147747_MH_MC	1	1	1	14.1	9.0507	2.58E-06	94023000
21972_MH_MC	2	10	10	40.1	30.298	7.13E-55	726630000
14783_MH_MC	2	10	10	40.1	30.298	7.13E-55	726630000
1480_MH_MC	2	1	1	5.6	26.633	0.02242	112320000
1481_MH_MC	2	1	1	5.6	26.633	0.02242	112320000
31138_MH_MC	2	4	4	10.1	69.248	2.04E-20	15006000
1482_MH_MC	2	4	4	10.1	69.248	2.04E-20	15006000
31144_MH_MC	3	1	1	2.4	91.219	2.48E-65	181640000
1483_MH_MC	3	1	1	2.4	91.219	2.48E-65	181640000
31142_MH_MC	3	1	1	2.4	91.219	2.48E-65	181640000
41171_MH_MC	2	1	1	2.8	32.354	0.029982	0
14871_MH_MC	2	1	1	2.8	32.354	0.029982	0
31157_MH_MC	5	6	6	15.4	65.073	1.24E-24	149910000
1492_MH_MC	5	6	6	15.4	65.073	1.24E-24	149910000
31158_MH_MC	5	6	6	15.4	65.073	1.24E-24	149910000
135661_MH_MC	5	6	6	15.4	65.073	1.24E-24	149910000
158580_MH_MC	5	6	6	15.4	65.073	1.24E-24	149910000
41573_MH_MC	5	2	2	2.2	130.15	1.99E-05	13176000
7680_MH_MC	5	2	2	2.2	130.15	1.99E-05	13176000
84504_MH_MC	5	2	2	2.2	130.15	1.99E-05	13176000
15143_MH_MC	5	2	2	2.2	130.15	1.99E-05	13176000
22462_MH_MC	5	2	2	2.2	130.15	1.99E-05	13176000
151740_MH_MC	1	1	1	41.2	3.9786	0.037425	0
15179_MH_MC	1	9	9	27.1	50.37	8.12E-93	705720000
93227_MH_MC	3	2	2	12.2	27.557	3.30E-06	44404000
22517_MH_MC	3	2	2	12.2	27.557	3.30E-06	44404000
15182_MH_MC	3	2	2	12.2	27.557	3.30E-06	44404000
22531_MH_MC	6	1	1	1	134.72	0.002138	16894000
15187_MH_MC	6	1	1	1	134.72	0.002138	16894000
33042_MH_MC	6	1	1	1	134.72	0.002138	16894000
33040_MH_MC	6	1	1	1	134.72	0.002138	16894000
2407_MH_MC	6	1	1	1	134.72	0.002138	16894000
2406_MH_MC	6	1	1	1	134.72	0.002138	16894000
26852_MH_MC	5	1	1	1	116.29	0.0023271	37054000
31189_MH_MC	5	1	1	1	116.29	0.0023271	37054000
1519_MH_MC	5	1	1	1	116.29	0.0023271	37054000
87107_MH_MC	5	1	1	1	116.29	0.0023271	37054000
170650_MH_MC	5	1	1	1	116.29	0.0023271	37054000
154_MH_MC	4	1	1	2.4	37.433	0.027824	48187000
153_MH_MC	4	1	1	2.4	37.433	0.027824	48187000
28511_MH_MC	4	1	1	2.4	37.433	0.027824	48187000
15877_MH_MC	4	1	1	2.4	37.433	0.027824	48187000
15319_MH_MC	2	2	2	47.2	6.2451	6.38E-13	260890000
108303_MH_MC	2	2	2	47.2	6.2451	6.38E-13	260890000
8901_MH_MC	3	1	1	3.9	23.475	0.022861	0
15331_MH_MC	3	1	1	3.9	23.475	0.022861	0
22719_MH_MC	3	1	1	3.9	23.475	0.022861	0
1538_MH_MC	4	1	1	10.9	12.251	2.37E-14	0
1540_MH_MC	4	1	1	10.9	12.251	2.37E-14	0
1539_MH_MC	4	1	1	10.9	12.251	2.37E-14	0
31251_MH_MC	4	1	1	10.9	12.251	2.37E-14	0
28491_MH_MC	4	1	1	3.5	64.105	7.43E-21	0
22860_MH_MC	4	1	1	3.5	64.105	7.43E-21	0
73826_MH_MC	4	1	1	3.5	64.105	7.43E-21	0
15455_MH_MC	4	1	1	3.5	64.105	7.43E-21	0
156535_MH_MC	1	1	1	22	4.7864	0.00090236	122880000
156536_MH_MC	1	2	2	74.4	4.282	1.50E-13	167260000
1570_MH_MC	1	1	1	6.1	16.461	0.0034963	53315000
15707_MH_MC	3	1	1	8.4	19.032	0.00064267	36180000
23222_MH_MC	3	1	1	8.4	19.032	0.00064267	36180000
164665_MH_MC	3	1	1	8.4	19.032	0.00064267	36180000
41628_MH_MC	2	1	1	9.2	14.352	0.0020945	23528000
157281_MH_MC	2	1	1	9.2	14.352	0.0020945	23528000
157476_MH_MC	1	6	1	19.1	12.871	8.73E-81	0
1575_MH_MC	3	3	3	5.6	57.809	4.33E-10	97470000
163059_MH_MC	3	3	3	5.6	57.809	4.33E-10	97470000
119558_MH_MC	3	3	3	5.6	57.809	4.33E-10	97470000
15837_MH_MC	1	24	0	0	109.04	1.78E-270	22511000
40338_MH_MC	2	2	2	1.3	144.24	3.97E-05	138410000
15844_MH_MC	2	2	2	1.3	144.24	3.97E-05	138410000
31397_MH_MC	7	3	3	9.2	51.497	7.66E-16	34505000
1590_MH_MC	7	3	3	9.2	51.497	7.66E-16	34505000
24248_MH_MC	7	3	3	9.2	51.497	7.66E-16	34505000
16456_MH_MC	7	3	3	9.2	51.497	7.66E-16	34505000
81349_MH_MC	7	3	3	9.2	51.497	7.66E-16	34505000
166273_MH_MC	7	3	3	9.2	51.497	7.66E-16	34505000
166272_MH_MC	7	3	3	9.2	51.497	7.66E-16	34505000
37685_MH_MC	2	1	1	9.8	16.169	0.0011508	23267000
159045_MH_MC	2	1	1	9.8	16.169	0.0011508	23267000
1591_MH_MC	1	1	1	2.2	47.249	0.027925	10590000
15979_MH_MC	2	16	7	22.2	50.211	1.62E-278	1373300000
3691_MH_MC	2	16	7	22.2	50.211	1.62E-278	1373300000
15999_MH_MC	2	4	4	48.9	16.006	2.46E-106	849650000
23600_MH_MC	2	4	4	48.9	16.006	2.46E-106	849650000
40364_MH_MC	2	2	2	6.2	37.036	1.70E-06	51613000
160255_MH_MC	2	2	2	6.2	37.036	1.70E-06	51613000
101930_MH_MC	3	4	1	6	24.961	2.27E-14	65616000
16042_MH_MC	3	4	1	6	24.961	2.27E-14	65616000
23653_MH_MC	3	4	1	6	24.961	2.27E-14	65616000
40664_MH_MC	3	1	1	4.3	32.428	0.0011021	0
20669_MH_MC	3	1	1	4.3	32.428	0.0011021	0
160554_MH_MC	3	1	1	4.3	32.428	0.0011021	0
160638_MH_MC	3	3	3	13.5	28.424	4.36E-06	45888000
127888_MH_MC	3	3	3	13.5	28.424	4.36E-06	45888000
4396_MH_MC	3	3	3	13.5	28.424	4.36E-06	45888000
16146_MH_MC	2	2	2	7.6	28.437	1.73E-05	71264000
23791_MH_MC	2	2	2	7.6	28.437	1.73E-05	71264000
23848_MH_MC	3	2	2	3	119.61	3.65E-28	88988000
51247_MH_MC	3	2	2	3	119.61	3.65E-28	88988000
16187_MH_MC	3	2	2	3	119.61	3.65E-28	88988000
31460_MH_MC	3	5	5	41.9	13.773	9.28E-33	3650000000
1635_MH_MC	3	5	5	41.9	13.773	9.28E-33	3650000000
1636_MH_MC	3	5	5	41.9	13.773	9.28E-33	3650000000
44977_MH_MC	3	1	1	3.3	45.449	0.016896	17908000
22765_MH_MC	3	1	1	3.3	45.449	0.016896	17908000
163922_MH_MC	3	1	1	3.3	45.449	0.016896	17908000
16460_MH_MC	3	2	2	12.4	34.152	1.20E-16	59211000
31624_MH_MC	3	2	2	12.4	34.152	1.20E-16	59211000
24259_MH_MC	3	2	2	12.4	34.152	1.20E-16	59211000
164978_MH_MC	1	1	1	15.1	5.5638	0.023579	239190000
165_MH_MC	3	3	3	27.3	12.174	3.59E-08	344100000
28521_MH_MC	3	3	3	27.3	12.174	3.59E-08	344100000
166_MH_MC	3	3	3	27.3	12.174	3.59E-08	344100000
40241_MH_MC	2	1	1	4.6	33.893	1.57E-07	0
16520_MH_MC	2	1	1	4.6	33.893	1.57E-07	0
165237_MH_MC	1	1	1	5.3	15.11	0.010732	0
16568_MH_MC	3	5	5	47.9	15.778	1.60E-50	147200000
7539_MH_MC	3	5	5	47.9	15.778	1.60E-50	147200000
72807_MH_MC	3	5	5	47.9	15.778	1.60E-50	147200000
3150_MH_MC	17	1	1	4.2	47.122	2.18E-33	0
3149_MH_MC	17	1	1	4.2	47.122	2.18E-33	0
3147_MH_MC	17	1	1	4.2	47.122	2.18E-33	0
3148_MH_MC	17	1	1	4.2	47.122	2.18E-33	0
34441_MH_MC	17	1	1	4.2	47.122	2.18E-33	0
3159_MH_MC	17	1	1	4.2	47.122	2.18E-33	0
34445_MH_MC	17	1	1	4.2	47.122	2.18E-33	0
34443_MH_MC	17	1	1	4.2	47.122	2.18E-33	0
81706_MH_MC	17	1	1	4.2	47.122	2.18E-33	0
34440_MH_MC	17	1	1	4.2	47.122	2.18E-33	0
3155_MH_MC	17	1	1	4.2	47.122	2.18E-33	0
3154_MH_MC	17	1	1	4.2	47.122	2.18E-33	0
3153_MH_MC	17	1	1	4.2	47.122	2.18E-33	0
3146_MH_MC	17	1	1	4.2	47.122	2.18E-33	0
16576_MH_MC	17	1	1	4.2	47.122	2.18E-33	0
3151_MH_MC	17	1	1	4.2	47.122	2.18E-33	0
24405_MH_MC	17	1	1	4.2	47.122	2.18E-33	0
165854_MH_MC	7	4	2	5.9	44.02	7.84E-33	578670000
102963_MH_MC	7	4	2	5.9	44.02	7.84E-33	578670000
24009_MH_MC	7	4	2	5.9	44.02	7.84E-33	578670000
2773_MH_MC	7	4	2	5.9	44.02	7.84E-33	578670000
2774_MH_MC	7	4	2	5.9	44.02	7.84E-33	578670000
16282_MH_MC	7	4	2	5.9	44.02	7.84E-33	578670000
165855_MH_MC	7	4	2	5.9	44.02	7.84E-33	578670000
41569_MH_MC	3	1	1	1.1	93.944	0.0094128	16825000
165915_MH_MC	3	1	1	1.1	93.944	0.0094128	16825000
24053_MH_MC	3	1	1	1.1	93.944	0.0094128	16825000
24469_MH_MC	2	1	1	1.2	96.666	0.016226	0
16618_MH_MC	2	1	1	1.2	96.666	0.016226	0
31531_MH_MC	3	1	1	9.6	15.744	0.00010617	31312000
1664_MH_MC	3	1	1	9.6	15.744	0.00010617	31312000
31533_MH_MC	3	1	1	9.6	15.744	0.00010617	31312000
166487_MH_MC	1	1	1	41.2	5.519	0.00017571	0
166859_MH_MC	1	1	1	6.1	18.973	0.015015	17462000
16693_MH_MC	2	6	4	27.3	15.615	2.28E-29	1354400000
41344_MH_MC	2	6	4	27.3	15.615	2.28E-29	1354400000
82694_MH_MC	5	1	1	5	18.384	0.01894	0
28688_MH_MC	5	1	1	5	18.384	0.01894	0
46956_MH_MC	5	1	1	5	18.384	0.01894	0
16710_MH_MC	5	1	1	5	18.384	0.01894	0
230_MH_MC	5	1	1	5	18.384	0.01894	0
25495_MH_MC	3	1	1	1	143.06	0.0030883	4299900
17333_MH_MC	3	1	1	1	143.06	0.0030883	4299900
168318_MH_MC	3	1	1	1	143.06	0.0030883	4299900
32112_MH_MC	5	2	2	2.6	77.368	0.00052816	0
16842_MH_MC	5	2	2	2.6	77.368	0.00052816	0
24787_MH_MC	5	2	2	2.6	77.368	0.00052816	0
11091_MH_MC	5	2	2	2.6	77.368	0.00052816	0
138417_MH_MC	5	2	2	2.6	77.368	0.00052816	0
31604_MH_MC	4	2	2	10	22.378	3.02E-07	65976000
1685_MH_MC	4	2	2	10	22.378	3.02E-07	65976000
1687_MH_MC	4	2	2	10	22.378	3.02E-07	65976000
31606_MH_MC	4	2	2	10	22.378	3.02E-07	65976000
168566_MH_MC	4	1	1	0.8	216.43	6.07E-07	0
25637_MH_MC	4	1	1	0.8	216.43	6.07E-07	0
17436_MH_MC	4	1	1	0.8	216.43	6.07E-07	0
73886_MH_MC	4	1	1	0.8	216.43	6.07E-07	0
25639_MH_MC	4	2	2	16.8	21.336	7.21E-141	0
168569_MH_MC	4	2	2	16.8	21.336	7.21E-141	0
44777_MH_MC	4	2	2	16.8	21.336	7.21E-141	0
102708_MH_MC	4	2	2	16.8	21.336	7.21E-141	0
25817_MH_MC	4	1	1	23.4	12.725	2.43E-08	0
41654_MH_MC	4	1	1	23.4	12.725	2.43E-08	0
17576_MH_MC	4	1	1	23.4	12.725	2.43E-08	0
168881_MH_MC	4	1	1	23.4	12.725	2.43E-08	0
41578_MH_MC	4	1	1	0.8	145.74	0.022132	10087000
169024_MH_MC	4	1	1	0.8	145.74	0.022132	10087000
25897_MH_MC	4	1	1	0.8	145.74	0.022132	10087000
17625_MH_MC	4	1	1	0.8	145.74	0.022132	10087000
2160_MH_MC	4	1	1	5	35.677	1.05E-18	0
24904_MH_MC	4	1	1	5	35.677	1.05E-18	0
16917_MH_MC	4	1	1	5	35.677	1.05E-18	0
97640_MH_MC	4	1	1	5	35.677	1.05E-18	0
170005_MH_MC	1	5	0	0	14.961	1.51E-13	101010000
73729_MH_MC	2	5	1	4.6	24.809	4.28E-27	142980000
17026_MH_MC	2	5	1	4.6	24.809	4.28E-27	142980000
25077_MH_MC	2	4	1	11.7	15.285	1.17E-25	47539000
17037_MH_MC	2	4	1	11.7	15.285	1.17E-25	47539000
46982_MH_MC	3	1	1	9.6	9.7526	2.70E-10	99178000
5407_MH_MC	3	1	1	9.6	9.7526	2.70E-10	99178000
170681_MH_MC	3	1	1	9.6	9.7526	2.70E-10	99178000
40334_MH_MC	4	2	2	1.2	296.3	0.00051582	5329400
26908_MH_MC	4	2	2	1.2	296.3	0.00051582	5329400
18340_MH_MC	4	2	2	1.2	296.3	0.00051582	5329400
170738_MH_MC	4	2	2	1.2	296.3	0.00051582	5329400
25139_MH_MC	2	3	3	27.5	16.497	8.23E-22	384230000
17081_MH_MC	2	3	3	27.5	16.497	8.23E-22	384230000
18416_MH_MC	2	5	5	13.9	65.374	6.10E-51	335400000
170883_MH_MC	2	5	5	13.9	65.374	6.10E-51	335400000
43926_MH_MC	3	1	1	4.5	25.129	0.00016415	5694200
27127_MH_MC	3	1	1	4.5	25.129	0.00016415	5694200
171121_MH_MC	3	1	1	4.5	25.129	0.00016415	5694200
42380_MH_MC	4	1	1	1.8	63.502	0.022311	0
18577_MH_MC	4	1	1	1.8	63.502	0.022311	0
171289_MH_MC	4	1	1	1.8	63.502	0.022311	0
27237_MH_MC	4	1	1	1.8	63.502	0.022311	0
28837_MH_MC	5	1	1	2.4	72.72	0.015894	0
27253_MH_MC	5	1	1	2.4	72.72	0.015894	0
28836_MH_MC	5	1	1	2.4	72.72	0.015894	0
171327_MH_MC	5	1	1	2.4	72.72	0.015894	0
18591_MH_MC	5	1	1	2.4	72.72	0.015894	0
17191_MH_MC	1	6	6	23.5	38.282	1.21E-16	277480000
1720_MH_MC	1	1	1	4.2	30.087	0.0048948	11393000
172107_MH_MC	2	1	1	1.6	82.452	0.0013404	22781000
27718_MH_MC	2	1	1	1.6	82.452	0.0013404	22781000
81091_MH_MC	3	1	1	3.6	45.205	5.23E-12	21808000
17261_MH_MC	3	1	1	3.6	45.205	5.23E-12	21808000
43061_MH_MC	3	1	1	3.6	45.205	5.23E-12	21808000
172656_MH_MC	2	7	2	2.5	34.292	5.33E-102	3086600000
19238_MH_MC	2	7	2	2.5	34.292	5.33E-102	3086600000
1729_MH_MC	1	3	3	5.7	62.272	4.37E-08	43707000
2382_MH_MC	3	1	1	5.6	40.956	4.90E-25	0
26030_MH_MC	3	1	1	5.6	40.956	4.90E-25	0
17716_MH_MC	3	1	1	5.6	40.956	4.90E-25	0
26046_MH_MC	5	4	4	8	75.244	3.51E-14	39191000
43727_MH_MC	5	4	4	8	75.244	3.51E-14	39191000
17730_MH_MC	5	4	4	8	75.244	3.51E-14	39191000
8375_MH_MC	5	4	4	8	75.244	3.51E-14	39191000
80456_MH_MC	5	4	4	8	75.244	3.51E-14	39191000
17804_MH_MC	3	1	1	3	82.455	4.64E-05	70332000
44027_MH_MC	3	1	1	3	82.455	4.64E-05	70332000
46954_MH_MC	3	1	1	3	82.455	4.64E-05	70332000
31784_MH_MC	3	6	6	30.1	27.117	9.99E-66	898430000
1781_MH_MC	3	6	6	30.1	27.117	9.99E-66	898430000
31785_MH_MC	3	6	6	30.1	27.117	9.99E-66	898430000
26196_MH_MC	2	1	1	3.1	37.713	0.028009	10320000
17836_MH_MC	2	1	1	3.1	37.713	0.028009	10320000
26278_MH_MC	4	1	1	1.4	84.891	0.00011178	63221000
99316_MH_MC	4	1	1	1.4	84.891	0.00011178	63221000
17888_MH_MC	4	1	1	1.4	84.891	0.00011178	63221000
8962_MH_MC	4	1	1	1.4	84.891	0.00011178	63221000
18_MH_MC	1	5	1	5.9	22.252	9.49E-11	768810000
7684_MH_MC	4	1	1	2.3	62.932	0.018587	0
7685_MH_MC	4	1	1	2.3	62.932	0.018587	0
26537_MH_MC	4	1	1	2.3	62.932	0.018587	0
18060_MH_MC	4	1	1	2.3	62.932	0.018587	0
18075_MH_MC	7	12	2	7.3	52.239	9.07E-97	1627800000
26556_MH_MC	7	12	2	7.3	52.239	9.07E-97	1627800000
170123_MH_MC	7	12	2	7.3	52.239	9.07E-97	1627800000
170126_MH_MC	7	12	2	7.3	52.239	9.07E-97	1627800000
8222_MH_MC	7	12	2	7.3	52.239	9.07E-97	1627800000
170124_MH_MC	7	12	2	7.3	52.239	9.07E-97	1627800000
170125_MH_MC	7	12	2	7.3	52.239	9.07E-97	1627800000
18169_MH_MC	3	1	1	5.9	27.18	2.76E-07	0
44673_MH_MC	3	1	1	5.9	27.18	2.76E-07	0
26680_MH_MC	3	1	1	5.9	27.18	2.76E-07	0
44857_MH_MC	2	1	1	6.1	14.828	0.022861	0
18209_MH_MC	2	1	1	6.1	14.828	0.022861	0
31902_MH_MC	4	3	3	13.8	33.365	8.61E-16	33668000
1831_MH_MC	4	3	3	13.8	33.365	8.61E-16	33668000
31900_MH_MC	4	3	3	13.8	33.365	8.61E-16	33668000
117764_MH_MC	4	3	3	13.8	33.365	8.61E-16	33668000
92792_MH_MC	4	1	1	2.8	44.037	3.35E-06	11269000
18433_MH_MC	4	1	1	2.8	44.037	3.35E-06	11269000
27037_MH_MC	4	1	1	2.8	44.037	3.35E-06	11269000
2108_MH_MC	4	1	1	2.8	44.037	3.35E-06	11269000
90470_MH_MC	3	2	2	4.4	50.078	1.47E-05	50777000
27053_MH_MC	3	2	2	4.4	50.078	1.47E-05	50777000
18445_MH_MC	3	2	2	4.4	50.078	1.47E-05	50777000
27207_MH_MC	2	1	1	1.5	63.889	0.020768	0
18556_MH_MC	2	1	1	1.5	63.889	0.020768	0
27359_MH_MC	5	1	1	5.9	26.156	0.0039919	18180000
65348_MH_MC	5	1	1	5.9	26.156	0.0039919	18180000
3873_MH_MC	5	1	1	5.9	26.156	0.0039919	18180000
35654_MH_MC	5	1	1	5.9	26.156	0.0039919	18180000
18684_MH_MC	5	1	1	5.9	26.156	0.0039919	18180000
27382_MH_MC	2	1	1	4.6	51.386	0.0035143	109420000
18698_MH_MC	2	1	1	4.6	51.386	0.0035143	109420000
18748_MH_MC	2	1	1	1.6	117.3	0.012477	0
53742_MH_MC	2	1	1	1.6	117.3	0.012477	0
18749_MH_MC	7	2	1	4.8	31.07	3.78E-07	15477000
53750_MH_MC	7	2	1	4.8	31.07	3.78E-07	15477000
29028_MH_MC	7	2	1	4.8	31.07	3.78E-07	15477000
27447_MH_MC	7	2	1	4.8	31.07	3.78E-07	15477000
101877_MH_MC	7	2	1	4.8	31.07	3.78E-07	15477000
172037_MH_MC	7	2	1	4.8	31.07	3.78E-07	15477000
27677_MH_MC	7	2	1	4.8	31.07	3.78E-07	15477000
7650_MH_MC	6	2	2	7.8	35.23	2.08E-10	175350000
41475_MH_MC	6	2	2	7.8	35.23	2.08E-10	175350000
7651_MH_MC	6	2	2	7.8	35.23	2.08E-10	175350000
27499_MH_MC	6	2	2	7.8	35.23	2.08E-10	175350000
18781_MH_MC	6	2	2	7.8	35.23	2.08E-10	175350000
4222_MH_MC	6	2	2	7.8	35.23	2.08E-10	175350000
27507_MH_MC	3	3	3	8.5	61.018	9.37E-26	26673000
8257_MH_MC	3	3	3	8.5	61.018	9.37E-26	26673000
18787_MH_MC	3	3	3	8.5	61.018	9.37E-26	26673000
43346_MH_MC	2	1	1	6.4	30.965	0.00057906	12959000
18896_MH_MC	2	1	1	6.4	30.965	0.00057906	12959000
32047_MH_MC	4	4	4	13.3	30.918	9.42E-08	225460000
1893_MH_MC	4	4	4	13.3	30.918	9.42E-08	225460000
1894_MH_MC	4	4	4	13.3	30.918	9.42E-08	225460000
1895_MH_MC	4	4	4	13.3	30.918	9.42E-08	225460000
33834_MH_MC	2	1	1	9.6	16.856	1.12E-06	45580000
19004_MH_MC	2	1	1	9.6	16.856	1.12E-06	45580000
27886_MH_MC	2	1	1	10.6	13.918	2.09E-05	0
19092_MH_MC	2	1	1	10.6	13.918	2.09E-05	0
37207_MH_MC	3	2	2	2.9	115.73	7.90E-11	44637000
28134_MH_MC	3	2	2	2.9	115.73	7.90E-11	44637000
19271_MH_MC	3	2	2	2.9	115.73	7.90E-11	44637000
32224_MH_MC	4	1	1	6.9	28.554	1.79E-43	80821000
1950_MH_MC	4	1	1	6.9	28.554	1.79E-43	80821000
1953_MH_MC	4	1	1	6.9	28.554	1.79E-43	80821000
1952_MH_MC	4	1	1	6.9	28.554	1.79E-43	80821000
1955_MH_MC	4	4	4	6.8	76.136	1.89E-15	155770000
1956_MH_MC	4	4	4	6.8	76.136	1.89E-15	155770000
12925_MH_MC	4	4	4	6.8	76.136	1.89E-15	155770000
131595_MH_MC	4	4	4	6.8	76.136	1.89E-15	155770000
5098_MH_MC	2	1	1	1.3	78.058	0.030384	0
19883_MH_MC	2	1	1	1.3	78.058	0.030384	0
19889_MH_MC	1	1	1	7.6	13.317	0.0071152	23324000
32311_MH_MC	3	1	1	2.7	49.297	0.004586	176380000
1993_MH_MC	3	1	1	2.7	49.297	0.004586	176380000
32310_MH_MC	3	1	1	2.7	49.297	0.004586	176380000
20007_MH_MC	3	4	4	48	17.241	1.05E-11	116910000
131750_MH_MC	3	4	4	48	17.241	1.05E-11	116910000
12905_MH_MC	3	4	4	48	17.241	1.05E-11	116910000
2007_MH_MC	5	1	1	2.6	33.557	0.015767	10898000
2009_MH_MC	5	1	1	2.6	33.557	0.015767	10898000
2008_MH_MC	5	1	1	2.6	33.557	0.015767	10898000
2004_MH_MC	5	1	1	2.6	33.557	0.015767	10898000
2005_MH_MC	5	1	1	2.6	33.557	0.015767	10898000
2013_MH_MC	3	5	5	40.6	18.702	1.90E-30	249060000
136018_MH_MC	3	5	5	40.6	18.702	1.90E-30	249060000
172704_MH_MC	3	5	5	40.6	18.702	1.90E-30	249060000
20230_MH_MC	1	1	1	9.3	12.18	0.020906	31263000
20303_MH_MC	1	2	2	19.3	18.66	2.43E-20	280680000
20316_MH_MC	5	2	2	10.8	23.324	2.78E-08	153390000
130191_MH_MC	5	2	2	10.8	23.324	2.78E-08	153390000
13180_MH_MC	5	2	2	10.8	23.324	2.78E-08	153390000
36049_MH_MC	5	2	2	10.8	23.324	2.78E-08	153390000
40859_MH_MC	5	2	2	10.8	23.324	2.78E-08	153390000
2034_MH_MC	8	8	8	15	72.779	2.31E-70	564520000
32362_MH_MC	8	8	8	15	72.779	2.31E-70	564520000
32359_MH_MC	8	8	8	15	72.779	2.31E-70	564520000
2035_MH_MC	8	8	8	15	72.779	2.31E-70	564520000
32361_MH_MC	8	8	8	15	72.779	2.31E-70	564520000
2033_MH_MC	8	8	8	15	72.779	2.31E-70	564520000
2032_MH_MC	8	8	8	15	72.779	2.31E-70	564520000
135820_MH_MC	8	8	8	15	72.779	2.31E-70	564520000
20348_MH_MC	4	4	4	22.6	18.935	6.05E-22	222320000
130052_MH_MC	4	4	4	22.6	18.935	6.05E-22	222320000
13210_MH_MC	4	4	4	22.6	18.935	6.05E-22	222320000
44287_MH_MC	4	4	4	22.6	18.935	6.05E-22	222320000
20524_MH_MC	1	1	1	6.5	18.175	0.010889	0
44244_MH_MC	3	4	4	29.2	19.847	2.15E-17	518580000
20602_MH_MC	3	4	4	29.2	19.847	2.15E-17	518580000
13446_MH_MC	3	4	4	29.2	19.847	2.15E-17	518580000
8190_MH_MC	4	3	3	14	24.79	3.89E-15	462520000
128569_MH_MC	4	3	3	14	24.79	3.89E-15	462520000
20624_MH_MC	4	3	3	14	24.79	3.89E-15	462520000
13467_MH_MC	4	3	3	14	24.79	3.89E-15	462520000
20647_MH_MC	1	1	1	4.3	29.029	0.017911	0
20659_MH_MC	1	5	1	8	22.691	3.10E-62	116060000
20701_MH_MC	2	3	3	21.9	22.106	4.85E-15	120010000
128134_MH_MC	2	3	3	21.9	22.106	4.85E-15	120010000
32994_MH_MC	3	1	1	3.5	32.857	0.0097135	200330000
2398_MH_MC	3	1	1	3.5	32.857	0.0097135	200330000
20831_MH_MC	3	1	1	3.5	32.857	0.0097135	200330000
20840_MH_MC	3	11	2	9.7	25.904	2.48E-81	768790000
127106_MH_MC	3	11	2	9.7	25.904	2.48E-81	768790000
13688_MH_MC	3	11	2	9.7	25.904	2.48E-81	768790000
20941_MH_MC	2	7	1	6.6	29.241	1.37E-199	45348000
13771_MH_MC	2	7	1	6.6	29.241	1.37E-199	45348000
20942_MH_MC	2	5	5	24.4	24.274	3.36E-23	351990000
126129_MH_MC	2	5	5	24.4	24.274	3.36E-23	351990000
44169_MH_MC	2	1	1	8.2	17.966	0.00033821	48585000
20946_MH_MC	2	1	1	8.2	17.966	0.00033821	48585000
20971_MH_MC	2	4	4	17.1	26.391	1.58E-11	64906000
44347_MH_MC	2	4	4	17.1	26.391	1.58E-11	64906000
20978_MH_MC	1	1	1	3.8	36.808	0.018043	11148000
40250_MH_MC	2	1	1	8	28.705	4.66E-08	35154000
21167_MH_MC	2	1	1	8	28.705	4.66E-08	35154000
21232_MH_MC	2	4	1	4.1	44.522	1.95E-85	202670000
14089_MH_MC	2	4	1	4.1	44.522	1.95E-85	202670000
32544_MH_MC	6	1	1	4.3	28.745	0.002122	33587000
32543_MH_MC	6	1	1	4.3	28.745	0.002122	33587000
2127_MH_MC	6	1	1	4.3	28.745	0.002122	33587000
2733_MH_MC	6	1	1	4.3	28.745	0.002122	33587000
36394_MH_MC	6	1	1	4.3	28.745	0.002122	33587000
2732_MH_MC	6	1	1	4.3	28.745	0.002122	33587000
21351_MH_MC	1	5	5	18.7	37.048	7.88E-39	268000000
21493_MH_MC	3	1	1	2.6	52.391	0.00013647	0
33660_MH_MC	3	1	1	2.6	52.391	0.00013647	0
33663_MH_MC	3	1	1	2.6	52.391	0.00013647	0
2156_MH_MC	3	1	1	8.2	19.961	9.90E-05	16190000
2155_MH_MC	3	1	1	8.2	19.961	9.90E-05	16190000
2157_MH_MC	3	1	1	8.2	19.961	9.90E-05	16190000
21551_MH_MC	1	11	0	0	62.088	5.60E-114	4854500000
21553_MH_MC	3	2	2	3.6	79.92	0.00055933	24396000
80462_MH_MC	3	2	2	3.6	79.92	0.00055933	24396000
14432_MH_MC	3	2	2	3.6	79.92	0.00055933	24396000
21568_MH_MC	1	1	1	3.2	38.773	0.0074704	33055000
53853_MH_MC	2	3	3	22.2	24.02	1.18E-23	360260000
21635_MH_MC	2	3	3	22.2	24.02	1.18E-23	360260000
21764_MH_MC	2	1	1	5.6	37.727	3.08E-13	25366000
59727_MH_MC	2	1	1	5.6	37.727	3.08E-13	25366000
40219_MH_MC	2	1	1	5.3	21.462	0.028567	41200000
21791_MH_MC	2	1	1	5.3	21.462	0.028567	41200000
21807_MH_MC	2	1	1	2.6	53.634	3.71E-11	0
86576_MH_MC	2	1	1	2.6	53.634	3.71E-11	0
43432_MH_MC	3	2	2	5.5	40.62	8.00E-06	45629000
14728_MH_MC	3	2	2	5.5	40.62	8.00E-06	45629000
21915_MH_MC	3	2	2	5.5	40.62	8.00E-06	45629000
2211_MH_MC	1	1	1	9.2	16.941	0.011112	16309000
32671_MH_MC	2	2	2	12.4	18.989	0.00029809	11075000
2225_MH_MC	2	2	2	12.4	18.989	0.00029809	11075000
22310_MH_MC	1	1	1	10.9	13.429	5.94E-07	0
75931_MH_MC	3	5	5	21.1	28.416	2.04E-64	344820000
31625_MH_MC	3	5	5	21.1	28.416	2.04E-64	344820000
22589_MH_MC	3	5	5	21.1	28.416	2.04E-64	344820000
42808_MH_MC	2	1	1	1.3	100.76	0.019545	0
22721_MH_MC	2	1	1	1.3	100.76	0.019545	0
22774_MH_MC	1	1	1	6.3	14.646	0.0048208	48316000
88062_MH_MC	6	4	4	10.9	56.968	1.77E-20	267000000
22947_MH_MC	6	4	4	10.9	56.968	1.77E-20	267000000
43633_MH_MC	6	4	4	10.9	56.968	1.77E-20	267000000
8335_MH_MC	6	4	4	10.9	56.968	1.77E-20	267000000
8334_MH_MC	6	4	4	10.9	56.968	1.77E-20	267000000
8333_MH_MC	6	4	4	10.9	56.968	1.77E-20	267000000
23020_MH_MC	2	1	1	5.9	29.194	0.0004717	104030000
46891_MH_MC	2	1	1	5.9	29.194	0.0004717	104030000
57224_MH_MC	7	3	3	14.8	34.216	1.16E-42	0
32841_MH_MC	7	3	3	14.8	34.216	1.16E-42	0
2309_MH_MC	7	3	3	14.8	34.216	1.16E-42	0
32839_MH_MC	7	3	3	14.8	34.216	1.16E-42	0
25659_MH_MC	7	3	3	14.8	34.216	1.16E-42	0
2308_MH_MC	7	3	3	14.8	34.216	1.16E-42	0
17456_MH_MC	7	3	3	14.8	34.216	1.16E-42	0
32257_MH_MC	3	1	1	3.8	34.414	0.023374	33375000
23104_MH_MC	3	1	1	3.8	34.414	0.023374	33375000
49502_MH_MC	3	1	1	3.8	34.414	0.023374	33375000
23121_MH_MC	4	12	11	17.8	83.14	1.30E-91	834640000
8644_MH_MC	4	12	11	17.8	83.14	1.30E-91	834640000
91897_MH_MC	4	12	11	17.8	83.14	1.30E-91	834640000
37326_MH_MC	4	12	11	17.8	83.14	1.30E-91	834640000
23161_MH_MC	1	4	1	3.6	41.396	5.39E-20	41808000
23207_MH_MC	6	7	6	9.9	94.132	2.21E-66	248110000
15694_MH_MC	6	7	6	9.9	94.132	2.21E-66	248110000
31904_MH_MC	6	7	6	9.9	94.132	2.21E-66	248110000
31903_MH_MC	6	7	6	9.9	94.132	2.21E-66	248110000
94236_MH_MC	6	7	6	9.9	94.132	2.21E-66	248110000
94238_MH_MC	6	7	6	9.9	94.132	2.21E-66	248110000
36919_MH_MC	3	3	3	20.3	21.708	6.61E-45	2468700000
23245_MH_MC	3	3	3	20.3	21.708	6.61E-45	2468700000
116755_MH_MC	3	3	3	20.3	21.708	6.61E-45	2468700000
32911_MH_MC	2	2	2	13.5	15.889	4.05E-05	173500000
2336_MH_MC	2	2	2	13.5	15.889	4.05E-05	173500000
23388_MH_MC	4	1	1	6.6	18.344	6.35E-06	38525000
42367_MH_MC	4	1	1	6.6	18.344	6.35E-06	38525000
39635_MH_MC	4	1	1	6.6	18.344	6.35E-06	38525000
7176_MH_MC	4	1	1	6.6	18.344	6.35E-06	38525000
7939_MH_MC	2	2	2	6.8	52.728	0.00019588	22514000
23394_MH_MC	2	2	2	6.8	52.728	0.00019588	22514000
23395_MH_MC	13	29	0	0	189.89	0	2923500000
74813_MH_MC	13	29	0	0	189.89	0	2923500000
164940_MH_MC	13	29	0	0	189.89	0	2923500000
15838_MH_MC	13	29	0	0	189.89	0	2923500000
28735_MH_MC	13	29	0	0	189.89	0	2923500000
45651_MH_MC	13	29	0	0	189.89	0	2923500000
28736_MH_MC	13	29	0	0	189.89	0	2923500000
46899_MH_MC	13	29	0	0	189.89	0	2923500000
28742_MH_MC	13	29	0	0	189.89	0	2923500000
28740_MH_MC	13	29	0	0	189.89	0	2923500000
28743_MH_MC	13	29	0	0	189.89	0	2923500000
45650_MH_MC	13	29	0	0	189.89	0	2923500000
28738_MH_MC	13	29	0	0	189.89	0	2923500000
23462_MH_MC	1	1	1	6.5	21.373	0.014888	8931600
28707_MH_MC	6	4	4	24.6	35.019	7.24E-12	74497000
235_MH_MC	6	4	4	24.6	35.019	7.24E-12	74497000
237_MH_MC	6	4	4	24.6	35.019	7.24E-12	74497000
236_MH_MC	6	4	4	24.6	35.019	7.24E-12	74497000
27662_MH_MC	6	4	4	24.6	35.019	7.24E-12	74497000
97078_MH_MC	6	4	4	24.6	35.019	7.24E-12	74497000
32170_MH_MC	4	3	3	10.6	25.362	1.75E-27	831420000
32169_MH_MC	4	3	3	10.6	25.362	1.75E-27	831420000
23500_MH_MC	4	3	3	10.6	25.362	1.75E-27	831420000
15928_MH_MC	4	3	3	10.6	25.362	1.75E-27	831420000
43409_MH_MC	6	4	4	11	51.914	1.91E-11	26173000
23560_MH_MC	6	4	4	11	51.914	1.91E-11	26173000
105933_MH_MC	6	4	4	11	51.914	1.91E-11	26173000
165215_MH_MC	6	4	4	11	51.914	1.91E-11	26173000
15966_MH_MC	6	4	4	11	51.914	1.91E-11	26173000
165217_MH_MC	6	4	4	11	51.914	1.91E-11	26173000
41544_MH_MC	2	1	1	3.1	54.337	2.28E-05	17926000
23605_MH_MC	2	1	1	3.1	54.337	2.28E-05	17926000
23724_MH_MC	2	1	1	6.7	30.285	2.15E-22	31796000
5697_MH_MC	2	1	1	6.7	30.285	2.15E-22	31796000
23948_MH_MC	2	3	3	25.5	18.168	5.30E-50	102550000
16250_MH_MC	2	3	3	25.5	18.168	5.30E-50	102550000
42106_MH_MC	2	2	2	6.4	36.848	2.61E-05	87435000
23968_MH_MC	2	2	2	6.4	36.848	2.61E-05	87435000
45831_MH_MC	2	1	1	3.4	43.941	1.42E-11	18057000
23977_MH_MC	2	1	1	3.4	43.941	1.42E-11	18057000
31720_MH_MC	2	1	1	2.9	51.934	0.0010795	34470000
24079_MH_MC	2	1	1	2.9	51.934	0.0010795	34470000
24127_MH_MC	2	6	1	3.4	41.047	1.19E-28	204720000
16373_MH_MC	2	6	1	3.4	41.047	1.19E-28	204720000
24196_MH_MC	3	6	6	13.1	45.778	1.21E-25	1072500000
42461_MH_MC	3	6	6	13.1	45.778	1.21E-25	1072500000
62881_MH_MC	3	6	6	13.1	45.778	1.21E-25	1072500000
24197_MH_MC	2	2	1	2.6	34.862	0.0018161	39847000
87718_MH_MC	2	2	1	2.6	34.862	0.0018161	39847000
24362_MH_MC	2	5	1	2.9	79.112	1.90E-20	29068000
16547_MH_MC	2	5	1	2.9	79.112	1.90E-20	29068000
24369_MH_MC	1	1	1	3.8	23.825	0.0026435	0
97856_MH_MC	4	2	2	8.9	29.066	1.06E-05	47832000
24512_MH_MC	4	2	2	8.9	29.066	1.06E-05	47832000
32785_MH_MC	4	2	2	8.9	29.066	1.06E-05	47832000
16654_MH_MC	4	2	2	8.9	29.066	1.06E-05	47832000
24519_MH_MC	1	3	3	11.9	35.943	5.73E-08	126170000
57121_MH_MC	2	1	1	7.1	23.861	1.01E-07	0
24524_MH_MC	2	1	1	7.1	23.861	1.01E-07	0
57119_MH_MC	2	1	1	5.9	29.401	4.98E-10	43332000
24525_MH_MC	2	1	1	5.9	29.401	4.98E-10	43332000
42484_MH_MC	4	4	4	3.1	163.29	3.97E-14	70842000
24623_MH_MC	4	4	4	3.1	163.29	3.97E-14	70842000
66415_MH_MC	4	4	4	3.1	163.29	3.97E-14	70842000
16731_MH_MC	4	4	4	3.1	163.29	3.97E-14	70842000
2463_MH_MC	3	2	2	7.5	31.547	1.95E-05	18288000
33154_MH_MC	3	2	2	7.5	31.547	1.95E-05	18288000
2464_MH_MC	3	2	2	7.5	31.547	1.95E-05	18288000
33161_MH_MC	2	1	1	5.3	28.538	1.49E-07	48717000
2469_MH_MC	2	1	1	5.3	28.538	1.49E-07	48717000
31757_MH_MC	9	3	3	6.9	63.12	9.77E-13	47389000
24999_MH_MC	9	3	3	6.9	63.12	9.77E-13	47389000
1769_MH_MC	9	3	3	6.9	63.12	9.77E-13	47389000
1770_MH_MC	9	3	3	6.9	63.12	9.77E-13	47389000
167520_MH_MC	9	3	3	6.9	63.12	9.77E-13	47389000
167518_MH_MC	9	3	3	6.9	63.12	9.77E-13	47389000
31756_MH_MC	9	3	3	6.9	63.12	9.77E-13	47389000
16983_MH_MC	9	3	3	6.9	63.12	9.77E-13	47389000
82961_MH_MC	9	3	3	6.9	63.12	9.77E-13	47389000
25029_MH_MC	1	2	2	4.9	46.032	1.66E-05	14108000
30755_MH_MC	3	1	1	7.4	20.347	0.0010738	12842000
30753_MH_MC	3	1	1	7.4	20.347	0.0010738	12842000
25055_MH_MC	3	1	1	7.4	20.347	0.0010738	12842000
2510_MH_MC	2	5	4	12.1	35.383	2.58E-10	1121100000
6524_MH_MC	2	5	4	12.1	35.383	2.58E-10	1121100000
25352_MH_MC	1	1	1	3.3	84.225	4.88E-37	0
41784_MH_MC	4	4	4	3.2	131.77	5.59E-11	70298000
25375_MH_MC	4	4	4	3.2	131.77	5.59E-11	70298000
93782_MH_MC	4	4	4	3.2	131.77	5.59E-11	70298000
17257_MH_MC	4	4	4	3.2	131.77	5.59E-11	70298000
25389_MH_MC	2	1	1	5.7	21.714	0.01807	11848000
71681_MH_MC	2	1	1	5.7	21.714	0.01807	11848000
25400_MH_MC	4	4	4	5.4	103.89	5.41E-13	6509200
29002_MH_MC	4	4	4	5.4	103.89	5.41E-13	6509200
17278_MH_MC	4	4	4	5.4	103.89	5.41E-13	6509200
78739_MH_MC	4	4	4	5.4	103.89	5.41E-13	6509200
2543_MH_MC	3	4	4	19.3	35.555	5.80E-18	189120000
33317_MH_MC	3	4	4	19.3	35.555	5.80E-18	189120000
170849_MH_MC	3	4	4	19.3	35.555	5.80E-18	189120000
31487_MH_MC	5	2	2	4.1	55.713	0.00028468	15213000
25450_MH_MC	5	2	2	4.1	55.713	0.00028468	15213000
97418_MH_MC	5	2	2	4.1	55.713	0.00028468	15213000
31488_MH_MC	5	2	2	4.1	55.713	0.00028468	15213000
1642_MH_MC	5	2	2	4.1	55.713	0.00028468	15213000
25481_MH_MC	2	1	1	9.2	21.59	0.00012493	76239000
80347_MH_MC	2	1	1	9.2	21.59	0.00012493	76239000
28759_MH_MC	5	6	1	1.8	44.159	1.22E-18	293450000
255_MH_MC	5	6	1	1.8	44.159	1.22E-18	293450000
CON__P60712	5	6	1	1.8	44.159	1.22E-18	293450000
254_MH_MC	5	6	1	1.8	44.159	1.22E-18	293450000
2771_MH_MC	5	6	1	1.8	44.159	1.22E-18	293450000
40373_MH_MC	2	1	1	2.2	67.953	0.0036551	11616000
25504_MH_MC	2	1	1	2.2	67.953	0.0036551	11616000
25547_MH_MC	2	8	8	21.1	46.573	4.80E-14	172150000
39172_MH_MC	2	8	8	21.1	46.573	4.80E-14	172150000
25635_MH_MC	4	24	0	0	121.98	1.09E-174	20632000000
17433_MH_MC	4	24	0	0	121.98	1.09E-174	20632000000
57324_MH_MC	4	24	0	0	121.98	1.09E-174	20632000000
35256_MH_MC	4	24	0	0	121.98	1.09E-174	20632000000
25636_MH_MC	2	7	4	5.4	71.878	1.77E-40	317810000
17434_MH_MC	2	7	4	5.4	71.878	1.77E-40	317810000
32327_MH_MC	3	3	3	4.7	82.948	5.93E-16	126660000
25644_MH_MC	3	3	3	4.7	82.948	5.93E-16	126660000
71487_MH_MC	3	3	3	4.7	82.948	5.93E-16	126660000
2600_MH_MC	6	4	4	12.1	46.744	1.97E-27	314350000
33404_MH_MC	6	4	4	12.1	46.744	1.97E-27	314350000
2599_MH_MC	6	4	4	12.1	46.744	1.97E-27	314350000
2598_MH_MC	6	4	4	12.1	46.744	1.97E-27	314350000
33403_MH_MC	6	4	4	12.1	46.744	1.97E-27	314350000
155874_MH_MC	6	4	4	12.1	46.744	1.97E-27	314350000
26099_MH_MC	6	5	5	2.5	220.89	8.02E-16	102100000
169353_MH_MC	6	5	5	2.5	220.89	8.02E-16	102100000
17766_MH_MC	6	5	5	2.5	220.89	8.02E-16	102100000
59753_MH_MC	6	5	5	2.5	220.89	8.02E-16	102100000
59754_MH_MC	6	5	5	2.5	220.89	8.02E-16	102100000
17765_MH_MC	6	5	5	2.5	220.89	8.02E-16	102100000
26127_MH_MC	9	5	3	1.6	222.39	7.82E-13	40869000
37262_MH_MC	9	5	3	1.6	222.39	7.82E-13	40869000
17785_MH_MC	9	5	3	1.6	222.39	7.82E-13	40869000
75228_MH_MC	9	5	3	1.6	222.39	7.82E-13	40869000
75230_MH_MC	9	5	3	1.6	222.39	7.82E-13	40869000
169396_MH_MC	9	5	3	1.6	222.39	7.82E-13	40869000
169397_MH_MC	9	5	3	1.6	222.39	7.82E-13	40869000
17783_MH_MC	9	5	3	1.6	222.39	7.82E-13	40869000
17784_MH_MC	9	5	3	1.6	222.39	7.82E-13	40869000
26159_MH_MC	4	8	8	4.5	226.94	1.00E-25	265220000
31912_MH_MC	4	8	8	4.5	226.94	1.00E-25	265220000
46955_MH_MC	4	8	8	4.5	226.94	1.00E-25	265220000
6052_MH_MC	4	8	8	4.5	226.94	1.00E-25	265220000
26279_MH_MC	8	7	7	7.4	138.98	1.34E-26	157930000
78667_MH_MC	8	7	7	7.4	138.98	1.34E-26	157930000
17889_MH_MC	8	7	7	7.4	138.98	1.34E-26	157930000
43272_MH_MC	8	7	7	7.4	138.98	1.34E-26	157930000
38423_MH_MC	8	7	7	7.4	138.98	1.34E-26	157930000
42108_MH_MC	8	7	7	7.4	138.98	1.34E-26	157930000
17890_MH_MC	8	7	7	7.4	138.98	1.34E-26	157930000
78669_MH_MC	8	7	7	7.4	138.98	1.34E-26	157930000
40614_MH_MC	4	13	13	33.5	42.51	2.82E-74	797610000
26321_MH_MC	4	13	13	33.5	42.51	2.82E-74	797610000
93932_MH_MC	4	13	13	33.5	42.51	2.82E-74	797610000
17914_MH_MC	4	13	13	33.5	42.51	2.82E-74	797610000
26337_MH_MC	3	7	7	46.1	20.224	4.48E-45	921480000
37695_MH_MC	3	7	7	46.1	20.224	4.48E-45	921480000
103663_MH_MC	3	7	7	46.1	20.224	4.48E-45	921480000
33495_MH_MC	11	9	9	22.8	50.258	1.11E-113	1792300000
33490_MH_MC	11	9	9	22.8	50.258	1.11E-113	1792300000
2638_MH_MC	11	9	9	22.8	50.258	1.11E-113	1792300000
2639_MH_MC	11	9	9	22.8	50.258	1.11E-113	1792300000
2640_MH_MC	11	9	9	22.8	50.258	1.11E-113	1792300000
33496_MH_MC	11	9	9	22.8	50.258	1.11E-113	1792300000
33493_MH_MC	11	9	9	22.8	50.258	1.11E-113	1792300000
33494_MH_MC	11	9	9	22.8	50.258	1.11E-113	1792300000
20416_MH_MC	11	9	9	22.8	50.258	1.11E-113	1792300000
33498_MH_MC	11	9	9	22.8	50.258	1.11E-113	1792300000
33492_MH_MC	11	9	9	22.8	50.258	1.11E-113	1792300000
26436_MH_MC	2	1	1	4.1	31.592	0.0007071	7236400
87690_MH_MC	2	1	1	4.1	31.592	0.0007071	7236400
26501_MH_MC	2	6	0	0	30.035	8.36E-16	218840000
73419_MH_MC	2	6	0	0	30.035	8.36E-16	218840000
26557_MH_MC	2	11	1	4.4	40.96	2.75E-74	0
103230_MH_MC	2	11	1	4.4	40.96	2.75E-74	0
41522_MH_MC	2	1	1	6.2	30.619	1.28E-14	32636000
26746_MH_MC	2	1	1	6.2	30.619	1.28E-14	32636000
42393_MH_MC	2	1	1	2.2	49.653	0.0014194	29680000
26778_MH_MC	2	1	1	2.2	49.653	0.0014194	29680000
41583_MH_MC	3	1	1	1.4	102.62	2.33E-14	0
26782_MH_MC	3	1	1	1.4	102.62	2.33E-14	0
96369_MH_MC	3	1	1	1.4	102.62	2.33E-14	0
26900_MH_MC	2	2	2	13.3	15.673	7.52E-05	96162000
41060_MH_MC	2	2	2	13.3	15.673	7.52E-05	96162000
2698_MH_MC	3	1	1	4.6	38.86	1.99E-05	0
33644_MH_MC	3	1	1	4.6	38.86	1.99E-05	0
33643_MH_MC	3	1	1	4.6	38.86	1.99E-05	0
27175_MH_MC	6	8	7	26.6	41.913	1.45E-103	345770000
18534_MH_MC	6	8	7	26.6	41.913	1.45E-103	345770000
102384_MH_MC	6	8	7	26.6	41.913	1.45E-103	345770000
102383_MH_MC	6	8	7	26.6	41.913	1.45E-103	345770000
102382_MH_MC	6	8	7	26.6	41.913	1.45E-103	345770000
171191_MH_MC	6	8	7	26.6	41.913	1.45E-103	345770000
27219_MH_MC	1	1	1	4.9	24.711	0.025447	23763000
27251_MH_MC	3	6	6	4.9	182.42	1.49E-18	29076000
18590_MH_MC	3	6	6	4.9	182.42	1.49E-18	29076000
73899_MH_MC	3	6	6	4.9	182.42	1.49E-18	29076000
27876_MH_MC	6	25	3	1.9	204.41	9.59E-96	2252300000
19076_MH_MC	6	25	3	1.9	204.41	9.59E-96	2252300000
31154_MH_MC	6	25	3	1.9	204.41	9.59E-96	2252300000
31152_MH_MC	6	25	3	1.9	204.41	9.59E-96	2252300000
1491_MH_MC	6	25	3	1.9	204.41	9.59E-96	2252300000
19077_MH_MC	6	25	3	1.9	204.41	9.59E-96	2252300000
27883_MH_MC	1	1	1	8.6	17.341	8.37E-06	58478000
27933_MH_MC	2	1	1	5.2	17.627	0.02845	0
32655_MH_MC	2	1	1	5.2	17.627	0.02845	0
44578_MH_MC	4	5	5	16.6	41.258	9.94E-23	132110000
28021_MH_MC	4	5	5	16.6	41.258	9.94E-23	132110000
19200_MH_MC	4	5	5	16.6	41.258	9.94E-23	132110000
19199_MH_MC	4	5	5	16.6	41.258	9.94E-23	132110000
8574_MH_MC	3	1	1	7.2	21.415	0.00015372	36670000
28026_MH_MC	3	1	1	7.2	21.415	0.00015372	36670000
8575_MH_MC	3	1	1	7.2	21.415	0.00015372	36670000
28051_MH_MC	8	4	4	17.4	36.225	2.01E-18	112420000
22393_MH_MC	8	4	4	17.4	36.225	2.01E-18	112420000
57598_MH_MC	8	4	4	17.4	36.225	2.01E-18	112420000
15084_MH_MC	8	4	4	17.4	36.225	2.01E-18	112420000
22394_MH_MC	8	4	4	17.4	36.225	2.01E-18	112420000
55904_MH_MC	8	4	4	17.4	36.225	2.01E-18	112420000
172629_MH_MC	8	4	4	17.4	36.225	2.01E-18	112420000
19219_MH_MC	8	4	4	17.4	36.225	2.01E-18	112420000
28077_MH_MC	3	5	1	10.2	20.046	1.06E-11	0
99279_MH_MC	3	5	1	10.2	20.046	1.06E-11	0
19237_MH_MC	3	5	1	10.2	20.046	1.06E-11	0
41468_MH_MC	2	3	3	10.3	43.299	1.75E-26	76685000
28096_MH_MC	2	3	3	10.3	43.299	1.75E-26	76685000
28136_MH_MC	4	3	3	9.9	62.984	5.53E-13	73429000
19274_MH_MC	4	3	3	9.9	62.984	5.53E-13	73429000
85224_MH_MC	4	3	3	9.9	62.984	5.53E-13	73429000
85225_MH_MC	4	3	3	9.9	62.984	5.53E-13	73429000
28275_MH_MC	1	2	2	9.1	26.894	3.38E-05	217330000
28300_MH_MC	1	5	1	6.4	22.247	1.58E-09	49135000
28331_MH_MC	4	2	2	8.2	29.647	0.00028074	14504000
28332_MH_MC	4	2	2	8.2	29.647	0.00028074	14504000
28333_MH_MC	4	2	2	8.2	29.647	0.00028074	14504000
133528_MH_MC	4	2	2	8.2	29.647	0.00028074	14504000
39_MH_MC	10	3	3	8.3	55.397	8.72E-18	104520000
28341_MH_MC	10	3	3	8.3	55.397	8.72E-18	104520000
28336_MH_MC	10	3	3	8.3	55.397	8.72E-18	104520000
28337_MH_MC	10	3	3	8.3	55.397	8.72E-18	104520000
28338_MH_MC	10	3	3	8.3	55.397	8.72E-18	104520000
28339_MH_MC	10	3	3	8.3	55.397	8.72E-18	104520000
28340_MH_MC	10	3	3	8.3	55.397	8.72E-18	104520000
41_MH_MC	10	3	3	8.3	55.397	8.72E-18	104520000
24168_MH_MC	10	3	3	8.3	55.397	8.72E-18	104520000
68817_MH_MC	10	3	3	8.3	55.397	8.72E-18	104520000
28416_MH_MC	3	5	5	17.2	36.89	3.44E-15	452550000
97_MH_MC	3	5	5	17.2	36.89	3.44E-15	452550000
13554_MH_MC	3	5	5	17.2	36.89	3.44E-15	452550000
28471_MH_MC	7	20	20	36.9	82.103	6.23E-145	2974900000
130_MH_MC	7	20	20	36.9	82.103	6.23E-145	2974900000
23332_MH_MC	7	20	20	36.9	82.103	6.23E-145	2974900000
127413_MH_MC	7	20	20	36.9	82.103	6.23E-145	2974900000
20792_MH_MC	7	20	20	36.9	82.103	6.23E-145	2974900000
13634_MH_MC	7	20	20	36.9	82.103	6.23E-145	2974900000
127463_MH_MC	7	20	20	36.9	82.103	6.23E-145	2974900000
28565_MH_MC	1	1	1	13.2	14.917	1.21E-26	96835000
28603_MH_MC	2	1	1	2.8	56.943	0.00041116	52926000
28602_MH_MC	2	1	1	2.8	56.943	0.00041116	52926000
28679_MH_MC	2	1	1	7.1	23.374	0.012556	13740000
28678_MH_MC	2	1	1	7.1	23.374	0.012556	13740000
28708_MH_MC	2	2	2	28.1	18.043	3.55E-56	82131000
28709_MH_MC	2	2	2	28.1	18.043	3.55E-56	82131000
34023_MH_MC	8	3	3	6.4	61.137	2.88E-07	237660000
2875_MH_MC	8	3	3	6.4	61.137	2.88E-07	237660000
2876_MH_MC	8	3	3	6.4	61.137	2.88E-07	237660000
2874_MH_MC	8	3	3	6.4	61.137	2.88E-07	237660000
24450_MH_MC	8	3	3	6.4	61.137	2.88E-07	237660000
61769_MH_MC	8	3	3	6.4	61.137	2.88E-07	237660000
2873_MH_MC	8	3	3	6.4	61.137	2.88E-07	237660000
16605_MH_MC	8	3	3	6.4	61.137	2.88E-07	237660000
28760_MH_MC	1	3	1	12.2	14.321	7.67E-09	185870000
28840_MH_MC	5	2	2	7.6	41.677	2.07E-20	30223000
28839_MH_MC	5	2	2	7.6	41.677	2.07E-20	30223000
14121_MH_MC	5	2	2	7.6	41.677	2.07E-20	30223000
21262_MH_MC	5	2	2	7.6	41.677	2.07E-20	30223000
119987_MH_MC	5	2	2	7.6	41.677	2.07E-20	30223000
28864_MH_MC	5	6	4	23	20.136	6.59E-55	5139700000
307_MH_MC	5	6	4	23	20.136	6.59E-55	5139700000
308_MH_MC	5	6	4	23	20.136	6.59E-55	5139700000
21735_MH_MC	5	6	4	23	20.136	6.59E-55	5139700000
51348_MH_MC	5	6	4	23	20.136	6.59E-55	5139700000
28875_MH_MC	4	7	7	20.3	60.691	1.44E-59	181320000
28873_MH_MC	4	7	7	20.3	60.691	1.44E-59	181320000
5562_MH_MC	4	7	7	20.3	60.691	1.44E-59	181320000
10355_MH_MC	4	7	7	20.3	60.691	1.44E-59	181320000
28916_MH_MC	1	1	1	1.4	83.128	0.007178	0
28918_MH_MC	4	13	13	19	106.01	6.25E-100	449140000
324_MH_MC	4	13	13	19	106.01	6.25E-100	449140000
325_MH_MC	4	13	13	19	106.01	6.25E-100	449140000
28917_MH_MC	4	13	13	19	106.01	6.25E-100	449140000
55944_MH_MC	3	3	3	16.8	25.978	1.10E-20	145680000
28953_MH_MC	3	3	3	16.8	25.978	1.10E-20	145680000
22064_MH_MC	3	3	3	16.8	25.978	1.10E-20	145680000
28998_MH_MC	3	5	5	11.4	50.482	1.36E-15	110800000
157429_MH_MC	3	5	5	11.4	50.482	1.36E-15	110800000
169235_MH_MC	3	5	5	11.4	50.482	1.36E-15	110800000
29038_MH_MC	2	1	1	4.3	32.56	0.00071238	26571000
29037_MH_MC	2	1	1	4.3	32.56	0.00071238	26571000
29083_MH_MC	2	2	1	2.6	59.745	0.00028958	0
158645_MH_MC	2	2	1	2.6	59.745	0.00028958	0
29108_MH_MC	3	2	2	13.6	21.294	2.68E-09	0
29111_MH_MC	3	2	2	13.6	21.294	2.68E-09	0
4210_MH_MC	3	2	2	13.6	21.294	2.68E-09	0
29138_MH_MC	2	3	3	25.5	18.335	6.62E-16	355550000
502_MH_MC	2	3	3	25.5	18.335	6.62E-16	355550000
29244_MH_MC	2	1	1	4	32.189	7.64E-07	26612000
29245_MH_MC	2	1	1	4	32.189	7.64E-07	26612000
29345_MH_MC	1	1	1	1.4	82.065	0.0079985	36260000
29434_MH_MC	1	1	1	3.5	55.768	0.005524	0
29457_MH_MC	3	1	1	2.1	50.219	0.00075	38019000
29458_MH_MC	3	1	1	2.1	50.219	0.00075	38019000
637_MH_MC	3	1	1	2.1	50.219	0.00075	38019000
691_MH_MC	6	3	3	6.9	61.632	7.34E-09	95328000
29504_MH_MC	6	3	3	6.9	61.632	7.34E-09	95328000
692_MH_MC	6	3	3	6.9	61.632	7.34E-09	95328000
111936_MH_MC	6	3	3	6.9	61.632	7.34E-09	95328000
690_MH_MC	6	3	3	6.9	61.632	7.34E-09	95328000
5354_MH_MC	6	3	3	6.9	61.632	7.34E-09	95328000
29548_MH_MC	1	4	4	9.9	60.443	1.12E-17	256950000
2958_MH_MC	7	1	1	1.8	72.085	1.42E-05	21807000
2962_MH_MC	7	1	1	1.8	72.085	1.42E-05	21807000
2959_MH_MC	7	1	1	1.8	72.085	1.42E-05	21807000
2963_MH_MC	7	1	1	1.8	72.085	1.42E-05	21807000
72283_MH_MC	7	1	1	1.8	72.085	1.42E-05	21807000
2960_MH_MC	7	1	1	1.8	72.085	1.42E-05	21807000
2961_MH_MC	7	1	1	1.8	72.085	1.42E-05	21807000
29594_MH_MC	3	3	3	11.8	30.533	9.51E-09	106230000
29592_MH_MC	3	3	3	11.8	30.533	9.51E-09	106230000
29595_MH_MC	3	3	3	11.8	30.533	9.51E-09	106230000
29641_MH_MC	1	3	3	15.7	28.365	3.80E-06	0
29670_MH_MC	2	1	1	3.7	25.364	0.017815	16744000
29671_MH_MC	2	1	1	3.7	25.364	0.017815	16744000
29725_MH_MC	4	7	6	21	37.775	6.49E-48	1927200000
110246_MH_MC	4	7	6	21	37.775	6.49E-48	1927200000
16449_MH_MC	4	7	6	21	37.775	6.49E-48	1927200000
166251_MH_MC	4	7	6	21	37.775	6.49E-48	1927200000
29769_MH_MC	2	4	4	11.5	52.805	5.92E-47	222440000
22560_MH_MC	2	4	4	11.5	52.805	5.92E-47	222440000
29793_MH_MC	2	11	2	6.4	43.181	1.50E-82	39941000
54154_MH_MC	2	11	2	6.4	43.181	1.50E-82	39941000
29794_MH_MC	1	11	1	2.7	43.206	5.66E-94	755130000
29802_MH_MC	1	1	1	7.6	25.933	0.0078042	0
29875_MH_MC	8	3	3	10	43.158	6.60E-11	53869000
969_MH_MC	8	3	3	10	43.158	6.60E-11	53869000
968_MH_MC	8	3	3	10	43.158	6.60E-11	53869000
966_MH_MC	8	3	3	10	43.158	6.60E-11	53869000
967_MH_MC	8	3	3	10	43.158	6.60E-11	53869000
965_MH_MC	8	3	3	10	43.158	6.60E-11	53869000
129061_MH_MC	8	3	3	10	43.158	6.60E-11	53869000
29874_MH_MC	8	3	3	10	43.158	6.60E-11	53869000
29964_MH_MC	3	1	1	2.7	55.108	0.0010352	19284000
29962_MH_MC	3	1	1	2.7	55.108	0.0010352	19284000
901_MH_MC	3	1	1	2.7	55.108	0.0010352	19284000
29975_MH_MC	1	1	1	14.9	8.2151	7.97E-05	36663000
30008_MH_MC	8	11	11	5.4	294.02	1.56E-54	182980000
17937_MH_MC	8	11	11	5.4	294.02	1.56E-54	182980000
121336_MH_MC	8	11	11	5.4	294.02	1.56E-54	182980000
15567_MH_MC	8	11	11	5.4	294.02	1.56E-54	182980000
23022_MH_MC	8	11	11	5.4	294.02	1.56E-54	182980000
125871_MH_MC	8	11	11	5.4	294.02	1.56E-54	182980000
30007_MH_MC	8	11	11	5.4	294.02	1.56E-54	182980000
130962_MH_MC	8	11	11	5.4	294.02	1.56E-54	182980000
30035_MH_MC	9	4	4	6.1	99.938	8.06E-83	251850000
30037_MH_MC	9	4	4	6.1	99.938	8.06E-83	251850000
30032_MH_MC	9	4	4	6.1	99.938	8.06E-83	251850000
30031_MH_MC	9	4	4	6.1	99.938	8.06E-83	251850000
30040_MH_MC	9	4	4	6.1	99.938	8.06E-83	251850000
30039_MH_MC	9	4	4	6.1	99.938	8.06E-83	251850000
21555_MH_MC	9	4	4	6.1	99.938	8.06E-83	251850000
113967_MH_MC	9	4	4	6.1	99.938	8.06E-83	251850000
14435_MH_MC	9	4	4	6.1	99.938	8.06E-83	251850000
30108_MH_MC	3	1	1	6.5	22.628	0.00044825	0
964_MH_MC	3	1	1	6.5	22.628	0.00044825	0
85920_MH_MC	3	1	1	6.5	22.628	0.00044825	0
30149_MH_MC	10	4	4	11.2	49.924	2.94E-08	430160000
30148_MH_MC	10	4	4	11.2	49.924	2.94E-08	430160000
30147_MH_MC	10	4	4	11.2	49.924	2.94E-08	430160000
94719_MH_MC	10	4	4	11.2	49.924	2.94E-08	430160000
23975_MH_MC	10	4	4	11.2	49.924	2.94E-08	430160000
16263_MH_MC	10	4	4	11.2	49.924	2.94E-08	430160000
21350_MH_MC	10	4	4	11.2	49.924	2.94E-08	430160000
114522_MH_MC	10	4	4	11.2	49.924	2.94E-08	430160000
7636_MH_MC	10	4	4	11.2	49.924	2.94E-08	430160000
8956_MH_MC	10	4	4	11.2	49.924	2.94E-08	430160000
3016_MH_MC	5	3	3	23.6	20.137	1.17E-61	164970000
3015_MH_MC	5	3	3	23.6	20.137	1.17E-61	164970000
22532_MH_MC	5	3	3	23.6	20.137	1.17E-61	164970000
34263_MH_MC	5	3	3	23.6	20.137	1.17E-61	164970000
66487_MH_MC	5	3	3	23.6	20.137	1.17E-61	164970000
30165_MH_MC	2	2	2	9.6	23.989	9.18E-10	36358000
30166_MH_MC	2	2	2	9.6	23.989	9.18E-10	36358000
3022_MH_MC	5	1	1	10.1	18.029	1.80E-21	42680000
3018_MH_MC	5	1	1	10.1	18.029	1.80E-21	42680000
3017_MH_MC	5	1	1	10.1	18.029	1.80E-21	42680000
34273_MH_MC	5	1	1	10.1	18.029	1.80E-21	42680000
3020_MH_MC	5	1	1	10.1	18.029	1.80E-21	42680000
30230_MH_MC	3	4	4	15	36.274	7.99E-15	227550000
30231_MH_MC	3	4	4	15	36.274	7.99E-15	227550000
138643_MH_MC	3	4	4	15	36.274	7.99E-15	227550000
30275_MH_MC	1	1	1	1.3	88.796	0.00323	0
30325_MH_MC	1	5	5	16.6	44.585	3.98E-11	305620000
30333_MH_MC	3	1	1	1.7	59.838	0.016941	0
30335_MH_MC	3	1	1	1.7	59.838	0.016941	0
30331_MH_MC	3	1	1	1.7	59.838	0.016941	0
30380_MH_MC	1	1	1	8.2	17.451	2.14E-08	44456000
30443_MH_MC	4	13	7	13	59.596	1.69E-68	495960000
30442_MH_MC	4	13	7	13	59.596	1.69E-68	495960000
114458_MH_MC	4	13	7	13	59.596	1.69E-68	495960000
80485_MH_MC	4	13	7	13	59.596	1.69E-68	495960000
30475_MH_MC	1	2	1	9.5	13.445	2.64E-07	36806000
30476_MH_MC	3	3	2	18.9	16.682	1.70E-15	385670000
27804_MH_MC	3	3	2	18.9	16.682	1.70E-15	385670000
114575_MH_MC	3	3	2	18.9	16.682	1.70E-15	385670000
30478_MH_MC	1	1	1	1.6	82.849	0.00057094	0
30598_MH_MC	1	1	1	12.1	13.457	2.99E-08	0
30616_MH_MC	1	1	1	1.6	114.06	1.62E-07	14757000
30761_MH_MC	5	2	2	2.1	113.25	8.70E-06	0
30760_MH_MC	5	2	2	2.1	113.25	8.70E-06	0
26809_MH_MC	5	2	2	2.1	113.25	8.70E-06	0
64556_MH_MC	5	2	2	2.1	113.25	8.70E-06	0
170557_MH_MC	5	2	2	2.1	113.25	8.70E-06	0
30765_MH_MC	1	1	1	28.3	6.5284	0.028813	1970200000
30771_MH_MC	2	3	3	20	20.034	7.60E-16	165810000
13422_MH_MC	2	3	3	20	20.034	7.60E-16	165810000
30773_MH_MC	2	7	7	20.8	53.813	2.56E-58	222300000
9186_MH_MC	2	7	7	20.8	53.813	2.56E-58	222300000
30894_MH_MC	1	3	3	3.2	112.3	8.06E-14	229520000
30920_MH_MC	2	1	1	2.9	31.087	0.012694	194020000
30921_MH_MC	2	1	1	2.9	31.087	0.012694	194020000
31016_MH_MC	3	1	1	1.7	105.07	2.37E-05	9489400
31012_MH_MC	3	1	1	1.7	105.07	2.37E-05	9489400
31015_MH_MC	3	1	1	1.7	105.07	2.37E-05	9489400
31082_MH_MC	1	2	2	31.8	7.6809	5.51E-33	744640000
31112_MH_MC	4	2	2	6.3	51.036	6.86E-06	6771700
31115_MH_MC	4	2	2	6.3	51.036	6.86E-06	6771700
31113_MH_MC	4	2	2	6.3	51.036	6.86E-06	6771700
95990_MH_MC	4	2	2	6.3	51.036	6.86E-06	6771700
31237_MH_MC	1	3	1	7.5	15.969	1.36E-07	63101000
31238_MH_MC	2	4	2	6.1	44.009	1.54E-08	78936000
14740_MH_MC	2	4	2	6.1	44.009	1.54E-08	78936000
31241_MH_MC	2	4	4	47.4	11.091	1.19E-12	2014700000
93446_MH_MC	2	4	4	47.4	11.091	1.19E-12	2014700000
31339_MH_MC	3	8	8	32.5	32.09	7.80E-45	310410000
26758_MH_MC	3	8	8	32.5	32.09	7.80E-45	310410000
127573_MH_MC	3	8	8	32.5	32.09	7.80E-45	310410000
31387_MH_MC	1	1	1	6.5	25.871	2.33E-07	24954000
31441_MH_MC	1	13	13	42.4	33.913	5.69E-77	4777100000
31454_MH_MC	1	1	1	7.3	13.333	0.021274	30160000
31469_MH_MC	7	6	6	5.5	165.13	4.12E-29	55495000
31474_MH_MC	7	6	6	5.5	165.13	4.12E-29	55495000
167984_MH_MC	7	6	6	5.5	165.13	4.12E-29	55495000
25279_MH_MC	7	6	6	5.5	165.13	4.12E-29	55495000
17189_MH_MC	7	6	6	5.5	165.13	4.12E-29	55495000
120944_MH_MC	7	6	6	5.5	165.13	4.12E-29	55495000
99248_MH_MC	7	6	6	5.5	165.13	4.12E-29	55495000
31506_MH_MC	6	6	6	8	110.94	6.26E-46	367320000
79519_MH_MC	6	6	6	8	110.94	6.26E-46	367320000
1646_MH_MC	6	6	6	8	110.94	6.26E-46	367320000
27502_MH_MC	6	6	6	8	110.94	6.26E-46	367320000
18783_MH_MC	6	6	6	8	110.94	6.26E-46	367320000
31507_MH_MC	6	6	6	8	110.94	6.26E-46	367320000
31610_MH_MC	3	5	5	36.5	22.804	6.70E-54	388900000
137149_MH_MC	3	5	5	36.5	22.804	6.70E-54	388900000
31609_MH_MC	3	5	5	36.5	22.804	6.70E-54	388900000
31613_MH_MC	3	3	3	27.3	19.303	1.86E-34	422990000
31614_MH_MC	3	3	3	27.3	19.303	1.86E-34	422990000
27392_MH_MC	3	3	3	27.3	19.303	1.86E-34	422990000
31639_MH_MC	2	1	1	1.5	65.251	0.016205	0
31638_MH_MC	2	1	1	1.5	65.251	0.016205	0
31653_MH_MC	1	5	0	0	35.3	5.03E-67	649110000
41160_MH_MC	2	4	2	12.3	19.247	3.03E-26	254680000
31654_MH_MC	2	4	2	12.3	19.247	3.03E-26	254680000
31710_MH_MC	3	11	11	41.9	27.667	3.65E-57	3783100000
31711_MH_MC	3	11	11	41.9	27.667	3.65E-57	3783100000
31712_MH_MC	3	11	11	41.9	27.667	3.65E-57	3783100000
31713_MH_MC	1	2	2	24.4	8.6559	1.00E-05	63424000
31834_MH_MC	6	8	8	23.2	42.521	3.53E-26	598200000
31833_MH_MC	6	8	8	23.2	42.521	3.53E-26	598200000
132306_MH_MC	6	8	8	23.2	42.521	3.53E-26	598200000
12797_MH_MC	6	8	8	23.2	42.521	3.53E-26	598200000
19433_MH_MC	6	8	8	23.2	42.521	3.53E-26	598200000
134491_MH_MC	6	8	8	23.2	42.521	3.53E-26	598200000
31918_MH_MC	2	4	4	18.5	25.317	3.25E-14	5607600000
31917_MH_MC	2	4	4	18.5	25.317	3.25E-14	5607600000
34515_MH_MC	8	2	2	5	77.401	4.73E-18	0
3205_MH_MC	8	2	2	5	77.401	4.73E-18	0
34516_MH_MC	8	2	2	5	77.401	4.73E-18	0
34518_MH_MC	8	2	2	5	77.401	4.73E-18	0
159634_MH_MC	8	2	2	5	77.401	4.73E-18	0
12815_MH_MC	8	2	2	5	77.401	4.73E-18	0
12406_MH_MC	8	2	2	5	77.401	4.73E-18	0
134103_MH_MC	8	2	2	5	77.401	4.73E-18	0
32104_MH_MC	1	1	1	8.4	19.73	0.0018155	0
32259_MH_MC	2	5	5	12.1	45.621	4.05E-19	166760000
32258_MH_MC	2	5	5	12.1	45.621	4.05E-19	166760000
32284_MH_MC	6	2	2	23.9	14.417	6.69E-15	732070000
32286_MH_MC	6	2	2	23.9	14.417	6.69E-15	732070000
32285_MH_MC	6	2	2	23.9	14.417	6.69E-15	732070000
44996_MH_MC	6	2	2	23.9	14.417	6.69E-15	732070000
30184_MH_MC	6	2	2	23.9	14.417	6.69E-15	732070000
36836_MH_MC	6	2	2	23.9	14.417	6.69E-15	732070000
32371_MH_MC	2	2	2	7.5	35.704	1.95E-05	50554000
32373_MH_MC	2	2	2	7.5	35.704	1.95E-05	50554000
32381_MH_MC	2	2	2	1.7	148.01	6.96E-10	15605000
2052_MH_MC	2	2	2	1.7	148.01	6.96E-10	15605000
32547_MH_MC	4	8	8	30.7	41.181	4.25E-78	1061600000
18166_MH_MC	4	8	8	30.7	41.181	4.25E-78	1061600000
26673_MH_MC	4	8	8	30.7	41.181	4.25E-78	1061600000
70717_MH_MC	4	8	8	30.7	41.181	4.25E-78	1061600000
32613_MH_MC	5	8	4	6	98.412	1.29E-46	329530000
32615_MH_MC	5	8	4	6	98.412	1.29E-46	329530000
32612_MH_MC	5	8	4	6	98.412	1.29E-46	329530000
16546_MH_MC	5	8	4	6	98.412	1.29E-46	329530000
24361_MH_MC	5	8	4	6	98.412	1.29E-46	329530000
32637_MH_MC	3	2	2	9	35.229	4.79E-10	353530000
32636_MH_MC	3	2	2	9	35.229	4.79E-10	353530000
170456_MH_MC	3	2	2	9	35.229	4.79E-10	353530000
32642_MH_MC	2	2	2	13	30.367	1.28E-20	61297000
128254_MH_MC	2	2	2	13	30.367	1.28E-20	61297000
32692_MH_MC	4	3	3	19.4	26.322	2.18E-10	67494000
20154_MH_MC	4	3	3	19.4	26.322	2.18E-10	67494000
130939_MH_MC	4	3	3	19.4	26.322	2.18E-10	67494000
13037_MH_MC	4	3	3	19.4	26.322	2.18E-10	67494000
32703_MH_MC	1	1	1	6.7	23.381	1.24E-29	0
32723_MH_MC	2	1	1	1	145.97	0.017735	7316000
32722_MH_MC	2	1	1	1	145.97	0.017735	7316000
32836_MH_MC	2	1	1	13.5	16.83	0.00020768	9235500
32834_MH_MC	2	1	1	13.5	16.83	0.00020768	9235500
32914_MH_MC	7	6	6	10.6	79.876	5.81E-25	122790000
32913_MH_MC	7	6	6	10.6	79.876	5.81E-25	122790000
124340_MH_MC	7	6	6	10.6	79.876	5.81E-25	122790000
21078_MH_MC	7	6	6	10.6	79.876	5.81E-25	122790000
13912_MH_MC	7	6	6	10.6	79.876	5.81E-25	122790000
161098_MH_MC	7	6	6	10.6	79.876	5.81E-25	122790000
135832_MH_MC	7	6	6	10.6	79.876	5.81E-25	122790000
32969_MH_MC	1	2	2	4.5	60.323	2.01E-08	57340000
32975_MH_MC	1	1	1	11	9.3322	0.0085422	34612000
32982_MH_MC	2	1	1	7.5	19.463	0.0001794	0
32983_MH_MC	2	1	1	7.5	19.463	0.0001794	0
32992_MH_MC	2	1	1	4	42.35	5.18E-11	0
32993_MH_MC	2	1	1	4	42.35	5.18E-11	0
33022_MH_MC	1	1	1	0.7	139.87	0.0028893	15391000
33051_MH_MC	1	1	1	0.7	107.24	0.029021	29217000
33063_MH_MC	3	3	3	8.3	50.591	1.33E-17	117760000
20413_MH_MC	3	3	3	8.3	50.591	1.33E-17	117760000
127086_MH_MC	3	3	3	8.3	50.591	1.33E-17	117760000
33084_MH_MC	2	1	1	4	39.752	8.57E-18	33357000
33083_MH_MC	2	1	1	4	39.752	8.57E-18	33357000
33120_MH_MC	2	2	2	6.1	48.051	2.75E-06	35516000
33122_MH_MC	2	2	2	6.1	48.051	2.75E-06	35516000
33144_MH_MC	3	2	2	2.2	103.41	8.62E-05	42236000
33143_MH_MC	3	2	2	2.2	103.41	8.62E-05	42236000
24719_MH_MC	3	2	2	2.2	103.41	8.62E-05	42236000
33180_MH_MC	1	1	1	3.7	24.798	0.026894	117340000
33216_MH_MC	4	5	5	24.2	31.61	1.70E-50	362920000
33215_MH_MC	4	5	5	24.2	31.61	1.70E-50	362920000
131196_MH_MC	4	5	5	24.2	31.61	1.70E-50	362920000
2489_MH_MC	4	5	5	24.2	31.61	1.70E-50	362920000
33237_MH_MC	6	5	5	28.4	18.64	1.81E-13	790940000
32033_MH_MC	6	5	5	28.4	18.64	1.81E-13	790940000
137069_MH_MC	6	5	5	28.4	18.64	1.81E-13	790940000
32032_MH_MC	6	5	5	28.4	18.64	1.81E-13	790940000
2491_MH_MC	6	5	5	28.4	18.64	1.81E-13	790940000
1886_MH_MC	6	5	5	28.4	18.64	1.81E-13	790940000
33243_MH_MC	5	6	6	16.6	50.184	4.99E-22	86634000
33242_MH_MC	5	6	6	16.6	50.184	4.99E-22	86634000
21270_MH_MC	5	6	6	16.6	50.184	4.99E-22	86634000
119554_MH_MC	5	6	6	16.6	50.184	4.99E-22	86634000
25975_MH_MC	5	6	6	16.6	50.184	4.99E-22	86634000
33273_MH_MC	2	2	2	9.8	25.087	1.30E-05	15589000
33272_MH_MC	2	2	2	9.8	25.087	1.30E-05	15589000
33299_MH_MC	1	1	1	4	42.295	1.41E-07	38210000
33362_MH_MC	2	2	2	2	111.27	1.34E-06	746940000
33363_MH_MC	2	2	2	2	111.27	1.34E-06	746940000
33364_MH_MC	3	6	6	30.4	30.294	2.07E-96	861770000
19380_MH_MC	3	6	6	30.4	30.294	2.07E-96	861770000
28268_MH_MC	3	6	6	30.4	30.294	2.07E-96	861770000
33370_MH_MC	3	2	2	16.3	16.72	1.83E-05	46556000
33373_MH_MC	3	2	2	16.3	16.72	1.83E-05	46556000
10419_MH_MC	3	2	2	16.3	16.72	1.83E-05	46556000
33521_MH_MC	1	1	1	5.6	27.209	0.0010795	13351000
33523_MH_MC	3	4	3	13.5	35.423	1.08E-18	94832000
138533_MH_MC	3	4	3	13.5	35.423	1.08E-18	94832000
33522_MH_MC	3	4	3	13.5	35.423	1.08E-18	94832000
33654_MH_MC	3	14	12	18.9	68.275	2.56E-46	1127600000
59639_MH_MC	3	14	12	18.9	68.275	2.56E-46	1127600000
26303_MH_MC	3	14	12	18.9	68.275	2.56E-46	1127600000
33716_MH_MC	1	1	1	3.1	38.714	0.00034661	47759000
33751_MH_MC	2	1	1	8.1	16.987	0.012614	0
33752_MH_MC	2	1	1	8.1	16.987	0.012614	0
33765_MH_MC	2	1	1	10.7	17.428	1.69E-10	145840000
33763_MH_MC	2	1	1	10.7	17.428	1.69E-10	145840000
33788_MH_MC	1	2	2	7.6	31.844	0.00012278	71378000
33801_MH_MC	2	1	1	3.2	40.212	0.00019302	0
33800_MH_MC	2	1	1	3.2	40.212	0.00019302	0
33876_MH_MC	2	2	2	18	15.482	1.00E-06	138060000
132928_MH_MC	2	2	2	18	15.482	1.00E-06	138060000
33909_MH_MC	2	2	2	6.6	27.775	0.00063492	10761000
33912_MH_MC	2	2	2	6.6	27.775	0.00063492	10761000
34200_MH_MC	2	1	1	4.1	45.522	0.0094676	0
34202_MH_MC	2	1	1	4.1	45.522	0.0094676	0
34488_MH_MC	1	3	3	11.1	56.749	2.41E-16	43682000
34525_MH_MC	4	9	9	33.3	31.141	7.58E-44	642010000
24712_MH_MC	4	9	9	33.3	31.141	7.58E-44	642010000
74536_MH_MC	4	9	9	33.3	31.141	7.58E-44	642010000
34524_MH_MC	4	9	9	33.3	31.141	7.58E-44	642010000
34539_MH_MC	2	3	3	27.9	16.413	2.58E-10	190740000
34540_MH_MC	2	3	3	27.9	16.413	2.58E-10	190740000
60984_MH_MC	7	2	2	7	48.845	1.70E-08	21488000
3460_MH_MC	7	2	2	7	48.845	1.70E-08	21488000
34957_MH_MC	7	2	2	7	48.845	1.70E-08	21488000
3464_MH_MC	7	2	2	7	48.845	1.70E-08	21488000
3457_MH_MC	7	2	2	7	48.845	1.70E-08	21488000
3468_MH_MC	7	2	2	7	48.845	1.70E-08	21488000
22597_MH_MC	7	2	2	7	48.845	1.70E-08	21488000
34800_MH_MC	1	1	1	3.3	24.499	0.03031	12986000
3494_MH_MC	10	4	4	25.9	15.732	5.54E-13	457820000
34990_MH_MC	10	4	4	25.9	15.732	5.54E-13	457820000
3493_MH_MC	10	4	4	25.9	15.732	5.54E-13	457820000
11517_MH_MC	10	4	4	25.9	15.732	5.54E-13	457820000
165516_MH_MC	10	4	4	25.9	15.732	5.54E-13	457820000
23766_MH_MC	10	4	4	25.9	15.732	5.54E-13	457820000
155090_MH_MC	10	4	4	25.9	15.732	5.54E-13	457820000
45664_MH_MC	10	4	4	25.9	15.732	5.54E-13	457820000
87954_MH_MC	10	4	4	25.9	15.732	5.54E-13	457820000
157962_MH_MC	10	4	4	25.9	15.732	5.54E-13	457820000
34963_MH_MC	3	4	4	20	22.83	2.42E-12	225150000
34962_MH_MC	3	4	4	20	22.83	2.42E-12	225150000
21860_MH_MC	3	4	4	20	22.83	2.42E-12	225150000
35000_MH_MC	5	3	2	4.3	46.689	2.32E-06	168940000
108672_MH_MC	5	3	2	4.3	46.689	2.32E-06	168940000
43945_MH_MC	5	3	2	4.3	46.689	2.32E-06	168940000
20035_MH_MC	5	3	2	4.3	46.689	2.32E-06	168940000
12932_MH_MC	5	3	2	4.3	46.689	2.32E-06	168940000
35040_MH_MC	2	4	4	7.9	42.247	4.03E-13	1094200000
135521_MH_MC	2	4	4	7.9	42.247	4.03E-13	1094200000
35050_MH_MC	5	3	3	9.7	41.942	1.51E-17	346160000
35051_MH_MC	5	3	3	9.7	41.942	1.51E-17	346160000
3543_MH_MC	5	3	3	9.7	41.942	1.51E-17	346160000
169780_MH_MC	5	3	3	9.7	41.942	1.51E-17	346160000
138823_MH_MC	5	3	3	9.7	41.942	1.51E-17	346160000
40095_MH_MC	6	1	1	5.6	32.833	1.29E-14	6927200
35108_MH_MC	6	1	1	5.6	32.833	1.29E-14	6927200
7213_MH_MC	6	1	1	5.6	32.833	1.29E-14	6927200
3561_MH_MC	6	1	1	5.6	32.833	1.29E-14	6927200
35113_MH_MC	6	1	1	5.6	32.833	1.29E-14	6927200
7214_MH_MC	6	1	1	5.6	32.833	1.29E-14	6927200
35145_MH_MC	7	4	4	21.8	23.355	1.32E-14	227050000
3566_MH_MC	7	4	4	21.8	23.355	1.32E-14	227050000
3565_MH_MC	7	4	4	21.8	23.355	1.32E-14	227050000
3567_MH_MC	7	4	4	21.8	23.355	1.32E-14	227050000
3564_MH_MC	7	4	4	21.8	23.355	1.32E-14	227050000
3563_MH_MC	7	4	4	21.8	23.355	1.32E-14	227050000
164640_MH_MC	7	4	4	21.8	23.355	1.32E-14	227050000
35191_MH_MC	2	3	3	10.3	41.848	2.65E-17	51307000
35192_MH_MC	2	3	3	10.3	41.848	2.65E-17	51307000
35251_MH_MC	5	28	14	18.4	97.688	7.27E-275	17336000000
35254_MH_MC	5	28	14	18.4	97.688	7.27E-275	17336000000
35257_MH_MC	5	28	14	18.4	97.688	7.27E-275	17336000000
35253_MH_MC	5	28	14	18.4	97.688	7.27E-275	17336000000
35255_MH_MC	5	28	14	18.4	97.688	7.27E-275	17336000000
35291_MH_MC	4	2	2	7.5	54.845	5.35E-09	42222000
3631_MH_MC	4	2	2	7.5	54.845	5.35E-09	42222000
3632_MH_MC	4	2	2	7.5	54.845	5.35E-09	42222000
21517_MH_MC	4	2	2	7.5	54.845	5.35E-09	42222000
35312_MH_MC	12	8	8	14.5	67.155	6.41E-25	298320000
35316_MH_MC	12	8	8	14.5	67.155	6.41E-25	298320000
3646_MH_MC	12	8	8	14.5	67.155	6.41E-25	298320000
35314_MH_MC	12	8	8	14.5	67.155	6.41E-25	298320000
3644_MH_MC	12	8	8	14.5	67.155	6.41E-25	298320000
35313_MH_MC	12	8	8	14.5	67.155	6.41E-25	298320000
3645_MH_MC	12	8	8	14.5	67.155	6.41E-25	298320000
35315_MH_MC	12	8	8	14.5	67.155	6.41E-25	298320000
131303_MH_MC	12	8	8	14.5	67.155	6.41E-25	298320000
136559_MH_MC	12	8	8	14.5	67.155	6.41E-25	298320000
11692_MH_MC	12	8	8	14.5	67.155	6.41E-25	298320000
11603_MH_MC	12	8	8	14.5	67.155	6.41E-25	298320000
35409_MH_MC	2	12	0	0	49.41	7.19E-185	308670000
108002_MH_MC	2	12	0	0	49.41	7.19E-185	308670000
3699_MH_MC	7	2	2	12.3	24.445	1.85E-16	28886000
3698_MH_MC	7	2	2	12.3	24.445	1.85E-16	28886000
35419_MH_MC	7	2	2	12.3	24.445	1.85E-16	28886000
3697_MH_MC	7	2	2	12.3	24.445	1.85E-16	28886000
3696_MH_MC	7	2	2	12.3	24.445	1.85E-16	28886000
3695_MH_MC	7	2	2	12.3	24.445	1.85E-16	28886000
3700_MH_MC	7	2	2	12.3	24.445	1.85E-16	28886000
35454_MH_MC	1	1	1	3.6	36.482	0.021547	31684000
35511_MH_MC	2	1	1	6	30.538	2.42E-22	31769000
35512_MH_MC	2	1	1	6	30.538	2.42E-22	31769000
35626_MH_MC	1	1	1	8.2	23.227	2.90E-15	0
3958_MH_MC	3	5	5	26.1	25.641	6.90E-47	2551500000
35772_MH_MC	3	5	5	26.1	25.641	6.90E-47	2551500000
12201_MH_MC	3	5	5	26.1	25.641	6.90E-47	2551500000
35961_MH_MC	1	1	1	11.3	7.9906	0.016517	9470200
36032_MH_MC	1	1	1	6	23.546	0.0087565	49709000
36114_MH_MC	1	3	1	4.2	34.756	8.70E-55	9724100
36163_MH_MC	1	3	1	6.6	14.242	1.06E-08	164240000
36190_MH_MC	1	1	1	20.8	8.5249	3.95E-05	44894000
36566_MH_MC	7	6	6	10.3	95.012	2.01E-38	220940000
97059_MH_MC	7	6	6	10.3	95.012	2.01E-38	220940000
24161_MH_MC	7	6	6	10.3	95.012	2.01E-38	220940000
126941_MH_MC	7	6	6	10.3	95.012	2.01E-38	220940000
20859_MH_MC	7	6	6	10.3	95.012	2.01E-38	220940000
16403_MH_MC	7	6	6	10.3	95.012	2.01E-38	220940000
160795_MH_MC	7	6	6	10.3	95.012	2.01E-38	220940000
36590_MH_MC	1	2	2	32.6	10.541	1.50E-12	61130000
36708_MH_MC	1	5	5	73.6	8.3465	1.76E-44	433100000
36727_MH_MC	2	8	8	36.5	29.942	2.47E-66	1250600000
131152_MH_MC	2	8	8	36.5	29.942	2.47E-66	1250600000
36810_MH_MC	3	8	8	28	36.277	1.19E-45	1584100000
122170_MH_MC	3	8	8	28	36.277	1.19E-45	1584100000
21192_MH_MC	3	8	8	28	36.277	1.19E-45	1584100000
36825_MH_MC	2	5	5	21.6	34.61	2.34E-18	95455000
4712_MH_MC	2	5	5	21.6	34.61	2.34E-18	95455000
36835_MH_MC	2	2	2	10.4	27.287	0.00010151	29957000
4717_MH_MC	2	2	2	10.4	27.287	0.00010151	29957000
36881_MH_MC	3	3	3	6.4	48.239	1.55E-06	39575000
127960_MH_MC	3	3	3	6.4	48.239	1.55E-06	39575000
26700_MH_MC	3	3	3	6.4	48.239	1.55E-06	39575000
3692_MH_MC	5	12	2	7.2	50.093	3.91E-207	14341000
3693_MH_MC	5	12	2	7.2	50.093	3.91E-207	14341000
80397_MH_MC	5	12	2	7.2	50.093	3.91E-207	14341000
18152_MH_MC	5	12	2	7.2	50.093	3.91E-207	14341000
170305_MH_MC	5	12	2	7.2	50.093	3.91E-207	14341000
36984_MH_MC	5	6	6	24.9	29.874	4.40E-13	375840000
4838_MH_MC	5	6	6	24.9	29.874	4.40E-13	375840000
71107_MH_MC	5	6	6	24.9	29.874	4.40E-13	375840000
159396_MH_MC	5	6	6	24.9	29.874	4.40E-13	375840000
4300_MH_MC	5	6	6	24.9	29.874	4.40E-13	375840000
37004_MH_MC	3	3	3	11.8	30.148	2.58E-06	84593000
21211_MH_MC	3	3	3	11.8	30.148	2.58E-06	84593000
121718_MH_MC	3	3	3	11.8	30.148	2.58E-06	84593000
37069_MH_MC	1	1	1	23.3	8.569	1.29E-05	19451000
37088_MH_MC	1	4	1	3.6	32.994	1.10E-13	20133000
37130_MH_MC	1	1	1	3.1	85.88	1.68E-07	10583000
37163_MH_MC	6	7	7	21.2	54.546	9.82E-78	368120000
12627_MH_MC	6	7	7	21.2	54.546	9.82E-78	368120000
133159_MH_MC	6	7	7	21.2	54.546	9.82E-78	368120000
19752_MH_MC	6	7	7	21.2	54.546	9.82E-78	368120000
96603_MH_MC	6	7	7	21.2	54.546	9.82E-78	368120000
24841_MH_MC	6	7	7	21.2	54.546	9.82E-78	368120000
37167_MH_MC	1	1	1	1.9	51.424	0.010245	0
37181_MH_MC	1	1	1	3.3	56.627	0.0092549	0
37214_MH_MC	1	4	4	19.7	35.547	3.99E-98	227920000
37225_MH_MC	2	2	2	2.4	87.588	1.28E-07	84068000
16165_MH_MC	2	2	2	2.4	87.588	1.28E-07	84068000
37289_MH_MC	1	1	1	1.5	104.53	0.0011003	0
3729_MH_MC	1	2	2	4.1	89.184	4.25E-05	31873000
37312_MH_MC	1	2	2	27.2	10.734	5.63E-05	50620000
37313_MH_MC	3	4	4	5.3	106.07	1.37E-13	43884000
95003_MH_MC	3	4	4	5.3	106.07	1.37E-13	43884000
13782_MH_MC	3	4	4	5.3	106.07	1.37E-13	43884000
37360_MH_MC	1	5	5	25	28.349	5.42E-60	161290000
37365_MH_MC	2	10	10	34.5	35.809	2.84E-39	2484200000
156411_MH_MC	2	10	10	34.5	35.809	2.84E-39	2484200000
37399_MH_MC	1	3	3	10.9	35.174	1.35E-09	92834000
37404_MH_MC	1	2	2	7.7	36.059	1.49E-06	69549000
5183_MH_MC	3	3	3	10.4	36.15	3.33E-10	49811000
5182_MH_MC	3	3	3	10.4	36.15	3.33E-10	49811000
37426_MH_MC	3	3	3	10.4	36.15	3.33E-10	49811000
37448_MH_MC	1	5	5	44.4	12.206	5.56E-27	1129000000
37461_MH_MC	1	1	1	20.5	8.2604	0.015521	0
37475_MH_MC	1	1	1	1.6	62.173	0.013492	127340000
37507_MH_MC	4	3	3	15.9	38.893	4.75E-54	101800000
130504_MH_MC	4	3	3	15.9	38.893	4.75E-54	101800000
20249_MH_MC	4	3	3	15.9	38.893	4.75E-54	101800000
13125_MH_MC	4	3	3	15.9	38.893	4.75E-54	101800000
37577_MH_MC	4	5	5	46.2	14.526	2.07E-26	678870000
11856_MH_MC	4	5	5	46.2	14.526	2.07E-26	678870000
136016_MH_MC	4	5	5	46.2	14.526	2.07E-26	678870000
158450_MH_MC	4	5	5	46.2	14.526	2.07E-26	678870000
37676_MH_MC	2	2	2	11.6	20.289	8.20E-06	78856000
138393_MH_MC	2	2	2	11.6	20.289	8.20E-06	78856000
37689_MH_MC	1	1	1	7.2	18.437	0.0024245	8898300
37742_MH_MC	1	2	2	13.5	16.539	0.00060873	165960000
37838_MH_MC	1	1	1	27.8	8.8759	0.00014741	13722000
37917_MH_MC	1	4	4	33.1	15.326	3.61E-07	469950000
38002_MH_MC	2	2	2	8	26.338	5.44E-05	20115000
14450_MH_MC	2	2	2	8	26.338	5.44E-05	20115000
38004_MH_MC	1	1	1	16.2	18.48	3.67E-28	0
38012_MH_MC	3	3	3	16.3	23.269	4.50E-06	80816000
27518_MH_MC	3	3	3	16.3	23.269	4.50E-06	80816000
18799_MH_MC	3	3	3	16.3	23.269	4.50E-06	80816000
38131_MH_MC	2	2	2	12.4	24.751	3.56E-40	136210000
15771_MH_MC	2	2	2	12.4	24.751	3.56E-40	136210000
38177_MH_MC	1	1	1	9	16.906	1.29E-10	0
38203_MH_MC	1	1	1	14.3	17.028	5.97E-10	12527000
38227_MH_MC	1	6	6	46.8	18.188	6.42E-132	1438100000
38243_MH_MC	1	1	1	10.2	10.145	0.011818	137010000
38391_MH_MC	2	2	2	1	240.5	2.56E-05	5563100
18387_MH_MC	2	2	2	1	240.5	2.56E-05	5563100
38474_MH_MC	1	1	1	2.2	51.745	0.021099	12612000
38613_MH_MC	1	6	5	21.1	26.188	1.44E-57	1455600000
38620_MH_MC	1	3	2	8.2	23.943	2.77E-06	59791000
38647_MH_MC	1	8	8	25.5	33.981	8.66E-30	1373800000
38674_MH_MC	1	8	5	19.9	34.972	5.63E-186	3131400000
38688_MH_MC	4	15	6	21.1	44.462	5.03E-118	13887000000
131053_MH_MC	4	15	6	21.1	44.462	5.03E-118	13887000000
20126_MH_MC	4	15	6	21.1	44.462	5.03E-118	13887000000
13012_MH_MC	4	15	6	21.1	44.462	5.03E-118	13887000000
38693_MH_MC	2	4	4	4.3	70.191	9.85E-07	145730000
155375_MH_MC	2	4	4	4.3	70.191	9.85E-07	145730000
38738_MH_MC	1	1	1	10.9	11.323	0.0041429	120690000
38837_MH_MC	1	5	5	25.6	22.686	5.55E-26	2296900000
39163_MH_MC	1	1	1	9.9	16.311	1.90E-10	0
39278_MH_MC	1	1	1	16.1	9.738	4.39E-06	61388000
39353_MH_MC	2	3	3	15.4	24.44	2.07E-08	227280000
129445_MH_MC	2	3	3	15.4	24.44	2.07E-08	227280000
39491_MH_MC	2	1	1	4.7	31.718	0.0031959	11864000
6732_MH_MC	2	1	1	4.7	31.718	0.0031959	11864000
39554_MH_MC	1	3	3	40	8.4507	1.72E-05	180500000
39587_MH_MC	1	2	2	32.9	8.6352	2.02E-21	26204000
8401_MH_MC	2	1	1	2.1	48.871	0.0029497	241840000
39604_MH_MC	2	1	1	2.1	48.871	0.0029497	241840000
39832_MH_MC	1	1	1	18.2	7.7977	0.0015791	37633000
40096_MH_MC	1	4	0	0	30.672	1.30E-81	834000000
40097_MH_MC	3	7	2	13.1	41.014	2.99E-72	2703000000
41158_MH_MC	3	7	2	13.1	41.014	2.99E-72	2703000000
41155_MH_MC	3	7	2	13.1	41.014	2.99E-72	2703000000
40180_MH_MC	1	1	1	8.1	12.906	0.020309	98123000
40223_MH_MC	1	1	1	11.7	8.7139	0.0027116	306250000
40246_MH_MC	2	4	4	25.7	30.678	9.04E-52	267290000
12244_MH_MC	2	4	4	25.7	30.678	9.04E-52	267290000
40268_MH_MC	5	7	7	21.4	44.609	2.71E-34	298760000
22252_MH_MC	5	7	7	21.4	44.609	2.71E-34	298760000
129230_MH_MC	5	7	7	21.4	44.609	2.71E-34	298760000
163018_MH_MC	5	7	7	21.4	44.609	2.71E-34	298760000
108618_MH_MC	5	7	7	21.4	44.609	2.71E-34	298760000
40270_MH_MC	1	3	3	6.7	49.205	1.31E-06	226890000
40303_MH_MC	4	8	8	35.8	29.136	1.10E-41	388450000
121422_MH_MC	4	8	8	35.8	29.136	1.10E-41	388450000
22890_MH_MC	4	8	8	35.8	29.136	1.10E-41	388450000
15472_MH_MC	4	8	8	35.8	29.136	1.10E-41	388450000
40306_MH_MC	1	2	2	14.8	18.202	9.54E-06	19691000
40307_MH_MC	1	3	2	9.8	24.778	7.82E-22	35851000
40316_MH_MC	3	2	2	5.8	52.283	1.13E-13	533900000
93252_MH_MC	3	2	2	5.8	52.283	1.13E-13	533900000
7309_MH_MC	3	2	2	5.8	52.283	1.13E-13	533900000
40317_MH_MC	1	1	1	1.9	73.855	4.12E-07	0
40322_MH_MC	3	2	2	4	50	1.63E-05	81916000
7312_MH_MC	3	2	2	4	50	1.63E-05	81916000
139949_MH_MC	3	2	2	4	50	1.63E-05	81916000
40329_MH_MC	2	1	1	1.4	90.8	0.0006328	16962000
81051_MH_MC	2	1	1	1.4	90.8	0.0006328	16962000
40332_MH_MC	7	6	6	4	188.66	3.67E-19	199250000
23841_MH_MC	7	6	6	4	188.66	3.67E-19	199250000
90391_MH_MC	7	6	6	4	188.66	3.67E-19	199250000
16184_MH_MC	7	6	6	4	188.66	3.67E-19	199250000
27470_MH_MC	7	6	6	4	188.66	3.67E-19	199250000
117063_MH_MC	7	6	6	4	188.66	3.67E-19	199250000
18764_MH_MC	7	6	6	4	188.66	3.67E-19	199250000
40337_MH_MC	5	3	3	3.2	111.58	1.85E-09	99350000
27469_MH_MC	5	3	3	3.2	111.58	1.85E-09	99350000
18763_MH_MC	5	3	3	3.2	111.58	1.85E-09	99350000
171723_MH_MC	5	3	3	3.2	111.58	1.85E-09	99350000
96228_MH_MC	5	3	3	3.2	111.58	1.85E-09	99350000
40341_MH_MC	4	4	4	8.6	63.019	1.87E-11	135610000
12099_MH_MC	4	4	4	8.6	63.019	1.87E-11	135610000
158748_MH_MC	4	4	4	8.6	63.019	1.87E-11	135610000
135243_MH_MC	4	4	4	8.6	63.019	1.87E-11	135610000
40349_MH_MC	2	4	4	6.7	100.73	3.89E-23	36370000
131083_MH_MC	2	4	4	6.7	100.73	3.89E-23	36370000
40363_MH_MC	2	3	3	12.1	39.817	2.63E-26	112880000
138655_MH_MC	2	3	3	12.1	39.817	2.63E-26	112880000
40367_MH_MC	1	1	1	2.4	67.299	0.0096792	0
40370_MH_MC	2	18	18	58.8	52.853	1.22E-198	2177900000
43124_MH_MC	2	18	18	58.8	52.853	1.22E-198	2177900000
40377_MH_MC	1	1	1	2.3	47.504	0.002814	0
40385_MH_MC	2	4	4	9.4	58.086	2.32E-39	318660000
4494_MH_MC	2	4	4	9.4	58.086	2.32E-39	318660000
40389_MH_MC	1	2	2	20	15.546	2.94E-61	74763000
40451_MH_MC	1	7	4	20.7	28.224	1.50E-18	883440000
40466_MH_MC	1	1	1	4.2	24.545	0.008082	0
40475_MH_MC	1	1	1	5.2	19.604	0.0014638	596310000
40476_MH_MC	2	2	2	10.1	24.376	7.99E-07	28896000
21138_MH_MC	2	2	2	10.1	24.376	7.99E-07	28896000
40481_MH_MC	1	4	4	22.3	22.907	2.94E-09	192030000
7328_MH_MC	2	2	2	20.9	15.522	7.31E-14	43323000
40487_MH_MC	2	2	2	20.9	15.522	7.31E-14	43323000
40496_MH_MC	1	2	2	11.2	26.576	1.65E-08	6789400
40502_MH_MC	2	4	4	20.4	18.564	6.82E-09	490510000
REV__55828_MH_MC	2	4	4	20.4	18.564	6.82E-09	490510000
40541_MH_MC	4	11	7	23.7	51.281	3.22E-50	650330000
167626_MH_MC	4	11	7	23.7	51.281	3.22E-50	650330000
25067_MH_MC	4	11	7	23.7	51.281	3.22E-50	650330000
167625_MH_MC	4	11	7	23.7	51.281	3.22E-50	650330000
7364_MH_MC	2	1	1	5.2	25.472	0.0015309	0
40546_MH_MC	2	1	1	5.2	25.472	0.0015309	0
40554_MH_MC	5	9	9	20.9	47.833	1.80E-18	463210000
20930_MH_MC	5	9	9	20.9	47.833	1.80E-18	463210000
126222_MH_MC	5	9	9	20.9	47.833	1.80E-18	463210000
159601_MH_MC	5	9	9	20.9	47.833	1.80E-18	463210000
12785_MH_MC	5	9	9	20.9	47.833	1.80E-18	463210000
40559_MH_MC	1	1	1	1.1	81.611	0.014247	12721000
40564_MH_MC	1	1	1	8.9	20.15	0.00012292	5673200
40570_MH_MC	1	4	1	4.5	25.711	1.38E-10	29900000
40587_MH_MC	2	2	2	1.9	134.78	1.29E-05	19451000
81469_MH_MC	2	2	2	1.9	134.78	1.29E-05	19451000
40606_MH_MC	6	4	4	18.4	36.988	5.93E-178	275190000
22091_MH_MC	6	4	4	18.4	36.988	5.93E-178	275190000
23384_MH_MC	6	4	4	18.4	36.988	5.93E-178	275190000
122846_MH_MC	6	4	4	18.4	36.988	5.93E-178	275190000
123772_MH_MC	6	4	4	18.4	36.988	5.93E-178	275190000
136558_MH_MC	6	4	4	18.4	36.988	5.93E-178	275190000
40608_MH_MC	3	9	5	14	64.93	1.16E-242	1284000000
128387_MH_MC	3	9	5	14	64.93	1.16E-242	1284000000
134860_MH_MC	3	9	5	14	64.93	1.16E-242	1284000000
40624_MH_MC	3	7	7	23	41.214	2.92E-45	1093400000
81965_MH_MC	3	7	7	23	41.214	2.92E-45	1093400000
65301_MH_MC	3	7	7	23	41.214	2.92E-45	1093400000
40637_MH_MC	1	2	2	13.7	21.24	2.31E-58	826410000
40638_MH_MC	1	1	1	1	148.65	0.0014694	11355000
40665_MH_MC	3	2	2	3.8	68.945	0.00015817	24853000
157505_MH_MC	3	2	2	3.8	68.945	0.00015817	24853000
11205_MH_MC	3	2	2	3.8	68.945	0.00015817	24853000
40743_MH_MC	1	3	3	45.8	8.1524	1.71E-13	538030000
40876_MH_MC	4	7	7	23.9	43.204	5.81E-18	717800000
131430_MH_MC	4	7	7	23.9	43.204	5.81E-18	717800000
22454_MH_MC	4	7	7	23.9	43.204	5.81E-18	717800000
87228_MH_MC	4	7	7	23.9	43.204	5.81E-18	717800000
40881_MH_MC	1	2	2	8.4	31.645	0.00023222	34495000
40902_MH_MC	3	10	10	24.1	45.643	3.99E-31	723790000
22598_MH_MC	3	10	10	24.1	45.643	3.99E-31	723790000
132500_MH_MC	3	10	10	24.1	45.643	3.99E-31	723790000
40905_MH_MC	4	7	7	21.9	46.558	1.16E-21	176340000
18370_MH_MC	4	7	7	21.9	46.558	1.16E-21	176340000
26961_MH_MC	4	7	7	21.9	46.558	1.16E-21	176340000
12438_MH_MC	4	7	7	21.9	46.558	1.16E-21	176340000
40909_MH_MC	1	1	1	7.5	27.055	7.74E-05	13679000
40922_MH_MC	2	2	2	6.5	33.699	1.99E-05	15754000
131939_MH_MC	2	2	2	6.5	33.699	1.99E-05	15754000
40926_MH_MC	2	2	2	25.2	11.691	1.15E-05	88455000
7488_MH_MC	2	2	2	25.2	11.691	1.15E-05	88455000
40934_MH_MC	3	5	5	32.9	24.53	1.40E-16	770840000
27088_MH_MC	3	5	5	32.9	24.53	1.40E-16	770840000
127025_MH_MC	3	5	5	32.9	24.53	1.40E-16	770840000
40937_MH_MC	1	1	1	4.4	33.246	0.013329	9916200
40943_MH_MC	1	1	1	2.5	78.214	4.31E-09	0
40944_MH_MC	1	1	1	2.4	59.416	0.011758	0
40946_MH_MC	3	4	4	7.5	87.517	1.77E-09	75175000
126184_MH_MC	3	4	4	7.5	87.517	1.77E-09	75175000
6469_MH_MC	3	4	4	7.5	87.517	1.77E-09	75175000
7495_MH_MC	2	2	2	3.9	67.676	4.46E-11	24907000
40947_MH_MC	2	2	2	3.9	67.676	4.46E-11	24907000
40958_MH_MC	1	1	1	1	130.18	0.010331	23890000
40961_MH_MC	7	5	5	6.8	122.46	7.53E-18	92373000
170846_MH_MC	7	5	5	6.8	122.46	7.53E-18	92373000
112235_MH_MC	7	5	5	6.8	122.46	7.53E-18	92373000
26984_MH_MC	7	5	5	6.8	122.46	7.53E-18	92373000
18395_MH_MC	7	5	5	6.8	122.46	7.53E-18	92373000
13876_MH_MC	7	5	5	6.8	122.46	7.53E-18	92373000
161049_MH_MC	7	5	5	6.8	122.46	7.53E-18	92373000
40962_MH_MC	1	1	1	0.6	171.37	0.021406	0
40964_MH_MC	4	2	2	2.4	111.92	1.23E-18	48665000
125723_MH_MC	4	2	2	2.4	111.92	1.23E-18	48665000
13802_MH_MC	4	2	2	2.4	111.92	1.23E-18	48665000
20980_MH_MC	4	2	2	2.4	111.92	1.23E-18	48665000
40982_MH_MC	1	1	1	2.6	48.982	0.022924	13919000
40984_MH_MC	3	5	5	19.4	39.461	2.51E-31	283810000
137406_MH_MC	3	5	5	19.4	39.461	2.51E-31	283810000
11437_MH_MC	3	5	5	19.4	39.461	2.51E-31	283810000
40992_MH_MC	1	1	1	4.7	36.137	6.56E-06	46086000
40999_MH_MC	3	5	5	19	36.128	1.50E-11	54656000
7507_MH_MC	3	5	5	19	36.128	1.50E-11	54656000
137642_MH_MC	3	5	5	19	36.128	1.50E-11	54656000
41000_MH_MC	1	1	1	2.1	65.438	0.0042886	11498000
41001_MH_MC	2	1	1	1.8	49.424	0.012735	27380000
7508_MH_MC	2	1	1	1.8	49.424	0.012735	27380000
41009_MH_MC	2	1	1	2.5	54.111	0.0029766	93514000
7510_MH_MC	2	1	1	2.5	54.111	0.0029766	93514000
41027_MH_MC	1	3	2	16.4	20.118	1.20E-08	159570000
41032_MH_MC	4	2	2	13	15.816	0.00083968	98459000
20612_MH_MC	4	2	2	13	15.816	0.00083968	98459000
128631_MH_MC	4	2	2	13	15.816	0.00083968	98459000
13457_MH_MC	4	2	2	13	15.816	0.00083968	98459000
41071_MH_MC	1	7	5	36.5	17.154	2.34E-38	1175600000
41076_MH_MC	1	1	1	7.4	17.455	0.021657	12330000
41104_MH_MC	1	6	6	39.9	19.134	2.25E-16	136660000
41112_MH_MC	1	1	1	10.6	22.08	2.66E-10	0
41154_MH_MC	1	4	0	0	34.786	1.44E-58	135100000
41156_MH_MC	1	4	1	9.3	28.797	7.55E-88	34718000
412_MH_MC	1	2	1	8.3	20.112	7.51E-09	79605000
41205_MH_MC	1	6	1	6.3	24.318	2.41E-29	677330000
41220_MH_MC	4	9	9	19.2	63.884	6.75E-59	989230000
19161_MH_MC	4	9	9	19.2	63.884	6.75E-59	989230000
27966_MH_MC	4	9	9	19.2	63.884	6.75E-59	989230000
70319_MH_MC	4	9	9	19.2	63.884	6.75E-59	989230000
41246_MH_MC	3	9	9	12	100.09	1.15E-36	241610000
14264_MH_MC	3	9	9	12	100.09	1.15E-36	241610000
111914_MH_MC	3	9	9	12	100.09	1.15E-36	241610000
41289_MH_MC	7	6	6	8.6	99.461	8.92E-23	59466000
21107_MH_MC	7	6	6	8.6	99.461	8.92E-23	59466000
123837_MH_MC	7	6	6	8.6	99.461	8.92E-23	59466000
25466_MH_MC	7	6	6	8.6	99.461	8.92E-23	59466000
17316_MH_MC	7	6	6	8.6	99.461	8.92E-23	59466000
13945_MH_MC	7	6	6	8.6	99.461	8.92E-23	59466000
69498_MH_MC	7	6	6	8.6	99.461	8.92E-23	59466000
41302_MH_MC	1	1	1	11.9	10.008	0.0012872	36105000
41374_MH_MC	1	1	1	19.2	8.4978	0.021201	0
41474_MH_MC	4	8	8	24.7	44.203	1.24E-146	964890000
26965_MH_MC	4	8	8	24.7	44.203	1.24E-146	964890000
95085_MH_MC	4	8	8	24.7	44.203	1.24E-146	964890000
18380_MH_MC	4	8	8	24.7	44.203	1.24E-146	964890000
41484_MH_MC	1	1	1	4.3	33.645	0.0021662	23499000
41506_MH_MC	1	4	4	11.6	47.341	9.20E-19	179390000
41508_MH_MC	3	3	3	10.8	46.576	4.24E-27	47351000
11947_MH_MC	3	3	3	10.8	46.576	4.24E-27	47351000
158563_MH_MC	3	3	3	10.8	46.576	4.24E-27	47351000
41528_MH_MC	2	6	6	25.5	29.916	3.64E-30	397830000
138945_MH_MC	2	6	6	25.5	29.916	3.64E-30	397830000
41530_MH_MC	3	3	3	14.3	34.881	3.71E-18	74041000
20200_MH_MC	3	3	3	14.3	34.881	3.71E-18	74041000
130732_MH_MC	3	3	3	14.3	34.881	3.71E-18	74041000
41543_MH_MC	2	9	9	13.7	74.941	3.86E-22	522840000
137374_MH_MC	2	9	9	13.7	74.941	3.86E-22	522840000
41547_MH_MC	1	1	1	2	82.667	8.99E-18	26779000
41548_MH_MC	4	2	2	4.2	62.612	9.17E-06	60676000
7673_MH_MC	4	2	2	4.2	62.612	9.17E-06	60676000
24503_MH_MC	4	2	2	4.2	62.612	9.17E-06	60676000
166766_MH_MC	4	2	2	4.2	62.612	9.17E-06	60676000
41559_MH_MC	2	9	9	24.8	48.978	5.74E-78	1070400000
7675_MH_MC	2	9	9	24.8	48.978	5.74E-78	1070400000
82124_MH_MC	3	8	8	6.5	155.76	2.67E-38	380030000
46933_MH_MC	3	8	8	6.5	155.76	2.67E-38	380030000
41577_MH_MC	3	8	8	6.5	155.76	2.67E-38	380030000
41584_MH_MC	6	10	10	17.3	98.749	4.07E-64	382260000
21840_MH_MC	6	10	10	17.3	98.749	4.07E-64	382260000
90248_MH_MC	6	10	10	17.3	98.749	4.07E-64	382260000
14675_MH_MC	6	10	10	17.3	98.749	4.07E-64	382260000
14674_MH_MC	6	10	10	17.3	98.749	4.07E-64	382260000
6007_MH_MC	6	10	10	17.3	98.749	4.07E-64	382260000
41589_MH_MC	1	1	1	2.9	39.822	0.0094022	0
41602_MH_MC	1	4	4	14.5	35.068	5.01E-25	367120000
41610_MH_MC	3	2	2	3.9	50.393	0.00036726	0
119726_MH_MC	3	2	2	3.9	50.393	0.00036726	0
21268_MH_MC	3	2	2	3.9	50.393	0.00036726	0
41634_MH_MC	1	1	1	0.9	109.02	0.0097419	0
41641_MH_MC	1	3	3	20.6	19.133	4.79E-14	87252000
41642_MH_MC	2	5	5	41.1	17.182	4.05E-40	1209200000
108415_MH_MC	2	5	5	41.1	17.182	4.05E-40	1209200000
41658_MH_MC	1	1	1	5.5	18.966	0.016746	8681800
41676_MH_MC	1	1	1	10.5	11.437	0.0012162	34891000
41694_MH_MC	1	4	4	34.5	17.096	1.21E-22	573480000
41704_MH_MC	1	1	1	5	23.017	0.00092716	33150000
41705_MH_MC	1	2	2	15.9	17.648	5.43E-06	380220000
41723_MH_MC	1	2	2	11.8	23.208	1.09E-08	221460000
41736_MH_MC	4	4	4	30.1	16.519	4.27E-16	176030000
130633_MH_MC	4	4	4	30.1	16.519	4.27E-16	176030000
13097_MH_MC	4	4	4	30.1	16.519	4.27E-16	176030000
20221_MH_MC	4	4	4	30.1	16.519	4.27E-16	176030000
41741_MH_MC	5	8	8	52.8	18.073	1.79E-88	1010800000
7719_MH_MC	5	8	8	52.8	18.073	1.79E-88	1010800000
136197_MH_MC	5	8	8	52.8	18.073	1.79E-88	1010800000
11800_MH_MC	5	8	8	52.8	18.073	1.79E-88	1010800000
158371_MH_MC	5	8	8	52.8	18.073	1.79E-88	1010800000
41757_MH_MC	2	1	1	10.6	21.218	0.0017091	0
7720_MH_MC	2	1	1	10.6	21.218	0.0017091	0
41782_MH_MC	1	1	1	4.9	30.891	7.99E-05	13608000
41867_MH_MC	5	8	8	15.1	74.552	4.77E-31	173650000
26893_MH_MC	5	8	8	15.1	74.552	4.77E-31	173650000
121244_MH_MC	5	8	8	15.1	74.552	4.77E-31	173650000
18330_MH_MC	5	8	8	15.1	74.552	4.77E-31	173650000
126665_MH_MC	5	8	8	15.1	74.552	4.77E-31	173650000
41882_MH_MC	3	3	3	7.4	43.686	3.75E-08	148300000
21841_MH_MC	3	3	3	7.4	43.686	3.75E-08	148300000
123667_MH_MC	3	3	3	7.4	43.686	3.75E-08	148300000
41940_MH_MC	2	2	2	19	12.3	1.20E-05	241290000
157379_MH_MC	2	2	2	19	12.3	1.20E-05	241290000
41946_MH_MC	1	1	1	35	9.3769	1.31E-17	127080000
41976_MH_MC	1	1	1	5.8	31.778	6.01E-19	43234000
41996_MH_MC	1	1	1	12	13.832	1.91E-06	28948000
42061_MH_MC	1	1	1	8.4	10.751	0.0095479	902790000
42088_MH_MC	2	5	5	21.7	37.453	3.01E-50	216080000
45967_MH_MC	2	5	5	21.7	37.453	3.01E-50	216080000
42089_MH_MC	2	15	12	42.8	39.923	5.41E-213	3477300000
125026_MH_MC	2	15	12	42.8	39.923	5.41E-213	3477300000
42096_MH_MC	1	3	1	2.6	42.464	5.37E-11	42000000
42097_MH_MC	1	2	2	10	33.106	1.63E-06	27057000
42101_MH_MC	2	2	2	6.6	45.677	2.18E-09	26385000
26670_MH_MC	2	2	2	6.6	45.677	2.18E-09	26385000
42125_MH_MC	1	3	3	20.1	22.923	4.67E-17	364150000
7856_MH_MC	4	4	4	19.4	33.035	8.02E-83	524020000
42138_MH_MC	4	4	4	19.4	33.035	8.02E-83	524020000
122991_MH_MC	4	4	4	19.4	33.035	8.02E-83	524020000
18147_MH_MC	4	4	4	19.4	33.035	8.02E-83	524020000
42143_MH_MC	1	3	3	10.7	30.152	8.72E-06	93020000
42173_MH_MC	2	1	1	2	51.152	0.020309	0
7860_MH_MC	2	1	1	2	51.152	0.020309	0
42176_MH_MC	2	1	1	2.7	54.832	0.015506	25713000
7862_MH_MC	2	1	1	2.7	54.832	0.015506	25713000
7863_MH_MC	2	2	2	5.5	47.939	3.92E-07	86758000
42178_MH_MC	2	2	2	5.5	47.939	3.92E-07	86758000
42180_MH_MC	1	1	1	2.2	53.295	0.00025371	16017000
42181_MH_MC	6	20	20	26.9	113.93	2.68E-185	1413900000
54338_MH_MC	6	20	20	26.9	113.93	2.68E-185	1413900000
28198_MH_MC	6	20	20	26.9	113.93	2.68E-185	1413900000
19322_MH_MC	6	20	20	26.9	113.93	2.68E-185	1413900000
19321_MH_MC	6	20	20	26.9	113.93	2.68E-185	1413900000
19323_MH_MC	6	20	20	26.9	113.93	2.68E-185	1413900000
42182_MH_MC	1	1	1	1.2	84.233	0.004695	9232400
42183_MH_MC	3	3	3	3.9	90.587	2.05E-07	40504000
20400_MH_MC	3	3	3	3.9	90.587	2.05E-07	40504000
113938_MH_MC	3	3	3	3.9	90.587	2.05E-07	40504000
42185_MH_MC	1	1	1	0.6	137.6	0.013049	0
42189_MH_MC	3	3	3	4.8	73.768	5.86E-90	50082000
20936_MH_MC	3	3	3	4.8	73.768	5.86E-90	50082000
130465_MH_MC	3	3	3	4.8	73.768	5.86E-90	50082000
42194_MH_MC	2	10	10	13.2	97.321	2.16E-154	309290000
136410_MH_MC	2	10	10	13.2	97.321	2.16E-154	309290000
42199_MH_MC	2	6	6	15.8	41.27	2.66E-16	492440000
19075_MH_MC	2	6	6	15.8	41.27	2.66E-16	492440000
7866_MH_MC	2	1	1	6.5	22.576	0.0086876	0
42217_MH_MC	2	1	1	6.5	22.576	0.0086876	0
42220_MH_MC	1	1	1	2.2	62.166	0.012149	13226000
42253_MH_MC	1	1	1	3.8	24.065	0.02738	0
42300_MH_MC	2	5	5	41.1	18.352	9.16E-28	776260000
21441_MH_MC	2	5	5	41.1	18.352	9.16E-28	776260000
42303_MH_MC	1	1	1	7.3	23.199	2.10E-14	0
42357_MH_MC	1	4	1	7.7	25.966	9.71E-51	61609000
42368_MH_MC	2	5	5	33.8	18.44	2.69E-12	518670000
10457_MH_MC	2	5	5	33.8	18.44	2.69E-12	518670000
42417_MH_MC	3	5	5	25.2	17.26	9.64E-34	2475000000
7929_MH_MC	3	5	5	25.2	17.26	9.64E-34	2475000000
7930_MH_MC	3	5	5	25.2	17.26	9.64E-34	2475000000
42459_MH_MC	1	1	1	1.2	103.23	0.027215	0
42485_MH_MC	1	1	1	7.8	34.832	1.24E-11	29243000
42506_MH_MC	1	1	1	27.5	17.078	0.019031	28566000
42542_MH_MC	1	1	1	11.6	11.262	2.62E-05	21875000
42549_MH_MC	2	4	3	13.3	33.585	1.73E-24	147330000
13681_MH_MC	2	4	3	13.3	33.585	1.73E-24	147330000
42550_MH_MC	1	1	1	13.6	10.562	0.0046294	0
42582_MH_MC	1	7	3	20.2	23.977	2.71E-19	2940900000
42589_MH_MC	1	3	3	37.1	10.702	1.47E-06	287100000
42637_MH_MC	3	7	7	19.3	45.369	6.62E-95	747170000
113813_MH_MC	3	7	7	19.3	45.369	6.62E-95	747170000
156041_MH_MC	3	7	7	19.3	45.369	6.62E-95	747170000
42657_MH_MC	1	2	2	4.2	44.293	0.00014749	28942000
42716_MH_MC	1	14	14	52.8	43.711	1.07E-111	3478900000
42724_MH_MC	1	2	2	6.3	44.289	2.93E-06	18828000
42745_MH_MC	1	4	4	22.4	29.734	8.84E-41	292580000
42754_MH_MC	4	11	11	60.8	25.237	2.40E-76	2299300000
8033_MH_MC	4	11	11	60.8	25.237	2.40E-76	2299300000
8032_MH_MC	4	11	11	60.8	25.237	2.40E-76	2299300000
16359_MH_MC	4	11	11	60.8	25.237	2.40E-76	2299300000
42762_MH_MC	1	2	2	9.4	32.29	1.02E-14	146820000
8036_MH_MC	3	4	4	17.1	30.295	7.93E-15	337520000
42764_MH_MC	3	4	4	17.1	30.295	7.93E-15	337520000
138662_MH_MC	3	4	4	17.1	30.295	7.93E-15	337520000
42768_MH_MC	4	14	14	55.7	30.581	1.08E-86	3553400000
20057_MH_MC	4	14	14	55.7	30.581	1.08E-86	3553400000
131421_MH_MC	4	14	14	55.7	30.581	1.08E-86	3553400000
12951_MH_MC	4	14	14	55.7	30.581	1.08E-86	3553400000
42770_MH_MC	3	3	3	11.8	30.768	7.56E-12	56333000
46914_MH_MC	3	3	3	11.8	30.768	7.56E-12	56333000
98719_MH_MC	3	3	3	11.8	30.768	7.56E-12	56333000
42773_MH_MC	1	1	1	5.9	28.976	0.010883	12662000
42776_MH_MC	6	13	13	25.1	73.306	2.23E-191	1165200000
21324_MH_MC	6	13	13	25.1	73.306	2.23E-191	1165200000
116598_MH_MC	6	13	13	25.1	73.306	2.23E-191	1165200000
17328_MH_MC	6	13	13	25.1	73.306	2.23E-191	1165200000
168301_MH_MC	6	13	13	25.1	73.306	2.23E-191	1165200000
90862_MH_MC	6	13	13	25.1	73.306	2.23E-191	1165200000
42777_MH_MC	3	6	3	3.8	81.746	5.64E-28	1136900000
120972_MH_MC	3	6	3	3.8	81.746	5.64E-28	1136900000
6489_MH_MC	3	6	3	3.8	81.746	5.64E-28	1136900000
42781_MH_MC	1	3	3	4.4	75.38	2.60E-11	133590000
42795_MH_MC	5	8	8	9.5	129.38	1.26E-38	79949000
27534_MH_MC	5	8	8	9.5	129.38	1.26E-38	79949000
18814_MH_MC	5	8	8	9.5	129.38	1.26E-38	79949000
18813_MH_MC	5	8	8	9.5	129.38	1.26E-38	79949000
15316_MH_MC	5	8	8	9.5	129.38	1.26E-38	79949000
42820_MH_MC	1	3	3	9.8	33.542	3.92E-09	100570000
42823_MH_MC	3	3	3	11.4	36.675	9.31E-17	223890000
22294_MH_MC	3	3	3	11.4	36.675	9.31E-17	223890000
15007_MH_MC	3	3	3	11.4	36.675	9.31E-17	223890000
42825_MH_MC	2	2	2	4.3	46.969	5.60E-06	265350000
45546_MH_MC	2	2	2	4.3	46.969	5.60E-06	265350000
42839_MH_MC	2	10	10	35.6	50.11	2.91E-65	441520000
97343_MH_MC	2	10	10	35.6	50.11	2.91E-65	441520000
42873_MH_MC	2	11	6	22.6	42.918	6.02E-53	2990300000
253_MH_MC	2	11	6	22.6	42.918	6.02E-53	2990300000
42884_MH_MC	1	1	1	12.7	13.867	5.19E-05	52448000
42893_MH_MC	2	4	4	14.8	48.594	6.22E-35	126170000
138961_MH_MC	2	4	4	14.8	48.594	6.22E-35	126170000
42907_MH_MC	1	1	1	7	18.498	0.0051791	17652000
42925_MH_MC	1	1	1	3.8	23.035	0.0049515	928230000
42940_MH_MC	3	3	3	13.7	32.35	7.15E-42	1294900000
11600_MH_MC	3	3	3	13.7	32.35	7.15E-42	1294900000
136871_MH_MC	3	3	3	13.7	32.35	7.15E-42	1294900000
42974_MH_MC	1	3	3	24.2	20.555	5.46E-22	193160000
4301_MH_MC	1	1	1	17.9	11.975	0.00093141	0
43018_MH_MC	3	2	2	4.6	53.489	0.00010646	34410000
8116_MH_MC	3	2	2	4.6	53.489	0.00010646	34410000
138382_MH_MC	3	2	2	4.6	53.489	0.00010646	34410000
43034_MH_MC	1	6	1	6.9	26.735	1.33E-34	576220000
43045_MH_MC	1	2	2	16.8	15.477	5.47E-17	233750000
8130_MH_MC	2	1	1	1.5	62.681	0.011422	21388000
43048_MH_MC	2	1	1	1.5	62.681	0.011422	21388000
43086_MH_MC	2	2	2	4.4	54.589	3.88E-05	29377000
119709_MH_MC	2	2	2	4.4	54.589	3.88E-05	29377000
43119_MH_MC	2	3	3	16.8	28.05	7.12E-43	113090000
12754_MH_MC	2	3	3	16.8	28.05	7.12E-43	113090000
43138_MH_MC	2	3	3	13.3	28.796	8.91E-09	94684000
130680_MH_MC	2	3	3	13.3	28.796	8.91E-09	94684000
43151_MH_MC	1	1	1	25	8.6312	0.0017057	69460000
43153_MH_MC	1	1	1	7.7	19.32	0.00079434	29911000
43157_MH_MC	1	1	1	5.7	24.669	1.88E-07	0
43173_MH_MC	4	3	3	13.8	30.372	4.82E-38	24955000
12396_MH_MC	4	3	3	13.8	30.372	4.82E-38	24955000
10595_MH_MC	4	3	3	13.8	30.372	4.82E-38	24955000
139574_MH_MC	4	3	3	13.8	30.372	4.82E-38	24955000
43266_MH_MC	1	6	1	8	15.528	1.93E-101	168700000
43283_MH_MC	2	12	2	9.1	30.426	1.75E-108	2088800000
12346_MH_MC	2	12	2	9.1	30.426	1.75E-108	2088800000
43314_MH_MC	2	2	2	7.2	44.601	1.41E-08	113930000
137740_MH_MC	2	2	2	7.2	44.601	1.41E-08	113930000
43316_MH_MC	5	3	3	8.8	42.483	1.05E-38	195170000
129880_MH_MC	5	3	3	8.8	42.483	1.05E-38	195170000
12312_MH_MC	5	3	3	8.8	42.483	1.05E-38	195170000
20387_MH_MC	5	3	3	8.8	42.483	1.05E-38	195170000
13243_MH_MC	5	3	3	8.8	42.483	1.05E-38	195170000
43317_MH_MC	6	3	3	14.5	37.405	1.24E-16	51440000
8232_MH_MC	6	3	3	14.5	37.405	1.24E-16	51440000
8233_MH_MC	6	3	3	14.5	37.405	1.24E-16	51440000
12400_MH_MC	6	3	3	14.5	37.405	1.24E-16	51440000
8234_MH_MC	6	3	3	14.5	37.405	1.24E-16	51440000
162020_MH_MC	6	3	3	14.5	37.405	1.24E-16	51440000
43330_MH_MC	6	12	12	39.3	53.043	1.41E-150	1644800000
23335_MH_MC	6	12	12	39.3	53.043	1.41E-150	1644800000
106342_MH_MC	6	12	12	39.3	53.043	1.41E-150	1644800000
105035_MH_MC	6	12	12	39.3	53.043	1.41E-150	1644800000
17634_MH_MC	6	12	12	39.3	53.043	1.41E-150	1644800000
106341_MH_MC	6	12	12	39.3	53.043	1.41E-150	1644800000
43336_MH_MC	2	3	3	9.5	36.381	1.99E-09	114000000
73974_MH_MC	2	3	3	9.5	36.381	1.99E-09	114000000
43340_MH_MC	3	8	8	21.5	48.623	1.31E-28	346450000
26787_MH_MC	3	8	8	21.5	48.623	1.31E-28	346450000
100831_MH_MC	3	8	8	21.5	48.623	1.31E-28	346450000
43383_MH_MC	1	4	4	20	23.716	1.17E-18	695940000
43385_MH_MC	1	2	2	7.2	33.743	5.17E-10	40423000
43394_MH_MC	1	3	3	4.2	70.398	2.12E-05	219410000
43397_MH_MC	4	2	2	4.4	70.092	0.00012513	0
24237_MH_MC	4	2	2	4.4	70.092	0.00012513	0
16448_MH_MC	4	2	2	4.4	70.092	0.00012513	0
58061_MH_MC	4	2	2	4.4	70.092	0.00012513	0
43400_MH_MC	3	2	2	3.1	81.302	1.83E-05	7423900
25278_MH_MC	3	2	2	3.1	81.302	1.83E-05	7423900
134970_MH_MC	3	2	2	3.1	81.302	1.83E-05	7423900
8253_MH_MC	6	2	2	2.7	116.22	0.00016937	13771000
43413_MH_MC	6	2	2	2.7	116.22	0.00016937	13771000
24758_MH_MC	6	2	2	2.7	116.22	0.00016937	13771000
16828_MH_MC	6	2	2	2.7	116.22	0.00016937	13771000
108503_MH_MC	6	2	2	2.7	116.22	0.00016937	13771000
156226_MH_MC	6	2	2	2.7	116.22	0.00016937	13771000
43416_MH_MC	3	4	4	6.3	87.714	1.69E-15	62428000
20810_MH_MC	3	4	4	6.3	87.714	1.69E-15	62428000
127304_MH_MC	3	4	4	6.3	87.714	1.69E-15	62428000
43420_MH_MC	4	19	19	12.7	192.58	2.42E-85	642830000
18365_MH_MC	4	19	19	12.7	192.58	2.42E-85	642830000
26950_MH_MC	4	19	19	12.7	192.58	2.42E-85	642830000
83215_MH_MC	4	19	19	12.7	192.58	2.42E-85	642830000
43452_MH_MC	1	1	1	2.7	61.136	6.11E-05	0
43453_MH_MC	1	2	2	4.5	51.299	1.86E-05	25042000
43455_MH_MC	1	1	1	2.7	51.573	2.73E-05	61334000
43457_MH_MC	5	2	2	3.3	80.905	3.42E-08	40066000
19584_MH_MC	5	2	2	3.3	80.905	3.42E-08	40066000
133845_MH_MC	5	2	2	3.3	80.905	3.42E-08	40066000
157503_MH_MC	5	2	2	3.3	80.905	3.42E-08	40066000
138119_MH_MC	5	2	2	3.3	80.905	3.42E-08	40066000
8271_MH_MC	4	2	2	5	53.332	2.60E-06	86530000
43459_MH_MC	4	2	2	5	53.332	2.60E-06	86530000
39164_MH_MC	4	2	2	5	53.332	2.60E-06	86530000
135903_MH_MC	4	2	2	5	53.332	2.60E-06	86530000
43494_MH_MC	4	2	2	3.3	71.906	4.25E-08	18284000
26118_MH_MC	4	2	2	3.3	71.906	4.25E-08	18284000
130198_MH_MC	4	2	2	3.3	71.906	4.25E-08	18284000
17777_MH_MC	4	2	2	3.3	71.906	4.25E-08	18284000
43507_MH_MC	2	2	2	9.6	16.32	0.00048339	21922000
8274_MH_MC	2	2	2	9.6	16.32	0.00048339	21922000
43513_MH_MC	2	1	1	12.3	17.949	4.66E-20	0
8275_MH_MC	2	1	1	12.3	17.949	4.66E-20	0
43524_MH_MC	5	12	12	11.4	146.45	2.32E-51	528590000
27872_MH_MC	5	12	12	11.4	146.45	2.32E-51	528590000
75147_MH_MC	5	12	12	11.4	146.45	2.32E-51	528590000
19073_MH_MC	5	12	12	11.4	146.45	2.32E-51	528590000
172347_MH_MC	5	12	12	11.4	146.45	2.32E-51	528590000
43540_MH_MC	2	2	2	23.6	14.458	6.82E-05	13568000
167591_MH_MC	2	2	2	23.6	14.458	6.82E-05	13568000
43568_MH_MC	1	1	1	7.3	21.385	0.001417	28193000
43573_MH_MC	1	3	3	27.4	18.248	1.72E-15	133840000
43576_MH_MC	5	3	3	17.4	23.524	4.86E-17	113290000
133459_MH_MC	5	3	3	17.4	23.524	4.86E-17	113290000
12557_MH_MC	5	3	3	17.4	23.524	4.86E-17	113290000
19688_MH_MC	5	3	3	17.4	23.524	4.86E-17	113290000
4621_MH_MC	5	3	3	17.4	23.524	4.86E-17	113290000
43581_MH_MC	1	2	2	7.5	24.677	0.00036572	181230000
43588_MH_MC	1	5	5	27.9	22.307	7.52E-70	80741000
43595_MH_MC	1	1	1	19.3	9.5416	1.34E-16	40035000
43611_MH_MC	1	1	1	1.8	106.01	6.43E-19	5478900
43618_MH_MC	1	1	1	5.9	16.867	0.024913	0
43640_MH_MC	1	2	2	5.6	47.872	0.00091026	34743000
43651_MH_MC	1	2	2	4.1	66.137	5.13E-07	0
43683_MH_MC	3	2	2	6.9	40.428	3.90E-05	12940000
8354_MH_MC	3	2	2	6.9	40.428	3.90E-05	12940000
8353_MH_MC	3	2	2	6.9	40.428	3.90E-05	12940000
43694_MH_MC	1	6	6	12.1	59.08	1.50E-53	309000000
43702_MH_MC	4	5	5	33.3	22.244	1.84E-51	382270000
159851_MH_MC	4	5	5	33.3	22.244	1.84E-51	382270000
12981_MH_MC	4	5	5	33.3	22.244	1.84E-51	382270000
131252_MH_MC	4	5	5	33.3	22.244	1.84E-51	382270000
43750_MH_MC	4	6	6	14.8	56.725	1.34E-27	331060000
170029_MH_MC	4	6	6	14.8	56.725	1.34E-27	331060000
26516_MH_MC	4	6	6	14.8	56.725	1.34E-27	331060000
4049_MH_MC	4	6	6	14.8	56.725	1.34E-27	331060000
8391_MH_MC	2	1	1	1.9	64.613	0.0067034	16991000
43774_MH_MC	2	1	1	1.9	64.613	0.0067034	16991000
43779_MH_MC	2	2	2	5.8	56.969	0.00030625	71075000
17190_MH_MC	2	2	2	5.8	56.969	0.00030625	71075000
43786_MH_MC	5	3	3	5.7	63.984	7.27E-07	64141000
127398_MH_MC	5	3	3	5.7	63.984	7.27E-07	64141000
13641_MH_MC	5	3	3	5.7	63.984	7.27E-07	64141000
133050_MH_MC	5	3	3	5.7	63.984	7.27E-07	64141000
14480_MH_MC	5	3	3	5.7	63.984	7.27E-07	64141000
43796_MH_MC	1	1	1	10.6	11.063	0.00030415	131370000
43799_MH_MC	1	1	1	3.7	53.203	0.0055212	0
43836_MH_MC	2	5	5	13.1	40.029	1.79E-28	89211000
159088_MH_MC	2	5	5	13.1	40.029	1.79E-28	89211000
43838_MH_MC	1	3	2	23.3	15.284	2.12E-19	314090000
43852_MH_MC	3	6	6	12.3	60.074	2.07E-14	187180000
124176_MH_MC	3	6	6	12.3	60.074	2.07E-14	187180000
13830_MH_MC	3	6	6	12.3	60.074	2.07E-14	187180000
43921_MH_MC	1	4	1	18.6	18.369	2.69E-36	28528000
43958_MH_MC	1	1	1	4.6	42.833	7.27E-05	29874000
43959_MH_MC	4	5	5	13.7	50.046	2.46E-27	71930000
28081_MH_MC	4	5	5	13.7	50.046	2.46E-27	71930000
66354_MH_MC	4	5	5	13.7	50.046	2.46E-27	71930000
28080_MH_MC	4	5	5	13.7	50.046	2.46E-27	71930000
43965_MH_MC	2	8	8	20.4	48.097	9.17E-30	298210000
165818_MH_MC	2	8	8	20.4	48.097	9.17E-30	298210000
43970_MH_MC	3	4	4	12.2	46.026	1.44E-26	157180000
79809_MH_MC	3	4	4	12.2	46.026	1.44E-26	157180000
26658_MH_MC	3	4	4	12.2	46.026	1.44E-26	157180000
43977_MH_MC	1	1	1	3.1	26.061	1.99E-06	0
43980_MH_MC	1	2	2	7.6	28.006	9.43E-05	60122000
43985_MH_MC	5	4	4	26.5	19.062	8.12E-10	185050000
8464_MH_MC	5	4	4	26.5	19.062	8.12E-10	185050000
13303_MH_MC	5	4	4	26.5	19.062	8.12E-10	185050000
39786_MH_MC	5	4	4	26.5	19.062	8.12E-10	185050000
167504_MH_MC	5	4	4	26.5	19.062	8.12E-10	185050000
43988_MH_MC	5	3	3	25.9	22.944	1.11E-15	327590000
108598_MH_MC	5	3	3	25.9	22.944	1.11E-15	327590000
27423_MH_MC	5	3	3	25.9	22.944	1.11E-15	327590000
85638_MH_MC	5	3	3	25.9	22.944	1.11E-15	327590000
172647_MH_MC	5	3	3	25.9	22.944	1.11E-15	327590000
44009_MH_MC	1	1	1	4.2	27.602	0.029155	1512000000
44018_MH_MC	1	4	4	21.5	31.93	4.59E-27	170660000
44028_MH_MC	1	4	4	10	69.939	3.57E-53	59298000
44040_MH_MC	4	4	4	4.6	118.17	1.71E-13	13031000
14295_MH_MC	4	4	4	4.6	118.17	1.71E-13	13031000
106460_MH_MC	4	4	4	4.6	118.17	1.71E-13	13031000
137003_MH_MC	4	4	4	4.6	118.17	1.71E-13	13031000
44041_MH_MC	5	3	3	2.9	114.04	1.14E-13	50000000
166796_MH_MC	5	3	3	2.9	114.04	1.14E-13	50000000
24518_MH_MC	5	3	3	2.9	114.04	1.14E-13	50000000
16657_MH_MC	5	3	3	2.9	114.04	1.14E-13	50000000
65247_MH_MC	5	3	3	2.9	114.04	1.14E-13	50000000
44043_MH_MC	9	12	12	11.5	136.94	8.68E-61	371850000
28202_MH_MC	9	12	12	11.5	136.94	8.68E-61	371850000
19331_MH_MC	9	12	12	11.5	136.94	8.68E-61	371850000
53600_MH_MC	9	12	12	11.5	136.94	8.68E-61	371850000
172872_MH_MC	9	12	12	11.5	136.94	8.68E-61	371850000
53601_MH_MC	9	12	12	11.5	136.94	8.68E-61	371850000
53598_MH_MC	9	12	12	11.5	136.94	8.68E-61	371850000
172871_MH_MC	9	12	12	11.5	136.94	8.68E-61	371850000
53599_MH_MC	9	12	12	11.5	136.94	8.68E-61	371850000
44045_MH_MC	4	5	5	6.2	113.59	5.25E-34	120500000
18104_MH_MC	4	5	5	6.2	113.59	5.25E-34	120500000
26586_MH_MC	4	5	5	6.2	113.59	5.25E-34	120500000
98849_MH_MC	4	5	5	6.2	113.59	5.25E-34	120500000
44047_MH_MC	1	1	1	0.7	145.2	0.013338	0
44049_MH_MC	1	1	1	1.7	81.264	0.00070922	31436000
44052_MH_MC	8	14	14	18.3	100.13	2.43E-57	955140000
165923_MH_MC	8	14	14	18.3	100.13	2.43E-57	955140000
87216_MH_MC	8	14	14	18.3	100.13	2.43E-57	955140000
16318_MH_MC	8	14	14	18.3	100.13	2.43E-57	955140000
24057_MH_MC	8	14	14	18.3	100.13	2.43E-57	955140000
24058_MH_MC	8	14	14	18.3	100.13	2.43E-57	955140000
165924_MH_MC	8	14	14	18.3	100.13	2.43E-57	955140000
6116_MH_MC	8	14	14	18.3	100.13	2.43E-57	955140000
44056_MH_MC	1	4	4	11.1	41.058	4.56E-09	125740000
44063_MH_MC	2	11	11	44.6	41.217	3.97E-116	1250000000
64086_MH_MC	2	11	11	44.6	41.217	3.97E-116	1250000000
44072_MH_MC	1	12	12	46.7	37.428	1.14E-147	8876700000
44074_MH_MC	4	3	3	10.1	36.646	1.28E-14	119810000
76191_MH_MC	4	3	3	10.1	36.646	1.28E-14	119810000
14666_MH_MC	4	3	3	10.1	36.646	1.28E-14	119810000
21832_MH_MC	4	3	3	10.1	36.646	1.28E-14	119810000
44084_MH_MC	1	2	2	4.7	49.898	5.82E-05	0
44093_MH_MC	5	16	16	34	58.5	8.16E-141	1639700000
134450_MH_MC	5	16	16	34	58.5	8.16E-141	1639700000
19477_MH_MC	5	16	16	34	58.5	8.16E-141	1639700000
12356_MH_MC	5	16	16	34	58.5	8.16E-141	1639700000
134294_MH_MC	5	16	16	34	58.5	8.16E-141	1639700000
44097_MH_MC	1	2	2	19.4	16.895	2.05E-28	1221900000
44122_MH_MC	1	4	4	24.4	19.797	1.15E-17	446690000
44129_MH_MC	1	1	1	7.9	16.033	0.0060815	34260000
8491_MH_MC	3	3	3	17.6	17.022	5.29E-20	25991000
44137_MH_MC	3	3	3	17.6	17.022	5.29E-20	25991000
121821_MH_MC	3	3	3	17.6	17.022	5.29E-20	25991000
44141_MH_MC	1	1	1	20.5	9.4528	0.011175	70884000
44154_MH_MC	2	2	2	24.2	14.32	3.82E-12	48151000
139044_MH_MC	2	2	2	24.2	14.32	3.82E-12	48151000
44160_MH_MC	1	1	1	7.2	17.476	9.65E-07	26889000
44164_MH_MC	1	1	1	5.8	15.682	0.0092247	105860000
44183_MH_MC	2	3	3	11.6	28.286	3.73E-07	20777000
124902_MH_MC	2	3	3	11.6	28.286	3.73E-07	20777000
44186_MH_MC	2	7	7	40.3	23.339	1.38E-45	1968000000
156183_MH_MC	2	7	7	40.3	23.339	1.38E-45	1968000000
44194_MH_MC	1	1	1	9.2	11.357	0.0017626	162770000
44195_MH_MC	3	1	1	6.5	21.412	0.0014775	56307000
8508_MH_MC	3	1	1	6.5	21.412	0.0014775	56307000
8509_MH_MC	3	1	1	6.5	21.412	0.0014775	56307000
44196_MH_MC	1	7	7	48.5	21.717	4.62E-51	828140000
44197_MH_MC	1	1	1	6.9	23.195	3.07E-05	0
44208_MH_MC	3	2	2	13.3	25.334	2.56E-39	33115000
132038_MH_MC	3	2	2	13.3	25.334	2.56E-39	33115000
12839_MH_MC	3	2	2	13.3	25.334	2.56E-39	33115000
44224_MH_MC	2	3	3	22.3	17.132	2.10E-13	187630000
10035_MH_MC	2	3	3	22.3	17.132	2.10E-13	187630000
44234_MH_MC	3	3	3	12.1	21.898	5.70E-16	514930000
13028_MH_MC	3	3	3	12.1	21.898	5.70E-16	514930000
130969_MH_MC	3	3	3	12.1	21.898	5.70E-16	514930000
44240_MH_MC	1	3	3	14	19.933	6.41E-06	167020000
44261_MH_MC	8	10	10	7.2	203.1	8.33E-25	213410000
8532_MH_MC	8	10	10	7.2	203.1	8.33E-25	213410000
75586_MH_MC	8	10	10	7.2	203.1	8.33E-25	213410000
27256_MH_MC	8	10	10	7.2	203.1	8.33E-25	213410000
18594_MH_MC	8	10	10	7.2	203.1	8.33E-25	213410000
8531_MH_MC	8	10	10	7.2	203.1	8.33E-25	213410000
75585_MH_MC	8	10	10	7.2	203.1	8.33E-25	213410000
27255_MH_MC	8	10	10	7.2	203.1	8.33E-25	213410000
44391_MH_MC	1	1	1	16.2	12.925	3.01E-07	0
44473_MH_MC	1	1	1	11.2	11.262	2.58E-06	17826000
44518_MH_MC	1	1	1	9.9	14.24	1.29E-07	0
44559_MH_MC	2	4	4	20.6	24.254	2.42E-20	283220000
8615_MH_MC	2	4	4	20.6	24.254	2.42E-20	283220000
44583_MH_MC	1	2	2	6.9	41.388	0.00043909	0
44587_MH_MC	2	19	19	73.1	43.432	2.73E-182	4400300000
133228_MH_MC	2	19	19	73.1	43.432	2.73E-182	4400300000
44588_MH_MC	3	14	14	53.3	41.58	1.36E-257	2199200000
12170_MH_MC	3	14	14	53.3	41.58	1.36E-257	2199200000
137592_MH_MC	3	14	14	53.3	41.58	1.36E-257	2199200000
44611_MH_MC	1	1	1	3.8	32.308	0.0015628	0
44620_MH_MC	4	2	2	5.1	46.884	0.00073647	20502000
17956_MH_MC	4	2	2	5.1	46.884	0.00073647	20502000
122918_MH_MC	4	2	2	5.1	46.884	0.00073647	20502000
14001_MH_MC	4	2	2	5.1	46.884	0.00073647	20502000
44623_MH_MC	1	2	2	6.1	44.622	0.00022199	0
44628_MH_MC	1	8	4	48.3	19.616	7.19E-81	1860700000
44632_MH_MC	2	2	2	5.4	36.082	0.0013445	0
8632_MH_MC	2	2	2	5.4	36.082	0.0013445	0
44633_MH_MC	2	6	6	32.2	25.744	1.03E-42	840200000
137665_MH_MC	2	6	6	32.2	25.744	1.03E-42	840200000
44652_MH_MC	5	6	6	42.8	20.938	4.34E-16	434050000
20181_MH_MC	5	6	6	42.8	20.938	4.34E-16	434050000
130775_MH_MC	5	6	6	42.8	20.938	4.34E-16	434050000
13072_MH_MC	5	6	6	42.8	20.938	4.34E-16	434050000
159970_MH_MC	5	6	6	42.8	20.938	4.34E-16	434050000
44675_MH_MC	4	14	14	40.9	52.538	5.04E-111	1829700000
138103_MH_MC	4	14	14	40.9	52.538	5.04E-111	1829700000
11197_MH_MC	4	14	14	40.9	52.538	5.04E-111	1829700000
158699_MH_MC	4	14	14	40.9	52.538	5.04E-111	1829700000
44679_MH_MC	4	11	11	31.7	56.302	9.68E-63	684210000
121970_MH_MC	4	11	11	31.7	56.302	9.68E-63	684210000
11953_MH_MC	4	11	11	31.7	56.302	9.68E-63	684210000
135703_MH_MC	4	11	11	31.7	56.302	9.68E-63	684210000
44681_MH_MC	1	8	8	20.1	53.954	5.08E-23	461520000
44691_MH_MC	5	39	39	29.6	184.12	0	5258500000
24935_MH_MC	5	39	39	29.6	184.12	0	5258500000
88448_MH_MC	5	39	39	29.6	184.12	0	5258500000
16937_MH_MC	5	39	39	29.6	184.12	0	5258500000
32781_MH_MC	5	39	39	29.6	184.12	0	5258500000
44692_MH_MC	6	7	7	2.8	303.14	7.43E-27	96436000
92132_MH_MC	6	7	7	2.8	303.14	7.43E-27	96436000
170360_MH_MC	6	7	7	2.8	303.14	7.43E-27	96436000
18170_MH_MC	6	7	7	2.8	303.14	7.43E-27	96436000
26681_MH_MC	6	7	7	2.8	303.14	7.43E-27	96436000
92131_MH_MC	6	7	7	2.8	303.14	7.43E-27	96436000
44694_MH_MC	2	6	6	5.6	116.66	1.68E-13	95604000
12939_MH_MC	2	6	6	5.6	116.66	1.68E-13	95604000
44700_MH_MC	3	2	2	4.4	74.631	1.21E-09	61477000
67917_MH_MC	3	2	2	4.4	74.631	1.21E-09	61477000
16139_MH_MC	3	2	2	4.4	74.631	1.21E-09	61477000
44709_MH_MC	1	2	2	11.8	26.164	7.46E-14	21846000
44717_MH_MC	5	11	11	35.4	42.667	9.21E-67	681680000
24128_MH_MC	5	11	11	35.4	42.667	9.21E-67	681680000
55282_MH_MC	5	11	11	35.4	42.667	9.21E-67	681680000
16372_MH_MC	5	11	11	35.4	42.667	9.21E-67	681680000
55283_MH_MC	5	11	11	35.4	42.667	9.21E-67	681680000
44727_MH_MC	3	8	8	15.5	60.456	2.41E-18	325630000
14078_MH_MC	3	8	8	15.5	60.456	2.41E-18	325630000
121291_MH_MC	3	8	8	15.5	60.456	2.41E-18	325630000
44729_MH_MC	2	9	8	18.2	58.875	1.99E-36	434610000
126775_MH_MC	2	9	8	18.2	58.875	1.99E-36	434610000
44737_MH_MC	2	4	4	9.5	63.705	8.79E-52	49029000
89404_MH_MC	2	4	4	9.5	63.705	8.79E-52	49029000
44816_MH_MC	1	2	2	13.3	22	6.52E-14	113320000
44817_MH_MC	2	2	2	12.5	22.905	9.29E-39	556880000
15222_MH_MC	2	2	2	12.5	22.905	9.29E-39	556880000
44838_MH_MC	1	1	1	6.8	25.735	8.30E-14	0
44844_MH_MC	4	5	5	28	25.082	4.07E-35	1018900000
107088_MH_MC	4	5	5	28	25.082	4.07E-35	1018900000
162709_MH_MC	4	5	5	28	25.082	4.07E-35	1018900000
139109_MH_MC	4	5	5	28	25.082	4.07E-35	1018900000
44846_MH_MC	1	1	1	4.2	25.041	0.002313	33811000
44852_MH_MC	2	5	5	42.1	18.048	3.87E-42	3027700000
127940_MH_MC	2	5	5	42.1	18.048	3.87E-42	3027700000
44863_MH_MC	1	3	3	23.4	17.894	6.96E-10	209070000
44866_MH_MC	2	8	8	86.8	13.679	3.18E-65	1441500000
137560_MH_MC	2	8	8	86.8	13.679	3.18E-65	1441500000
44879_MH_MC	1	1	1	10.4	21.015	7.54E-13	64593000
44884_MH_MC	1	2	2	11.9	17.913	2.02E-05	205310000
44904_MH_MC	1	4	4	24.7	20.453	8.25E-14	220220000
45079_MH_MC	1	20	0	0	95.396	1.44E-108	281540000
45092_MH_MC	6	5	5	13.5	49.252	2.20E-31	1145800000
133232_MH_MC	6	5	5	13.5	49.252	2.20E-31	1145800000
27048_MH_MC	6	5	5	13.5	49.252	2.20E-31	1145800000
170940_MH_MC	6	5	5	13.5	49.252	2.20E-31	1145800000
18440_MH_MC	6	5	5	13.5	49.252	2.20E-31	1145800000
94394_MH_MC	6	5	5	13.5	49.252	2.20E-31	1145800000
45104_MH_MC	4	3	3	21.2	17.342	1.48E-09	114750000
8915_MH_MC	4	3	3	21.2	17.342	1.48E-09	114750000
19453_MH_MC	4	3	3	21.2	17.342	1.48E-09	114750000
159032_MH_MC	4	3	3	21.2	17.342	1.48E-09	114750000
45117_MH_MC	3	4	4	8.1	57.377	1.58E-09	103890000
20820_MH_MC	3	4	4	8.1	57.377	1.58E-09	103890000
12144_MH_MC	3	4	4	8.1	57.377	1.58E-09	103890000
45126_MH_MC	2	5	3	27.8	13.89	2.95E-29	1060100000
8942_MH_MC	2	5	3	27.8	13.89	2.95E-29	1060100000
45190_MH_MC	2	3	2	14.7	18.474	8.29E-19	50540000
5191_MH_MC	2	3	2	14.7	18.474	8.29E-19	50540000
45251_MH_MC	4	3	2	4.5	72.619	1.06E-10	69856000
24210_MH_MC	4	3	2	4.5	72.619	1.06E-10	69856000
166210_MH_MC	4	3	2	4.5	72.619	1.06E-10	69856000
16432_MH_MC	4	3	2	4.5	72.619	1.06E-10	69856000
45257_MH_MC	1	11	3	7.1	47.253	4.21E-101	2854500000
45347_MH_MC	1	1	1	23.3	8.723	1.18E-13	40142000
45407_MH_MC	1	3	3	17.4	18.968	3.44E-09	290820000
45497_MH_MC	1	2	2	13.7	19.488	4.31E-14	53959000
45568_MH_MC	1	1	1	10.3	11.529	0.0006825	80835000
45627_MH_MC	1	1	1	14.1	9.6613	5.26E-06	94831000
45694_MH_MC	2	3	3	23	17.251	1.91E-20	2136900000
26858_MH_MC	2	3	3	23	17.251	1.91E-20	2136900000
45762_MH_MC	3	2	2	18.2	18.985	5.12E-05	7634900
20447_MH_MC	3	2	2	18.2	18.985	5.12E-05	7634900
129596_MH_MC	3	2	2	18.2	18.985	5.12E-05	7634900
45828_MH_MC	1	1	1	14.8	12.72	7.31E-11	98070000
45837_MH_MC	3	15	15	72.6	27.663	6.24E-141	19500000000
106419_MH_MC	3	15	15	72.6	27.663	6.24E-141	19500000000
162673_MH_MC	3	15	15	72.6	27.663	6.24E-141	19500000000
45856_MH_MC	1	3	3	26.9	12.933	1.31E-07	99780000
45950_MH_MC	1	1	1	8	38.897	1.18E-17	35107000
45974_MH_MC	1	1	1	15.6	11.628	2.16E-10	27827000
46018_MH_MC	1	1	1	1.5	129.09	0.0065223	0
46020_MH_MC	1	3	3	1.8	138.91	1.20E-06	616830000
46116_MH_MC	1	5	1	8.4	27.248	8.53E-25	144980000
46239_MH_MC	1	1	1	1.5	109.29	5.71E-05	236280000
46451_MH_MC	1	1	1	26.8	8.1467	1.70E-15	0
4658_MH_MC	1	2	2	7.7	42.456	3.16E-12	38278000
46789_MH_MC	2	3	3	32.4	13.142	7.47E-09	342840000
134647_MH_MC	2	3	3	32.4	13.142	7.47E-09	342840000
46849_MH_MC	6	4	4	16	34.729	4.04E-33	98433000
14287_MH_MC	6	4	4	16	34.729	4.04E-33	98433000
42811_MH_MC	6	4	4	16	34.729	4.04E-33	98433000
8044_MH_MC	6	4	4	16	34.729	4.04E-33	98433000
161549_MH_MC	6	4	4	16	34.729	4.04E-33	98433000
161548_MH_MC	6	4	4	16	34.729	4.04E-33	98433000
4698_MH_MC	2	2	1	3.2	49.796	7.58E-07	17156000
45803_MH_MC	2	2	1	3.2	49.796	7.58E-07	17156000
48817_MH_MC	1	1	1	20.3	7.6373	0.012672	342620000
5056_MH_MC	4	5	5	10.4	94.53	4.02E-41	120510000
128752_MH_MC	4	5	5	10.4	94.53	4.02E-41	120510000
134541_MH_MC	4	5	5	10.4	94.53	4.02E-41	120510000
131949_MH_MC	4	5	5	10.4	94.53	4.02E-41	120510000
51031_MH_MC	1	1	1	7	13.602	0.015164	33245000
53048_MH_MC	1	1	1	12.3	7.9544	0.0148	13212000
5317_MH_MC	1	1	1	14.5	9.6045	0.00034403	23046000
542_MH_MC	1	3	3	7.7	67.95	1.71E-14	13613000
54335_MH_MC	1	1	1	2.5	36.292	0.016578	52592000
5516_MH_MC	1	1	1	6.1	15.317	0.025531	18542000
5667_MH_MC	1	1	1	6.8	24.863	5.69E-10	76834000
5703_MH_MC	1	2	2	11.4	24.193	9.19E-10	87561000
5827_MH_MC	1	5	4	31.7	21.362	3.32E-25	1267400000
58470_MH_MC	1	1	1	9.6	9.9995	0.029658	128560000
5895_MH_MC	8	3	3	6.8	65.022	5.25E-07	33422000
27369_MH_MC	8	3	3	6.8	65.022	5.25E-07	33422000
110633_MH_MC	8	3	3	6.8	65.022	5.25E-07	33422000
21322_MH_MC	8	3	3	6.8	65.022	5.25E-07	33422000
14201_MH_MC	8	3	3	6.8	65.022	5.25E-07	33422000
18692_MH_MC	8	3	3	6.8	65.022	5.25E-07	33422000
171567_MH_MC	8	3	3	6.8	65.022	5.25E-07	33422000
171564_MH_MC	8	3	3	6.8	65.022	5.25E-07	33422000
5955_MH_MC	1	2	2	4.2	57.157	5.15E-05	36931000
5956_MH_MC	1	2	2	17.2	10.637	0.00073632	43879000
6017_MH_MC	5	3	3	34.6	12.397	1.54E-14	152600000
6016_MH_MC	5	3	3	34.6	12.397	1.54E-14	152600000
12028_MH_MC	5	3	3	34.6	12.397	1.54E-14	152600000
135460_MH_MC	5	3	3	34.6	12.397	1.54E-14	152600000
10130_MH_MC	5	3	3	34.6	12.397	1.54E-14	152600000
60775_MH_MC	1	23	1	0.6	185.91	1.29E-63	57931000
6122_MH_MC	1	1	1	11.2	8.4206	0.02586	0
6170_MH_MC	1	1	1	9.7	17.477	0.0028592	18092000
6288_MH_MC	1	1	1	18.6	10.757	3.01E-22	29303000
6397_MH_MC	1	1	1	16.2	8.5341	0.0030518	18567000
644_MH_MC	3	2	2	7	49.488	6.10E-06	52093000
645_MH_MC	3	2	2	7	49.488	6.10E-06	52093000
21142_MH_MC	3	2	2	7	49.488	6.10E-06	52093000
6471_MH_MC	1	1	1	10.8	14.748	0.011432	18308000
66069_MH_MC	1	1	1	12.3	7.4086	0.047324	27786000
6804_MH_MC	2	1	1	3.7	30.475	0.00017827	14641000
6803_MH_MC	2	1	1	3.7	30.475	0.00017827	14641000
6813_MH_MC	1	1	1	13.1	10.943	5.08E-09	150590000
69163_MH_MC	2	2	2	6.1	38.173	0.00036755	65351000
26289_MH_MC	2	2	2	6.1	38.173	0.00036755	65351000
71719_MH_MC	1	7	7	40.7	21.792	7.62E-42	1463100000
72965_MH_MC	1	1	1	9.9	9.6155	0.0256	6002800
7322_MH_MC	1	2	2	21.5	10.263	0.00026514	13085000
7326_MH_MC	4	2	2	16.8	21.4	1.53E-15	51267000
19723_MH_MC	4	2	2	16.8	21.4	1.53E-15	51267000
133321_MH_MC	4	2	2	16.8	21.4	1.53E-15	51267000
12595_MH_MC	4	2	2	16.8	21.4	1.53E-15	51267000
7327_MH_MC	1	2	2	13.1	23.92	4.07E-14	171530000
7426_MH_MC	2	4	4	27.8	17.781	1.37E-17	116310000
114029_MH_MC	2	4	4	27.8	17.781	1.37E-17	116310000
7482_MH_MC	4	7	7	29.8	29.427	1.23E-103	1936800000
129960_MH_MC	4	7	7	29.8	29.427	1.23E-103	1936800000
20366_MH_MC	4	7	7	29.8	29.427	1.23E-103	1936800000
13226_MH_MC	4	7	7	29.8	29.427	1.23E-103	1936800000
7500_MH_MC	3	5	5	13.1	51.975	2.01E-42	1797700000
7499_MH_MC	3	5	5	13.1	51.975	2.01E-42	1797700000
160244_MH_MC	3	5	5	13.1	51.975	2.01E-42	1797700000
7512_MH_MC	1	3	3	22.2	18.026	1.71E-10	53873000
7531_MH_MC	5	2	2	10.9	23.38	2.38E-06	53793000
59270_MH_MC	5	2	2	10.9	23.38	2.38E-06	53793000
21866_MH_MC	5	2	2	10.9	23.38	2.38E-06	53793000
21867_MH_MC	5	2	2	10.9	23.38	2.38E-06	53793000
14692_MH_MC	5	2	2	10.9	23.38	2.38E-06	53793000
7543_MH_MC	2	2	2	15.3	12.185	5.99E-07	41325000
7544_MH_MC	2	2	2	15.3	12.185	5.99E-07	41325000
7562_MH_MC	1	1	1	3.2	42.375	7.32E-08	111570000
7605_MH_MC	2	1	1	11.8	9.5131	0.0025662	11163000
7604_MH_MC	2	1	1	11.8	9.5131	0.0025662	11163000
78099_MH_MC	1	1	1	8.6	9.8535	0.0068296	0
7819_MH_MC	1	3	3	45.8	10.595	2.08E-11	93485000
7849_MH_MC	2	2	2	5.5	48.605	4.00E-15	81261000
16175_MH_MC	2	2	2	5.5	48.605	4.00E-15	81261000
78712_MH_MC	1	2	2	9	28.125	9.19E-10	790410000
7874_MH_MC	4	2	2	20.7	15.895	1.70E-13	182590000
7875_MH_MC	4	2	2	20.7	15.895	1.70E-13	182590000
7873_MH_MC	4	2	2	20.7	15.895	1.70E-13	182590000
155484_MH_MC	4	2	2	20.7	15.895	1.70E-13	182590000
7882_MH_MC	1	5	5	20.9	23.132	2.04E-16	729110000
7909_MH_MC	3	4	4	7.6	54.468	3.07E-14	541930000
7910_MH_MC	3	4	4	7.6	54.468	3.07E-14	541930000
12132_MH_MC	3	4	4	7.6	54.468	3.07E-14	541930000
79093_MH_MC	1	1	1	10	9.6764	0.029922	20932000
79307_MH_MC	1	1	1	15.1	13.783	0.00010655	7898300
79335_MH_MC	1	1	1	62.7	7.1026	0.021957	30519000
7999_MH_MC	1	6	6	47.1	16.04	1.12E-58	446210000
8027_MH_MC	4	11	11	35.9	48.261	1.72E-48	647470000
161097_MH_MC	4	11	11	35.9	48.261	1.72E-48	647470000
13910_MH_MC	4	11	11	35.9	48.261	1.72E-48	647470000
124356_MH_MC	4	11	11	35.9	48.261	1.72E-48	647470000
8030_MH_MC	5	3	3	14	27.481	1.89E-45	40477000
100876_MH_MC	5	3	3	14	27.481	1.89E-45	40477000
19055_MH_MC	5	3	3	14	27.481	1.89E-45	40477000
15864_MH_MC	5	3	3	14	27.481	1.89E-45	40477000
164764_MH_MC	5	3	3	14	27.481	1.89E-45	40477000
8035_MH_MC	1	1	1	8	26.938	2.32E-07	9180700
8043_MH_MC	4	18	18	38.6	67.565	2.25E-125	1575900000
26887_MH_MC	4	18	18	38.6	67.565	2.25E-125	1575900000
170705_MH_MC	4	18	18	38.6	67.565	2.25E-125	1575900000
95609_MH_MC	4	18	18	38.6	67.565	2.25E-125	1575900000
8047_MH_MC	3	19	14	27.2	70.2	7.80E-112	5610400000
19949_MH_MC	3	19	14	27.2	70.2	7.80E-112	5610400000
107647_MH_MC	3	19	14	27.2	70.2	7.80E-112	5610400000
8050_MH_MC	4	9	9	33.2	40.019	3.20E-61	431550000
28259_MH_MC	4	9	9	33.2	40.019	3.20E-61	431550000
19370_MH_MC	4	9	9	33.2	40.019	3.20E-61	431550000
172980_MH_MC	4	9	9	33.2	40.019	3.20E-61	431550000
80931_MH_MC	1	1	1	21.2	9.3428	6.85E-33	128240000
8127_MH_MC	2	1	1	4.8	49.089	0.00018166	17072000
8126_MH_MC	2	1	1	4.8	49.089	0.00018166	17072000
81304_MH_MC	1	1	1	6.8	17.461	0.024582	816280000
8141_MH_MC	4	3	3	13.3	37.58	9.07E-11	69978000
27170_MH_MC	4	3	3	13.3	37.58	9.07E-11	69978000
18533_MH_MC	4	3	3	13.3	37.58	9.07E-11	69978000
171182_MH_MC	4	3	3	13.3	37.58	9.07E-11	69978000
8142_MH_MC	3	6	6	27.3	28.321	2.42E-16	376980000
136318_MH_MC	3	6	6	27.3	28.321	2.42E-16	376980000
163679_MH_MC	3	6	6	27.3	28.321	2.42E-16	376980000
8248_MH_MC	4	9	9	47.4	24.294	5.77E-113	2000800000
21022_MH_MC	4	9	9	47.4	24.294	5.77E-113	2000800000
8247_MH_MC	4	9	9	47.4	24.294	5.77E-113	2000800000
13847_MH_MC	4	9	9	47.4	24.294	5.77E-113	2000800000
8298_MH_MC	3	2	2	3.8	64.963	1.73E-06	6877500
18335_MH_MC	3	2	2	3.8	64.963	1.73E-06	6877500
26899_MH_MC	3	2	2	3.8	64.963	1.73E-06	6877500
8469_MH_MC	1	7	7	30.7	28.259	4.83E-37	1721800000
8479_MH_MC	1	1	1	3.3	37.467	0.027274	11368000
8485_MH_MC	5	4	4	15	35.403	1.86E-25	258700000
8486_MH_MC	5	4	4	15	35.403	1.86E-25	258700000
15833_MH_MC	5	4	4	15	35.403	1.86E-25	258700000
61879_MH_MC	5	4	4	15	35.403	1.86E-25	258700000
23389_MH_MC	5	4	4	15	35.403	1.86E-25	258700000
8488_MH_MC	6	14	12	38.4	50.67	7.80E-200	1433700000
8487_MH_MC	6	14	12	38.4	50.67	7.80E-200	1433700000
22023_MH_MC	6	14	12	38.4	50.67	7.80E-200	1433700000
162603_MH_MC	6	14	12	38.4	50.67	7.80E-200	1433700000
14808_MH_MC	6	14	12	38.4	50.67	7.80E-200	1433700000
117212_MH_MC	6	14	12	38.4	50.67	7.80E-200	1433700000
8504_MH_MC	1	4	4	21.6	19.655	2.74E-40	267410000
8516_MH_MC	1	2	2	13.5	18.969	1.66E-05	129080000
8544_MH_MC	3	4	4	20.4	29.913	3.88E-16	41937000
165675_MH_MC	3	4	4	20.4	29.913	3.88E-16	41937000
107437_MH_MC	3	4	4	20.4	29.913	3.88E-16	41937000
8547_MH_MC	2	1	1	6.9	14.913	0.0026667	44140000
8546_MH_MC	2	1	1	6.9	14.913	0.0026667	44140000
8595_MH_MC	1	1	1	18.7	8.1412	0.0024274	15726000
8634_MH_MC	5	6	6	30	31.409	7.30E-24	509310000
8635_MH_MC	5	6	6	30	31.409	7.30E-24	509310000
65325_MH_MC	5	6	6	30	31.409	7.30E-24	509310000
36488_MH_MC	5	6	6	30	31.409	7.30E-24	509310000
14687_MH_MC	5	6	6	30	31.409	7.30E-24	509310000
8642_MH_MC	9	10	10	20.6	74.41	1.57E-36	337980000
9195_MH_MC	9	10	10	20.6	74.41	1.57E-36	337980000
20532_MH_MC	9	10	10	20.6	74.41	1.57E-36	337980000
13388_MH_MC	9	10	10	20.6	74.41	1.57E-36	337980000
9220_MH_MC	9	10	10	20.6	74.41	1.57E-36	337980000
5014_MH_MC	9	10	10	20.6	74.41	1.57E-36	337980000
5013_MH_MC	9	10	10	20.6	74.41	1.57E-36	337980000
4628_MH_MC	9	10	10	20.6	74.41	1.57E-36	337980000
37911_MH_MC	9	10	10	20.6	74.41	1.57E-36	337980000
8693_MH_MC	1	2	2	11.1	26.026	1.05E-08	209380000
8757_MH_MC	3	2	2	11.8	21.851	6.04E-06	86499000
91737_MH_MC	3	2	2	11.8	21.851	6.04E-06	86499000
23268_MH_MC	3	2	2	11.8	21.851	6.04E-06	86499000
88304_MH_MC	1	1	1	15.4	10.572	0.052658	22099000
889_MH_MC	4	4	4	23	21.922	5.95E-21	2333900000
5494_MH_MC	4	4	4	23	21.922	5.95E-21	2333900000
6782_MH_MC	4	4	4	23	21.922	5.95E-21	2333900000
156335_MH_MC	4	4	4	23	21.922	5.95E-21	2333900000
9136_MH_MC	1	4	1	12.4	13.858	3.31E-13	132620000
91476_MH_MC	1	1	1	4.9	28.121	0.0067623	14158000
93580_MH_MC	1	1	1	17.8	12.535	0.028658	261800000
93633_MH_MC	1	2	1	3.6	45.135	6.91E-15	0
9670_MH_MC	1	5	4	25.6	19.128	1.17E-77	2392000000
9791_MH_MC	1	1	1	21.6	10.094	7.73E-11	21202000
98063_MH_MC	1	1	1	15.9	7.4167	0.041886	156990000
99113_MH_MC	1	1	1	5.3	14.898	0.018183	0
99426_MH_MC	1	3	3	24.5	18.298	4.28E-20	47225000
99628_MH_MC	1	1	1	15.7	8.4607	0.022601	19209000
CON__P00761	1	4	4	25.1	24.409	5.62E-80	4008900000
CON__P02533	13	10	5	15.3	51.621	1.08E-66	584650000
CON__Q6IFX2	13	10	5	15.3	51.621	1.08E-66	584650000
CON__Q9QWL7	13	10	5	15.3	51.621	1.08E-66	584650000
CON__Q04695	13	10	5	15.3	51.621	1.08E-66	584650000
CON__Q3ZAW8	13	10	5	15.3	51.621	1.08E-66	584650000
CON__Q9Z2K1	13	10	5	15.3	51.621	1.08E-66	584650000
CON__A2A4G1	13	10	5	15.3	51.621	1.08E-66	584650000
CON__P19012	13	10	5	15.3	51.621	1.08E-66	584650000
CON__Q61782	13	10	5	15.3	51.621	1.08E-66	584650000
CON__Q7Z3Y9	13	10	5	15.3	51.621	1.08E-66	584650000
CON__Q9D312	13	10	5	15.3	51.621	1.08E-66	584650000
CON__P35900	13	10	5	15.3	51.621	1.08E-66	584650000
CON__Q8N1A0	13	10	5	15.3	51.621	1.08E-66	584650000
CON__P02538	1	10	1	1.8	60.044	6.16E-35	62888000
CON__P02676	1	1	1	2	56.44	0.0035666	238440000
CON__P04259	2	10	1	1.8	59.998	3.39E-35	0
CON__P48668	2	10	1	1.8	59.998	3.39E-35	0
CON__P04264	10	25	17	40.7	66.017	3.43E-227	8645700000
CON__Q6IFZ6	10	25	17	40.7	66.017	3.43E-227	8645700000
CON__P05787	10	25	17	40.7	66.017	3.43E-227	8645700000
37766_MH_MC	10	25	17	40.7	66.017	3.43E-227	8645700000
CON__H-INV:HIT000016045	10	25	17	40.7	66.017	3.43E-227	8645700000
CON__Q7Z794	10	25	17	40.7	66.017	3.43E-227	8645700000
CON__Q6NXH9	10	25	17	40.7	66.017	3.43E-227	8645700000
CON__Q9R0H5	10	25	17	40.7	66.017	3.43E-227	8645700000
CON__Q9H552	10	25	17	40.7	66.017	3.43E-227	8645700000
CON__H-INV:HIT000292931	10	25	17	40.7	66.017	3.43E-227	8645700000
CON__P19001	4	3	1	2.2	44.541	2.84E-08	33841000
CON__P08727	4	3	1	2.2	44.541	2.84E-08	33841000
36872_MH_MC	4	3	1	2.2	44.541	2.84E-08	33841000
CON__P05784	4	3	1	2.2	44.541	2.84E-08	33841000
CON__P08779	1	10	5	9.9	51.267	4.69E-27	113300000
CON__P13645	7	18	15	39.5	59.51	0	3352000000
CON__P02535-1	7	18	15	39.5	59.51	0	3352000000
CON__Q7Z3Y8	7	18	15	39.5	59.51	0	3352000000
CON__Q7Z3Y7	7	18	15	39.5	59.51	0	3352000000
CON__Q148H6	7	18	15	39.5	59.51	0	3352000000
CON__Q7Z3Z0	7	18	15	39.5	59.51	0	3352000000
CON__Q2M2I5	7	18	15	39.5	59.51	0	3352000000
CON__P13647	6	10	1	1.5	62.378	1.17E-21	247700000
CON__Q8VED5	6	10	1	1.5	62.378	1.17E-21	247700000
CON__O95678	6	10	1	1.5	62.378	1.17E-21	247700000
CON__Q5XKE5	6	10	1	1.5	62.378	1.17E-21	247700000
CON__P07744	6	10	1	1.5	62.378	1.17E-21	247700000
CON__REFSEQ:XP_932229	6	10	1	1.5	62.378	1.17E-21	247700000
CON__P35527	1	23	23	57.8	62.129	0	5025300000
CON__P35908	1	21	12	30.4	65.865	5.16E-95	1522700000
CON__Q86YZ3	1	1	1	2.7	282.39	1.70E-33	0
REV__102053_MH_MC	1	1	1	9.2	13.155	0.051348	226170000
REV__136357_MH_MC	1	1	1	16.7	7.5969	0.028955	16033000
REV__160563_MH_MC	1	1	1	4	21.438	0.013379	16297000
REV__30770_MH_MC	1	1	1	22.7	5.3682	0.019133	121680000
REV__36846_MH_MC	1	1	1	2	46.876	0.015576	10405000
REV__4247_MH_MC	1	1	1	9.8	14.259	0.052742	40173000
REV__44832_MH_MC	1	1	1	5.7	25.006	0.01472	34353000
REV__9044_MH_MC	2	1	1	8.1	12.598	0.010046	23278000
REV__45319_MH_MC	2	1	1	8.1	12.598	0.010046	23278000
REV__48692_MH_MC	1	1	1	2.9	29.188	0.023212	62372000
REV__68568_MH_MC	1	1	1	9.9	13.21	0.023381	15297000
REV__70004_MH_MC	1	1	1	6.2	15.13	0.012319	13268000
REV__85797_MH_MC	1	1	1	5.5	20.071	0.018491	11888000
REV__9395_MH_MC	1	1	1	5.7	29.145	0.0109	0
100_MH_MC	6	2	2	5.3	45.348	6.67E-08	121960000
99_MH_MC	6	2	2	5.3	45.348	6.67E-08	121960000
39351_MH_MC	6	2	2	5.3	45.348	6.67E-08	121960000
28423_MH_MC	6	2	2	5.3	45.348	6.67E-08	121960000
20546_MH_MC	6	2	2	5.3	45.348	6.67E-08	121960000
160410_MH_MC	6	2	2	5.3	45.348	6.67E-08	121960000
100870_MH_MC	2	1	1	22.1	14.987	1.92E-25	428710000
40436_MH_MC	2	1	1	22.1	14.987	1.92E-25	428710000
102_MH_MC	4	4	3	8.4	50.275	7.60E-10	61777000
28424_MH_MC	4	4	3	8.4	50.275	7.60E-10	61777000
CON__ENSEMBL:ENSBTAP00000016242	4	4	3	8.4	50.275	7.60E-10	61777000
101_MH_MC	4	4	3	8.4	50.275	7.60E-10	61777000
43448_MH_MC	3	1	1	1.6	93.628	0.00093806	13192000
22145_MH_MC	3	1	1	1.6	93.628	0.00093806	13192000
101374_MH_MC	3	1	1	1.6	93.628	0.00093806	13192000
102741_MH_MC	5	1	1	3.1	49.066	0.001544	12532000
31980_MH_MC	5	1	1	3.1	49.066	0.001544	12532000
1869_MH_MC	5	1	1	3.1	49.066	0.001544	12532000
26559_MH_MC	5	1	1	3.1	49.066	0.001544	12532000
1868_MH_MC	5	1	1	3.1	49.066	0.001544	12532000
102956_MH_MC	5	2	2	12.7	18.814	5.82E-05	22089000
3249_MH_MC	5	2	2	12.7	18.814	5.82E-05	22089000
3247_MH_MC	5	2	2	12.7	18.814	5.82E-05	22089000
3246_MH_MC	5	2	2	12.7	18.814	5.82E-05	22089000
3248_MH_MC	5	2	2	12.7	18.814	5.82E-05	22089000
102962_MH_MC	1	1	1	13.3	6.6396	0.01345	368700000
44722_MH_MC	2	1	1	2.8	64.178	0.00089758	19239000
103101_MH_MC	2	1	1	2.8	64.178	0.00089758	19239000
105061_MH_MC	1	1	1	8.2	12.585	0.0023743	59008000
30222_MH_MC	4	1	1	5.1	37.385	6.35E-08	0
30223_MH_MC	4	1	1	5.1	37.385	6.35E-08	0
46855_MH_MC	4	1	1	5.1	37.385	6.35E-08	0
1054_MH_MC	4	1	1	5.1	37.385	6.35E-08	0
105403_MH_MC	2	11	0	0	65.711	7.07E-61	260140000
14431_MH_MC	2	11	0	0	65.711	7.07E-61	260140000
1055_MH_MC	1	1	1	18.9	10.656	1.39E-08	0
10561_MH_MC	1	2	2	50	6.5826	0.00023994	0
30250_MH_MC	5	1	1	6.3	38.814	5.01E-12	10395000
30251_MH_MC	5	1	1	6.3	38.814	5.01E-12	10395000
1060_MH_MC	5	1	1	6.3	38.814	5.01E-12	10395000
1061_MH_MC	5	1	1	6.3	38.814	5.01E-12	10395000
131525_MH_MC	5	1	1	6.3	38.814	5.01E-12	10395000
21966_MH_MC	5	1	1	2.9	40.065	0.014834	5126900
106573_MH_MC	5	1	1	2.9	40.065	0.014834	5126900
30757_MH_MC	5	1	1	2.9	40.065	0.014834	5126900
162521_MH_MC	5	1	1	2.9	40.065	0.014834	5126900
30756_MH_MC	5	1	1	2.9	40.065	0.014834	5126900
10668_MH_MC	1	1	1	45.3	5.9807	1.38E-08	0
29210_MH_MC	4	1	1	5.8	33.629	9.70E-08	0
107231_MH_MC	4	1	1	5.8	33.629	9.70E-08	0
22431_MH_MC	4	1	1	5.8	33.629	9.70E-08	0
29211_MH_MC	4	1	1	5.8	33.629	9.70E-08	0
44720_MH_MC	3	1	1	2.8	31.29	0.011353	241960000
107263_MH_MC	3	1	1	2.8	31.29	0.011353	241960000
17616_MH_MC	3	1	1	2.8	31.29	0.011353	241960000
107592_MH_MC	3	1	1	2.9	47.369	0.030589	243430000
25988_MH_MC	3	1	1	2.9	47.369	0.030589	243430000
17685_MH_MC	3	1	1	2.9	47.369	0.030589	243430000
28630_MH_MC	4	2	2	5.3	51.509	4.35E-06	31687000
28631_MH_MC	4	2	2	5.3	51.509	4.35E-06	31687000
107965_MH_MC	4	2	2	5.3	51.509	4.35E-06	31687000
22488_MH_MC	4	2	2	5.3	51.509	4.35E-06	31687000
43988_MH_MC	3	2	2	18.8	22.944	7.45E-23	210360000
108598_MH_MC	3	2	2	18.8	22.944	7.45E-23	210360000
27423_MH_MC	3	2	2	18.8	22.944	7.45E-23	210360000
109142_MH_MC	1	1	1	12.5	10.38	0.01073	48441000
10920_MH_MC	1	5	1	32	10.678	3.65E-52	150490000
1102_MH_MC	7	4	1	9.7	18.738	1.99E-12	35368000
1103_MH_MC	7	4	1	9.7	18.738	1.99E-12	35368000
30308_MH_MC	7	4	1	9.7	18.738	1.99E-12	35368000
30309_MH_MC	7	4	1	9.7	18.738	1.99E-12	35368000
2772_MH_MC	7	4	1	9.7	18.738	1.99E-12	35368000
16281_MH_MC	7	4	1	9.7	18.738	1.99E-12	35368000
41422_MH_MC	7	4	1	9.7	18.738	1.99E-12	35368000
11020_MH_MC	2	5	5	66.3	10.144	1.08E-21	489230000
138637_MH_MC	2	5	5	66.3	10.144	1.08E-21	489230000
110372_MH_MC	1	1	1	5.4	21.642	0.0043755	71141000
31572_MH_MC	3	2	2	18	14.609	1.72E-08	79389000
1676_MH_MC	3	2	2	18	14.609	1.72E-08	79389000
11053_MH_MC	3	2	2	18	14.609	1.72E-08	79389000
5895_MH_MC	4	1	1	2.3	65.022	0.00064742	0
27369_MH_MC	4	1	1	2.3	65.022	0.00064742	0
110633_MH_MC	4	1	1	2.3	65.022	0.00064742	0
171564_MH_MC	4	1	1	2.3	65.022	0.00064742	0
11097_MH_MC	1	3	1	12.2	9.5186	1.87E-09	170810000
1111_MH_MC	8	2	2	3.3	58.996	0.00051367	89779000
1112_MH_MC	8	2	2	3.3	58.996	0.00051367	89779000
77988_MH_MC	8	2	2	3.3	58.996	0.00051367	89779000
23980_MH_MC	8	2	2	3.3	58.996	0.00051367	89779000
30340_MH_MC	8	2	2	3.3	58.996	0.00051367	89779000
1108_MH_MC	8	2	2	3.3	58.996	0.00051367	89779000
1110_MH_MC	8	2	2	3.3	58.996	0.00051367	89779000
16266_MH_MC	8	2	2	3.3	58.996	0.00051367	89779000
22783_MH_MC	3	1	1	6.3	26.648	6.88E-05	0
38044_MH_MC	3	1	1	6.3	26.648	6.88E-05	0
111408_MH_MC	3	1	1	6.3	26.648	6.88E-05	0
112083_MH_MC	1	1	1	5.4	17.544	0.010326	14308000
40961_MH_MC	3	2	2	2.4	122.46	2.24E-06	13977000
170846_MH_MC	3	2	2	2.4	122.46	2.24E-06	13977000
112235_MH_MC	3	2	2	2.4	122.46	2.24E-06	13977000
7601_MH_MC	2	1	1	7.7	21.037	0.00037663	0
11248_MH_MC	2	1	1	7.7	21.037	0.00037663	0
22432_MH_MC	4	1	1	10.8	22.173	1.34E-07	19917000
113238_MH_MC	4	1	1	10.8	22.173	1.34E-07	19917000
28660_MH_MC	4	1	1	10.8	22.173	1.34E-07	19917000
28659_MH_MC	4	1	1	10.8	22.173	1.34E-07	19917000
13357_MH_MC	3	2	2	15.7	19.316	4.60E-09	51418000
1135_MH_MC	3	2	2	15.7	19.316	4.60E-09	51418000
1134_MH_MC	3	2	2	15.7	19.316	4.60E-09	51418000
30381_MH_MC	3	1	1	8.8	13.171	0.012112	105980000
1136_MH_MC	3	1	1	8.8	13.171	0.012112	105980000
139393_MH_MC	3	1	1	8.8	13.171	0.012112	105980000
21773_MH_MC	2	1	1	2	57.988	0.0062591	0
114109_MH_MC	2	1	1	2	57.988	0.0062591	0
40938_MH_MC	3	1	1	5.6	33.473	1.01E-06	0
157965_MH_MC	3	1	1	5.6	33.473	1.01E-06	0
11522_MH_MC	3	1	1	5.6	33.473	1.01E-06	0
11567_MH_MC	1	1	1	12.7	11.75	2.96E-15	32846000
116057_MH_MC	4	2	2	5.4	40.632	3.51E-06	47587000
44641_MH_MC	4	2	2	5.4	40.632	3.51E-06	47587000
21503_MH_MC	4	2	2	5.4	40.632	3.51E-06	47587000
14382_MH_MC	4	2	2	5.4	40.632	3.51E-06	47587000
1162_MH_MC	8	7	7	7.8	104.61	7.10E-19	405360000
1161_MH_MC	8	7	7	7.8	104.61	7.10E-19	405360000
30429_MH_MC	8	7	7	7.8	104.61	7.10E-19	405360000
23366_MH_MC	8	7	7	7.8	104.61	7.10E-19	405360000
112315_MH_MC	8	7	7	7.8	104.61	7.10E-19	405360000
15823_MH_MC	8	7	7	7.8	104.61	7.10E-19	405360000
1160_MH_MC	8	7	7	7.8	104.61	7.10E-19	405360000
20045_MH_MC	8	7	7	7.8	104.61	7.10E-19	405360000
14212_MH_MC	3	4	4	13.3	43.401	1.13E-13	34728000
41476_MH_MC	3	4	4	13.3	43.401	1.13E-13	34728000
116170_MH_MC	3	4	4	13.3	43.401	1.13E-13	34728000
14210_MH_MC	9	6	6	27.5	27.984	9.21E-77	521830000
116249_MH_MC	9	6	6	27.5	27.984	9.21E-77	521830000
39473_MH_MC	9	6	6	27.5	27.984	9.21E-77	521830000
6723_MH_MC	9	6	6	27.5	27.984	9.21E-77	521830000
5946_MH_MC	9	6	6	27.5	27.984	9.21E-77	521830000
4937_MH_MC	9	6	6	27.5	27.984	9.21E-77	521830000
4805_MH_MC	9	6	6	27.5	27.984	9.21E-77	521830000
6875_MH_MC	9	6	6	27.5	27.984	9.21E-77	521830000
4804_MH_MC	9	6	6	27.5	27.984	9.21E-77	521830000
1163_MH_MC	2	3	3	8	49.524	5.76E-08	68348000
13145_MH_MC	2	3	3	8	49.524	5.76E-08	68348000
44454_MH_MC	3	1	1	10.8	13.026	2.55E-09	0
136765_MH_MC	3	1	1	10.8	13.026	2.55E-09	0
11638_MH_MC	3	1	1	10.8	13.026	2.55E-09	0
30435_MH_MC	7	1	1	3.9	39.638	0.00056026	12608000
1164_MH_MC	7	1	1	3.9	39.638	0.00056026	12608000
1165_MH_MC	7	1	1	3.9	39.638	0.00056026	12608000
1166_MH_MC	7	1	1	3.9	39.638	0.00056026	12608000
19558_MH_MC	7	1	1	3.9	39.638	0.00056026	12608000
133935_MH_MC	7	1	1	3.9	39.638	0.00056026	12608000
12442_MH_MC	7	1	1	3.9	39.638	0.00056026	12608000
11663_MH_MC	2	2	1	25.8	10.621	3.45E-42	41708000
158166_MH_MC	2	2	1	25.8	10.621	3.45E-42	41708000
1792_MH_MC	3	1	1	6.7	21.009	0.013573	18865000
1791_MH_MC	3	1	1	6.7	21.009	0.013573	18865000
11677_MH_MC	3	1	1	6.7	21.009	0.013573	18865000
30431_MH_MC	2	1	1	2.9	31.218	0.021254	25569000
1170_MH_MC	2	1	1	2.9	31.218	0.021254	25569000
158290_MH_MC	2	1	1	7.6	15.843	0.0021076	0
11737_MH_MC	2	1	1	7.6	15.843	0.0021076	0
1176_MH_MC	10	5	5	12.6	49.651	5.79E-24	155260000
30486_MH_MC	10	5	5	12.6	49.651	5.79E-24	155260000
1175_MH_MC	10	5	5	12.6	49.651	5.79E-24	155260000
30485_MH_MC	10	5	5	12.6	49.651	5.79E-24	155260000
1174_MH_MC	10	5	5	12.6	49.651	5.79E-24	155260000
15361_MH_MC	10	5	5	12.6	49.651	5.79E-24	155260000
172102_MH_MC	10	5	5	12.6	49.651	5.79E-24	155260000
22759_MH_MC	10	5	5	12.6	49.651	5.79E-24	155260000
163906_MH_MC	10	5	5	12.6	49.651	5.79E-24	155260000
124570_MH_MC	10	5	5	12.6	49.651	5.79E-24	155260000
33651_MH_MC	5	2	2	7.2	29.658	0.00027799	141780000
33652_MH_MC	5	2	2	7.2	29.658	0.00027799	141780000
11780_MH_MC	5	2	2	7.2	29.658	0.00027799	141780000
43845_MH_MC	5	2	2	7.2	29.658	0.00027799	141780000
136277_MH_MC	5	2	2	7.2	29.658	0.00027799	141780000
118146_MH_MC	1	1	1	17.2	7.3475	0.0014017	11799000
11849_MH_MC	1	1	1	11.1	14.888	0.0032905	0
43115_MH_MC	3	1	1	3.9	32.968	0.014035	0
11885_MH_MC	3	1	1	3.9	32.968	0.014035	0
135927_MH_MC	3	1	1	3.9	32.968	0.014035	0
34059_MH_MC	6	1	1	1.8	73.222	0.0024341	14453000
34058_MH_MC	6	1	1	1.8	73.222	0.0024341	14453000
119079_MH_MC	6	1	1	1.8	73.222	0.0024341	14453000
22093_MH_MC	6	1	1	1.8	73.222	0.0024341	14453000
14860_MH_MC	6	1	1	1.8	73.222	0.0024341	14453000
162741_MH_MC	6	1	1	1.8	73.222	0.0024341	14453000
119183_MH_MC	1	4	0	0	15.443	1.03E-17	152450000
43947_MH_MC	2	3	3	8.9	44.916	4.82E-20	183760000
119651_MH_MC	2	3	3	8.9	44.916	4.82E-20	183760000
41610_MH_MC	3	1	1	2.3	50.393	0.0043871	0
119726_MH_MC	3	1	1	2.3	50.393	0.0043871	0
21268_MH_MC	3	1	1	2.3	50.393	0.0043871	0
11978_MH_MC	1	2	2	33.7	10.564	0.00020444	53719000
120095_MH_MC	1	1	1	10.9	12.579	0.0014041	12844000
120409_MH_MC	1	1	1	11.9	7.9753	0.017648	0
7320_MH_MC	4	1	1	8.7	13.924	2.17E-05	49941000
120544_MH_MC	4	1	1	8.7	13.924	2.17E-05	49941000
14880_MH_MC	4	1	1	8.7	13.924	2.17E-05	49941000
162798_MH_MC	4	1	1	8.7	13.924	2.17E-05	49941000
29097_MH_MC	7	1	1	2	49.567	0.021737	42006000
29100_MH_MC	7	1	1	2	49.567	0.021737	42006000
29099_MH_MC	7	1	1	2	49.567	0.021737	42006000
29098_MH_MC	7	1	1	2	49.567	0.021737	42006000
484_MH_MC	7	1	1	2	49.567	0.021737	42006000
29101_MH_MC	7	1	1	2	49.567	0.021737	42006000
120888_MH_MC	7	1	1	2	49.567	0.021737	42006000
40341_MH_MC	4	3	3	6.9	63.019	2.24E-07	61155000
12099_MH_MC	4	3	3	6.9	63.019	2.24E-07	61155000
135243_MH_MC	4	3	3	6.9	63.019	2.24E-07	61155000
158748_MH_MC	4	3	3	6.9	63.019	2.24E-07	61155000
1214_MH_MC	6	1	1	2.7	52.539	0.002607	0
30545_MH_MC	6	1	1	2.7	52.539	0.002607	0
30544_MH_MC	6	1	1	2.7	52.539	0.002607	0
1213_MH_MC	6	1	1	2.7	52.539	0.002607	0
20287_MH_MC	6	1	1	2.7	52.539	0.002607	0
160099_MH_MC	6	1	1	2.7	52.539	0.002607	0
121711_MH_MC	3	7	7	43.9	21.248	1.26E-74	703300000
41143_MH_MC	3	7	7	43.9	21.248	1.26E-74	703300000
23553_MH_MC	3	7	7	43.9	21.248	1.26E-74	703300000
21211_MH_MC	3	1	1	5	29.959	0.0016238	48235000
37004_MH_MC	3	1	1	5	29.959	0.0016238	48235000
121718_MH_MC	3	1	1	5	29.959	0.0016238	48235000
121762_MH_MC	2	1	1	2.6	38.846	0.019377	0
14063_MH_MC	2	1	1	2.6	38.846	0.019377	0
122070_MH_MC	4	4	4	20.9	28.999	4.07E-20	126490000
37034_MH_MC	4	4	4	20.9	28.999	4.07E-20	126490000
21197_MH_MC	4	4	4	20.9	28.999	4.07E-20	126490000
14044_MH_MC	4	4	4	20.9	28.999	4.07E-20	126490000
7415_MH_MC	5	2	2	3.8	53.097	0.00019761	26274000
40639_MH_MC	5	2	2	3.8	53.097	0.00019761	26274000
22505_MH_MC	5	2	2	3.8	53.097	0.00019761	26274000
122130_MH_MC	5	2	2	3.8	53.097	0.00019761	26274000
15172_MH_MC	5	2	2	3.8	53.097	0.00019761	26274000
31011_MH_MC	4	1	1	3.6	52.02	2.08E-11	0
1411_MH_MC	4	1	1	3.6	52.02	2.08E-11	0
122203_MH_MC	4	1	1	3.6	52.02	2.08E-11	0
14038_MH_MC	4	1	1	3.6	52.02	2.08E-11	0
44892_MH_MC	2	4	4	31.6	19.763	6.75E-11	906490000
12228_MH_MC	2	4	4	31.6	19.763	6.75E-11	906490000
122345_MH_MC	4	9	9	34.7	34.52	5.92E-104	3942700000
21186_MH_MC	4	9	9	34.7	34.52	5.92E-104	3942700000
14028_MH_MC	4	9	9	34.7	34.52	5.92E-104	3942700000
46270_MH_MC	4	9	9	34.7	34.52	5.92E-104	3942700000
31370_MH_MC	4	1	1	3	42.52	0.0081203	49744000
31372_MH_MC	4	1	1	3	42.52	0.0081203	49744000
134693_MH_MC	4	1	1	3	42.52	0.0081203	49744000
12238_MH_MC	4	1	1	3	42.52	0.0081203	49744000
44535_MH_MC	2	2	2	10.6	25.05	2.58E-11	19428000
12257_MH_MC	2	2	2	10.6	25.05	2.58E-11	19428000
21168_MH_MC	6	1	1	7	22.126	0.0055051	0
14008_MH_MC	6	1	1	7	22.126	0.0055051	0
29183_MH_MC	6	1	1	7	22.126	0.0055051	0
122742_MH_MC	6	1	1	7	22.126	0.0055051	0
532_MH_MC	6	1	1	7	22.126	0.0055051	0
161228_MH_MC	6	1	1	7	22.126	0.0055051	0
12886_MH_MC	9	1	1	13.3	16.16	2.41E-07	11107000
5944_MH_MC	9	1	1	13.3	16.16	2.41E-07	11107000
1846_MH_MC	9	1	1	13.3	16.16	2.41E-07	11107000
131807_MH_MC	9	1	1	13.3	16.16	2.41E-07	11107000
1845_MH_MC	9	1	1	13.3	16.16	2.41E-07	11107000
5945_MH_MC	9	1	1	13.3	16.16	2.41E-07	11107000
137150_MH_MC	9	1	1	13.3	16.16	2.41E-07	11107000
123039_MH_MC	9	1	1	13.3	16.16	2.41E-07	11107000
162143_MH_MC	9	1	1	13.3	16.16	2.41E-07	11107000
123590_MH_MC	3	3	3	14.4	34.072	1.38E-06	39702000
7955_MH_MC	3	3	3	14.4	34.072	1.38E-06	39702000
21116_MH_MC	3	3	3	14.4	34.072	1.38E-06	39702000
2659_MH_MC	3	1	1	7.6	21.054	9.17E-06	0
19493_MH_MC	3	1	1	7.6	21.054	9.17E-06	0
12376_MH_MC	3	1	1	7.6	21.054	9.17E-06	0
12378_MH_MC	2	1	1	7.5	20.707	0.001544	29524000
134238_MH_MC	2	1	1	7.5	20.707	0.001544	29524000
43173_MH_MC	3	3	3	16	30.372	1.33E-06	0
12396_MH_MC	3	3	3	16	30.372	1.33E-06	0
134160_MH_MC	3	3	3	16	30.372	1.33E-06	0
123978_MH_MC	2	3	2	11.3	23.706	9.59E-46	103230000
13932_MH_MC	2	3	2	11.3	23.706	9.59E-46	103230000
43317_MH_MC	4	2	2	12.3	37.405	0.00019955	62475000
8232_MH_MC	4	2	2	12.3	37.405	0.00019955	62475000
12400_MH_MC	4	2	2	12.3	37.405	0.00019955	62475000
8233_MH_MC	4	2	2	12.3	37.405	0.00019955	62475000
21088_MH_MC	2	1	1	5.2	27.14	0.0085048	0
124135_MH_MC	2	1	1	5.2	27.14	0.0085048	0
42485_MH_MC	4	1	1	2.6	34.832	0.019862	49641000
124217_MH_MC	4	1	1	2.6	34.832	0.019862	49641000
21085_MH_MC	4	1	1	2.6	34.832	0.019862	49641000
13919_MH_MC	4	1	1	2.6	34.832	0.019862	49641000
12426_MH_MC	1	2	2	16.8	17.17	6.55E-05	57511000
13893_MH_MC	5	3	3	12.7	32.293	1.49E-11	197800000
124608_MH_MC	5	3	3	12.7	32.293	1.49E-11	197800000
21061_MH_MC	5	3	3	12.7	32.293	1.49E-11	197800000
46413_MH_MC	5	3	3	12.7	32.293	1.49E-11	197800000
44483_MH_MC	5	3	3	12.7	32.293	1.49E-11	197800000
35126_MH_MC	5	1	1	1.7	80.11	0.006309	16904000
35129_MH_MC	5	1	1	1.7	80.11	0.006309	16904000
35127_MH_MC	5	1	1	1.7	80.11	0.006309	16904000
12472_MH_MC	5	1	1	1.7	80.11	0.006309	16904000
159227_MH_MC	5	1	1	1.7	80.11	0.006309	16904000
124735_MH_MC	4	3	3	12.9	34.668	1.41E-16	84289000
13884_MH_MC	4	3	3	12.9	34.668	1.41E-16	84289000
21053_MH_MC	4	3	3	12.9	34.668	1.41E-16	84289000
43737_MH_MC	4	3	3	12.9	34.668	1.41E-16	84289000
42203_MH_MC	4	1	1	3.4	43.681	0.00012188	0
21044_MH_MC	4	1	1	3.4	43.681	0.00012188	0
124817_MH_MC	4	1	1	3.4	43.681	0.00012188	0
13877_MH_MC	4	1	1	3.4	43.681	0.00012188	0
43365_MH_MC	4	4	4	17.8	31.997	7.95E-44	180480000
124974_MH_MC	4	4	4	17.8	31.997	7.95E-44	180480000
13873_MH_MC	4	4	4	17.8	31.997	7.95E-44	180480000
21041_MH_MC	4	4	4	17.8	31.997	7.95E-44	180480000
44030_MH_MC	5	1	1	2.2	80.548	0.002156	8199700
8470_MH_MC	5	1	1	2.2	80.548	0.002156	8199700
8471_MH_MC	5	1	1	2.2	80.548	0.002156	8199700
13869_MH_MC	5	1	1	2.2	80.548	0.002156	8199700
125024_MH_MC	5	1	1	2.2	80.548	0.002156	8199700
13865_MH_MC	3	1	1	4.1	30.717	0.0042215	0
21036_MH_MC	3	1	1	4.1	30.717	0.0042215	0
125053_MH_MC	3	1	1	4.1	30.717	0.0042215	0
12519_MH_MC	3	5	5	35.8	19.579	1.12E-30	2161300000
19644_MH_MC	3	5	5	35.8	19.579	1.12E-30	2161300000
133652_MH_MC	3	5	5	35.8	19.579	1.12E-30	2161300000
43576_MH_MC	4	2	2	12.2	23.524	2.41E-15	68183000
133459_MH_MC	4	2	2	12.2	23.524	2.41E-15	68183000
12557_MH_MC	4	2	2	12.2	23.524	2.41E-15	68183000
19688_MH_MC	4	2	2	12.2	23.524	2.41E-15	68183000
125573_MH_MC	5	2	2	9.4	27.725	8.07E-25	68354000
20989_MH_MC	5	2	2	9.4	27.725	8.07E-25	68354000
160973_MH_MC	5	2	2	9.4	27.725	8.07E-25	68354000
13813_MH_MC	5	2	2	9.4	27.725	8.07E-25	68354000
160974_MH_MC	5	2	2	9.4	27.725	8.07E-25	68354000
125631_MH_MC	2	1	1	9.5	16.923	0.021181	18735000
22242_MH_MC	2	1	1	9.5	16.923	0.021181	18735000
42180_MH_MC	3	1	1	3.9	53.295	2.65E-20	27795000
19714_MH_MC	3	1	1	3.9	53.295	2.65E-20	27795000
12585_MH_MC	3	1	1	3.9	53.295	2.65E-20	27795000
7326_MH_MC	4	1	1	9.4	21.4	1.97E-09	53390000
19723_MH_MC	4	1	1	9.4	21.4	1.97E-09	53390000
133321_MH_MC	4	1	1	9.4	21.4	1.97E-09	53390000
12595_MH_MC	4	1	1	9.4	21.4	1.97E-09	53390000
8080_MH_MC	2	3	3	20	20.518	6.75E-17	75801000
12599_MH_MC	2	3	3	20	20.518	6.75E-17	75801000
126065_MH_MC	2	4	4	15.8	31.081	1.37E-08	403510000
20948_MH_MC	2	4	4	15.8	31.081	1.37E-08	403510000
159397_MH_MC	4	1	1	6.5	16.737	0.013455	46850000
133207_MH_MC	4	1	1	6.5	16.737	0.013455	46850000
19742_MH_MC	4	1	1	6.5	16.737	0.013455	46850000
12617_MH_MC	4	1	1	6.5	16.737	0.013455	46850000
43557_MH_MC	2	2	2	14.9	22.845	4.04E-10	29741000
12633_MH_MC	2	2	2	14.9	22.845	4.04E-10	29741000
28932_MH_MC	4	1	1	4.1	35.733	0.00010317	0
132998_MH_MC	4	1	1	4.1	35.733	0.00010317	0
19774_MH_MC	4	1	1	4.1	35.733	0.00010317	0
12652_MH_MC	4	1	1	4.1	35.733	0.00010317	0
12660_MH_MC	4	3	3	23.7	19.758	2.66E-10	37095000
133015_MH_MC	4	3	3	23.7	19.758	2.66E-10	37095000
159445_MH_MC	4	3	3	23.7	19.758	2.66E-10	37095000
44073_MH_MC	4	3	3	23.7	19.758	2.66E-10	37095000
15051_MH_MC	4	3	3	22.1	21.358	2.36E-09	127640000
163187_MH_MC	4	3	3	22.1	21.358	2.36E-09	127640000
126672_MH_MC	4	3	3	22.1	21.358	2.36E-09	127640000
36890_MH_MC	4	3	3	22.1	21.358	2.36E-09	127640000
126728_MH_MC	3	6	1	7.1	25.921	7.31E-33	146020000
20882_MH_MC	3	6	1	7.1	25.921	7.31E-33	146020000
13719_MH_MC	3	6	1	7.1	25.921	7.31E-33	146020000
7318_MH_MC	3	1	1	1.9	58.126	0.0088244	0
20880_MH_MC	3	1	1	1.9	58.126	0.0088244	0
126740_MH_MC	3	1	1	1.9	58.126	0.0088244	0
126762_MH_MC	2	1	1	9	16.141	0.00043398	0
20879_MH_MC	2	1	1	9	16.141	0.00043398	0
33063_MH_MC	2	1	1	3.4	50.591	5.60E-10	35821000
127086_MH_MC	2	1	1	3.4	50.591	5.60E-10	35821000
42139_MH_MC	4	1	1	4.5	30.717	0.010918	12993000
127151_MH_MC	4	1	1	4.5	30.717	0.010918	12993000
13683_MH_MC	4	1	1	4.5	30.717	0.010918	12993000
20835_MH_MC	4	1	1	4.5	30.717	0.010918	12993000
30502_MH_MC	4	1	1	3.8	26.323	0.0080496	112390000
12725_MH_MC	4	1	1	3.8	26.323	0.0080496	112390000
132680_MH_MC	4	1	1	3.8	26.323	0.0080496	112390000
93889_MH_MC	4	1	1	3.8	26.323	0.0080496	112390000
33055_MH_MC	4	5	5	23.8	24.035	4.04E-19	2133000000
127367_MH_MC	4	5	5	23.8	24.035	4.04E-19	2133000000
20801_MH_MC	4	5	5	23.8	24.035	4.04E-19	2133000000
13645_MH_MC	4	5	5	23.8	24.035	4.04E-19	2133000000
127535_MH_MC	1	1	1	11.5	7.2483	0.044396	24260000
13618_MH_MC	5	1	1	7.2	25.6	0.0028925	24648000
127566_MH_MC	5	1	1	7.2	25.6	0.0028925	24648000
20775_MH_MC	5	1	1	7.2	25.6	0.0028925	24648000
3190_MH_MC	5	1	1	7.2	25.6	0.0028925	24648000
3191_MH_MC	5	1	1	7.2	25.6	0.0028925	24648000
127568_MH_MC	1	1	1	13.4	9.7985	0.041149	45089000
43415_MH_MC	3	1	1	1.1	121.31	0.0021171	8724800
13619_MH_MC	3	1	1	1.1	121.31	0.0021171	8724800
127575_MH_MC	3	1	1	1.1	121.31	0.0021171	8724800
7530_MH_MC	3	1	1	4.2	34.107	0.017235	8701500
20756_MH_MC	3	1	1	4.2	34.107	0.017235	8701500
127716_MH_MC	3	1	1	4.2	34.107	0.017235	8701500
44311_MH_MC	4	1	1	2.9	31.801	0.035054	38234000
13584_MH_MC	4	1	1	2.9	31.801	0.035054	38234000
20744_MH_MC	4	1	1	2.9	31.801	0.035054	38234000
127836_MH_MC	4	1	1	2.9	31.801	0.035054	38234000
33768_MH_MC	4	1	1	5.6	28.627	0.0099372	18147000
127849_MH_MC	4	1	1	5.6	28.627	0.0099372	18147000
13583_MH_MC	4	1	1	5.6	28.627	0.0099372	18147000
2742_MH_MC	4	1	1	5.6	28.627	0.0099372	18147000
160638_MH_MC	2	1	1	3.6	28.424	0.018897	0
127888_MH_MC	2	1	1	3.6	28.424	0.018897	0
127915_MH_MC	3	4	4	25.9	23.456	2.31E-14	306540000
13568_MH_MC	3	4	4	25.9	23.456	2.31E-14	306540000
36163_MH_MC	3	4	4	25.9	23.456	2.31E-14	306540000
44819_MH_MC	2	1	1	5.6	18.818	0.00020903	97531000
12803_MH_MC	2	1	1	5.6	18.818	0.00020903	97531000
128047_MH_MC	1	5	5	23.7	27.51	4.01E-12	655440000
20693_MH_MC	2	3	3	13.4	26.855	2.87E-08	141840000
128190_MH_MC	2	3	3	13.4	26.855	2.87E-08	141840000
13527_MH_MC	2	1	1	6.4	19.265	0.01226	0
128194_MH_MC	2	1	1	6.4	19.265	0.01226	0
128204_MH_MC	1	1	1	23.9	8.606	1.30E-07	17702000
8231_MH_MC	5	1	1	3	37.848	0.00026974	44372000
160584_MH_MC	5	1	1	3	37.848	0.00026974	44372000
20692_MH_MC	5	1	1	3	37.848	0.00026974	44372000
128212_MH_MC	5	1	1	3	37.848	0.00026974	44372000
13525_MH_MC	5	1	1	3	37.848	0.00026974	44372000
8265_MH_MC	6	1	1	4.2	36.204	0.0067867	25578000
8266_MH_MC	6	1	1	4.2	36.204	0.0067867	25578000
20671_MH_MC	6	1	1	4.2	36.204	0.0067867	25578000
13504_MH_MC	6	1	1	4.2	36.204	0.0067867	25578000
128303_MH_MC	6	1	1	4.2	36.204	0.0067867	25578000
13417_MH_MC	6	1	1	4.2	36.204	0.0067867	25578000
37775_MH_MC	3	1	1	3.6	38.109	0.007959	15621000
12832_MH_MC	3	1	1	3.6	38.109	0.007959	15621000
132090_MH_MC	3	1	1	3.6	38.109	0.007959	15621000
32167_MH_MC	3	1	1	3.3	48.399	0.0016309	29437000
12848_MH_MC	3	1	1	3.3	48.399	0.0016309	29437000
159678_MH_MC	3	1	1	3.3	48.399	0.0016309	29437000
128492_MH_MC	4	3	3	36.4	20	9.03E-35	1556800000
13478_MH_MC	4	3	3	36.4	20	9.03E-35	1556800000
20641_MH_MC	4	3	3	36.4	20	9.03E-35	1556800000
43565_MH_MC	4	3	3	36.4	20	9.03E-35	1556800000
20593_MH_MC	2	2	2	9.4	23.127	0.0010798	7741900
128749_MH_MC	2	2	2	9.4	23.127	0.0010798	7741900
33347_MH_MC	4	1	1	2.5	57.317	0.017753	0
13435_MH_MC	4	1	1	2.5	57.317	0.017753	0
128756_MH_MC	4	1	1	2.5	57.317	0.017753	0
20590_MH_MC	4	1	1	2.5	57.317	0.017753	0
8633_MH_MC	4	2	2	11.7	26.164	0.0001107	19166000
128859_MH_MC	4	2	2	11.7	26.164	0.0001107	19166000
20573_MH_MC	4	2	2	11.7	26.164	0.0001107	19166000
13420_MH_MC	4	2	2	11.7	26.164	0.0001107	19166000
12899_MH_MC	1	1	1	9	22.102	0.0020654	15358000
44036_MH_MC	4	1	1	2.5	50.519	0.022435	0
8472_MH_MC	4	1	1	2.5	50.519	0.022435	0
129375_MH_MC	4	1	1	2.5	50.519	0.022435	0
20480_MH_MC	4	1	1	2.5	50.519	0.022435	0
129445_MH_MC	5	2	1	20.7	8.883	4.67E-06	61438000
115578_MH_MC	5	2	1	20.7	8.883	4.67E-06	61438000
22009_MH_MC	5	2	1	20.7	8.883	4.67E-06	61438000
6629_MH_MC	5	2	1	20.7	8.883	4.67E-06	61438000
6628_MH_MC	5	2	1	20.7	8.883	4.67E-06	61438000
47017_MH_MC	3	2	2	15.6	15.734	3.56E-09	579670000
44998_MH_MC	3	2	2	15.6	15.734	3.56E-09	579670000
12960_MH_MC	3	2	2	15.6	15.734	3.56E-09	579670000
43948_MH_MC	2	2	2	10	32.94	2.32E-09	67153000
129651_MH_MC	2	2	2	10	32.94	2.32E-09	67153000
12968_MH_MC	1	1	1	8.4	17.446	4.95E-05	98313000
129872_MH_MC	5	2	2	20.3	17.137	1.90E-33	553260000
13246_MH_MC	5	2	2	20.3	17.137	1.90E-33	553260000
20394_MH_MC	5	2	2	20.3	17.137	1.90E-33	553260000
160203_MH_MC	5	2	2	20.3	17.137	1.90E-33	553260000
7830_MH_MC	5	2	2	20.3	17.137	1.90E-33	553260000
20299_MH_MC	2	3	3	13.2	13.256	3.75E-06	1618400000
130276_MH_MC	2	3	3	13.2	13.256	3.75E-06	1618400000
34285_MH_MC	3	3	3	18.5	26.746	5.60E-15	268830000
20298_MH_MC	3	3	3	18.5	26.746	5.60E-15	268830000
130277_MH_MC	3	3	3	18.5	26.746	5.60E-15	268830000
40910_MH_MC	4	1	1	7.1	23.478	0.00042999	0
20228_MH_MC	4	1	1	7.1	23.478	0.00042999	0
130619_MH_MC	4	1	1	7.1	23.478	0.00042999	0
13105_MH_MC	4	1	1	7.1	23.478	0.00042999	0
13086_MH_MC	4	2	2	24.1	17.281	9.41E-36	188580000
130692_MH_MC	4	2	2	24.1	17.281	9.41E-36	188580000
42642_MH_MC	4	2	2	24.1	17.281	9.41E-36	188580000
160003_MH_MC	4	2	2	24.1	17.281	9.41E-36	188580000
130737_MH_MC	1	1	1	15.4	7.5214	0.0070632	532290000
41517_MH_MC	2	1	1	6.5	26.687	0.0017122	25211000
131068_MH_MC	2	1	1	6.5	26.687	0.0017122	25211000
131088_MH_MC	1	1	1	6	21.266	0.014317	38231000
41181_MH_MC	5	5	5	23.2	29.352	2.41E-35	1274200000
13121_MH_MC	5	5	5	23.2	29.352	2.41E-35	1274200000
7556_MH_MC	5	5	5	23.2	29.352	2.41E-35	1274200000
160041_MH_MC	5	5	5	23.2	29.352	2.41E-35	1274200000
130515_MH_MC	5	5	5	23.2	29.352	2.41E-35	1274200000
131469_MH_MC	3	1	1	6.5	18.983	0.00091823	0
20050_MH_MC	3	1	1	6.5	18.983	0.00091823	0
36629_MH_MC	3	1	1	6.5	18.983	0.00091823	0
42090_MH_MC	2	3	3	11	40.155	2.86E-10	56868000
131731_MH_MC	2	3	3	11	40.155	2.86E-10	56868000
29972_MH_MC	3	1	1	3.4	44.568	0.0014816	36217000
131867_MH_MC	3	1	1	3.4	44.568	0.0014816	36217000
159702_MH_MC	3	1	1	3.4	44.568	0.0014816	36217000
13210_MH_MC	2	3	1	5.4	16.878	2.66E-14	86371000
44287_MH_MC	2	3	1	5.4	16.878	2.66E-14	86371000
42250_MH_MC	3	1	1	6.8	24.379	0.0039175	23918000
132221_MH_MC	3	1	1	6.8	24.379	0.0039175	23918000
19915_MH_MC	3	1	1	6.8	24.379	0.0039175	23918000
132306_MH_MC	2	3	1	17.4	18.366	5.23E-21	0
12797_MH_MC	2	3	1	17.4	18.366	5.23E-21	0
34026_MH_MC	2	2	2	8.3	59.067	8.13E-33	154330000
132443_MH_MC	2	2	2	8.3	59.067	8.13E-33	154330000
132617_MH_MC	3	3	3	15.2	16.835	4.49E-09	520960000
40513_MH_MC	3	3	3	15.2	16.835	4.49E-09	520960000
19840_MH_MC	3	3	3	15.2	16.835	4.49E-09	520960000
19830_MH_MC	3	1	1	11	15.006	0.0030616	0
132681_MH_MC	3	1	1	11	15.006	0.0030616	0
36962_MH_MC	3	1	1	11	15.006	0.0030616	0
132785_MH_MC	1	2	2	10.1	10.172	3.64E-13	268330000
43643_MH_MC	2	1	1	3.3	38.086	0.0030976	7614900
132859_MH_MC	2	1	1	3.3	38.086	0.0030976	7614900
132864_MH_MC	1	1	1	10.4	11.209	0.0019959	36362000
19793_MH_MC	3	1	1	9.1	15.612	0.018071	28909000
42859_MH_MC	3	1	1	9.1	15.612	0.018071	28909000
132924_MH_MC	3	1	1	9.1	15.612	0.018071	28909000
132928_MH_MC	1	2	1	8.2	16.894	5.37E-07	45937000
13303_MH_MC	2	3	1	7.7	20.838	4.68E-12	96567000
39786_MH_MC	2	3	1	7.7	20.838	4.68E-12	96567000
30892_MH_MC	4	1	1	6.4	19.525	0.00037011	0
133251_MH_MC	4	1	1	6.4	19.525	0.00037011	0
19734_MH_MC	4	1	1	6.4	19.525	0.00037011	0
30893_MH_MC	4	1	1	6.4	19.525	0.00037011	0
41473_MH_MC	2	4	4	10.9	45.091	1.37E-09	81754000
13331_MH_MC	2	4	4	10.9	45.091	1.37E-09	81754000
8483_MH_MC	3	1	1	5.1	35.506	8.42E-12	22250000
44066_MH_MC	3	1	1	5.1	35.506	8.42E-12	22250000
133399_MH_MC	3	1	1	5.1	35.506	8.42E-12	22250000
38584_MH_MC	3	1	1	1.9	45.802	0.0081147	28790000
13345_MH_MC	3	1	1	1.9	45.802	0.0081147	28790000
5520_MH_MC	3	1	1	1.9	45.802	0.0081147	28790000
35991_MH_MC	3	2	2	18.2	16.245	1.69E-06	57449000
133592_MH_MC	3	2	2	18.2	16.245	1.69E-06	57449000
19657_MH_MC	3	2	2	18.2	16.245	1.69E-06	57449000
134279_MH_MC	1	1	1	15.7	11.494	0.021397	21001000
134288_MH_MC	1	1	1	20	9.0515	4.53E-14	16901000
134339_MH_MC	1	3	1	12.3	12.408	3.14E-20	39179000
134548_MH_MC	2	2	2	27.7	10.98	2.06E-07	30230000
41293_MH_MC	2	2	2	27.7	10.98	2.06E-07	30230000
34006_MH_MC	2	1	1	8.5	22.928	1.69E-05	104940000
134736_MH_MC	2	1	1	8.5	22.928	1.69E-05	104940000
134851_MH_MC	1	1	1	8.3	14.64	0.0026105	45062000
134907_MH_MC	1	2	2	21.4	12.938	3.96E-10	40905000
134937_MH_MC	1	1	1	7.5	13.783	0.027503	23496000
44116_MH_MC	3	2	2	23.9	15.422	2.70E-22	67599000
134947_MH_MC	3	2	2	23.9	15.422	2.70E-22	67599000
36388_MH_MC	3	2	2	23.9	15.422	2.70E-22	67599000
13497_MH_MC	3	2	2	12	27.599	2.01E-06	0
128338_MH_MC	3	2	2	12	27.599	2.01E-06	0
160546_MH_MC	3	2	2	12	27.599	2.01E-06	0
40252_MH_MC	2	2	2	2.9	34.541	0.0009411	332930000
135192_MH_MC	2	2	2	2.9	34.541	0.0009411	332930000
135630_MH_MC	1	1	1	11.7	14.943	2.14E-07	13575000
13564_MH_MC	2	6	0	0	26.911	3.61E-19	78272000
127917_MH_MC	2	6	0	0	26.911	3.61E-19	78272000
135698_MH_MC	1	2	1	15.8	11.489	2.86E-26	123950000
31829_MH_MC	3	1	1	4.3	26.602	0.0012557	38137000
135718_MH_MC	3	1	1	4.3	26.602	0.0012557	38137000
1790_MH_MC	3	1	1	4.3	26.602	0.0012557	38137000
13607_MH_MC	2	3	3	28.7	14.803	2.62E-11	85536000
160679_MH_MC	2	3	3	28.7	14.803	2.62E-11	85536000
29619_MH_MC	2	1	1	9.9	15.346	0.014236	9510600
136424_MH_MC	2	1	1	9.9	15.346	0.014236	9510600
35155_MH_MC	5	2	2	12.3	24.724	2.18E-20	101030000
35156_MH_MC	5	2	2	12.3	24.724	2.18E-20	101030000
3589_MH_MC	5	2	2	12.3	24.724	2.18E-20	101030000
3590_MH_MC	5	2	2	12.3	24.724	2.18E-20	101030000
136485_MH_MC	5	2	2	12.3	24.724	2.18E-20	101030000
43177_MH_MC	3	3	3	32.7	12.556	1.33E-06	45692000
136505_MH_MC	3	3	3	32.7	12.556	1.33E-06	45692000
11702_MH_MC	3	3	3	32.7	12.556	1.33E-06	45692000
20824_MH_MC	2	1	1	4.1	35.338	0.00051385	0
13671_MH_MC	2	1	1	4.1	35.338	0.00051385	0
136908_MH_MC	1	1	1	20.3	7.9711	0.00062701	125720000
13698_MH_MC	1	2	2	11.3	30.933	2.29E-07	21231000
44404_MH_MC	2	1	1	13.5	14.786	0.0016974	7688500
137001_MH_MC	2	1	1	13.5	14.786	0.0016974	7688500
137286_MH_MC	1	4	1	27.6	8.6766	7.94E-45	184580000
40399_MH_MC	3	2	2	18.3	14.266	3.18E-05	169760000
137526_MH_MC	3	2	2	18.3	14.266	3.18E-05	169760000
157778_MH_MC	3	2	2	18.3	14.266	3.18E-05	169760000
137601_MH_MC	1	1	1	14.1	7.4574	0.0022263	18104000
35939_MH_MC	2	2	2	22.5	13.936	6.55E-07	87864000
137755_MH_MC	2	2	2	22.5	13.936	6.55E-07	87864000
137757_MH_MC	1	1	1	21.5	10.886	0.010165	0
137776_MH_MC	1	1	1	12.6	9.9513	0.0011388	74965000
137962_MH_MC	1	1	1	10.1	8.9762	0.011432	19701000
13801_MH_MC	2	2	2	9.3	30.792	3.64E-29	28186000
20979_MH_MC	2	2	2	9.3	30.792	3.64E-29	28186000
138010_MH_MC	1	1	1	19	8.7632	0.0010013	0
13814_MH_MC	3	6	3	12.9	31.911	5.22E-34	238370000
125546_MH_MC	3	6	3	12.9	31.911	5.22E-34	238370000
160976_MH_MC	3	6	3	12.9	31.911	5.22E-34	238370000
138249_MH_MC	1	1	1	26.3	8.4646	1.41E-13	39813000
138353_MH_MC	1	2	2	25.4	8.4268	3.86E-06	70808000
43018_MH_MC	3	1	1	2.4	53.489	0.0033945	31513000
8116_MH_MC	3	1	1	2.4	53.489	0.0033945	31513000
138382_MH_MC	3	1	1	2.4	53.489	0.0033945	31513000
138441_MH_MC	1	1	1	22.4	7.6014	0.00040041	0
138798_MH_MC	1	1	1	17.6	7.8869	0.0020083	18325000
32894_MH_MC	2	1	1	4.2	41.26	0.00046312	6538000
138905_MH_MC	2	1	1	4.2	41.26	0.00046312	6538000
138983_MH_MC	1	3	2	45.7	7.9638	1.69E-12	29465000
44154_MH_MC	2	1	1	12.5	14.32	2.09E-10	29699000
139044_MH_MC	2	1	1	12.5	14.32	2.09E-10	29699000
139171_MH_MC	1	1	1	24.3	8.3606	4.80E-13	29690000
139243_MH_MC	1	1	1	11.5	7.4348	0.041784	18445000
139378_MH_MC	1	1	1	21.7	7.0249	0.0040946	20071000
139398_MH_MC	1	1	1	22.9	8.4024	4.61E-11	47976000
139474_MH_MC	1	1	1	18.5	7.4936	0.0079057	0
139644_MH_MC	1	1	1	13	8.1972	0.0198	31400000
42325_MH_MC	2	2	2	9.8	27.071	3.45E-05	26165000
13983_MH_MC	2	2	2	9.8	27.071	3.45E-05	26165000
5125_MH_MC	3	1	1	5.2	36.314	3.92E-05	0
13985_MH_MC	3	1	1	5.2	36.314	3.92E-05	0
5124_MH_MC	3	1	1	5.2	36.314	3.92E-05	0
139914_MH_MC	1	4	4	65	7.1622	2.48E-08	557060000
41834_MH_MC	3	1	1	3.1	43.664	0.018145	0
21193_MH_MC	3	1	1	3.1	43.664	0.018145	0
14040_MH_MC	3	1	1	3.1	43.664	0.018145	0
42837_MH_MC	4	3	3	7.6	68.437	6.61E-11	81198000
14119_MH_MC	4	3	3	7.6	68.437	6.61E-11	81198000
21260_MH_MC	4	3	3	7.6	68.437	6.61E-11	81198000
120055_MH_MC	4	3	3	7.6	68.437	6.61E-11	81198000
14200_MH_MC	1	7	7	20.6	59.438	1.32E-48	379420000
43250_MH_MC	2	2	2	2.6	72.427	0.00083905	38655000
14233_MH_MC	2	2	2	2.6	72.427	0.00083905	38655000
14299_MH_MC	2	1	1	1.9	93.093	6.00E-06	11838000
42774_MH_MC	2	1	1	1.9	93.093	6.00E-06	11838000
14305_MH_MC	2	4	4	6.7	84.016	4.89E-17	494740000
44672_MH_MC	2	4	4	6.7	84.016	4.89E-17	494740000
28494_MH_MC	4	3	3	9	44.821	4.33E-10	42205000
28493_MH_MC	4	3	3	9	44.821	4.33E-10	42205000
144_MH_MC	4	3	3	9	44.821	4.33E-10	42205000
28492_MH_MC	4	3	3	9	44.821	4.33E-10	42205000
15287_MH_MC	5	2	2	18.9	15.005	6.97E-08	114560000
1455_MH_MC	5	2	2	18.9	15.005	6.97E-08	114560000
1456_MH_MC	5	2	2	18.9	15.005	6.97E-08	114560000
1454_MH_MC	5	2	2	18.9	15.005	6.97E-08	114560000
163735_MH_MC	5	2	2	18.9	15.005	6.97E-08	114560000
14647_MH_MC	1	3	3	17.1	27.027	8.79E-07	104490000
146884_MH_MC	1	2	2	23.6	10.96	3.13E-12	154500000
1472_MH_MC	1	1	1	7.1	24.272	0.00054875	126190000
147691_MH_MC	1	2	2	28.1	11.289	1.06E-05	114270000
147720_MH_MC	1	3	3	58.4	8.8282	7.99E-30	55397000
147747_MH_MC	1	1	1	14.1	9.0507	0.0012269	94952000
21972_MH_MC	2	10	10	40.1	30.298	2.66E-35	681000000
14783_MH_MC	2	10	10	40.1	30.298	2.66E-35	681000000
31138_MH_MC	2	2	2	4.7	69.248	0.00012151	13520000
1482_MH_MC	2	2	2	4.7	69.248	0.00012151	13520000
31144_MH_MC	3	1	1	2.4	91.219	3.34E-61	168610000
1483_MH_MC	3	1	1	2.4	91.219	3.34E-61	168610000
31142_MH_MC	3	1	1	2.4	91.219	3.34E-61	168610000
31157_MH_MC	6	7	7	17	65.073	7.02E-17	202060000
1492_MH_MC	6	7	7	17	65.073	7.02E-17	202060000
31158_MH_MC	6	7	7	17	65.073	7.02E-17	202060000
135661_MH_MC	6	7	7	17	65.073	7.02E-17	202060000
158580_MH_MC	6	7	7	17	65.073	7.02E-17	202060000
11747_MH_MC	6	7	7	17	65.073	7.02E-17	202060000
15179_MH_MC	1	13	13	35.4	50.37	4.49E-99	1044500000
22531_MH_MC	7	2	2	2.2	134.72	2.21E-06	29295000
15187_MH_MC	7	2	2	2.2	134.72	2.21E-06	29295000
33042_MH_MC	7	2	2	2.2	134.72	2.21E-06	29295000
33040_MH_MC	7	2	2	2.2	134.72	2.21E-06	29295000
2407_MH_MC	7	2	2	2.2	134.72	2.21E-06	29295000
2406_MH_MC	7	2	2	2.2	134.72	2.21E-06	29295000
68872_MH_MC	7	2	2	2.2	134.72	2.21E-06	29295000
26852_MH_MC	5	1	1	1	116.29	0.0048275	0
31189_MH_MC	5	1	1	1	116.29	0.0048275	0
1519_MH_MC	5	1	1	1	116.29	0.0048275	0
87107_MH_MC	5	1	1	1	116.29	0.0048275	0
170650_MH_MC	5	1	1	1	116.29	0.0048275	0
15319_MH_MC	2	2	2	47.2	6.2451	2.88E-08	238400000
108303_MH_MC	2	2	2	47.2	6.2451	2.88E-08	238400000
163864_MH_MC	4	2	2	17.1	14.992	0.00013772	455950000
15344_MH_MC	4	2	2	17.1	14.992	0.00013772	455950000
22737_MH_MC	4	2	2	17.1	14.992	0.00013772	455950000
40726_MH_MC	4	2	2	17.1	14.992	0.00013772	455950000
1538_MH_MC	4	1	1	10.9	12.251	0.00025514	14674000
1540_MH_MC	4	1	1	10.9	12.251	0.00025514	14674000
1539_MH_MC	4	1	1	10.9	12.251	0.00025514	14674000
31251_MH_MC	4	1	1	10.9	12.251	0.00025514	14674000
28491_MH_MC	4	1	1	3.5	64.105	0.00018382	0
22860_MH_MC	4	1	1	3.5	64.105	0.00018382	0
73826_MH_MC	4	1	1	3.5	64.105	0.00018382	0
15455_MH_MC	4	1	1	3.5	64.105	0.00018382	0
44025_MH_MC	4	2	2	9.8	35.036	4.37E-08	266010000
22937_MH_MC	4	2	2	9.8	35.036	4.37E-08	266010000
15499_MH_MC	4	2	2	9.8	35.036	4.37E-08	266010000
118511_MH_MC	4	2	2	9.8	35.036	4.37E-08	266010000
15509_MH_MC	4	2	2	5.1	55.726	8.74E-06	8787100
22952_MH_MC	4	2	2	5.1	55.726	8.74E-06	8787100
95707_MH_MC	4	2	2	5.1	55.726	8.74E-06	8787100
43599_MH_MC	4	2	2	5.1	55.726	8.74E-06	8787100
1560_MH_MC	3	1	1	6.6	26.913	1.51E-08	0
31300_MH_MC	3	1	1	6.6	26.913	1.51E-08	0
31302_MH_MC	3	1	1	6.6	26.913	1.51E-08	0
156535_MH_MC	1	1	1	22	4.7864	0.0024947	108170000
156536_MH_MC	1	2	2	74.4	4.282	6.43E-08	129300000
1570_MH_MC	6	2	2	10.8	16.461	6.83E-05	301360000
223_MH_MC	6	2	2	10.8	16.461	6.83E-05	301360000
224_MH_MC	6	2	2	10.8	16.461	6.83E-05	301360000
222_MH_MC	6	2	2	10.8	16.461	6.83E-05	301360000
221_MH_MC	6	2	2	10.8	16.461	6.83E-05	301360000
1569_MH_MC	6	2	2	10.8	16.461	6.83E-05	301360000
15707_MH_MC	3	1	1	8.4	19.032	0.00054747	43770000
23222_MH_MC	3	1	1	8.4	19.032	0.00054747	43770000
164665_MH_MC	3	1	1	8.4	19.032	0.00054747	43770000
91696_MH_MC	4	1	1	4.3	21.675	0.017095	35326000
167994_MH_MC	4	1	1	4.3	21.675	0.017095	35326000
1572_MH_MC	4	1	1	4.3	21.675	0.017095	35326000
31352_MH_MC	4	1	1	4.3	21.675	0.017095	35326000
41940_MH_MC	2	1	1	9.5	12.3	0.0032182	211680000
157379_MH_MC	2	1	1	9.5	12.3	0.0032182	211680000
157476_MH_MC	1	6	1	19.1	12.871	1.61E-131	119680000
1575_MH_MC	3	4	4	9.5	57.809	1.23E-13	57830000
163059_MH_MC	3	4	4	9.5	57.809	1.23E-13	57830000
119558_MH_MC	3	4	4	9.5	57.809	1.23E-13	57830000
38131_MH_MC	2	1	1	4.6	24.751	8.47E-07	77933000
15771_MH_MC	2	1	1	4.6	24.751	8.47E-07	77933000
15837_MH_MC	1	24	0	0	109.04	1.56E-177	28794000
32389_MH_MC	2	1	1	16.5	10.257	0.0021173	10124000
158617_MH_MC	2	1	1	16.5	10.257	0.0021173	10124000
41496_MH_MC	2	1	1	3.5	40.135	0.00027818	0
158856_MH_MC	2	1	1	3.5	40.135	0.00027818	0
31397_MH_MC	6	2	2	7.5	51.497	9.75E-06	47022000
1590_MH_MC	6	2	2	7.5	51.497	9.75E-06	47022000
24248_MH_MC	6	2	2	7.5	51.497	9.75E-06	47022000
16456_MH_MC	6	2	2	7.5	51.497	9.75E-06	47022000
166272_MH_MC	6	2	2	7.5	51.497	9.75E-06	47022000
81349_MH_MC	6	2	2	7.5	51.497	9.75E-06	47022000
37685_MH_MC	2	2	2	18.2	16.169	5.33E-05	18246000
159045_MH_MC	2	2	2	18.2	16.169	5.33E-05	18246000
44055_MH_MC	3	3	3	12.1	39.383	2.17E-10	85846000
23540_MH_MC	3	3	3	12.1	39.383	2.17E-10	85846000
15955_MH_MC	3	3	3	12.1	39.383	2.17E-10	85846000
15979_MH_MC	7	12	6	18.4	50.211	3.67E-166	1254400000
3691_MH_MC	7	12	6	18.4	50.211	3.67E-166	1254400000
CON__ENSEMBL:ENSBTAP00000025008	7	12	6	18.4	50.211	3.67E-166	1254400000
30374_MH_MC	7	12	6	18.4	50.211	3.67E-166	1254400000
1130_MH_MC	7	12	6	18.4	50.211	3.67E-166	1254400000
1131_MH_MC	7	12	6	18.4	50.211	3.67E-166	1254400000
1132_MH_MC	7	12	6	18.4	50.211	3.67E-166	1254400000
159885_MH_MC	2	1	1	8.6	19.178	0.017417	20907000
2053_MH_MC	2	1	1	8.6	19.178	0.017417	20907000
15999_MH_MC	2	4	4	48.9	16.006	9.40E-80	706990000
23600_MH_MC	2	4	4	48.9	16.006	9.40E-80	706990000
101930_MH_MC	3	4	1	6	24.961	1.74E-10	65637000
16042_MH_MC	3	4	1	6	24.961	1.74E-10	65637000
23653_MH_MC	3	4	1	6	24.961	1.74E-10	65637000
40664_MH_MC	3	2	2	7.9	32.428	0.00088683	0
20669_MH_MC	3	2	2	7.9	32.428	0.00088683	0
160554_MH_MC	3	2	2	7.9	32.428	0.00088683	0
16146_MH_MC	2	1	1	3.6	28.437	0.00096524	22892000
23791_MH_MC	2	1	1	3.6	28.437	0.00096524	22892000
41261_MH_MC	3	1	1	6.6	24.963	0.00172	30631000
23825_MH_MC	3	1	1	6.6	24.963	0.00172	30631000
16171_MH_MC	3	1	1	6.6	24.963	0.00172	30631000
31439_MH_MC	2	1	1	2.2	46.355	0.010459	54305000
1626_MH_MC	2	1	1	2.2	46.355	0.010459	54305000
31460_MH_MC	3	5	5	41.9	13.773	5.61E-51	3557100000
1635_MH_MC	3	5	5	41.9	13.773	5.61E-51	3557100000
1636_MH_MC	3	5	5	41.9	13.773	5.61E-51	3557100000
165_MH_MC	3	2	2	20	12.174	1.38E-05	259400000
28521_MH_MC	3	2	2	20	12.174	1.38E-05	259400000
166_MH_MC	3	2	2	20	12.174	1.38E-05	259400000
40450_MH_MC	2	1	1	8	11.685	0.016174	31413000
16533_MH_MC	2	1	1	8	11.685	0.016174	31413000
16568_MH_MC	3	5	5	44.4	15.778	3.14E-112	130330000
7539_MH_MC	3	5	5	44.4	15.778	3.14E-112	130330000
72807_MH_MC	3	5	5	44.4	15.778	3.14E-112	130330000
53562_MH_MC	2	1	1	10.8	16.824	0.0036415	20034000
16581_MH_MC	2	1	1	10.8	16.824	0.0036415	20034000
165854_MH_MC	7	6	3	10.9	44.02	1.64E-37	793000000
102963_MH_MC	7	6	3	10.9	44.02	1.64E-37	793000000
24009_MH_MC	7	6	3	10.9	44.02	1.64E-37	793000000
2773_MH_MC	7	6	3	10.9	44.02	1.64E-37	793000000
2774_MH_MC	7	6	3	10.9	44.02	1.64E-37	793000000
16282_MH_MC	7	6	3	10.9	44.02	1.64E-37	793000000
165855_MH_MC	7	6	3	10.9	44.02	1.64E-37	793000000
24469_MH_MC	2	1	1	1.2	96.666	0.016076	9533400
16618_MH_MC	2	1	1	1.2	96.666	0.016076	9533400
31531_MH_MC	3	1	1	9.6	15.744	0.0010985	21828000
1664_MH_MC	3	1	1	9.6	15.744	0.0010985	21828000
31533_MH_MC	3	1	1	9.6	15.744	0.0010985	21828000
16693_MH_MC	2	6	4	27.3	15.615	3.85E-22	1225800000
41344_MH_MC	2	6	4	27.3	15.615	3.85E-22	1225800000
82694_MH_MC	6	2	2	11.8	18.384	4.74E-05	14473000
28688_MH_MC	6	2	2	11.8	18.384	4.74E-05	14473000
46956_MH_MC	6	2	2	11.8	18.384	4.74E-05	14473000
16710_MH_MC	6	2	2	11.8	18.384	4.74E-05	14473000
230_MH_MC	6	2	2	11.8	18.384	4.74E-05	14473000
103223_MH_MC	6	2	2	11.8	18.384	4.74E-05	14473000
85247_MH_MC	3	1	1	5.8	17.617	0.01938	0
44778_MH_MC	3	1	1	5.8	17.617	0.01938	0
16775_MH_MC	3	1	1	5.8	17.617	0.01938	0
31604_MH_MC	4	2	2	10	22.378	0.00049125	59603000
1685_MH_MC	4	2	2	10	22.378	0.00049125	59603000
1687_MH_MC	4	2	2	10	22.378	0.00049125	59603000
31606_MH_MC	4	2	2	10	22.378	0.00049125	59603000
42810_MH_MC	3	1	1	1.9	92.772	3.52E-06	0
25610_MH_MC	3	1	1	1.9	92.772	3.52E-06	0
168505_MH_MC	3	1	1	1.9	92.772	3.52E-06	0
168566_MH_MC	2	2	1	0.6	216.43	1.37E-09	12705000
73886_MH_MC	2	2	1	0.6	216.43	1.37E-09	12705000
41578_MH_MC	4	3	3	2.9	145.74	3.86E-09	20651000
169024_MH_MC	4	3	3	2.9	145.74	3.86E-09	20651000
25897_MH_MC	4	3	3	2.9	145.74	3.86E-09	20651000
17625_MH_MC	4	3	3	2.9	145.74	3.86E-09	20651000
2160_MH_MC	4	1	1	5	35.677	7.10E-05	0
24904_MH_MC	4	1	1	5	35.677	7.10E-05	0
16917_MH_MC	4	1	1	5	35.677	7.10E-05	0
97640_MH_MC	4	1	1	5	35.677	7.10E-05	0
170005_MH_MC	3	4	0	0	14.961	4.14E-14	164350000
73419_MH_MC	3	4	0	0	14.961	4.14E-14	164350000
43921_MH_MC	3	4	0	0	14.961	4.14E-14	164350000
73729_MH_MC	2	5	1	4.6	24.809	2.85E-16	129900000
17026_MH_MC	2	5	1	4.6	24.809	2.85E-16	129900000
43016_MH_MC	4	1	1	2.8	66.423	0.003067	0
26668_MH_MC	4	1	1	2.8	66.423	0.003067	0
18161_MH_MC	4	1	1	2.8	66.423	0.003067	0
170337_MH_MC	4	1	1	2.8	66.423	0.003067	0
25077_MH_MC	2	4	1	11.7	15.285	2.91E-18	35949000
17037_MH_MC	2	4	1	11.7	15.285	2.91E-18	35949000
46982_MH_MC	3	1	1	9.6	9.7526	8.11E-05	86273000
5407_MH_MC	3	1	1	9.6	9.7526	8.11E-05	86273000
170681_MH_MC	3	1	1	9.6	9.7526	8.11E-05	86273000
25139_MH_MC	2	3	3	27.5	16.497	5.74E-13	351460000
17081_MH_MC	2	3	3	27.5	16.497	5.74E-13	351460000
42380_MH_MC	4	1	1	1.8	63.502	0.023323	13369000
18577_MH_MC	4	1	1	1.8	63.502	0.023323	13369000
171289_MH_MC	4	1	1	1.8	63.502	0.023323	13369000
27237_MH_MC	4	1	1	1.8	63.502	0.023323	13369000
171742_MH_MC	1	1	1	3.7	25.346	0.0087648	26535000
17191_MH_MC	1	5	5	19.1	38.282	1.24E-11	214880000
1720_MH_MC	1	2	2	11.2	30.087	0.00010258	0
172107_MH_MC	2	1	1	1.6	82.452	0.0073917	22456000
27718_MH_MC	2	1	1	1.6	82.452	0.0073917	22456000
81091_MH_MC	3	1	1	3.6	45.205	8.27E-05	19403000
17261_MH_MC	3	1	1	3.6	45.205	8.27E-05	19403000
43061_MH_MC	3	1	1	3.6	45.205	8.27E-05	19403000
172656_MH_MC	2	6	2	2.5	34.292	1.13E-55	2123100000
19238_MH_MC	2	6	2	2.5	34.292	1.13E-55	2123100000
42117_MH_MC	3	1	1	3.5	42.164	0.010599	0
25393_MH_MC	3	1	1	3.5	42.164	0.010599	0
17271_MH_MC	3	1	1	3.5	42.164	0.010599	0
1729_MH_MC	1	3	3	8.7	62.272	5.47E-14	27836000
43704_MH_MC	4	1	1	1.8	80.136	0.0076247	0
25424_MH_MC	4	1	1	1.8	80.136	0.0076247	0
17295_MH_MC	4	1	1	1.8	80.136	0.0076247	0
66581_MH_MC	4	1	1	1.8	80.136	0.0076247	0
173_MH_MC	5	2	2	7.1	46.632	3.53E-05	9972900
28549_MH_MC	5	2	2	7.1	46.632	3.53E-05	9972900
28548_MH_MC	5	2	2	7.1	46.632	3.53E-05	9972900
13353_MH_MC	5	2	2	7.1	46.632	3.53E-05	9972900
129277_MH_MC	5	2	2	7.1	46.632	3.53E-05	9972900
32841_MH_MC	3	1	1	4.6	30.573	0.0026181	15566000
2309_MH_MC	3	1	1	4.6	30.573	0.0026181	15566000
17456_MH_MC	3	1	1	4.6	30.573	0.0026181	15566000
26046_MH_MC	5	4	4	8	75.244	6.90E-09	87361000
43727_MH_MC	5	4	4	8	75.244	6.90E-09	87361000
17730_MH_MC	5	4	4	8	75.244	6.90E-09	87361000
8375_MH_MC	5	4	4	8	75.244	6.90E-09	87361000
80456_MH_MC	5	4	4	8	75.244	6.90E-09	87361000
43494_MH_MC	3	1	1	1.7	71.906	0.0018189	16862000
26118_MH_MC	3	1	1	1.7	71.906	0.0018189	16862000
17777_MH_MC	3	1	1	1.7	71.906	0.0018189	16862000
17804_MH_MC	3	1	1	3	82.455	0.019441	53047000
44027_MH_MC	3	1	1	3	82.455	0.019441	53047000
46954_MH_MC	3	1	1	3	82.455	0.019441	53047000
26196_MH_MC	2	1	1	3.1	37.713	0.010392	0
17836_MH_MC	2	1	1	3.1	37.713	0.010392	0
17880_MH_MC	9	3	3	2.3	239.29	1.05E-07	13473000
31103_MH_MC	9	3	3	2.3	239.29	1.05E-07	13473000
31104_MH_MC	9	3	3	2.3	239.29	1.05E-07	13473000
46959_MH_MC	9	3	3	2.3	239.29	1.05E-07	13473000
31109_MH_MC	9	3	3	2.3	239.29	1.05E-07	13473000
46960_MH_MC	9	3	3	2.3	239.29	1.05E-07	13473000
8380_MH_MC	9	3	3	2.3	239.29	1.05E-07	13473000
1475_MH_MC	9	3	3	2.3	239.29	1.05E-07	13473000
40083_MH_MC	9	3	3	2.3	239.29	1.05E-07	13473000
26278_MH_MC	4	1	1	1.4	84.891	0.015437	40572000
99316_MH_MC	4	1	1	1.4	84.891	0.015437	40572000
17888_MH_MC	4	1	1	1.4	84.891	0.015437	40572000
8962_MH_MC	4	1	1	1.4	84.891	0.015437	40572000
18_MH_MC	2	6	5	21.8	22.252	5.31E-12	682100000
28300_MH_MC	2	6	5	21.8	22.252	5.31E-12	682100000
18075_MH_MC	9	13	10	26.1	52.239	1.04E-106	1852400000
26557_MH_MC	9	13	10	26.1	52.239	1.04E-106	1852400000
103230_MH_MC	9	13	10	26.1	52.239	1.04E-106	1852400000
26556_MH_MC	9	13	10	26.1	52.239	1.04E-106	1852400000
170125_MH_MC	9	13	10	26.1	52.239	1.04E-106	1852400000
170123_MH_MC	9	13	10	26.1	52.239	1.04E-106	1852400000
170126_MH_MC	9	13	10	26.1	52.239	1.04E-106	1852400000
8222_MH_MC	9	13	10	26.1	52.239	1.04E-106	1852400000
170124_MH_MC	9	13	10	26.1	52.239	1.04E-106	1852400000
31902_MH_MC	4	4	4	14.4	33.365	1.65E-19	20083000
1831_MH_MC	4	4	4	14.4	33.365	1.65E-19	20083000
31900_MH_MC	4	4	4	14.4	33.365	1.65E-19	20083000
117764_MH_MC	4	4	4	14.4	33.365	1.65E-19	20083000
18416_MH_MC	2	4	4	13.8	65.374	2.39E-31	234760000
170883_MH_MC	2	4	4	13.8	65.374	2.39E-31	234760000
92792_MH_MC	4	1	1	2.8	44.037	1.85E-05	10570000
18433_MH_MC	4	1	1	2.8	44.037	1.85E-05	10570000
27037_MH_MC	4	1	1	2.8	44.037	1.85E-05	10570000
2108_MH_MC	4	1	1	2.8	44.037	1.85E-05	10570000
90470_MH_MC	3	2	2	4.4	50.078	0.00047793	39599000
27053_MH_MC	3	2	2	4.4	50.078	0.00047793	39599000
18445_MH_MC	3	2	2	4.4	50.078	0.00047793	39599000
27251_MH_MC	3	2	2	1.3	182.42	0.00033383	9793000
18590_MH_MC	3	2	2	1.3	182.42	0.00033383	9793000
73899_MH_MC	3	2	2	1.3	182.42	0.00033383	9793000
18623_MH_MC	2	1	1	2.8	54.092	8.77E-05	0
27297_MH_MC	2	1	1	2.8	54.092	8.77E-05	0
27382_MH_MC	2	1	1	4.6	51.386	1.01E-05	100280000
18698_MH_MC	2	1	1	4.6	51.386	1.01E-05	100280000
18749_MH_MC	4	2	1	4.8	31.07	5.55E-06	14255000
53750_MH_MC	4	2	1	4.8	31.07	5.55E-06	14255000
29028_MH_MC	4	2	1	4.8	31.07	5.55E-06	14255000
27447_MH_MC	4	2	1	4.8	31.07	5.55E-06	14255000
7650_MH_MC	6	2	2	7.8	35.23	0.00011968	149420000
41475_MH_MC	6	2	2	7.8	35.23	0.00011968	149420000
7651_MH_MC	6	2	2	7.8	35.23	0.00011968	149420000
27499_MH_MC	6	2	2	7.8	35.23	0.00011968	149420000
18781_MH_MC	6	2	2	7.8	35.23	0.00011968	149420000
4222_MH_MC	6	2	2	7.8	35.23	0.00011968	149420000
27507_MH_MC	3	2	2	5.6	61.018	3.98E-09	29590000
8257_MH_MC	3	2	2	5.6	61.018	3.98E-09	29590000
18787_MH_MC	3	2	2	5.6	61.018	3.98E-09	29590000
32047_MH_MC	4	4	4	13.3	30.918	2.41E-07	184070000
1893_MH_MC	4	4	4	13.3	30.918	2.41E-07	184070000
1894_MH_MC	4	4	4	13.3	30.918	2.41E-07	184070000
1895_MH_MC	4	4	4	13.3	30.918	2.41E-07	184070000
33834_MH_MC	3	2	2	22.6	16.856	7.73E-12	137610000
19004_MH_MC	3	2	2	22.6	16.856	7.73E-12	137610000
27786_MH_MC	3	2	2	22.6	16.856	7.73E-12	137610000
37207_MH_MC	3	2	2	2.9	115.73	6.74E-07	11491000
28134_MH_MC	3	2	2	2.9	115.73	6.74E-07	11491000
19271_MH_MC	3	2	2	2.9	115.73	6.74E-07	11491000
19453_MH_MC	1	1	1	10.9	15.87	5.63E-05	0
32224_MH_MC	4	1	1	6.9	28.554	1.41E-13	38326000
1950_MH_MC	4	1	1	6.9	28.554	1.41E-13	38326000
1953_MH_MC	4	1	1	6.9	28.554	1.41E-13	38326000
1952_MH_MC	4	1	1	6.9	28.554	1.41E-13	38326000
1955_MH_MC	4	3	3	5.4	76.136	3.78E-09	96674000
1956_MH_MC	4	3	3	5.4	76.136	3.78E-09	96674000
12925_MH_MC	4	3	3	5.4	76.136	3.78E-09	96674000
131595_MH_MC	4	3	3	5.4	76.136	3.78E-09	96674000
19921_MH_MC	1	1	1	7.9	19.249	0.0025948	0
32311_MH_MC	3	1	1	2.7	49.297	0.0032647	170410000
1993_MH_MC	3	1	1	2.7	49.297	0.0032647	170410000
32310_MH_MC	3	1	1	2.7	49.297	0.0032647	170410000
20007_MH_MC	3	4	4	43.4	17.241	2.99E-12	50590000
131750_MH_MC	3	4	4	43.4	17.241	2.99E-12	50590000
12905_MH_MC	3	4	4	43.4	17.241	2.99E-12	50590000
2007_MH_MC	5	1	1	2.6	33.557	0.019346	11944000
2009_MH_MC	5	1	1	2.6	33.557	0.019346	11944000
2008_MH_MC	5	1	1	2.6	33.557	0.019346	11944000
2004_MH_MC	5	1	1	2.6	33.557	0.019346	11944000
2005_MH_MC	5	1	1	2.6	33.557	0.019346	11944000
2013_MH_MC	2	4	4	30	18.702	1.23E-09	194620000
136018_MH_MC	2	4	4	30	18.702	1.23E-09	194620000
9079_MH_MC	2	1	1	3.7	48.135	8.53E-05	0
20205_MH_MC	2	1	1	3.7	48.135	8.53E-05	0
20230_MH_MC	1	1	1	9.3	12.18	0.017273	0
20303_MH_MC	1	2	2	19.3	18.66	1.18E-42	266410000
20316_MH_MC	5	4	4	23.5	23.324	1.47E-15	122190000
130191_MH_MC	5	4	4	23.5	23.324	1.47E-15	122190000
13180_MH_MC	5	4	4	23.5	23.324	1.47E-15	122190000
40859_MH_MC	5	4	4	23.5	23.324	1.47E-15	122190000
36049_MH_MC	5	4	4	23.5	23.324	1.47E-15	122190000
20317_MH_MC	1	1	1	5	18.795	0.023502	27634000
2034_MH_MC	7	6	6	12.8	72.779	1.52E-166	552970000
32362_MH_MC	7	6	6	12.8	72.779	1.52E-166	552970000
32359_MH_MC	7	6	6	12.8	72.779	1.52E-166	552970000
2035_MH_MC	7	6	6	12.8	72.779	1.52E-166	552970000
32361_MH_MC	7	6	6	12.8	72.779	1.52E-166	552970000
2033_MH_MC	7	6	6	12.8	72.779	1.52E-166	552970000
2032_MH_MC	7	6	6	12.8	72.779	1.52E-166	552970000
20348_MH_MC	2	3	1	5.4	18.935	2.47E-15	178630000
130052_MH_MC	2	3	1	5.4	18.935	2.47E-15	178630000
32381_MH_MC	2	1	1	0.8	148.01	0.00030764	17075000
2052_MH_MC	2	1	1	0.8	148.01	0.00030764	17075000
20524_MH_MC	1	1	1	6.5	18.175	0.0038032	0
44244_MH_MC	3	4	4	29.2	19.847	3.24E-16	542360000
20602_MH_MC	3	4	4	29.2	19.847	3.24E-16	542360000
13446_MH_MC	3	4	4	29.2	19.847	3.24E-16	542360000
8190_MH_MC	4	3	3	14	24.79	4.71E-08	347560000
128569_MH_MC	4	3	3	14	24.79	4.71E-08	347560000
20624_MH_MC	4	3	3	14	24.79	4.71E-08	347560000
13467_MH_MC	4	3	3	14	24.79	4.71E-08	347560000
20659_MH_MC	1	4	1	8	22.691	3.57E-29	112820000
20718_MH_MC	5	3	3	25.5	18.211	2.63E-06	26103000
128002_MH_MC	5	3	3	25.5	18.211	2.63E-06	26103000
13549_MH_MC	5	3	3	25.5	18.211	2.63E-06	26103000
160612_MH_MC	5	3	3	25.5	18.211	2.63E-06	26103000
43430_MH_MC	5	3	3	25.5	18.211	2.63E-06	26103000
20732_MH_MC	1	6	0	0	28.159	5.48E-14	155560000
32994_MH_MC	3	1	1	3.5	32.857	0.0001731	168830000
2398_MH_MC	3	1	1	3.5	32.857	0.0001731	168830000
20831_MH_MC	3	1	1	3.5	32.857	0.0001731	168830000
20840_MH_MC	2	11	0	0	25.904	9.07E-77	663100000
13688_MH_MC	2	11	0	0	25.904	9.07E-77	663100000
20941_MH_MC	2	7	1	6.6	29.241	1.86E-141	48966000
13771_MH_MC	2	7	1	6.6	29.241	1.86E-141	48966000
20942_MH_MC	2	4	4	21.2	24.274	3.35E-14	287770000
126129_MH_MC	2	4	4	21.2	24.274	3.35E-14	287770000
44169_MH_MC	2	1	1	8.2	17.966	0.0026829	35709000
20946_MH_MC	2	1	1	8.2	17.966	0.0026829	35709000
43070_MH_MC	2	1	1	5.7	30.115	0.0046651	22431000
20958_MH_MC	2	1	1	5.7	30.115	0.0046651	22431000
20960_MH_MC	1	1	1	7.1	18.134	0.00039137	0
20971_MH_MC	2	4	4	18.5	26.391	3.73E-13	25253000
44347_MH_MC	2	4	4	18.5	26.391	3.73E-13	25253000
21038_MH_MC	2	2	2	8.7	29.384	2.81E-05	19588000
125041_MH_MC	2	2	2	8.7	29.384	2.81E-05	19588000
644_MH_MC	3	1	1	2.9	49.488	0.0004451	13050000
645_MH_MC	3	1	1	2.9	49.488	0.0004451	13050000
21142_MH_MC	3	1	1	2.9	49.488	0.0004451	13050000
40250_MH_MC	2	1	1	8	28.705	0.0022266	41184000
21167_MH_MC	2	1	1	8	28.705	0.0022266	41184000
21232_MH_MC	2	4	1	4.1	44.522	4.03E-42	184380000
14089_MH_MC	2	4	1	4.1	44.522	4.03E-42	184380000
32544_MH_MC	6	1	1	4.3	28.745	0.0030797	37307000
32543_MH_MC	6	1	1	4.3	28.745	0.0030797	37307000
2127_MH_MC	6	1	1	4.3	28.745	0.0030797	37307000
2733_MH_MC	6	1	1	4.3	28.745	0.0030797	37307000
36394_MH_MC	6	1	1	4.3	28.745	0.0030797	37307000
2732_MH_MC	6	1	1	4.3	28.745	0.0030797	37307000
21351_MH_MC	1	5	5	18.7	37.048	4.42E-17	320800000
21493_MH_MC	3	1	1	2.6	52.391	0.002147	4859900
33660_MH_MC	3	1	1	2.6	52.391	0.002147	4859900
33663_MH_MC	3	1	1	2.6	52.391	0.002147	4859900
2156_MH_MC	5	2	2	14.1	19.961	0.00013785	11008000
2155_MH_MC	5	2	2	14.1	19.961	0.00013785	11008000
2157_MH_MC	5	2	2	14.1	19.961	0.00013785	11008000
32586_MH_MC	5	2	2	14.1	19.961	0.00013785	11008000
2154_MH_MC	5	2	2	14.1	19.961	0.00013785	11008000
21551_MH_MC	1	11	0	0	62.088	9.54E-67	5063500000
21635_MH_MC	2	4	4	36.3	17.48	1.49E-30	477890000
53853_MH_MC	2	4	4	36.3	17.48	1.49E-30	477890000
21764_MH_MC	2	1	1	5.6	37.727	6.31E-07	34566000
59727_MH_MC	2	1	1	5.6	37.727	6.31E-07	34566000
40219_MH_MC	2	1	1	5.3	21.462	0.00025073	39633000
21791_MH_MC	2	1	1	5.3	21.462	0.00025073	39633000
43432_MH_MC	3	3	3	8.1	40.62	3.39E-07	79096000
14728_MH_MC	3	3	3	8.1	40.62	3.39E-07	79096000
21915_MH_MC	3	3	3	8.1	40.62	3.39E-07	79096000
27933_MH_MC	2	1	1	7.1	17.627	0.0049925	56034000
2211_MH_MC	2	1	1	7.1	17.627	0.0049925	56034000
22310_MH_MC	1	1	1	10.9	13.429	4.09E-08	38211000
22560_MH_MC	2	3	1	3.9	35.819	2.38E-06	24199000
15206_MH_MC	2	3	1	3.9	35.819	2.38E-06	24199000
75931_MH_MC	3	6	6	26.3	28.416	3.09E-29	541150000
31625_MH_MC	3	6	6	26.3	28.416	3.09E-29	541150000
22589_MH_MC	3	6	6	26.3	28.416	3.09E-29	541150000
42808_MH_MC	2	1	1	1.3	100.76	0.0079652	11370000
22721_MH_MC	2	1	1	1.3	100.76	0.0079652	11370000
44977_MH_MC	5	2	2	6.4	45.449	0.00016785	11668000
22765_MH_MC	5	2	2	6.4	45.449	0.00016785	11668000
117301_MH_MC	5	2	2	6.4	45.449	0.00016785	11668000
163922_MH_MC	5	2	2	6.4	45.449	0.00016785	11668000
163925_MH_MC	5	2	2	6.4	45.449	0.00016785	11668000
22774_MH_MC	1	1	1	6.3	14.646	0.014879	32987000
88062_MH_MC	6	5	5	14.8	56.968	1.92E-12	250910000
22947_MH_MC	6	5	5	14.8	56.968	1.92E-12	250910000
43633_MH_MC	6	5	5	14.8	56.968	1.92E-12	250910000
8335_MH_MC	6	5	5	14.8	56.968	1.92E-12	250910000
8334_MH_MC	6	5	5	14.8	56.968	1.92E-12	250910000
8333_MH_MC	6	5	5	14.8	56.968	1.92E-12	250910000
23020_MH_MC	2	1	1	5.9	29.194	0.0098047	87556000
46891_MH_MC	2	1	1	5.9	29.194	0.0098047	87556000
32257_MH_MC	3	2	2	11.5	34.414	4.29E-17	54179000
23104_MH_MC	3	2	2	11.5	34.414	4.29E-17	54179000
49502_MH_MC	3	2	2	11.5	34.414	4.29E-17	54179000
23121_MH_MC	5	12	12	19.1	83.14	1.75E-39	708670000
8644_MH_MC	5	12	12	19.1	83.14	1.75E-39	708670000
91897_MH_MC	5	12	12	19.1	83.14	1.75E-39	708670000
4698_MH_MC	5	12	12	19.1	83.14	1.75E-39	708670000
37326_MH_MC	5	12	12	19.1	83.14	1.75E-39	708670000
23161_MH_MC	1	5	1	3.6	41.396	4.79E-13	46706000
23207_MH_MC	7	6	6	10.8	94.132	8.14E-33	238740000
15694_MH_MC	7	6	6	10.8	94.132	8.14E-33	238740000
31904_MH_MC	7	6	6	10.8	94.132	8.14E-33	238740000
31903_MH_MC	7	6	6	10.8	94.132	8.14E-33	238740000
94236_MH_MC	7	6	6	10.8	94.132	8.14E-33	238740000
94238_MH_MC	7	6	6	10.8	94.132	8.14E-33	238740000
41379_MH_MC	7	6	6	10.8	94.132	8.14E-33	238740000
36919_MH_MC	3	3	3	20.3	21.708	3.97E-37	2228200000
23245_MH_MC	3	3	3	20.3	21.708	3.97E-37	2228200000
116755_MH_MC	3	3	3	20.3	21.708	3.97E-37	2228200000
23259_MH_MC	1	1	1	7.1	17.938	0.0021074	11316000
23335_MH_MC	1	4	1	5	26.756	1.53E-14	0
23388_MH_MC	4	1	1	6.6	18.344	0.00040794	23769000
42367_MH_MC	4	1	1	6.6	18.344	0.00040794	23769000
39635_MH_MC	4	1	1	6.6	18.344	0.00040794	23769000
7176_MH_MC	4	1	1	6.6	18.344	0.00040794	23769000
23395_MH_MC	14	31	0	0	189.89	2.21E-209	3033000000
74813_MH_MC	14	31	0	0	189.89	2.21E-209	3033000000
15838_MH_MC	14	31	0	0	189.89	2.21E-209	3033000000
164940_MH_MC	14	31	0	0	189.89	2.21E-209	3033000000
28735_MH_MC	14	31	0	0	189.89	2.21E-209	3033000000
28736_MH_MC	14	31	0	0	189.89	2.21E-209	3033000000
28742_MH_MC	14	31	0	0	189.89	2.21E-209	3033000000
45651_MH_MC	14	31	0	0	189.89	2.21E-209	3033000000
46899_MH_MC	14	31	0	0	189.89	2.21E-209	3033000000
28743_MH_MC	14	31	0	0	189.89	2.21E-209	3033000000
28738_MH_MC	14	31	0	0	189.89	2.21E-209	3033000000
28740_MH_MC	14	31	0	0	189.89	2.21E-209	3033000000
28741_MH_MC	14	31	0	0	189.89	2.21E-209	3033000000
45650_MH_MC	14	31	0	0	189.89	2.21E-209	3033000000
23462_MH_MC	1	1	1	6.5	21.373	0.011783	0
28707_MH_MC	6	4	4	16.2	35.019	1.09E-09	75786000
235_MH_MC	6	4	4	16.2	35.019	1.09E-09	75786000
237_MH_MC	6	4	4	16.2	35.019	1.09E-09	75786000
236_MH_MC	6	4	4	16.2	35.019	1.09E-09	75786000
27662_MH_MC	6	4	4	16.2	35.019	1.09E-09	75786000
97078_MH_MC	6	4	4	16.2	35.019	1.09E-09	75786000
32170_MH_MC	6	4	4	20.8	25.362	1.17E-43	840590000
32169_MH_MC	6	4	4	20.8	25.362	1.17E-43	840590000
23500_MH_MC	6	4	4	20.8	25.362	1.17E-43	840590000
15928_MH_MC	6	4	4	20.8	25.362	1.17E-43	840590000
165103_MH_MC	6	4	4	20.8	25.362	1.17E-43	840590000
15419_MH_MC	6	4	4	20.8	25.362	1.17E-43	840590000
41544_MH_MC	2	1	1	3.1	54.337	0.0024604	14416000
23605_MH_MC	2	1	1	3.1	54.337	0.0024604	14416000
2382_MH_MC	4	2	2	9.3	40.956	8.98E-11	12289000
2383_MH_MC	4	2	2	9.3	40.956	8.98E-11	12289000
26030_MH_MC	4	2	2	9.3	40.956	8.98E-11	12289000
17716_MH_MC	4	2	2	9.3	40.956	8.98E-11	12289000
23848_MH_MC	4	3	3	4.4	119.61	2.94E-21	76812000
51247_MH_MC	4	3	3	4.4	119.61	2.94E-21	76812000
16187_MH_MC	4	3	3	4.4	119.61	2.94E-21	76812000
16189_MH_MC	4	3	3	4.4	119.61	2.94E-21	76812000
23948_MH_MC	2	3	3	25.5	18.168	1.29E-13	106100000
16250_MH_MC	2	3	3	25.5	18.168	1.29E-13	106100000
42106_MH_MC	2	5	5	18.2	36.848	1.51E-12	130040000
23968_MH_MC	2	5	5	18.2	36.848	1.51E-12	130040000
45831_MH_MC	2	1	1	3.4	43.941	0.0014029	27064000
23977_MH_MC	2	1	1	3.4	43.941	0.0014029	27064000
31720_MH_MC	2	1	1	2.9	51.934	0.004994	28428000
24079_MH_MC	2	1	1	2.9	51.934	0.004994	28428000
24127_MH_MC	2	7	1	3.4	41.047	2.06E-26	60540000
16373_MH_MC	2	7	1	3.4	41.047	2.06E-26	60540000
24196_MH_MC	1	6	1	1.7	45.778	2.57E-17	189190000
24197_MH_MC	2	2	1	2.6	34.862	0.00021143	46359000
87718_MH_MC	2	2	1	2.6	34.862	0.00021143	46359000
97856_MH_MC	4	2	2	8.9	29.066	2.90E-05	37449000
24512_MH_MC	4	2	2	8.9	29.066	2.90E-05	37449000
32785_MH_MC	4	2	2	8.9	29.066	2.90E-05	37449000
16654_MH_MC	4	2	2	8.9	29.066	2.90E-05	37449000
24519_MH_MC	2	6	6	23.9	35.943	3.70E-17	99677000
36376_MH_MC	2	6	6	23.9	35.943	3.70E-17	99677000
57119_MH_MC	2	1	1	5.9	29.401	1.82E-14	58095000
24525_MH_MC	2	1	1	5.9	29.401	1.82E-14	58095000
42484_MH_MC	4	4	4	3.1	163.29	6.66E-11	71656000
24623_MH_MC	4	4	4	3.1	163.29	6.66E-11	71656000
66415_MH_MC	4	4	4	3.1	163.29	6.66E-11	71656000
16731_MH_MC	4	4	4	3.1	163.29	6.66E-11	71656000
2465_MH_MC	5	2	2	12.8	23.865	6.10E-08	72014000
2466_MH_MC	5	2	2	12.8	23.865	6.10E-08	72014000
33157_MH_MC	5	2	2	12.8	23.865	6.10E-08	72014000
33158_MH_MC	5	2	2	12.8	23.865	6.10E-08	72014000
135544_MH_MC	5	2	2	12.8	23.865	6.10E-08	72014000
33161_MH_MC	2	2	2	9.4	28.538	1.03E-07	76415000
2469_MH_MC	2	2	2	9.4	28.538	1.03E-07	76415000
63262_MH_MC	2	1	1	1.6	68.795	0.010586	0
24793_MH_MC	2	1	1	1.6	68.795	0.010586	0
24918_MH_MC	1	2	2	5.4	41.718	0.0011866	33268000
31757_MH_MC	8	5	5	10.8	63.12	3.56E-11	121050000
24999_MH_MC	8	5	5	10.8	63.12	3.56E-11	121050000
1769_MH_MC	8	5	5	10.8	63.12	3.56E-11	121050000
1770_MH_MC	8	5	5	10.8	63.12	3.56E-11	121050000
167520_MH_MC	8	5	5	10.8	63.12	3.56E-11	121050000
31756_MH_MC	8	5	5	10.8	63.12	3.56E-11	121050000
16983_MH_MC	8	5	5	10.8	63.12	3.56E-11	121050000
167519_MH_MC	8	5	5	10.8	63.12	3.56E-11	121050000
25029_MH_MC	1	1	1	2.6	46.032	0.011666	13438000
30755_MH_MC	3	1	1	7.4	20.347	6.85E-05	8913100
30753_MH_MC	3	1	1	7.4	20.347	6.85E-05	8913100
25055_MH_MC	3	1	1	7.4	20.347	6.85E-05	8913100
2510_MH_MC	2	3	2	6.5	35.383	6.89E-08	155630000
6524_MH_MC	2	3	2	6.5	35.383	6.89E-08	155630000
25352_MH_MC	3	1	1	1.5	84.225	0.019922	0
33630_MH_MC	3	1	1	1.5	84.225	0.019922	0
59834_MH_MC	3	1	1	1.5	84.225	0.019922	0
25389_MH_MC	2	1	1	5.7	21.714	0.0012526	0
71681_MH_MC	2	1	1	5.7	21.714	0.0012526	0
29002_MH_MC	4	2	2	1.9	117.87	0.00012914	7028500
25400_MH_MC	4	2	2	1.9	117.87	0.00012914	7028500
78739_MH_MC	4	2	2	1.9	117.87	0.00012914	7028500
17278_MH_MC	4	2	2	1.9	117.87	0.00012914	7028500
2543_MH_MC	3	4	4	19.9	35.555	1.27E-19	119410000
33317_MH_MC	3	4	4	19.9	35.555	1.27E-19	119410000
170849_MH_MC	3	4	4	19.9	35.555	1.27E-19	119410000
25481_MH_MC	2	1	1	9.2	21.59	0.00054934	78401000
80347_MH_MC	2	1	1	9.2	21.59	0.00054934	78401000
28759_MH_MC	4	8	1	1.8	44.159	2.48E-20	467550000
255_MH_MC	4	8	1	1.8	44.159	2.48E-20	467550000
CON__P60712	4	8	1	1.8	44.159	2.48E-20	467550000
2771_MH_MC	4	8	1	1.8	44.159	2.48E-20	467550000
40373_MH_MC	2	1	1	2.2	67.953	0.0093904	9918100
25504_MH_MC	2	1	1	2.2	67.953	0.0093904	9918100
25547_MH_MC	2	3	3	8.7	46.573	6.55E-07	112010000
39172_MH_MC	2	3	3	8.7	46.573	6.55E-07	112010000
25635_MH_MC	6	24	0	0	121.98	2.31E-236	18150000000
17433_MH_MC	6	24	0	0	121.98	2.31E-236	18150000000
57324_MH_MC	6	24	0	0	121.98	2.31E-236	18150000000
35256_MH_MC	6	24	0	0	121.98	2.31E-236	18150000000
35252_MH_MC	6	24	0	0	121.98	2.31E-236	18150000000
46943_MH_MC	6	24	0	0	121.98	2.31E-236	18150000000
25636_MH_MC	2	9	5	6.5	71.878	2.90E-54	775110000
17434_MH_MC	2	9	5	6.5	71.878	2.90E-54	775110000
32327_MH_MC	3	3	3	4.7	82.948	3.90E-09	104370000
25644_MH_MC	3	3	3	4.7	82.948	3.90E-09	104370000
71487_MH_MC	3	3	3	4.7	82.948	3.90E-09	104370000
25785_MH_MC	2	1	1	2.7	32.743	0.018164	25795000
59551_MH_MC	2	1	1	2.7	32.743	0.018164	25795000
36959_MH_MC	2	1	1	5.7	27.413	0.01164	0
25893_MH_MC	2	1	1	5.7	27.413	0.01164	0
2600_MH_MC	6	3	3	8.4	46.744	1.23E-10	257070000
33404_MH_MC	6	3	3	8.4	46.744	1.23E-10	257070000
33403_MH_MC	6	3	3	8.4	46.744	1.23E-10	257070000
2599_MH_MC	6	3	3	8.4	46.744	1.23E-10	257070000
2598_MH_MC	6	3	3	8.4	46.744	1.23E-10	257070000
155874_MH_MC	6	3	3	8.4	46.744	1.23E-10	257070000
26099_MH_MC	5	2	2	1.1	220.89	1.65E-05	58369000
169353_MH_MC	5	2	2	1.1	220.89	1.65E-05	58369000
17766_MH_MC	5	2	2	1.1	220.89	1.65E-05	58369000
59753_MH_MC	5	2	2	1.1	220.89	1.65E-05	58369000
17765_MH_MC	5	2	2	1.1	220.89	1.65E-05	58369000
26127_MH_MC	4	3	1	0.5	222.39	8.58E-07	10904000
37262_MH_MC	4	3	1	0.5	222.39	8.58E-07	10904000
75228_MH_MC	4	3	1	0.5	222.39	8.58E-07	10904000
169396_MH_MC	4	3	1	0.5	222.39	8.58E-07	10904000
26159_MH_MC	4	7	7	4.4	226.94	3.11E-18	116500000
31912_MH_MC	4	7	7	4.4	226.94	3.11E-18	116500000
46955_MH_MC	4	7	7	4.4	226.94	3.11E-18	116500000
6052_MH_MC	4	7	7	4.4	226.94	3.11E-18	116500000
26279_MH_MC	8	6	6	5.9	138.98	5.24E-21	131000000
78667_MH_MC	8	6	6	5.9	138.98	5.24E-21	131000000
17889_MH_MC	8	6	6	5.9	138.98	5.24E-21	131000000
43272_MH_MC	8	6	6	5.9	138.98	5.24E-21	131000000
42108_MH_MC	8	6	6	5.9	138.98	5.24E-21	131000000
17890_MH_MC	8	6	6	5.9	138.98	5.24E-21	131000000
38423_MH_MC	8	6	6	5.9	138.98	5.24E-21	131000000
78669_MH_MC	8	6	6	5.9	138.98	5.24E-21	131000000
40614_MH_MC	4	13	13	34.3	42.51	9.84E-67	815600000
26321_MH_MC	4	13	13	34.3	42.51	9.84E-67	815600000
93932_MH_MC	4	13	13	34.3	42.51	9.84E-67	815600000
17914_MH_MC	4	13	13	34.3	42.51	9.84E-67	815600000
26337_MH_MC	2	4	4	22.2	20.224	1.31E-21	536420000
37695_MH_MC	2	4	4	22.2	20.224	1.31E-21	536420000
33495_MH_MC	9	8	8	22.8	50.258	7.21E-67	1389800000
33490_MH_MC	9	8	8	22.8	50.258	7.21E-67	1389800000
33496_MH_MC	9	8	8	22.8	50.258	7.21E-67	1389800000
2638_MH_MC	9	8	8	22.8	50.258	7.21E-67	1389800000
2639_MH_MC	9	8	8	22.8	50.258	7.21E-67	1389800000
2640_MH_MC	9	8	8	22.8	50.258	7.21E-67	1389800000
33493_MH_MC	9	8	8	22.8	50.258	7.21E-67	1389800000
20416_MH_MC	9	8	8	22.8	50.258	7.21E-67	1389800000
33494_MH_MC	9	8	8	22.8	50.258	7.21E-67	1389800000
43940_MH_MC	2	1	1	2.4	43.103	0.015837	9573300
26546_MH_MC	2	1	1	2.4	43.103	0.015837	9573300
26725_MH_MC	1	1	1	7	17.444	0.0084766	20723000
41522_MH_MC	2	2	2	9.8	30.619	1.16E-12	83049000
26746_MH_MC	2	2	2	9.8	30.619	1.16E-12	83049000
41583_MH_MC	3	1	1	1.4	102.62	0.0020066	8687900
26782_MH_MC	3	1	1	1.4	102.62	0.0020066	8687900
96369_MH_MC	3	1	1	1.4	102.62	0.0020066	8687900
26900_MH_MC	2	1	1	5.9	15.673	0.0096203	59624000
41060_MH_MC	2	1	1	5.9	15.673	0.0096203	59624000
43107_MH_MC	3	1	1	1.5	85.365	0.017395	0
89473_MH_MC	3	1	1	1.5	85.365	0.017395	0
26941_MH_MC	3	1	1	1.5	85.365	0.017395	0
2698_MH_MC	3	2	2	8.1	38.86	9.64E-05	15608000
33644_MH_MC	3	2	2	8.1	38.86	9.64E-05	15608000
33643_MH_MC	3	2	2	8.1	38.86	9.64E-05	15608000
27175_MH_MC	6	8	7	26.6	41.913	2.11E-50	416830000
18534_MH_MC	6	8	7	26.6	41.913	2.11E-50	416830000
102384_MH_MC	6	8	7	26.6	41.913	2.11E-50	416830000
102383_MH_MC	6	8	7	26.6	41.913	2.11E-50	416830000
102382_MH_MC	6	8	7	26.6	41.913	2.11E-50	416830000
171191_MH_MC	6	8	7	26.6	41.913	2.11E-50	416830000
27206_MH_MC	1	1	1	8.3	12.701	0.012896	0
44594_MH_MC	4	2	2	10.3	35.83	1.96E-11	59866000
27760_MH_MC	4	2	2	10.3	35.83	1.96E-11	59866000
104829_MH_MC	4	2	2	10.3	35.83	1.96E-11	59866000
18983_MH_MC	4	2	2	10.3	35.83	1.96E-11	59866000
27876_MH_MC	8	30	30	19.5	204.41	1.04E-100	2221900000
19076_MH_MC	8	30	30	19.5	204.41	1.04E-100	2221900000
60775_MH_MC	8	30	30	19.5	204.41	1.04E-100	2221900000
31154_MH_MC	8	30	30	19.5	204.41	1.04E-100	2221900000
1491_MH_MC	8	30	30	19.5	204.41	1.04E-100	2221900000
31152_MH_MC	8	30	30	19.5	204.41	1.04E-100	2221900000
19077_MH_MC	8	30	30	19.5	204.41	1.04E-100	2221900000
60776_MH_MC	8	30	30	19.5	204.41	1.04E-100	2221900000
27883_MH_MC	1	2	2	13.2	17.341	3.13E-06	100920000
2790_MH_MC	2	1	1	11.1	16.001	0.0025822	22901000
2791_MH_MC	2	1	1	11.1	16.001	0.0025822	22901000
35619_MH_MC	4	1	1	3.7	39.407	1.18E-08	18585000
27962_MH_MC	4	1	1	3.7	39.407	1.18E-08	18585000
70579_MH_MC	4	1	1	3.7	39.407	1.18E-08	18585000
35618_MH_MC	4	1	1	3.7	39.407	1.18E-08	18585000
44578_MH_MC	4	5	5	16.3	41.258	3.01E-13	133210000
28021_MH_MC	4	5	5	16.3	41.258	3.01E-13	133210000
19200_MH_MC	4	5	5	16.3	41.258	3.01E-13	133210000
19199_MH_MC	4	5	5	16.3	41.258	3.01E-13	133210000
28051_MH_MC	5	2	2	9.5	36.225	2.17E-13	44192000
22394_MH_MC	5	2	2	9.5	36.225	2.17E-13	44192000
55904_MH_MC	5	2	2	9.5	36.225	2.17E-13	44192000
172629_MH_MC	5	2	2	9.5	36.225	2.17E-13	44192000
19219_MH_MC	5	2	2	9.5	36.225	2.17E-13	44192000
41468_MH_MC	2	2	2	6.7	43.299	2.54E-05	44091000
28096_MH_MC	2	2	2	6.7	43.299	2.54E-05	44091000
28136_MH_MC	2	2	2	4.8	62.984	4.08E-05	17887000
85224_MH_MC	2	2	2	4.8	62.984	4.08E-05	17887000
28236_MH_MC	2	5	1	2	39.819	3.62E-14	174930000
19346_MH_MC	2	5	1	2	39.819	3.62E-14	174930000
28275_MH_MC	1	2	2	9.1	26.894	0.00022391	203370000
28331_MH_MC	4	2	2	8.2	29.647	0.0012064	12253000
28332_MH_MC	4	2	2	8.2	29.647	0.0012064	12253000
28333_MH_MC	4	2	2	8.2	29.647	0.0012064	12253000
133528_MH_MC	4	2	2	8.2	29.647	0.0012064	12253000
39_MH_MC	10	2	2	4.7	55.397	0.00029936	47983000
28341_MH_MC	10	2	2	4.7	55.397	0.00029936	47983000
28336_MH_MC	10	2	2	4.7	55.397	0.00029936	47983000
28337_MH_MC	10	2	2	4.7	55.397	0.00029936	47983000
28338_MH_MC	10	2	2	4.7	55.397	0.00029936	47983000
28339_MH_MC	10	2	2	4.7	55.397	0.00029936	47983000
28340_MH_MC	10	2	2	4.7	55.397	0.00029936	47983000
41_MH_MC	10	2	2	4.7	55.397	0.00029936	47983000
24168_MH_MC	10	2	2	4.7	55.397	0.00029936	47983000
68817_MH_MC	10	2	2	4.7	55.397	0.00029936	47983000
28416_MH_MC	3	4	4	14.8	36.89	1.37E-09	104460000
97_MH_MC	3	4	4	14.8	36.89	1.37E-09	104460000
13554_MH_MC	3	4	4	14.8	36.89	1.37E-09	104460000
33980_MH_MC	2	1	1	1.2	129.43	9.70E-06	0
2844_MH_MC	2	1	1	1.2	129.43	9.70E-06	0
28471_MH_MC	7	23	23	42.3	82.103	2.29E-193	3284600000
130_MH_MC	7	23	23	42.3	82.103	2.29E-193	3284600000
20792_MH_MC	7	23	23	42.3	82.103	2.29E-193	3284600000
13634_MH_MC	7	23	23	42.3	82.103	2.29E-193	3284600000
23332_MH_MC	7	23	23	42.3	82.103	2.29E-193	3284600000
127413_MH_MC	7	23	23	42.3	82.103	2.29E-193	3284600000
127463_MH_MC	7	23	23	42.3	82.103	2.29E-193	3284600000
28565_MH_MC	1	1	1	13.2	14.917	6.65E-10	20100000
28603_MH_MC	2	1	1	2.8	56.943	0.00078429	57768000
28602_MH_MC	2	1	1	2.8	56.943	0.00078429	57768000
28679_MH_MC	2	1	1	7.1	23.374	0.0050272	9538200
28678_MH_MC	2	1	1	7.1	23.374	0.0050272	9538200
28708_MH_MC	2	2	2	28.1	18.043	2.35E-35	78082000
28709_MH_MC	2	2	2	28.1	18.043	2.35E-35	78082000
34023_MH_MC	8	3	3	6.4	61.137	4.99E-08	216650000
2875_MH_MC	8	3	3	6.4	61.137	4.99E-08	216650000
2876_MH_MC	8	3	3	6.4	61.137	4.99E-08	216650000
2874_MH_MC	8	3	3	6.4	61.137	4.99E-08	216650000
24450_MH_MC	8	3	3	6.4	61.137	4.99E-08	216650000
61769_MH_MC	8	3	3	6.4	61.137	4.99E-08	216650000
2873_MH_MC	8	3	3	6.4	61.137	4.99E-08	216650000
16605_MH_MC	8	3	3	6.4	61.137	4.99E-08	216650000
28760_MH_MC	1	3	1	12.2	14.321	6.37E-10	92923000
28840_MH_MC	5	4	4	19	41.677	6.14E-23	40229000
14121_MH_MC	5	4	4	19	41.677	6.14E-23	40229000
21262_MH_MC	5	4	4	19	41.677	6.14E-23	40229000
119987_MH_MC	5	4	4	19	41.677	6.14E-23	40229000
28839_MH_MC	5	4	4	19	41.677	6.14E-23	40229000
28864_MH_MC	5	6	4	23	20.136	5.54E-44	4075000000
307_MH_MC	5	6	4	23	20.136	5.54E-44	4075000000
308_MH_MC	5	6	4	23	20.136	5.54E-44	4075000000
21735_MH_MC	5	6	4	23	20.136	5.54E-44	4075000000
51348_MH_MC	5	6	4	23	20.136	5.54E-44	4075000000
28875_MH_MC	4	4	4	10.5	60.691	1.98E-10	146130000
5562_MH_MC	4	4	4	10.5	60.691	1.98E-10	146130000
28873_MH_MC	4	4	4	10.5	60.691	1.98E-10	146130000
10355_MH_MC	4	4	4	10.5	60.691	1.98E-10	146130000
28918_MH_MC	4	11	11	15.9	106.01	1.55E-58	337130000
325_MH_MC	4	11	11	15.9	106.01	1.55E-58	337130000
28917_MH_MC	4	11	11	15.9	106.01	1.55E-58	337130000
324_MH_MC	4	11	11	15.9	106.01	1.55E-58	337130000
55944_MH_MC	3	3	3	16.8	25.978	2.30E-30	102800000
28953_MH_MC	3	3	3	16.8	25.978	2.30E-30	102800000
22064_MH_MC	3	3	3	16.8	25.978	2.30E-30	102800000
28998_MH_MC	3	3	3	8.2	50.482	1.43E-07	20348000
169235_MH_MC	3	3	3	8.2	50.482	1.43E-07	20348000
157429_MH_MC	3	3	3	8.2	50.482	1.43E-07	20348000
29038_MH_MC	2	1	1	4.3	32.56	0.00053459	0
29037_MH_MC	2	1	1	4.3	32.56	0.00053459	0
29083_MH_MC	1	2	2	6.6	59.745	6.27E-09	24590000
29108_MH_MC	3	3	3	18.5	21.294	2.69E-06	116110000
29111_MH_MC	3	3	3	18.5	21.294	2.69E-06	116110000
4210_MH_MC	3	3	3	18.5	21.294	2.69E-06	116110000
29138_MH_MC	2	3	3	29.8	18.335	3.04E-07	272170000
502_MH_MC	2	3	3	29.8	18.335	3.04E-07	272170000
29244_MH_MC	2	1	1	4	32.189	0.005413	25923000
29245_MH_MC	2	1	1	4	32.189	0.005413	25923000
29345_MH_MC	1	2	2	3.1	82.065	0.00021364	60821000
29366_MH_MC	4	1	1	5.3	29.965	0.0039959	0
591_MH_MC	4	1	1	5.3	29.965	0.0039959	0
29368_MH_MC	4	1	1	5.3	29.965	0.0039959	0
592_MH_MC	4	1	1	5.3	29.965	0.0039959	0
29457_MH_MC	6	4	4	12.2	50.219	6.52E-16	65469000
29458_MH_MC	6	4	4	12.2	50.219	6.52E-16	65469000
637_MH_MC	6	4	4	12.2	50.219	6.52E-16	65469000
56326_MH_MC	6	4	4	12.2	50.219	6.52E-16	65469000
28231_MH_MC	6	4	4	12.2	50.219	6.52E-16	65469000
19342_MH_MC	6	4	4	12.2	50.219	6.52E-16	65469000
691_MH_MC	5	4	4	9.5	61.632	1.24E-10	70226000
29504_MH_MC	5	4	4	9.5	61.632	1.24E-10	70226000
692_MH_MC	5	4	4	9.5	61.632	1.24E-10	70226000
111936_MH_MC	5	4	4	9.5	61.632	1.24E-10	70226000
690_MH_MC	5	4	4	9.5	61.632	1.24E-10	70226000
29548_MH_MC	1	3	3	6.7	60.443	2.89E-08	139430000
2958_MH_MC	7	1	1	1.8	72.085	0.0016765	18954000
2962_MH_MC	7	1	1	1.8	72.085	0.0016765	18954000
2959_MH_MC	7	1	1	1.8	72.085	0.0016765	18954000
2963_MH_MC	7	1	1	1.8	72.085	0.0016765	18954000
72283_MH_MC	7	1	1	1.8	72.085	0.0016765	18954000
2960_MH_MC	7	1	1	1.8	72.085	0.0016765	18954000
2961_MH_MC	7	1	1	1.8	72.085	0.0016765	18954000
29594_MH_MC	2	3	3	13.6	30.533	9.84E-09	118030000
29592_MH_MC	2	3	3	13.6	30.533	9.84E-09	118030000
29725_MH_MC	5	8	7	24.1	37.775	8.75E-36	2140000000
110246_MH_MC	5	8	7	24.1	37.775	8.75E-36	2140000000
16449_MH_MC	5	8	7	24.1	37.775	8.75E-36	2140000000
166251_MH_MC	5	8	7	24.1	37.775	8.75E-36	2140000000
166252_MH_MC	5	8	7	24.1	37.775	8.75E-36	2140000000
29769_MH_MC	3	4	2	5.7	52.805	1.09E-15	180180000
113268_MH_MC	3	4	2	5.7	52.805	1.09E-15	180180000
129731_MH_MC	3	4	2	5.7	52.805	1.09E-15	180180000
29793_MH_MC	3	10	1	2.7	43.181	1.51E-69	19422000
54155_MH_MC	3	10	1	2.7	43.181	1.51E-69	19422000
54154_MH_MC	3	10	1	2.7	43.181	1.51E-69	19422000
29794_MH_MC	1	11	1	2.7	43.206	4.98E-76	607030000
29875_MH_MC	8	3	3	11.6	43.158	3.56E-14	34107000
969_MH_MC	8	3	3	11.6	43.158	3.56E-14	34107000
968_MH_MC	8	3	3	11.6	43.158	3.56E-14	34107000
966_MH_MC	8	3	3	11.6	43.158	3.56E-14	34107000
967_MH_MC	8	3	3	11.6	43.158	3.56E-14	34107000
965_MH_MC	8	3	3	11.6	43.158	3.56E-14	34107000
29874_MH_MC	8	3	3	11.6	43.158	3.56E-14	34107000
129061_MH_MC	8	3	3	11.6	43.158	3.56E-14	34107000
29975_MH_MC	1	1	1	14.9	8.2151	0.0050509	32310000
30008_MH_MC	1	5	5	2.4	294.02	2.39E-11	93434000
30035_MH_MC	9	3	3	4.2	99.938	7.40E-59	153230000
30037_MH_MC	9	3	3	4.2	99.938	7.40E-59	153230000
30032_MH_MC	9	3	3	4.2	99.938	7.40E-59	153230000
30031_MH_MC	9	3	3	4.2	99.938	7.40E-59	153230000
30040_MH_MC	9	3	3	4.2	99.938	7.40E-59	153230000
30039_MH_MC	9	3	3	4.2	99.938	7.40E-59	153230000
113967_MH_MC	9	3	3	4.2	99.938	7.40E-59	153230000
21555_MH_MC	9	3	3	4.2	99.938	7.40E-59	153230000
14435_MH_MC	9	3	3	4.2	99.938	7.40E-59	153230000
30108_MH_MC	3	1	1	6.5	22.628	0.020603	9788200
964_MH_MC	3	1	1	6.5	22.628	0.020603	9788200
85920_MH_MC	3	1	1	6.5	22.628	0.020603	9788200
30149_MH_MC	11	5	5	12.3	49.924	3.94E-10	366220000
30148_MH_MC	11	5	5	12.3	49.924	3.94E-10	366220000
30147_MH_MC	11	5	5	12.3	49.924	3.94E-10	366220000
94719_MH_MC	11	5	5	12.3	49.924	3.94E-10	366220000
23975_MH_MC	11	5	5	12.3	49.924	3.94E-10	366220000
16263_MH_MC	11	5	5	12.3	49.924	3.94E-10	366220000
21350_MH_MC	11	5	5	12.3	49.924	3.94E-10	366220000
114522_MH_MC	11	5	5	12.3	49.924	3.94E-10	366220000
8956_MH_MC	11	5	5	12.3	49.924	3.94E-10	366220000
998_MH_MC	11	5	5	12.3	49.924	3.94E-10	366220000
997_MH_MC	11	5	5	12.3	49.924	3.94E-10	366220000
3016_MH_MC	5	4	4	34.1	20.137	7.03E-52	148180000
22532_MH_MC	5	4	4	34.1	20.137	7.03E-52	148180000
34263_MH_MC	5	4	4	34.1	20.137	7.03E-52	148180000
66487_MH_MC	5	4	4	34.1	20.137	7.03E-52	148180000
3015_MH_MC	5	4	4	34.1	20.137	7.03E-52	148180000
30165_MH_MC	2	1	1	6.2	23.989	0.00052257	0
30166_MH_MC	2	1	1	6.2	23.989	0.00052257	0
3022_MH_MC	5	1	1	10.1	18.029	6.35E-08	35408000
3018_MH_MC	5	1	1	10.1	18.029	6.35E-08	35408000
3017_MH_MC	5	1	1	10.1	18.029	6.35E-08	35408000
34273_MH_MC	5	1	1	10.1	18.029	6.35E-08	35408000
3020_MH_MC	5	1	1	10.1	18.029	6.35E-08	35408000
30230_MH_MC	3	4	4	15	36.274	1.05E-08	204840000
30231_MH_MC	3	4	4	15	36.274	1.05E-08	204840000
138643_MH_MC	3	4	4	15	36.274	1.05E-08	204840000
30275_MH_MC	1	1	1	1.3	88.796	0.0049939	0
30325_MH_MC	1	4	4	14.2	44.585	5.46E-14	218340000
30380_MH_MC	1	1	1	8.2	17.451	6.47E-06	43814000
30443_MH_MC	6	12	12	25.6	59.596	3.71E-80	567490000
30442_MH_MC	6	12	12	25.6	59.596	3.71E-80	567490000
14234_MH_MC	6	12	12	25.6	59.596	3.71E-80	567490000
21353_MH_MC	6	12	12	25.6	59.596	3.71E-80	567490000
114458_MH_MC	6	12	12	25.6	59.596	3.71E-80	567490000
80485_MH_MC	6	12	12	25.6	59.596	3.71E-80	567490000
30476_MH_MC	6	3	3	27.3	16.682	2.52E-08	358400000
27804_MH_MC	6	3	3	27.3	16.682	2.52E-08	358400000
114575_MH_MC	6	3	3	27.3	16.682	2.52E-08	358400000
42239_MH_MC	6	3	3	27.3	16.682	2.52E-08	358400000
135148_MH_MC	6	3	3	27.3	16.682	2.52E-08	358400000
30475_MH_MC	6	3	3	27.3	16.682	2.52E-08	358400000
30598_MH_MC	1	1	1	12.1	13.457	0.002205	12726000
30616_MH_MC	1	1	1	1.6	114.06	1.78E-17	0
30656_MH_MC	3	1	1	5.6	28.749	0.0014476	28809000
40908_MH_MC	3	1	1	5.6	28.749	0.0014476	28809000
30657_MH_MC	3	1	1	5.6	28.749	0.0014476	28809000
30771_MH_MC	2	3	3	20	20.034	1.82E-11	158040000
13422_MH_MC	2	3	3	20	20.034	1.82E-11	158040000
30773_MH_MC	1	5	5	16	53.813	6.04E-30	84919000
30802_MH_MC	2	1	1	3.1	50.459	0.00035961	0
30801_MH_MC	2	1	1	3.1	50.459	0.00035961	0
30894_MH_MC	5	4	4	4.1	112.3	6.03E-12	235290000
27011_MH_MC	5	4	4	4.1	112.3	6.03E-12	235290000
170881_MH_MC	5	4	4	4.1	112.3	6.03E-12	235290000
101931_MH_MC	5	4	4	4.1	112.3	6.03E-12	235290000
18413_MH_MC	5	4	4	4.1	112.3	6.03E-12	235290000
30920_MH_MC	2	2	2	9	31.087	0.00012393	170490000
30921_MH_MC	2	2	2	9	31.087	0.00012393	170490000
31016_MH_MC	3	1	1	1.7	105.07	8.03E-05	0
31012_MH_MC	3	1	1	1.7	105.07	8.03E-05	0
31015_MH_MC	3	1	1	1.7	105.07	8.03E-05	0
31046_MH_MC	1	1	1	7.3	18.328	0.00431	0
31061_MH_MC	1	1	1	9.6	19.289	0.0037335	23755000
31082_MH_MC	1	2	2	31.8	7.6809	2.22E-22	686620000
31112_MH_MC	4	1	1	2.6	51.036	0.00010715	8003000
31115_MH_MC	4	1	1	2.6	51.036	0.00010715	8003000
95990_MH_MC	4	1	1	2.6	51.036	0.00010715	8003000
31113_MH_MC	4	1	1	2.6	51.036	0.00010715	8003000
31237_MH_MC	3	2	2	14.9	15.969	0.00050811	134750000
31238_MH_MC	3	2	2	14.9	15.969	0.00050811	134750000
14740_MH_MC	3	2	2	14.9	15.969	0.00050811	134750000
31239_MH_MC	1	1	1	22.7	8.7548	0.0041879	9129800
31241_MH_MC	2	5	5	54.7	11.091	1.40E-10	1809400000
93446_MH_MC	2	5	5	54.7	11.091	1.40E-10	1809400000
31339_MH_MC	3	6	6	31.1	32.09	5.10E-37	194550000
26758_MH_MC	3	6	6	31.1	32.09	5.10E-37	194550000
127573_MH_MC	3	6	6	31.1	32.09	5.10E-37	194550000
31387_MH_MC	1	1	1	6.5	25.871	0.00033495	21558000
31441_MH_MC	2	13	13	42.4	33.913	1.32E-66	4196800000
6871_MH_MC	2	13	13	42.4	33.913	1.32E-66	4196800000
31454_MH_MC	1	2	2	17.3	13.333	4.44E-05	64506000
31469_MH_MC	7	6	6	5.4	165.13	3.24E-39	45862000
31474_MH_MC	7	6	6	5.4	165.13	3.24E-39	45862000
167984_MH_MC	7	6	6	5.4	165.13	3.24E-39	45862000
25279_MH_MC	7	6	6	5.4	165.13	3.24E-39	45862000
17189_MH_MC	7	6	6	5.4	165.13	3.24E-39	45862000
120944_MH_MC	7	6	6	5.4	165.13	3.24E-39	45862000
99248_MH_MC	7	6	6	5.4	165.13	3.24E-39	45862000
31506_MH_MC	6	9	9	11.1	110.94	9.19E-39	533890000
79519_MH_MC	6	9	9	11.1	110.94	9.19E-39	533890000
1646_MH_MC	6	9	9	11.1	110.94	9.19E-39	533890000
27502_MH_MC	6	9	9	11.1	110.94	9.19E-39	533890000
18783_MH_MC	6	9	9	11.1	110.94	9.19E-39	533890000
31507_MH_MC	6	9	9	11.1	110.94	9.19E-39	533890000
31610_MH_MC	3	6	6	41.1	22.804	1.25E-34	410110000
137149_MH_MC	3	6	6	41.1	22.804	1.25E-34	410110000
31609_MH_MC	3	6	6	41.1	22.804	1.25E-34	410110000
31613_MH_MC	3	4	4	33.1	19.303	5.74E-22	382160000
31614_MH_MC	3	4	4	33.1	19.303	5.74E-22	382160000
27392_MH_MC	3	4	4	33.1	19.303	5.74E-22	382160000
31639_MH_MC	2	1	1	1.5	65.251	0.008233	15410000
31638_MH_MC	2	1	1	1.5	65.251	0.008233	15410000
41160_MH_MC	2	5	2	12.3	19.247	8.66E-48	242980000
31654_MH_MC	2	5	2	12.3	19.247	8.66E-48	242980000
31710_MH_MC	3	10	10	39	27.667	2.82E-48	2560400000
31711_MH_MC	3	10	10	39	27.667	2.82E-48	2560400000
31714_MH_MC	3	10	10	39	27.667	2.82E-48	2560400000
31713_MH_MC	1	3	3	43.6	8.6559	9.97E-10	122890000
31784_MH_MC	3	6	6	30.5	27.117	2.70E-36	1082700000
1781_MH_MC	3	6	6	30.5	27.117	2.70E-36	1082700000
31785_MH_MC	3	6	6	30.5	27.117	2.70E-36	1082700000
31799_MH_MC	2	2	2	9.6	29.438	9.52E-06	11123000
31798_MH_MC	2	2	2	9.6	29.438	9.52E-06	11123000
31834_MH_MC	4	7	5	14.7	42.521	1.54E-17	463240000
31833_MH_MC	4	7	5	14.7	42.521	1.54E-17	463240000
19433_MH_MC	4	7	5	14.7	42.521	1.54E-17	463240000
134491_MH_MC	4	7	5	14.7	42.521	1.54E-17	463240000
31918_MH_MC	3	7	7	29.1	25.317	2.01E-15	8403700000
31917_MH_MC	3	7	7	29.1	25.317	2.01E-15	8403700000
137737_MH_MC	3	7	7	29.1	25.317	2.01E-15	8403700000
34515_MH_MC	9	4	4	11.1	77.401	3.14E-19	36759000
3205_MH_MC	9	4	4	11.1	77.401	3.14E-19	36759000
34516_MH_MC	9	4	4	11.1	77.401	3.14E-19	36759000
34518_MH_MC	9	4	4	11.1	77.401	3.14E-19	36759000
34517_MH_MC	9	4	4	11.1	77.401	3.14E-19	36759000
159634_MH_MC	9	4	4	11.1	77.401	3.14E-19	36759000
12815_MH_MC	9	4	4	11.1	77.401	3.14E-19	36759000
12406_MH_MC	9	4	4	11.1	77.401	3.14E-19	36759000
134103_MH_MC	9	4	4	11.1	77.401	3.14E-19	36759000
32112_MH_MC	6	2	2	3.5	77.368	0.0017012	0
24787_MH_MC	6	2	2	3.5	77.368	0.0017012	0
16842_MH_MC	6	2	2	3.5	77.368	0.0017012	0
81508_MH_MC	6	2	2	3.5	77.368	0.0017012	0
11091_MH_MC	6	2	2	3.5	77.368	0.0017012	0
138417_MH_MC	6	2	2	3.5	77.368	0.0017012	0
32259_MH_MC	2	4	4	10.1	45.621	4.35E-08	131930000
32258_MH_MC	2	4	4	10.1	45.621	4.35E-08	131930000
32284_MH_MC	6	4	4	34.3	14.417	2.47E-21	1096500000
32286_MH_MC	6	4	4	34.3	14.417	2.47E-21	1096500000
32285_MH_MC	6	4	4	34.3	14.417	2.47E-21	1096500000
44996_MH_MC	6	4	4	34.3	14.417	2.47E-21	1096500000
30184_MH_MC	6	4	4	34.3	14.417	2.47E-21	1096500000
36836_MH_MC	6	4	4	34.3	14.417	2.47E-21	1096500000
32371_MH_MC	2	1	1	2.8	35.704	0.0037699	29386000
32373_MH_MC	2	1	1	2.8	35.704	0.0037699	29386000
32547_MH_MC	4	9	9	33	41.181	3.15E-25	1057500000
18166_MH_MC	4	9	9	33	41.181	3.15E-25	1057500000
26673_MH_MC	4	9	9	33	41.181	3.15E-25	1057500000
70717_MH_MC	4	9	9	33	41.181	3.15E-25	1057500000
32613_MH_MC	8	8	8	12.2	98.412	1.15E-28	268140000
32615_MH_MC	8	8	8	12.2	98.412	1.15E-28	268140000
32612_MH_MC	8	8	8	12.2	98.412	1.15E-28	268140000
24362_MH_MC	8	8	8	12.2	98.412	1.15E-28	268140000
16546_MH_MC	8	8	8	12.2	98.412	1.15E-28	268140000
24361_MH_MC	8	8	8	12.2	98.412	1.15E-28	268140000
16547_MH_MC	8	8	8	12.2	98.412	1.15E-28	268140000
54317_MH_MC	8	8	8	12.2	98.412	1.15E-28	268140000
32637_MH_MC	3	2	2	9	35.229	9.70E-17	318140000
32636_MH_MC	3	2	2	9	35.229	9.70E-17	318140000
170456_MH_MC	3	2	2	9	35.229	9.70E-17	318140000
32642_MH_MC	2	2	2	13	30.367	3.04E-13	45114000
128254_MH_MC	2	2	2	13	30.367	3.04E-13	45114000
32692_MH_MC	4	2	2	9.9	26.322	0.00010405	102300000
20154_MH_MC	4	2	2	9.9	26.322	0.00010405	102300000
130939_MH_MC	4	2	2	9.9	26.322	0.00010405	102300000
13037_MH_MC	4	2	2	9.9	26.322	0.00010405	102300000
32703_MH_MC	1	1	1	6.7	23.381	9.63E-19	0
32762_MH_MC	4	2	2	9.1	39.354	4.71E-05	50657000
128719_MH_MC	4	2	2	9.1	39.354	4.71E-05	50657000
20597_MH_MC	4	2	2	9.1	39.354	4.71E-05	50657000
160470_MH_MC	4	2	2	9.1	39.354	4.71E-05	50657000
32914_MH_MC	8	4	4	8.2	79.876	7.43E-54	88299000
32913_MH_MC	8	4	4	8.2	79.876	7.43E-54	88299000
124340_MH_MC	8	4	4	8.2	79.876	7.43E-54	88299000
21078_MH_MC	8	4	4	8.2	79.876	7.43E-54	88299000
13912_MH_MC	8	4	4	8.2	79.876	7.43E-54	88299000
161098_MH_MC	8	4	4	8.2	79.876	7.43E-54	88299000
129480_MH_MC	8	4	4	8.2	79.876	7.43E-54	88299000
13320_MH_MC	8	4	4	8.2	79.876	7.43E-54	88299000
32969_MH_MC	1	2	2	4.5	60.323	6.12E-07	52363000
32992_MH_MC	2	1	1	4	42.35	0.00054395	12732000
32993_MH_MC	2	1	1	4	42.35	0.00054395	12732000
33022_MH_MC	1	1	1	0.7	139.87	0.0014114	15853000
33051_MH_MC	1	2	2	1.7	107.24	1.21E-07	21475000
33084_MH_MC	2	1	1	4	39.752	3.77E-19	26424000
33083_MH_MC	2	1	1	4	39.752	3.77E-19	26424000
33120_MH_MC	2	3	3	8.8	48.051	3.82E-10	65433000
33122_MH_MC	2	3	3	8.8	48.051	3.82E-10	65433000
33144_MH_MC	3	2	2	2.2	103.41	0.0013612	38837000
33143_MH_MC	3	2	2	2.2	103.41	0.0013612	38837000
24719_MH_MC	3	2	2	2.2	103.41	0.0013612	38837000
33180_MH_MC	1	1	1	3.7	24.798	6.81E-05	72533000
33216_MH_MC	4	6	6	24.5	31.61	3.89E-30	373720000
33215_MH_MC	4	6	6	24.5	31.61	3.89E-30	373720000
131196_MH_MC	4	6	6	24.5	31.61	3.89E-30	373720000
2489_MH_MC	4	6	6	24.5	31.61	3.89E-30	373720000
33237_MH_MC	6	4	4	23.7	18.64	2.73E-11	285710000
32033_MH_MC	6	4	4	23.7	18.64	2.73E-11	285710000
137069_MH_MC	6	4	4	23.7	18.64	2.73E-11	285710000
32032_MH_MC	6	4	4	23.7	18.64	2.73E-11	285710000
2491_MH_MC	6	4	4	23.7	18.64	2.73E-11	285710000
1886_MH_MC	6	4	4	23.7	18.64	2.73E-11	285710000
33243_MH_MC	5	4	4	10.9	50.184	9.65E-09	48493000
33242_MH_MC	5	4	4	10.9	50.184	9.65E-09	48493000
21270_MH_MC	5	4	4	10.9	50.184	9.65E-09	48493000
119554_MH_MC	5	4	4	10.9	50.184	9.65E-09	48493000
25975_MH_MC	5	4	4	10.9	50.184	9.65E-09	48493000
33362_MH_MC	2	2	2	2	111.27	2.66E-06	657490000
33363_MH_MC	2	2	2	2	111.27	2.66E-06	657490000
33364_MH_MC	3	4	4	22.3	30.294	2.23E-68	681970000
19380_MH_MC	3	4	4	22.3	30.294	2.23E-68	681970000
28268_MH_MC	3	4	4	22.3	30.294	2.23E-68	681970000
33370_MH_MC	3	2	2	16.3	16.72	0.00063267	48991000
33373_MH_MC	3	2	2	16.3	16.72	0.00063267	48991000
10419_MH_MC	3	2	2	16.3	16.72	0.00063267	48991000
33523_MH_MC	3	4	3	11.8	35.423	5.03E-51	201080000
33522_MH_MC	3	4	3	11.8	35.423	5.03E-51	201080000
138533_MH_MC	3	4	3	11.8	35.423	5.03E-51	201080000
33654_MH_MC	3	14	12	18.8	68.275	5.02E-35	1082000000
59639_MH_MC	3	14	12	18.8	68.275	5.02E-35	1082000000
26303_MH_MC	3	14	12	18.8	68.275	5.02E-35	1082000000
33716_MH_MC	1	1	1	3.1	38.714	0.00029755	49511000
33765_MH_MC	2	1	1	10.7	17.428	5.41E-11	130330000
33763_MH_MC	2	1	1	10.7	17.428	5.41E-11	130330000
33788_MH_MC	1	2	2	7.6	31.844	0.00040698	34545000
33843_MH_MC	1	1	1	7.6	12.029	0.010936	36030000
33876_MH_MC	1	2	1	9	15.482	3.55E-06	129350000
33891_MH_MC	1	1	1	9.4	15.593	0.00011628	22428000
33952_MH_MC	11	4	4	8.3	76.598	4.64E-41	41675000
2828_MH_MC	11	4	4	8.3	76.598	4.64E-41	41675000
2827_MH_MC	11	4	4	8.3	76.598	4.64E-41	41675000
116581_MH_MC	11	4	4	8.3	76.598	4.64E-41	41675000
21325_MH_MC	11	4	4	8.3	76.598	4.64E-41	41675000
161436_MH_MC	11	4	4	8.3	76.598	4.64E-41	41675000
14203_MH_MC	11	4	4	8.3	76.598	4.64E-41	41675000
40837_MH_MC	11	4	4	8.3	76.598	4.64E-41	41675000
12823_MH_MC	11	4	4	8.3	76.598	4.64E-41	41675000
161437_MH_MC	11	4	4	8.3	76.598	4.64E-41	41675000
132151_MH_MC	11	4	4	8.3	76.598	4.64E-41	41675000
34084_MH_MC	1	1	1	5.7	37.898	1.38E-05	9449000
34200_MH_MC	2	1	1	4.1	45.522	0.014101	0
34202_MH_MC	2	1	1	4.1	45.522	0.014101	0
34488_MH_MC	1	4	3	7.3	56.749	2.30E-20	67245000
34525_MH_MC	4	7	7	30	31.141	3.47E-29	492640000
24712_MH_MC	4	7	7	30	31.141	3.47E-29	492640000
74536_MH_MC	4	7	7	30	31.141	3.47E-29	492640000
34524_MH_MC	4	7	7	30	31.141	3.47E-29	492640000
34539_MH_MC	2	2	2	17.9	16.413	0.00016377	76578000
34540_MH_MC	2	2	2	17.9	16.413	0.00016377	76578000
34800_MH_MC	1	1	1	4.7	24.499	0.032368	70751000
3494_MH_MC	10	5	5	32.4	15.732	1.15E-21	384820000
34990_MH_MC	10	5	5	32.4	15.732	1.15E-21	384820000
3493_MH_MC	10	5	5	32.4	15.732	1.15E-21	384820000
11517_MH_MC	10	5	5	32.4	15.732	1.15E-21	384820000
165516_MH_MC	10	5	5	32.4	15.732	1.15E-21	384820000
23766_MH_MC	10	5	5	32.4	15.732	1.15E-21	384820000
157962_MH_MC	10	5	5	32.4	15.732	1.15E-21	384820000
155090_MH_MC	10	5	5	32.4	15.732	1.15E-21	384820000
45664_MH_MC	10	5	5	32.4	15.732	1.15E-21	384820000
87954_MH_MC	10	5	5	32.4	15.732	1.15E-21	384820000
34963_MH_MC	3	4	4	20	22.83	3.64E-21	343860000
34962_MH_MC	3	4	4	20	22.83	3.64E-21	343860000
21860_MH_MC	3	4	4	20	22.83	3.64E-21	343860000
35000_MH_MC	5	3	2	4.3	46.689	1.80E-05	139400000
108672_MH_MC	5	3	2	4.3	46.689	1.80E-05	139400000
43945_MH_MC	5	3	2	4.3	46.689	1.80E-05	139400000
20035_MH_MC	5	3	2	4.3	46.689	1.80E-05	139400000
12932_MH_MC	5	3	2	4.3	46.689	1.80E-05	139400000
35040_MH_MC	1	4	4	8.1	42.247	1.89E-12	847720000
35050_MH_MC	8	4	4	12.1	41.942	3.29E-12	393640000
35051_MH_MC	8	4	4	12.1	41.942	3.29E-12	393640000
3543_MH_MC	8	4	4	12.1	41.942	3.29E-12	393640000
138823_MH_MC	8	4	4	12.1	41.942	3.29E-12	393640000
169780_MH_MC	8	4	4	12.1	41.942	3.29E-12	393640000
26345_MH_MC	8	4	4	12.1	41.942	3.29E-12	393640000
81528_MH_MC	8	4	4	12.1	41.942	3.29E-12	393640000
17930_MH_MC	8	4	4	12.1	41.942	3.29E-12	393640000
35145_MH_MC	7	5	5	27.2	23.355	1.60E-11	233220000
3567_MH_MC	7	5	5	27.2	23.355	1.60E-11	233220000
3566_MH_MC	7	5	5	27.2	23.355	1.60E-11	233220000
3565_MH_MC	7	5	5	27.2	23.355	1.60E-11	233220000
3564_MH_MC	7	5	5	27.2	23.355	1.60E-11	233220000
3563_MH_MC	7	5	5	27.2	23.355	1.60E-11	233220000
164640_MH_MC	7	5	5	27.2	23.355	1.60E-11	233220000
35191_MH_MC	2	2	2	8.4	41.848	2.87E-12	15835000
35192_MH_MC	2	2	2	8.4	41.848	2.87E-12	15835000
35254_MH_MC	5	26	13	16.8	98.428	1.81E-201	12978000000
35251_MH_MC	5	26	13	16.8	98.428	1.81E-201	12978000000
35257_MH_MC	5	26	13	16.8	98.428	1.81E-201	12978000000
35253_MH_MC	5	26	13	16.8	98.428	1.81E-201	12978000000
35255_MH_MC	5	26	13	16.8	98.428	1.81E-201	12978000000
35291_MH_MC	5	3	3	10.1	54.845	1.54E-10	43729000
3631_MH_MC	5	3	3	10.1	54.845	1.54E-10	43729000
3632_MH_MC	5	3	3	10.1	54.845	1.54E-10	43729000
35294_MH_MC	5	3	3	10.1	54.845	1.54E-10	43729000
21517_MH_MC	5	3	3	10.1	54.845	1.54E-10	43729000
35312_MH_MC	12	6	6	11.2	67.155	2.33E-14	76873000
35316_MH_MC	12	6	6	11.2	67.155	2.33E-14	76873000
3646_MH_MC	12	6	6	11.2	67.155	2.33E-14	76873000
35314_MH_MC	12	6	6	11.2	67.155	2.33E-14	76873000
3644_MH_MC	12	6	6	11.2	67.155	2.33E-14	76873000
35313_MH_MC	12	6	6	11.2	67.155	2.33E-14	76873000
3645_MH_MC	12	6	6	11.2	67.155	2.33E-14	76873000
35315_MH_MC	12	6	6	11.2	67.155	2.33E-14	76873000
131303_MH_MC	12	6	6	11.2	67.155	2.33E-14	76873000
11603_MH_MC	12	6	6	11.2	67.155	2.33E-14	76873000
136559_MH_MC	12	6	6	11.2	67.155	2.33E-14	76873000
11692_MH_MC	12	6	6	11.2	67.155	2.33E-14	76873000
3699_MH_MC	7	2	2	12.3	24.445	4.87E-06	51474000
3698_MH_MC	7	2	2	12.3	24.445	4.87E-06	51474000
35419_MH_MC	7	2	2	12.3	24.445	4.87E-06	51474000
3697_MH_MC	7	2	2	12.3	24.445	4.87E-06	51474000
3696_MH_MC	7	2	2	12.3	24.445	4.87E-06	51474000
3695_MH_MC	7	2	2	12.3	24.445	4.87E-06	51474000
3700_MH_MC	7	2	2	12.3	24.445	4.87E-06	51474000
35454_MH_MC	1	2	2	7.8	36.482	6.30E-06	37397000
35511_MH_MC	2	1	1	6	30.538	0.012051	32532000
35512_MH_MC	2	1	1	6	30.538	0.012051	32532000
35688_MH_MC	3	2	2	11.2	25.271	1.74E-05	56329000
3906_MH_MC	3	2	2	11.2	25.271	1.74E-05	56329000
11972_MH_MC	3	2	2	11.2	25.271	1.74E-05	56329000
3958_MH_MC	3	5	5	26.1	25.641	1.60E-20	2082300000
35772_MH_MC	3	5	5	26.1	25.641	1.60E-20	2082300000
12201_MH_MC	3	5	5	26.1	25.641	1.60E-20	2082300000
36032_MH_MC	1	1	1	6	23.546	0.001468	37895000
36114_MH_MC	1	3	1	4.2	34.756	1.02E-93	0
36542_MH_MC	1	1	1	5.5	18.581	0.011065	0
36566_MH_MC	8	8	8	12	95.012	1.37E-25	204310000
97059_MH_MC	8	8	8	12	95.012	1.37E-25	204310000
24161_MH_MC	8	8	8	12	95.012	1.37E-25	204310000
126941_MH_MC	8	8	8	12	95.012	1.37E-25	204310000
20859_MH_MC	8	8	8	12	95.012	1.37E-25	204310000
16403_MH_MC	8	8	8	12	95.012	1.37E-25	204310000
160795_MH_MC	8	8	8	12	95.012	1.37E-25	204310000
160796_MH_MC	8	8	8	12	95.012	1.37E-25	204310000
36590_MH_MC	1	2	2	25.8	10.541	1.27E-05	136650000
36708_MH_MC	1	4	4	59.7	8.3465	4.06E-30	511740000
36727_MH_MC	2	7	7	34.9	29.942	1.74E-42	1424900000
131152_MH_MC	2	7	7	34.9	29.942	1.74E-42	1424900000
36749_MH_MC	1	1	1	5.4	43.067	1.09E-10	0
36757_MH_MC	1	1	1	4	39.714	0.006577	20037000
36810_MH_MC	3	8	8	27.4	36.277	4.61E-31	1675700000
122170_MH_MC	3	8	8	27.4	36.277	4.61E-31	1675700000
21192_MH_MC	3	8	8	27.4	36.277	4.61E-31	1675700000
36825_MH_MC	2	5	5	21.3	34.61	6.35E-14	108140000
4712_MH_MC	2	5	5	21.3	34.61	6.35E-14	108140000
36835_MH_MC	2	1	1	4.8	27.287	0.020717	22126000
4717_MH_MC	2	1	1	4.8	27.287	0.020717	22126000
36881_MH_MC	3	3	3	6.4	48.239	1.90E-06	33086000
127960_MH_MC	3	3	3	6.4	48.239	1.90E-06	33086000
26700_MH_MC	3	3	3	6.4	48.239	1.90E-06	33086000
3692_MH_MC	6	11	3	9.9	50.093	4.30E-98	304400000
3693_MH_MC	6	11	3	9.9	50.093	4.30E-98	304400000
80397_MH_MC	6	11	3	9.9	50.093	4.30E-98	304400000
18152_MH_MC	6	11	3	9.9	50.093	4.30E-98	304400000
170305_MH_MC	6	11	3	9.9	50.093	4.30E-98	304400000
108002_MH_MC	6	11	3	9.9	50.093	4.30E-98	304400000
36984_MH_MC	5	5	5	22.2	29.874	6.90E-14	309100000
4838_MH_MC	5	5	5	22.2	29.874	6.90E-14	309100000
71107_MH_MC	5	5	5	22.2	29.874	6.90E-14	309100000
159396_MH_MC	5	5	5	22.2	29.874	6.90E-14	309100000
4300_MH_MC	5	5	5	22.2	29.874	6.90E-14	309100000
37069_MH_MC	1	1	1	23.3	8.569	0.016302	13156000
37130_MH_MC	1	1	1	1.5	85.88	0.0031146	45332000
37163_MH_MC	6	7	7	21.2	54.546	1.05E-50	338200000
12627_MH_MC	6	7	7	21.2	54.546	1.05E-50	338200000
133159_MH_MC	6	7	7	21.2	54.546	1.05E-50	338200000
19752_MH_MC	6	7	7	21.2	54.546	1.05E-50	338200000
96603_MH_MC	6	7	7	21.2	54.546	1.05E-50	338200000
24841_MH_MC	6	7	7	21.2	54.546	1.05E-50	338200000
37181_MH_MC	1	2	2	7.7	56.627	1.72E-07	14907000
37214_MH_MC	1	4	4	17.8	35.547	9.09E-92	247240000
37225_MH_MC	2	2	2	2.4	87.588	3.61E-06	84269000
16165_MH_MC	2	2	2	2.4	87.588	3.61E-06	84269000
37289_MH_MC	1	1	1	1.5	104.53	6.74E-05	0
3729_MH_MC	1	1	1	1.5	89.184	0.0093672	11723000
37312_MH_MC	1	2	2	27.2	10.734	0.00048282	53229000
37313_MH_MC	3	3	3	4.5	106.07	8.90E-07	13341000
13782_MH_MC	3	3	3	4.5	106.07	8.90E-07	13341000
95003_MH_MC	3	3	3	4.5	106.07	8.90E-07	13341000
37350_MH_MC	2	2	2	21.5	9.6123	0.00044101	110860000
135090_MH_MC	2	2	2	21.5	9.6123	0.00044101	110860000
37360_MH_MC	1	4	4	17.6	28.349	4.45E-17	152590000
37365_MH_MC	2	9	9	29.5	35.809	2.50E-40	1967700000
156411_MH_MC	2	9	9	29.5	35.809	2.50E-40	1967700000
37399_MH_MC	1	3	3	10.9	35.174	3.93E-15	83936000
37404_MH_MC	1	2	2	7.7	36.059	7.44E-06	52663000
37448_MH_MC	2	7	7	59.3	12.206	2.57E-23	1379900000
103921_MH_MC	2	7	7	59.3	12.206	2.57E-23	1379900000
37507_MH_MC	5	4	4	18.9	38.893	2.91E-12	328540000
130504_MH_MC	5	4	4	18.9	38.893	2.91E-12	328540000
20249_MH_MC	5	4	4	18.9	38.893	2.91E-12	328540000
13125_MH_MC	5	4	4	18.9	38.893	2.91E-12	328540000
160046_MH_MC	5	4	4	18.9	38.893	2.91E-12	328540000
37577_MH_MC	4	3	3	37.8	14.526	4.46E-30	87679000
11856_MH_MC	4	3	3	37.8	14.526	4.46E-30	87679000
136016_MH_MC	4	3	3	37.8	14.526	4.46E-30	87679000
158450_MH_MC	4	3	3	37.8	14.526	4.46E-30	87679000
37676_MH_MC	2	2	2	11.6	20.289	0.0010527	48089000
138393_MH_MC	2	2	2	11.6	20.289	0.0010527	48089000
37689_MH_MC	1	1	1	7.2	18.437	0.0015154	20789000
37707_MH_MC	1	2	2	26.7	10.118	0.0002378	144400000
37742_MH_MC	1	1	1	7.1	16.539	0.0075722	23063000
37917_MH_MC	1	2	2	15.7	15.326	5.86E-05	193810000
38002_MH_MC	2	2	2	10.2	26.338	1.38E-06	7703700
14450_MH_MC	2	2	2	10.2	26.338	1.38E-06	7703700
38177_MH_MC	1	1	1	9	16.906	0.0010227	0
38203_MH_MC	1	1	1	14.3	17.028	9.21E-16	14141000
38227_MH_MC	1	5	5	40.4	18.188	1.07E-69	1135100000
38391_MH_MC	2	2	2	1	240.5	0.00036701	5096800
18387_MH_MC	2	2	2	1	240.5	0.00036701	5096800
38613_MH_MC	1	6	5	23.2	26.188	7.40E-27	1261400000
38620_MH_MC	1	3	2	8.2	23.943	1.37E-05	63259000
38647_MH_MC	1	6	6	20.4	33.981	2.33E-18	1067300000
38674_MH_MC	1	7	4	13.6	34.972	3.27E-103	2328800000
38688_MH_MC	4	17	7	23.9	44.462	3.63E-110	13375000000
131053_MH_MC	4	17	7	23.9	44.462	3.63E-110	13375000000
20126_MH_MC	4	17	7	23.9	44.462	3.63E-110	13375000000
13012_MH_MC	4	17	7	23.9	44.462	3.63E-110	13375000000
38693_MH_MC	2	4	4	6	70.191	1.83E-12	100490000
155375_MH_MC	2	4	4	6	70.191	1.83E-12	100490000
3873_MH_MC	7	2	2	12.3	22.22	0.00053038	52295000
27359_MH_MC	7	2	2	12.3	22.22	0.00053038	52295000
65348_MH_MC	7	2	2	12.3	22.22	0.00053038	52295000
4847_MH_MC	7	2	2	12.3	22.22	0.00053038	52295000
35654_MH_MC	7	2	2	12.3	22.22	0.00053038	52295000
35653_MH_MC	7	2	2	12.3	22.22	0.00053038	52295000
18684_MH_MC	7	2	2	12.3	22.22	0.00053038	52295000
38837_MH_MC	1	6	6	25.6	22.686	3.20E-19	2698900000
39034_MH_MC	1	1	1	4	23.224	0.033993	37404000
39278_MH_MC	1	1	1	16.1	9.738	0.00032278	52513000
39353_MH_MC	1	4	3	19	24.44	1.53E-08	191570000
39470_MH_MC	1	1	1	7.4	15.735	0.008195	0
39491_MH_MC	2	2	2	8.4	31.718	5.06E-06	9880800
6732_MH_MC	2	2	2	8.4	31.718	5.06E-06	9880800
39554_MH_MC	1	4	4	49.3	8.4507	1.13E-08	203170000
39587_MH_MC	1	1	1	15.8	8.6352	0.00077799	31539000
8401_MH_MC	2	1	1	2.1	48.871	0.0031889	194580000
39604_MH_MC	2	1	1	2.1	48.871	0.0031889	194580000
39681_MH_MC	2	2	2	20.9	12.859	1.17E-05	72814000
25649_MH_MC	2	2	2	20.9	12.859	1.17E-05	72814000
40096_MH_MC	1	6	0	0	30.672	7.03E-96	1968300000
40097_MH_MC	3	6	1	4.5	41.014	5.34E-50	1519200000
41158_MH_MC	3	6	1	4.5	41.014	5.34E-50	1519200000
41155_MH_MC	3	6	1	4.5	41.014	5.34E-50	1519200000
40218_MH_MC	1	1	1	8.9	17.937	0.011725	0
40223_MH_MC	1	1	1	11.7	8.7139	0.0012972	275170000
40246_MH_MC	2	4	4	25.7	30.678	2.80E-46	171280000
12244_MH_MC	2	4	4	25.7	30.678	2.80E-46	171280000
40268_MH_MC	5	5	5	18.1	44.609	2.70E-34	169210000
163018_MH_MC	5	5	5	18.1	44.609	2.70E-34	169210000
108618_MH_MC	5	5	5	18.1	44.609	2.70E-34	169210000
22252_MH_MC	5	5	5	18.1	44.609	2.70E-34	169210000
129230_MH_MC	5	5	5	18.1	44.609	2.70E-34	169210000
40270_MH_MC	1	1	1	2.3	49.205	0.0018902	19107000
40297_MH_MC	1	1	1	2.9	31.423	0.03898	35465000
40303_MH_MC	4	7	7	32.7	29.136	3.09E-29	283630000
121422_MH_MC	4	7	7	32.7	29.136	3.09E-29	283630000
22890_MH_MC	4	7	7	32.7	29.136	3.09E-29	283630000
15472_MH_MC	4	7	7	32.7	29.136	3.09E-29	283630000
40306_MH_MC	1	1	1	6.2	18.202	0.00038752	21174000
40307_MH_MC	1	3	2	9.8	24.778	6.27E-21	166340000
40316_MH_MC	3	1	1	3.8	52.283	8.02E-09	71404000
7309_MH_MC	3	1	1	3.8	52.283	8.02E-09	71404000
93252_MH_MC	3	1	1	3.8	52.283	8.02E-09	71404000
40322_MH_MC	3	2	2	4	50	0.00012367	57263000
7312_MH_MC	3	2	2	4	50	0.00012367	57263000
139949_MH_MC	3	2	2	4	50	0.00012367	57263000
40329_MH_MC	2	2	2	3.3	90.8	2.15E-09	10838000
81051_MH_MC	2	2	2	3.3	90.8	2.15E-09	10838000
40332_MH_MC	4	3	3	1.8	188.66	4.76E-08	114490000
23841_MH_MC	4	3	3	1.8	188.66	4.76E-08	114490000
90391_MH_MC	4	3	3	1.8	188.66	4.76E-08	114490000
16184_MH_MC	4	3	3	1.8	188.66	4.76E-08	114490000
40337_MH_MC	5	3	3	4.2	111.58	6.81E-21	64264000
171723_MH_MC	5	3	3	4.2	111.58	6.81E-21	64264000
27469_MH_MC	5	3	3	4.2	111.58	6.81E-21	64264000
18763_MH_MC	5	3	3	4.2	111.58	6.81E-21	64264000
96228_MH_MC	5	3	3	4.2	111.58	6.81E-21	64264000
40338_MH_MC	3	3	3	2.6	144.24	5.74E-08	149150000
15844_MH_MC	3	3	3	2.6	144.24	5.74E-08	149150000
120950_MH_MC	3	3	3	2.6	144.24	5.74E-08	149150000
40349_MH_MC	3	5	5	7.6	100.73	2.32E-18	43813000
131083_MH_MC	3	5	5	7.6	100.73	2.32E-18	43813000
134388_MH_MC	3	5	5	7.6	100.73	2.32E-18	43813000
40363_MH_MC	2	4	4	17.8	39.817	2.57E-14	129760000
138655_MH_MC	2	4	4	17.8	39.817	2.57E-14	129760000
40364_MH_MC	2	4	4	14.8	37.036	1.39E-08	42266000
160255_MH_MC	2	4	4	14.8	37.036	1.39E-08	42266000
40370_MH_MC	2	21	21	62.3	52.853	5.32E-243	2079200000
43124_MH_MC	2	21	21	62.3	52.853	5.32E-243	2079200000
40377_MH_MC	1	1	1	2.3	47.504	0.0043871	0
40385_MH_MC	2	6	6	15.1	58.086	8.45E-30	259280000
4494_MH_MC	2	6	6	15.1	58.086	8.45E-30	259280000
40389_MH_MC	2	3	3	28.9	15.546	2.99E-29	76048000
134172_MH_MC	2	3	3	28.9	15.546	2.99E-29	76048000
40451_MH_MC	1	7	3	11.8	28.224	3.27E-16	691420000
40475_MH_MC	1	1	1	5.2	19.604	1.06E-05	574910000
40481_MH_MC	1	4	4	23.3	22.907	1.38E-08	111100000
40483_MH_MC	1	1	1	7.1	28.417	0.002451	8715200
7328_MH_MC	2	1	1	8.6	15.522	0.0029006	31840000
40487_MH_MC	2	1	1	8.6	15.522	0.0029006	31840000
40496_MH_MC	1	2	2	11.2	26.576	4.96E-06	10396000
40497_MH_MC	1	1	1	9.9	19.505	0.0048552	15127000
40502_MH_MC	2	3	3	15.9	18.564	5.34E-09	295590000
REV__55828_MH_MC	2	3	3	15.9	18.564	5.34E-09	295590000
40541_MH_MC	4	12	8	27.7	51.281	1.26E-53	630270000
167626_MH_MC	4	12	8	27.7	51.281	1.26E-53	630270000
25067_MH_MC	4	12	8	27.7	51.281	1.26E-53	630270000
167625_MH_MC	4	12	8	27.7	51.281	1.26E-53	630270000
7364_MH_MC	2	1	1	5.2	25.472	0.022502	0
40546_MH_MC	2	1	1	5.2	25.472	0.022502	0
40554_MH_MC	5	8	8	21.9	47.833	1.23E-25	382820000
20930_MH_MC	5	8	8	21.9	47.833	1.23E-25	382820000
126222_MH_MC	5	8	8	21.9	47.833	1.23E-25	382820000
159601_MH_MC	5	8	8	21.9	47.833	1.23E-25	382820000
12785_MH_MC	5	8	8	21.9	47.833	1.23E-25	382820000
40564_MH_MC	1	1	1	8.9	20.15	0.0038508	9588400
40570_MH_MC	1	3	1	4.5	25.711	1.00E-06	45472000
40587_MH_MC	2	1	1	0.9	134.78	0.00038752	13682000
81469_MH_MC	2	1	1	0.9	134.78	0.00038752	13682000
40606_MH_MC	7	6	6	26.3	36.988	1.03E-102	357670000
22091_MH_MC	7	6	6	26.3	36.988	1.03E-102	357670000
23384_MH_MC	7	6	6	26.3	36.988	1.03E-102	357670000
122846_MH_MC	7	6	6	26.3	36.988	1.03E-102	357670000
123772_MH_MC	7	6	6	26.3	36.988	1.03E-102	357670000
136558_MH_MC	7	6	6	26.3	36.988	1.03E-102	357670000
158204_MH_MC	7	6	6	26.3	36.988	1.03E-102	357670000
40608_MH_MC	3	7	4	11.9	64.93	1.81E-88	704210000
128387_MH_MC	3	7	4	11.9	64.93	1.81E-88	704210000
134860_MH_MC	3	7	4	11.9	64.93	1.81E-88	704210000
40624_MH_MC	3	7	7	21.6	41.214	1.21E-37	962520000
81965_MH_MC	3	7	7	21.6	41.214	1.21E-37	962520000
65301_MH_MC	3	7	7	21.6	41.214	1.21E-37	962520000
40637_MH_MC	1	3	3	28.9	21.24	2.87E-43	746110000
40638_MH_MC	2	2	2	2.1	148.65	1.49E-08	0
171365_MH_MC	2	2	2	2.1	148.65	1.49E-08	0
40665_MH_MC	1	1	1	1.7	68.945	0.020143	15333000
40743_MH_MC	1	1	1	20.8	8.1524	6.38E-06	118260000
40876_MH_MC	5	7	7	24.9	43.204	3.64E-19	276640000
22454_MH_MC	5	7	7	24.9	43.204	3.64E-19	276640000
87228_MH_MC	5	7	7	24.9	43.204	3.64E-19	276640000
15134_MH_MC	5	7	7	24.9	43.204	3.64E-19	276640000
131430_MH_MC	5	7	7	24.9	43.204	3.64E-19	276640000
40881_MH_MC	1	3	3	12.1	31.645	8.32E-07	56410000
40902_MH_MC	3	8	8	19	45.643	1.53E-18	563400000
22598_MH_MC	3	8	8	19	45.643	1.53E-18	563400000
132500_MH_MC	3	8	8	19	45.643	1.53E-18	563400000
40905_MH_MC	3	5	5	16.9	46.558	6.93E-13	171820000
18370_MH_MC	3	5	5	16.9	46.558	6.93E-13	171820000
26961_MH_MC	3	5	5	16.9	46.558	6.93E-13	171820000
40909_MH_MC	1	1	1	7.5	27.055	7.17E-06	0
40912_MH_MC	1	1	1	3.6	26.169	0.016042	75575000
40922_MH_MC	2	2	2	6.5	33.699	0.00018742	13443000
131939_MH_MC	2	2	2	6.5	33.699	0.00018742	13443000
40926_MH_MC	1	1	1	9.7	11.691	5.83E-05	64249000
40934_MH_MC	3	6	6	32.9	24.53	1.54E-19	808160000
27088_MH_MC	3	6	6	32.9	24.53	1.54E-19	808160000
127025_MH_MC	3	6	6	32.9	24.53	1.54E-19	808160000
40937_MH_MC	2	2	2	9.6	33.246	0.00012559	36190000
12041_MH_MC	2	2	2	9.6	33.246	0.00012559	36190000
40939_MH_MC	1	1	1	1.7	80.863	0.015034	0
40946_MH_MC	2	3	3	4.3	87.517	2.30E-07	114530000
6469_MH_MC	2	3	3	4.3	87.517	2.30E-07	114530000
7495_MH_MC	2	1	1	2	67.676	0.0016523	11530000
40947_MH_MC	2	1	1	2	67.676	0.0016523	11530000
40958_MH_MC	1	1	1	1	130.18	0.0033945	24714000
40964_MH_MC	1	1	1	1.3	111.92	0.0015233	33515000
40982_MH_MC	1	1	1	2.6	48.982	0.0041215	13529000
40984_MH_MC	3	7	7	25.1	39.461	1.98E-27	305580000
137406_MH_MC	3	7	7	25.1	39.461	1.98E-27	305580000
11437_MH_MC	3	7	7	25.1	39.461	1.98E-27	305580000
40986_MH_MC	1	1	1	3.7	30.788	0.0044539	0
40992_MH_MC	1	1	1	4.7	36.137	0.0014124	53449000
40999_MH_MC	3	5	5	18.7	36.128	1.21E-12	42329000
7507_MH_MC	3	5	5	18.7	36.128	1.21E-12	42329000
137642_MH_MC	3	5	5	18.7	36.128	1.21E-12	42329000
41000_MH_MC	1	1	1	2.1	65.438	0.0020363	9167400
41003_MH_MC	1	1	1	1.9	61.99	0.014291	0
41009_MH_MC	2	1	1	2.5	54.111	0.0038836	88819000
7510_MH_MC	2	1	1	2.5	54.111	0.0038836	88819000
41027_MH_MC	1	3	1	8.5	20.118	2.84E-13	65923000
41032_MH_MC	4	2	2	13	15.816	0.00010682	87471000
20612_MH_MC	4	2	2	13	15.816	0.00010682	87471000
128631_MH_MC	4	2	2	13	15.816	0.00010682	87471000
13457_MH_MC	4	2	2	13	15.816	0.00010682	87471000
41071_MH_MC	1	9	6	41.9	17.154	2.65E-39	1331600000
41076_MH_MC	1	1	1	7.4	17.455	0.015133	0
41104_MH_MC	1	6	6	37.5	19.134	3.14E-21	134480000
41112_MH_MC	1	2	2	15.1	22.08	4.68E-18	95340000
41154_MH_MC	1	6	0	0	34.786	1.04E-63	134720000
41156_MH_MC	1	4	1	9.3	28.797	2.94E-83	31301000
412_MH_MC	4	3	2	15.6	20.112	3.31E-07	74917000
101877_MH_MC	4	3	2	15.6	20.112	3.31E-07	74917000
172037_MH_MC	4	3	2	15.6	20.112	3.31E-07	74917000
27677_MH_MC	4	3	2	15.6	20.112	3.31E-07	74917000
41205_MH_MC	1	7	1	6.3	24.318	2.30E-30	784200000
41220_MH_MC	4	12	12	24.1	63.884	1.66E-160	1172700000
19161_MH_MC	4	12	12	24.1	63.884	1.66E-160	1172700000
27966_MH_MC	4	12	12	24.1	63.884	1.66E-160	1172700000
70319_MH_MC	4	12	12	24.1	63.884	1.66E-160	1172700000
41239_MH_MC	1	2	2	3.2	80.3	3.79E-05	20419000
41246_MH_MC	3	8	8	10.5	100.09	5.27E-23	162590000
14264_MH_MC	3	8	8	10.5	100.09	5.27E-23	162590000
111914_MH_MC	3	8	8	10.5	100.09	5.27E-23	162590000
41247_MH_MC	1	1	1	7.1	18.784	0.0011388	6813900
41289_MH_MC	6	7	7	8.6	99.461	2.17E-19	133180000
21107_MH_MC	6	7	7	8.6	99.461	2.17E-19	133180000
123837_MH_MC	6	7	7	8.6	99.461	2.17E-19	133180000
13945_MH_MC	6	7	7	8.6	99.461	2.17E-19	133180000
25466_MH_MC	6	7	7	8.6	99.461	2.17E-19	133180000
17316_MH_MC	6	7	7	8.6	99.461	2.17E-19	133180000
41302_MH_MC	1	1	1	11.9	10.008	4.20E-05	37568000
41374_MH_MC	1	1	1	19.2	8.4978	0.014461	0
41434_MH_MC	5	11	11	25	79.523	6.61E-91	2276200000
24694_MH_MC	5	11	11	25	79.523	6.61E-91	2276200000
100783_MH_MC	5	11	11	25	79.523	6.61E-91	2276200000
16783_MH_MC	5	11	11	25	79.523	6.61E-91	2276200000
167072_MH_MC	5	11	11	25	79.523	6.61E-91	2276200000
41455_MH_MC	1	1	1	6.7	17.247	0.01714	26417000
41474_MH_MC	4	9	9	26.6	44.203	2.18E-53	1005800000
26965_MH_MC	4	9	9	26.6	44.203	2.18E-53	1005800000
95085_MH_MC	4	9	9	26.6	44.203	2.18E-53	1005800000
18380_MH_MC	4	9	9	26.6	44.203	2.18E-53	1005800000
41484_MH_MC	1	1	1	4.3	33.645	0.0016574	17814000
41506_MH_MC	1	4	4	9.9	47.341	3.05E-09	144340000
41508_MH_MC	2	2	2	6.2	46.576	2.17E-08	41290000
158563_MH_MC	2	2	2	6.2	46.576	2.17E-08	41290000
41528_MH_MC	2	5	5	22.5	29.916	2.56E-24	358660000
138945_MH_MC	2	5	5	22.5	29.916	2.56E-24	358660000
41530_MH_MC	3	2	2	9	34.881	3.09E-13	78728000
20200_MH_MC	3	2	2	9	34.881	3.09E-13	78728000
130732_MH_MC	3	2	2	9	34.881	3.09E-13	78728000
41543_MH_MC	2	10	10	15.3	74.941	1.89E-19	452600000
137374_MH_MC	2	10	10	15.3	74.941	1.89E-19	452600000
41547_MH_MC	1	1	1	2	82.667	3.37E-09	29321000
41548_MH_MC	2	1	1	2.1	62.612	0.021217	14917000
7673_MH_MC	2	1	1	2.1	62.612	0.021217	14917000
41559_MH_MC	2	9	8	23.4	48.978	1.88E-71	948960000
7675_MH_MC	2	9	8	23.4	48.978	1.88E-71	948960000
41573_MH_MC	5	3	3	3.9	130.15	1.04E-12	11447000
7680_MH_MC	5	3	3	3.9	130.15	1.04E-12	11447000
84504_MH_MC	5	3	3	3.9	130.15	1.04E-12	11447000
22462_MH_MC	5	3	3	3.9	130.15	1.04E-12	11447000
15143_MH_MC	5	3	3	3.9	130.15	1.04E-12	11447000
82124_MH_MC	3	9	9	7.4	155.76	1.07E-22	397090000
46933_MH_MC	3	9	9	7.4	155.76	1.07E-22	397090000
41577_MH_MC	3	9	9	7.4	155.76	1.07E-22	397090000
41584_MH_MC	5	7	7	12	98.749	3.50E-35	258010000
21840_MH_MC	5	7	7	12	98.749	3.50E-35	258010000
14675_MH_MC	5	7	7	12	98.749	3.50E-35	258010000
90248_MH_MC	5	7	7	12	98.749	3.50E-35	258010000
6007_MH_MC	5	7	7	12	98.749	3.50E-35	258010000
41602_MH_MC	1	4	4	14.5	35.068	2.12E-19	320180000
41628_MH_MC	1	1	1	11.7	14.352	0.0073818	0
41641_MH_MC	1	3	3	20.6	19.133	4.17E-07	64971000
41642_MH_MC	2	4	4	34.4	17.182	1.69E-22	823270000
108415_MH_MC	2	4	4	34.4	17.182	1.69E-22	823270000
41676_MH_MC	1	1	1	10.5	11.437	0.00044	38148000
41694_MH_MC	1	3	3	27	17.096	1.87E-10	491450000
41704_MH_MC	1	1	1	5	23.017	0.0057096	37697000
41705_MH_MC	1	2	2	15.9	17.648	4.24E-07	323180000
41723_MH_MC	1	3	3	16.3	23.208	1.09E-07	197110000
41736_MH_MC	4	4	4	31.5	16.519	4.78E-09	151380000
13097_MH_MC	4	4	4	31.5	16.519	4.78E-09	151380000
130633_MH_MC	4	4	4	31.5	16.519	4.78E-09	151380000
20221_MH_MC	4	4	4	31.5	16.519	4.78E-09	151380000
41741_MH_MC	5	7	7	46.5	18.073	2.39E-82	881060000
7719_MH_MC	5	7	7	46.5	18.073	2.39E-82	881060000
136197_MH_MC	5	7	7	46.5	18.073	2.39E-82	881060000
11800_MH_MC	5	7	7	46.5	18.073	2.39E-82	881060000
158371_MH_MC	5	7	7	46.5	18.073	2.39E-82	881060000
41782_MH_MC	1	1	1	4.9	30.891	0.001638	8711300
41784_MH_MC	5	5	5	4.6	131.77	7.36E-14	41788000
25375_MH_MC	5	5	5	4.6	131.77	7.36E-14	41788000
93782_MH_MC	5	5	5	4.6	131.77	7.36E-14	41788000
17257_MH_MC	5	5	5	4.6	131.77	7.36E-14	41788000
159983_MH_MC	5	5	5	4.6	131.77	7.36E-14	41788000
41867_MH_MC	5	8	8	15.1	74.552	1.05E-30	279440000
26893_MH_MC	5	8	8	15.1	74.552	1.05E-30	279440000
126665_MH_MC	5	8	8	15.1	74.552	1.05E-30	279440000
121244_MH_MC	5	8	8	15.1	74.552	1.05E-30	279440000
18330_MH_MC	5	8	8	15.1	74.552	1.05E-30	279440000
41882_MH_MC	3	2	2	4.7	43.686	2.71E-05	131410000
21841_MH_MC	3	2	2	4.7	43.686	2.71E-05	131410000
123667_MH_MC	3	2	2	4.7	43.686	2.71E-05	131410000
41946_MH_MC	1	1	1	35	9.3769	5.44E-06	105200000
41976_MH_MC	1	2	2	10.2	31.778	9.31E-09	49323000
41996_MH_MC	1	1	1	12	13.832	2.37E-09	30128000
42054_MH_MC	1	1	1	11.8	16.392	1.75E-07	0
42061_MH_MC	1	1	1	8.4	10.751	0.019123	695860000
42088_MH_MC	2	7	7	27.9	37.453	4.43E-22	408210000
45967_MH_MC	2	7	7	27.9	37.453	4.43E-22	408210000
42089_MH_MC	2	14	11	36.6	39.923	6.99E-129	2618500000
125026_MH_MC	2	14	11	36.6	39.923	6.99E-129	2618500000
42101_MH_MC	3	2	2	5.9	45.677	7.26E-09	21926000
26670_MH_MC	3	2	2	5.9	45.677	7.26E-09	21926000
170340_MH_MC	3	2	2	5.9	45.677	7.26E-09	21926000
42125_MH_MC	1	2	2	15.8	22.923	4.78E-19	170550000
7856_MH_MC	4	3	3	15.9	33.035	4.01E-29	191050000
42138_MH_MC	4	3	3	15.9	33.035	4.01E-29	191050000
122991_MH_MC	4	3	3	15.9	33.035	4.01E-29	191050000
18147_MH_MC	4	3	3	15.9	33.035	4.01E-29	191050000
42143_MH_MC	1	2	2	7.7	30.152	0.00078828	28352000
42175_MH_MC	1	1	1	3.9	57.151	0.014554	9797000
7863_MH_MC	2	2	2	6.2	47.939	2.53E-08	125100000
42178_MH_MC	2	2	2	6.2	47.939	2.53E-08	125100000
42181_MH_MC	6	21	21	26.3	113.93	5.31E-101	1301600000
54338_MH_MC	6	21	21	26.3	113.93	5.31E-101	1301600000
28198_MH_MC	6	21	21	26.3	113.93	5.31E-101	1301600000
19322_MH_MC	6	21	21	26.3	113.93	5.31E-101	1301600000
19321_MH_MC	6	21	21	26.3	113.93	5.31E-101	1301600000
19323_MH_MC	6	21	21	26.3	113.93	5.31E-101	1301600000
42183_MH_MC	3	3	3	3.9	90.587	6.57E-07	36452000
20400_MH_MC	3	3	3	3.9	90.587	6.57E-07	36452000
113938_MH_MC	3	3	3	3.9	90.587	6.57E-07	36452000
42189_MH_MC	3	3	3	4.7	73.768	1.63E-21	77045000
130465_MH_MC	3	3	3	4.7	73.768	1.63E-21	77045000
20936_MH_MC	3	3	3	4.7	73.768	1.63E-21	77045000
42194_MH_MC	2	9	9	13.2	97.321	1.99E-32	243060000
131245_MH_MC	2	9	9	13.2	97.321	1.99E-32	243060000
42199_MH_MC	2	4	4	17.2	41.27	1.47E-13	358140000
19075_MH_MC	2	4	4	17.2	41.27	1.47E-13	358140000
42300_MH_MC	2	5	5	41.1	18.352	4.05E-21	622010000
21441_MH_MC	2	5	5	41.1	18.352	4.05E-21	622010000
42303_MH_MC	1	1	1	7.3	23.199	6.33E-05	0
42357_MH_MC	1	4	1	7.7	25.966	5.63E-17	66755000
42368_MH_MC	2	4	4	29.4	18.44	3.98E-10	275450000
10457_MH_MC	2	4	4	29.4	18.44	3.98E-10	275450000
42393_MH_MC	2	2	2	5.3	49.653	1.49E-16	92754000
26778_MH_MC	2	2	2	5.3	49.653	1.49E-16	92754000
42417_MH_MC	3	5	5	25.2	17.26	3.35E-24	1975600000
7929_MH_MC	3	5	5	25.2	17.26	3.35E-24	1975600000
7930_MH_MC	3	5	5	25.2	17.26	3.35E-24	1975600000
42461_MH_MC	2	7	2	6.4	39.883	1.13E-20	2109400000
62881_MH_MC	2	7	2	6.4	39.883	1.13E-20	2109400000
42479_MH_MC	1	1	1	1.9	65.718	0.0093894	0
42486_MH_MC	1	1	1	2.4	61.927	1.49E-07	5879300
42510_MH_MC	1	1	1	1.1	132.35	0.019162	11850000
42542_MH_MC	1	1	1	11.6	11.262	0.00082561	23468000
42549_MH_MC	2	5	4	16.9	33.585	1.01E-12	389920000
13681_MH_MC	2	5	4	16.9	33.585	1.01E-12	389920000
42550_MH_MC	1	5	5	51.1	10.562	8.42E-16	176540000
42582_MH_MC	1	7	2	12	23.977	5.01E-21	2833700000
42589_MH_MC	1	3	3	37.1	10.702	2.65E-06	249850000
42637_MH_MC	3	5	5	14.7	45.369	4.00E-25	531560000
113813_MH_MC	3	5	5	14.7	45.369	4.00E-25	531560000
156041_MH_MC	3	5	5	14.7	45.369	4.00E-25	531560000
42657_MH_MC	1	3	3	7.7	44.293	1.72E-05	25070000
42693_MH_MC	1	1	1	4.9	29.909	0.018942	0
42716_MH_MC	1	13	13	49.9	43.711	1.06E-106	2425400000
42723_MH_MC	1	1	1	3.2	35.62	0.019791	14895000
42724_MH_MC	1	2	2	6.3	44.289	4.12E-06	18944000
42745_MH_MC	1	3	3	17.5	29.734	3.44E-38	241120000
42754_MH_MC	4	11	11	61.2	25.237	8.37E-58	1698400000
8033_MH_MC	4	11	11	61.2	25.237	8.37E-58	1698400000
8032_MH_MC	4	11	11	61.2	25.237	8.37E-58	1698400000
16359_MH_MC	4	11	11	61.2	25.237	8.37E-58	1698400000
42762_MH_MC	1	2	2	9.4	32.29	1.02E-08	93456000
8036_MH_MC	3	5	5	21.8	30.295	7.44E-12	222220000
42764_MH_MC	3	5	5	21.8	30.295	7.44E-12	222220000
138662_MH_MC	3	5	5	21.8	30.295	7.44E-12	222220000
42768_MH_MC	4	15	15	64	30.581	2.68E-74	3414400000
20057_MH_MC	4	15	15	64	30.581	2.68E-74	3414400000
131421_MH_MC	4	15	15	64	30.581	2.68E-74	3414400000
12951_MH_MC	4	15	15	64	30.581	2.68E-74	3414400000
42770_MH_MC	3	3	3	11.8	30.768	3.91E-19	120490000
46914_MH_MC	3	3	3	11.8	30.768	3.91E-19	120490000
98719_MH_MC	3	3	3	11.8	30.768	3.91E-19	120490000
42776_MH_MC	6	10	10	20.7	73.306	3.41E-102	811580000
21324_MH_MC	6	10	10	20.7	73.306	3.41E-102	811580000
116598_MH_MC	6	10	10	20.7	73.306	3.41E-102	811580000
17328_MH_MC	6	10	10	20.7	73.306	3.41E-102	811580000
168301_MH_MC	6	10	10	20.7	73.306	3.41E-102	811580000
90862_MH_MC	6	10	10	20.7	73.306	3.41E-102	811580000
42777_MH_MC	3	7	4	4.7	81.746	5.16E-31	1010700000
120972_MH_MC	3	7	4	4.7	81.746	5.16E-31	1010700000
6489_MH_MC	3	7	4	4.7	81.746	5.16E-31	1010700000
42781_MH_MC	1	2	2	3.2	75.38	2.27E-07	92639000
42795_MH_MC	5	5	5	6.3	129.38	2.33E-20	68712000
27534_MH_MC	5	5	5	6.3	129.38	2.33E-20	68712000
18814_MH_MC	5	5	5	6.3	129.38	2.33E-20	68712000
15316_MH_MC	5	5	5	6.3	129.38	2.33E-20	68712000
18813_MH_MC	5	5	5	6.3	129.38	2.33E-20	68712000
42820_MH_MC	1	1	1	4.1	33.542	0.0021777	56213000
42823_MH_MC	1	2	2	6.8	36.675	2.80E-14	190250000
42825_MH_MC	2	1	1	2.2	46.969	0.01627	50738000
45546_MH_MC	2	1	1	2.2	46.969	0.01627	50738000
42839_MH_MC	2	7	7	25	50.11	3.91E-47	278110000
97343_MH_MC	2	7	7	25	50.11	3.91E-47	278110000
42873_MH_MC	2	10	4	11.7	42.918	8.23E-33	2897700000
254_MH_MC	2	10	4	11.7	42.918	8.23E-33	2897700000
42884_MH_MC	1	1	1	12.7	13.867	3.01E-05	51510000
42893_MH_MC	2	7	7	26.1	48.594	1.97E-22	148020000
138961_MH_MC	2	7	7	26.1	48.594	1.97E-22	148020000
42907_MH_MC	1	1	1	7	18.498	0.0078191	18919000
42924_MH_MC	2	2	2	18.2	15.877	1.18E-14	27885000
132253_MH_MC	2	2	2	18.2	15.877	1.18E-14	27885000
42925_MH_MC	1	1	1	3.8	23.035	0.0042004	757280000
42940_MH_MC	3	3	3	13.7	32.35	3.80E-55	1189400000
11600_MH_MC	3	3	3	13.7	32.35	3.80E-55	1189400000
136871_MH_MC	3	3	3	13.7	32.35	3.80E-55	1189400000
42974_MH_MC	1	2	2	14.6	20.555	3.41E-07	64747000
43034_MH_MC	1	7	1	6.9	26.735	7.29E-31	543400000
43045_MH_MC	1	1	1	10.2	15.477	1.70E-05	162310000
8130_MH_MC	4	2	2	4.2	62.681	4.09E-05	30003000
43048_MH_MC	4	2	2	4.2	62.681	4.09E-05	30003000
160550_MH_MC	4	2	2	4.2	62.681	4.09E-05	30003000
13500_MH_MC	4	2	2	4.2	62.681	4.09E-05	30003000
43086_MH_MC	3	3	3	7.6	54.589	1.82E-05	59725000
119709_MH_MC	3	3	3	7.6	54.589	1.82E-05	59725000
131808_MH_MC	3	3	3	7.6	54.589	1.82E-05	59725000
43093_MH_MC	5	3	1	0.7	128.71	5.58E-07	33927000
17785_MH_MC	5	3	1	0.7	128.71	5.58E-07	33927000
75230_MH_MC	5	3	1	0.7	128.71	5.58E-07	33927000
11479_MH_MC	5	3	1	0.7	128.71	5.58E-07	33927000
137265_MH_MC	5	3	1	0.7	128.71	5.58E-07	33927000
43101_MH_MC	4	2	2	11.4	31.574	0.000206	59828000
139072_MH_MC	4	2	2	11.4	31.574	0.000206	59828000
158169_MH_MC	4	2	2	11.4	31.574	0.000206	59828000
156950_MH_MC	4	2	2	11.4	31.574	0.000206	59828000
43119_MH_MC	2	5	5	29	28.05	1.51E-27	298420000
12754_MH_MC	2	5	5	29	28.05	1.51E-27	298420000
43138_MH_MC	2	2	2	8.5	28.796	0.00023086	72889000
130680_MH_MC	2	2	2	8.5	28.796	0.00023086	72889000
43151_MH_MC	1	1	1	25	8.6312	0.00011708	119480000
43153_MH_MC	1	1	1	7.7	19.32	0.0072802	21106000
43157_MH_MC	1	2	2	15.7	24.669	2.61E-09	13962000
43162_MH_MC	1	2	2	19	9.3238	0.0021393	120230000
43235_MH_MC	1	2	1	18.9	8.2844	1.63E-07	0
43266_MH_MC	1	5	1	8	15.528	1.02E-55	115080000
43283_MH_MC	2	9	2	9.1	30.426	2.36E-49	1444200000
12346_MH_MC	2	9	2	9.1	30.426	2.36E-49	1444200000
43301_MH_MC	1	1	1	9.5	12.384	0.017408	0
43314_MH_MC	2	3	3	9	44.601	1.55E-08	246960000
137740_MH_MC	2	3	3	9	44.601	1.55E-08	246960000
43316_MH_MC	3	3	3	9.1	42.483	1.51E-23	155840000
12312_MH_MC	3	3	3	9.1	42.483	1.51E-23	155840000
155713_MH_MC	3	3	3	9.1	42.483	1.51E-23	155840000
43330_MH_MC	5	12	9	26.1	53.043	1.45E-87	1779600000
105035_MH_MC	5	12	9	26.1	53.043	1.45E-87	1779600000
17634_MH_MC	5	12	9	26.1	53.043	1.45E-87	1779600000
106342_MH_MC	5	12	9	26.1	53.043	1.45E-87	1779600000
106341_MH_MC	5	12	9	26.1	53.043	1.45E-87	1779600000
43336_MH_MC	2	3	3	9.5	36.381	2.90E-06	89936000
73974_MH_MC	2	3	3	9.5	36.381	2.90E-06	89936000
43340_MH_MC	4	9	9	25.6	48.623	2.18E-25	306870000
26787_MH_MC	4	9	9	25.6	48.623	2.18E-25	306870000
100831_MH_MC	4	9	9	25.6	48.623	2.18E-25	306870000
18249_MH_MC	4	9	9	25.6	48.623	2.18E-25	306870000
43346_MH_MC	2	3	3	15.4	30.965	2.03E-05	57638000
18896_MH_MC	2	3	3	15.4	30.965	2.03E-05	57638000
43383_MH_MC	1	5	5	23.8	23.716	5.44E-17	714200000
43385_MH_MC	1	2	2	7.2	33.743	3.91E-05	32679000
43394_MH_MC	1	1	1	1.2	70.398	0.022413	77617000
43395_MH_MC	1	2	2	3.2	77.228	8.77E-06	105060000
43400_MH_MC	3	2	2	3.1	81.302	3.49E-05	31245000
25278_MH_MC	3	2	2	3.1	81.302	3.49E-05	31245000
134970_MH_MC	3	2	2	3.1	81.302	3.49E-05	31245000
43409_MH_MC	6	4	4	9.2	51.914	1.01E-08	67168000
23560_MH_MC	6	4	4	9.2	51.914	1.01E-08	67168000
105933_MH_MC	6	4	4	9.2	51.914	1.01E-08	67168000
165215_MH_MC	6	4	4	9.2	51.914	1.01E-08	67168000
15966_MH_MC	6	4	4	9.2	51.914	1.01E-08	67168000
165217_MH_MC	6	4	4	9.2	51.914	1.01E-08	67168000
8253_MH_MC	6	2	2	2.7	116.22	0.00061155	12697000
43413_MH_MC	6	2	2	2.7	116.22	0.00061155	12697000
24758_MH_MC	6	2	2	2.7	116.22	0.00061155	12697000
16828_MH_MC	6	2	2	2.7	116.22	0.00061155	12697000
108503_MH_MC	6	2	2	2.7	116.22	0.00061155	12697000
156226_MH_MC	6	2	2	2.7	116.22	0.00061155	12697000
43416_MH_MC	3	3	3	4.8	87.714	4.12E-09	44573000
20810_MH_MC	3	3	3	4.8	87.714	4.12E-09	44573000
127304_MH_MC	3	3	3	4.8	87.714	4.12E-09	44573000
43420_MH_MC	4	18	18	12.8	192.58	3.76E-104	605360000
18365_MH_MC	4	18	18	12.8	192.58	3.76E-104	605360000
26950_MH_MC	4	18	18	12.8	192.58	3.76E-104	605360000
83215_MH_MC	4	18	18	12.8	192.58	3.76E-104	605360000
43452_MH_MC	1	4	4	10.6	61.136	1.20E-15	6888300
43453_MH_MC	1	2	2	4.5	51.299	1.62E-05	12882000
43455_MH_MC	1	1	1	2.7	51.573	6.73E-59	39404000
43457_MH_MC	5	2	2	3.3	80.905	9.20E-07	21176000
19584_MH_MC	5	2	2	3.3	80.905	9.20E-07	21176000
133845_MH_MC	5	2	2	3.3	80.905	9.20E-07	21176000
157503_MH_MC	5	2	2	3.3	80.905	9.20E-07	21176000
138119_MH_MC	5	2	2	3.3	80.905	9.20E-07	21176000
8271_MH_MC	4	3	3	8.7	53.332	1.82E-08	68927000
43459_MH_MC	4	3	3	8.7	53.332	1.82E-08	68927000
127666_MH_MC	4	3	3	8.7	53.332	1.82E-08	68927000
138460_MH_MC	4	3	3	8.7	53.332	1.82E-08	68927000
43513_MH_MC	2	1	1	12.3	17.949	1.20E-08	0
8275_MH_MC	2	1	1	12.3	17.949	1.20E-08	0
43524_MH_MC	5	6	6	6.9	146.45	4.54E-28	335640000
27872_MH_MC	5	6	6	6.9	146.45	4.54E-28	335640000
75147_MH_MC	5	6	6	6.9	146.45	4.54E-28	335640000
19073_MH_MC	5	6	6	6.9	146.45	4.54E-28	335640000
172347_MH_MC	5	6	6	6.9	146.45	4.54E-28	335640000
43540_MH_MC	2	2	2	23.6	14.458	7.22E-06	40844000
167591_MH_MC	2	2	2	23.6	14.458	7.22E-06	40844000
43568_MH_MC	1	2	2	12	21.385	1.79E-05	27179000
43573_MH_MC	1	3	3	27.4	18.248	3.29E-16	132660000
43581_MH_MC	1	1	1	4.2	24.677	0.0080496	28210000
43582_MH_MC	1	1	1	1.8	79.641	0.0037911	0
43588_MH_MC	1	3	3	18.4	22.307	2.06E-14	30632000
43605_MH_MC	1	1	1	16.3	10.378	0.00027346	35085000
43611_MH_MC	1	1	1	1.8	106.01	0.00035188	0
43640_MH_MC	1	1	1	2.7	47.872	0.019631	31579000
43651_MH_MC	1	1	1	2.2	66.137	0.012626	0
43673_MH_MC	1	1	1	5.5	39.341	1.07E-06	0
43683_MH_MC	3	1	1	3.4	40.428	0.02309	6906800
8354_MH_MC	3	1	1	3.4	40.428	0.02309	6906800
8353_MH_MC	3	1	1	3.4	40.428	0.02309	6906800
43694_MH_MC	1	6	6	11.9	59.08	2.68E-20	342830000
43702_MH_MC	4	6	6	40.6	22.244	8.77E-63	569090000
159851_MH_MC	4	6	6	40.6	22.244	8.77E-63	569090000
12981_MH_MC	4	6	6	40.6	22.244	8.77E-63	569090000
131252_MH_MC	4	6	6	40.6	22.244	8.77E-63	569090000
43723_MH_MC	1	1	1	3.1	44.88	0.0059055	0
43750_MH_MC	4	7	7	16.9	56.725	3.31E-19	322470000
170029_MH_MC	4	7	7	16.9	56.725	3.31E-19	322470000
26516_MH_MC	4	7	7	16.9	56.725	3.31E-19	322470000
4049_MH_MC	4	7	7	16.9	56.725	3.31E-19	322470000
43779_MH_MC	2	3	3	7.7	56.969	5.98E-06	73663000
17190_MH_MC	2	3	3	7.7	56.969	5.98E-06	73663000
43786_MH_MC	5	5	5	10.5	63.984	1.52E-10	91123000
127398_MH_MC	5	5	5	10.5	63.984	1.52E-10	91123000
13641_MH_MC	5	5	5	10.5	63.984	1.52E-10	91123000
133050_MH_MC	5	5	5	10.5	63.984	1.52E-10	91123000
14480_MH_MC	5	5	5	10.5	63.984	1.52E-10	91123000
43793_MH_MC	1	1	1	3.3	47.021	0.0093988	13125000
43796_MH_MC	1	1	1	10.6	11.063	0.00021808	112530000
43836_MH_MC	1	2	2	5.5	40.029	0.00033732	51936000
43838_MH_MC	1	2	1	16.5	15.284	3.66E-19	166910000
43841_MH_MC	1	1	1	3.2	55.72	0.00010731	34842000
43852_MH_MC	4	7	7	16.8	60.074	2.87E-21	182320000
13830_MH_MC	4	7	7	16.8	60.074	2.87E-21	182320000
125430_MH_MC	4	7	7	16.8	60.074	2.87E-21	182320000
124176_MH_MC	4	7	7	16.8	60.074	2.87E-21	182320000
43926_MH_MC	3	2	2	13.6	25.129	7.17E-08	15443000
27127_MH_MC	3	2	2	13.6	25.129	7.17E-08	15443000
171121_MH_MC	3	2	2	13.6	25.129	7.17E-08	15443000
43958_MH_MC	1	1	1	4.6	42.833	0.0014362	24208000
43959_MH_MC	3	4	4	11.4	50.046	2.69E-16	77518000
28081_MH_MC	3	4	4	11.4	50.046	2.69E-16	77518000
66354_MH_MC	3	4	4	11.4	50.046	2.69E-16	77518000
43965_MH_MC	1	8	8	23.8	48.097	1.11E-17	230450000
43968_MH_MC	2	1	1	13.2	12.698	0.0056636	33841000
8460_MH_MC	2	1	1	13.2	12.698	0.0056636	33841000
43970_MH_MC	3	4	4	11.2	46.026	2.13E-17	92554000
79809_MH_MC	3	4	4	11.2	46.026	2.13E-17	92554000
26658_MH_MC	3	4	4	11.2	46.026	2.13E-17	92554000
43980_MH_MC	1	2	2	7.6	28.006	0.00012623	60249000
44018_MH_MC	1	4	4	21.5	31.93	5.08E-17	149670000
44028_MH_MC	1	6	6	15.7	69.939	1.35E-18	66236000
44040_MH_MC	4	3	3	3.5	118.17	1.80E-07	19470000
137003_MH_MC	4	3	3	3.5	118.17	1.80E-07	19470000
14295_MH_MC	4	3	3	3.5	118.17	1.80E-07	19470000
106460_MH_MC	4	3	3	3.5	118.17	1.80E-07	19470000
44041_MH_MC	5	3	3	3.3	114.04	8.20E-08	37163000
24518_MH_MC	5	3	3	3.3	114.04	8.20E-08	37163000
16657_MH_MC	5	3	3	3.3	114.04	8.20E-08	37163000
166796_MH_MC	5	3	3	3.3	114.04	8.20E-08	37163000
65247_MH_MC	5	3	3	3.3	114.04	8.20E-08	37163000
44043_MH_MC	10	11	11	9.9	136.94	1.22E-21	321800000
28202_MH_MC	10	11	11	9.9	136.94	1.22E-21	321800000
19331_MH_MC	10	11	11	9.9	136.94	1.22E-21	321800000
53601_MH_MC	10	11	11	9.9	136.94	1.22E-21	321800000
53600_MH_MC	10	11	11	9.9	136.94	1.22E-21	321800000
53598_MH_MC	10	11	11	9.9	136.94	1.22E-21	321800000
172874_MH_MC	10	11	11	9.9	136.94	1.22E-21	321800000
172871_MH_MC	10	11	11	9.9	136.94	1.22E-21	321800000
53599_MH_MC	10	11	11	9.9	136.94	1.22E-21	321800000
172872_MH_MC	10	11	11	9.9	136.94	1.22E-21	321800000
44045_MH_MC	4	4	4	5.2	113.59	5.61E-16	83922000
18104_MH_MC	4	4	4	5.2	113.59	5.61E-16	83922000
26586_MH_MC	4	4	4	5.2	113.59	5.61E-16	83922000
98849_MH_MC	4	4	4	5.2	113.59	5.61E-16	83922000
44049_MH_MC	1	1	1	1.7	81.264	0.0041306	24474000
44052_MH_MC	7	11	11	15.6	100.13	8.74E-31	639490000
165923_MH_MC	7	11	11	15.6	100.13	8.74E-31	639490000
87216_MH_MC	7	11	11	15.6	100.13	8.74E-31	639490000
16318_MH_MC	7	11	11	15.6	100.13	8.74E-31	639490000
24057_MH_MC	7	11	11	15.6	100.13	8.74E-31	639490000
24058_MH_MC	7	11	11	15.6	100.13	8.74E-31	639490000
6116_MH_MC	7	11	11	15.6	100.13	8.74E-31	639490000
44053_MH_MC	1	1	1	1.7	85.849	0.022393	9327200
44056_MH_MC	1	2	2	6.1	41.058	0.00010356	37576000
44063_MH_MC	2	11	11	45.7	41.217	8.54E-98	1098200000
64086_MH_MC	2	11	11	45.7	41.217	8.54E-98	1098200000
44072_MH_MC	1	13	13	45.6	37.428	2.04E-126	8919700000
44074_MH_MC	4	6	6	22.9	36.646	5.23E-20	145610000
76191_MH_MC	4	6	6	22.9	36.646	5.23E-20	145610000
14666_MH_MC	4	6	6	22.9	36.646	5.23E-20	145610000
21832_MH_MC	4	6	6	22.9	36.646	5.23E-20	145610000
44084_MH_MC	1	2	2	6.1	49.898	0.00036543	8206900
44093_MH_MC	5	15	15	33.6	58.5	1.19E-79	1347800000
134450_MH_MC	5	15	15	33.6	58.5	1.19E-79	1347800000
19477_MH_MC	5	15	15	33.6	58.5	1.19E-79	1347800000
12356_MH_MC	5	15	15	33.6	58.5	1.19E-79	1347800000
134294_MH_MC	5	15	15	33.6	58.5	1.19E-79	1347800000
44097_MH_MC	1	2	2	19.4	16.895	5.40E-28	907640000
44122_MH_MC	1	3	3	19.5	19.797	4.69E-11	369440000
8491_MH_MC	3	2	2	15	17.022	9.09E-05	59710000
44137_MH_MC	3	2	2	15	17.022	9.09E-05	59710000
121821_MH_MC	3	2	2	15	17.022	9.09E-05	59710000
44141_MH_MC	1	2	2	33.3	9.4528	0.00049736	97926000
44160_MH_MC	1	1	1	7.2	17.476	1.14E-05	24232000
44183_MH_MC	2	2	2	7.4	28.286	8.41E-05	15906000
124902_MH_MC	2	2	2	7.4	28.286	8.41E-05	15906000
44186_MH_MC	2	6	6	36.3	23.339	3.52E-48	1327700000
156183_MH_MC	2	6	6	36.3	23.339	3.52E-48	1327700000
44195_MH_MC	3	1	1	6.5	21.412	0.0040396	54698000
8508_MH_MC	3	1	1	6.5	21.412	0.0040396	54698000
8509_MH_MC	3	1	1	6.5	21.412	0.0040396	54698000
44196_MH_MC	1	8	8	52	21.717	9.75E-79	780150000
44197_MH_MC	1	2	2	10.8	23.195	0.000327	36296000
44208_MH_MC	1	1	1	4	25.334	0.015681	0
44224_MH_MC	2	3	3	22.3	17.132	2.17E-07	181440000
10035_MH_MC	2	3	3	22.3	17.132	2.17E-07	181440000
44234_MH_MC	3	3	3	12.1	21.898	2.54E-11	596770000
13028_MH_MC	3	3	3	12.1	21.898	2.54E-11	596770000
130969_MH_MC	3	3	3	12.1	21.898	2.54E-11	596770000
44240_MH_MC	1	3	3	15.2	19.933	3.74E-06	179640000
44261_MH_MC	7	7	7	5.4	203.1	6.40E-19	209970000
8532_MH_MC	7	7	7	5.4	203.1	6.40E-19	209970000
75586_MH_MC	7	7	7	5.4	203.1	6.40E-19	209970000
27256_MH_MC	7	7	7	5.4	203.1	6.40E-19	209970000
75585_MH_MC	7	7	7	5.4	203.1	6.40E-19	209970000
18594_MH_MC	7	7	7	5.4	203.1	6.40E-19	209970000
8531_MH_MC	7	7	7	5.4	203.1	6.40E-19	209970000
44277_MH_MC	4	2	2	2.1	121.03	9.73E-05	44789000
171789_MH_MC	4	2	2	2.1	121.03	9.73E-05	44789000
27517_MH_MC	4	2	2	2.1	121.03	9.73E-05	44789000
112881_MH_MC	4	2	2	2.1	121.03	9.73E-05	44789000
44473_MH_MC	1	1	1	11.2	11.262	0.00017675	19069000
44518_MH_MC	1	1	1	9.9	14.24	0.01013	0
44559_MH_MC	2	5	5	24.6	24.254	6.23E-18	385510000
8615_MH_MC	2	5	5	24.6	24.254	6.23E-18	385510000
44583_MH_MC	1	1	1	4.4	41.388	0.017355	0
44587_MH_MC	2	18	18	64.2	43.432	8.46E-135	3797900000
133228_MH_MC	2	18	18	64.2	43.432	8.46E-135	3797900000
44588_MH_MC	3	14	14	51.1	41.58	1.41E-135	1722500000
137592_MH_MC	3	14	14	51.1	41.58	1.41E-135	1722500000
12170_MH_MC	3	14	14	51.1	41.58	1.41E-135	1722500000
44628_MH_MC	1	8	4	48.3	19.616	2.80E-44	1637500000
44633_MH_MC	1	4	4	24.3	25.744	1.44E-29	604720000
44652_MH_MC	4	5	5	35.3	20.938	2.20E-10	365520000
20181_MH_MC	4	5	5	35.3	20.938	2.20E-10	365520000
130775_MH_MC	4	5	5	35.3	20.938	2.20E-10	365520000
13072_MH_MC	4	5	5	35.3	20.938	2.20E-10	365520000
44675_MH_MC	3	12	12	34.9	52.538	5.64E-55	1329800000
138103_MH_MC	3	12	12	34.9	52.538	5.64E-55	1329800000
158699_MH_MC	3	12	12	34.9	52.538	5.64E-55	1329800000
44679_MH_MC	4	10	10	29.5	56.302	1.34E-40	536340000
121970_MH_MC	4	10	10	29.5	56.302	1.34E-40	536340000
11953_MH_MC	4	10	10	29.5	56.302	1.34E-40	536340000
135703_MH_MC	4	10	10	29.5	56.302	1.34E-40	536340000
44681_MH_MC	1	7	7	18.1	53.954	1.91E-17	397850000
44691_MH_MC	8	44	44	31.6	184.12	4.49E-284	5579600000
24935_MH_MC	8	44	44	31.6	184.12	4.49E-284	5579600000
88448_MH_MC	8	44	44	31.6	184.12	4.49E-284	5579600000
16937_MH_MC	8	44	44	31.6	184.12	4.49E-284	5579600000
32781_MH_MC	8	44	44	31.6	184.12	4.49E-284	5579600000
69553_MH_MC	8	44	44	31.6	184.12	4.49E-284	5579600000
22000_MH_MC	8	44	44	31.6	184.12	4.49E-284	5579600000
14799_MH_MC	8	44	44	31.6	184.12	4.49E-284	5579600000
44692_MH_MC	6	7	7	2.8	303.14	2.15E-16	113340000
92132_MH_MC	6	7	7	2.8	303.14	2.15E-16	113340000
170360_MH_MC	6	7	7	2.8	303.14	2.15E-16	113340000
18170_MH_MC	6	7	7	2.8	303.14	2.15E-16	113340000
26681_MH_MC	6	7	7	2.8	303.14	2.15E-16	113340000
92131_MH_MC	6	7	7	2.8	303.14	2.15E-16	113340000
44694_MH_MC	2	4	4	4.1	116.66	1.64E-08	54592000
12939_MH_MC	2	4	4	4.1	116.66	1.64E-08	54592000
44700_MH_MC	1	1	1	3	74.631	0.00075293	46089000
44709_MH_MC	3	3	3	19	26.164	7.57E-17	36033000
104841_MH_MC	3	3	3	19	26.164	7.57E-17	36033000
169813_MH_MC	3	3	3	19	26.164	7.57E-17	36033000
44717_MH_MC	5	11	11	39.2	42.667	8.77E-78	907500000
24128_MH_MC	5	11	11	39.2	42.667	8.77E-78	907500000
55282_MH_MC	5	11	11	39.2	42.667	8.77E-78	907500000
16372_MH_MC	5	11	11	39.2	42.667	8.77E-78	907500000
55283_MH_MC	5	11	11	39.2	42.667	8.77E-78	907500000
44727_MH_MC	3	9	9	17	60.456	1.88E-22	265020000
14078_MH_MC	3	9	9	17	60.456	1.88E-22	265020000
121291_MH_MC	3	9	9	17	60.456	1.88E-22	265020000
44729_MH_MC	2	9	8	20.7	58.875	2.45E-26	361680000
126775_MH_MC	2	9	8	20.7	58.875	2.45E-26	361680000
44737_MH_MC	2	3	3	6	63.705	5.37E-06	34674000
89404_MH_MC	2	3	3	6	63.705	5.37E-06	34674000
44753_MH_MC	1	1	1	5.3	19.47	0.014918	69880000
44774_MH_MC	3	2	2	25.6	17.484	4.82E-08	22305000
137400_MH_MC	3	2	2	25.6	17.484	4.82E-08	22305000
11434_MH_MC	3	2	2	25.6	17.484	4.82E-08	22305000
44788_MH_MC	1	1	1	8.7	13.775	0.012904	24654000
44816_MH_MC	1	2	2	13.3	22	4.49E-06	110290000
44817_MH_MC	2	2	2	12.5	22.905	1.48E-22	457200000
15222_MH_MC	2	2	2	12.5	22.905	1.48E-22	457200000
44844_MH_MC	4	4	4	23.8	25.082	5.03E-28	885100000
107088_MH_MC	4	4	4	23.8	25.082	5.03E-28	885100000
162709_MH_MC	4	4	4	23.8	25.082	5.03E-28	885100000
139109_MH_MC	4	4	4	23.8	25.082	5.03E-28	885100000
44849_MH_MC	3	3	3	15.7	22.016	4.93E-14	324830000
13129_MH_MC	3	3	3	15.7	22.016	4.93E-14	324830000
20251_MH_MC	3	3	3	15.7	22.016	4.93E-14	324830000
44852_MH_MC	2	4	4	37.7	18.048	1.08E-29	2163600000
127940_MH_MC	2	4	4	37.7	18.048	1.08E-29	2163600000
44863_MH_MC	1	3	3	23.4	17.894	1.30E-10	152130000
44866_MH_MC	2	8	8	86.8	13.679	4.15E-48	1190400000
137560_MH_MC	2	8	8	86.8	13.679	4.15E-48	1190400000
44879_MH_MC	1	2	2	15.9	21.015	1.68E-10	61374000
44884_MH_MC	1	2	2	11.9	17.913	2.86E-05	73073000
44904_MH_MC	1	4	4	25.3	20.453	2.01E-10	223570000
45079_MH_MC	1	19	0	0	95.396	1.72E-163	2547000000
45092_MH_MC	6	4	4	11.9	49.252	3.50E-24	870300000
27048_MH_MC	6	4	4	11.9	49.252	3.50E-24	870300000
170940_MH_MC	6	4	4	11.9	49.252	3.50E-24	870300000
133232_MH_MC	6	4	4	11.9	49.252	3.50E-24	870300000
18440_MH_MC	6	4	4	11.9	49.252	3.50E-24	870300000
94394_MH_MC	6	4	4	11.9	49.252	3.50E-24	870300000
45117_MH_MC	2	4	4	8.7	57.377	9.59E-10	85374000
12144_MH_MC	2	4	4	8.7	57.377	9.59E-10	85374000
45126_MH_MC	2	4	2	19	13.89	1.12E-23	671210000
8942_MH_MC	2	4	2	19	13.89	1.12E-23	671210000
45190_MH_MC	2	4	3	27.6	18.474	1.98E-19	134730000
5191_MH_MC	2	4	3	27.6	18.474	1.98E-19	134730000
45257_MH_MC	1	11	3	7.1	47.253	4.63E-67	2182500000
45297_MH_MC	1	1	1	1.3	94.118	0.013244	23413000
45346_MH_MC	1	1	1	12.1	10.519	0.019004	13462000
45347_MH_MC	1	1	1	23.3	8.723	2.02E-08	48658000
45407_MH_MC	1	3	3	25.1	18.968	1.73E-08	138410000
45497_MH_MC	1	3	3	19.6	19.488	1.02E-09	129660000
45627_MH_MC	1	1	1	14.1	9.6613	0.00027124	119720000
45694_MH_MC	2	4	4	28.3	17.251	2.08E-17	1895300000
26858_MH_MC	2	4	4	28.3	17.251	2.08E-17	1895300000
45762_MH_MC	1	1	1	11.8	18.985	2.18E-09	5767400
45828_MH_MC	1	1	1	14.8	12.72	0.00063268	90164000
45837_MH_MC	3	13	13	64.9	27.663	8.04E-125	16232000000
106419_MH_MC	3	13	13	64.9	27.663	8.04E-125	16232000000
162673_MH_MC	3	13	13	64.9	27.663	8.04E-125	16232000000
45856_MH_MC	1	2	2	20.4	12.933	4.21E-06	90861000
4588_MH_MC	1	1	1	9.1	14.005	0.017436	41590000
45892_MH_MC	3	2	2	57.4	7.5334	1.19E-48	239660000
10531_MH_MC	3	2	2	57.4	7.5334	1.19E-48	239660000
156367_MH_MC	3	2	2	57.4	7.5334	1.19E-48	239660000
45927_MH_MC	2	3	2	22	9.8785	4.13E-06	176960000
139141_MH_MC	2	3	2	22	9.8785	4.13E-06	176960000
45950_MH_MC	2	2	2	11.9	38.897	1.56E-14	33736000
12115_MH_MC	2	2	2	11.9	38.897	1.56E-14	33736000
45974_MH_MC	1	1	1	15.6	11.628	0.016012	28925000
46020_MH_MC	1	1	1	0.6	138.91	0.0084985	1087300000
46116_MH_MC	1	5	1	8.4	27.248	1.48E-20	0
46239_MH_MC	1	1	1	1.5	109.29	0.00010699	212290000
4658_MH_MC	2	3	3	12.9	42.456	3.10E-17	98196000
99482_MH_MC	2	3	3	12.9	42.456	3.10E-17	98196000
46789_MH_MC	2	3	3	32.4	13.142	3.97E-09	200960000
134647_MH_MC	2	3	3	32.4	13.142	3.97E-09	200960000
46849_MH_MC	6	4	4	16	34.729	5.00E-13	70809000
14287_MH_MC	6	4	4	16	34.729	5.00E-13	70809000
42811_MH_MC	6	4	4	16	34.729	5.00E-13	70809000
8044_MH_MC	6	4	4	16	34.729	5.00E-13	70809000
161549_MH_MC	6	4	4	16	34.729	5.00E-13	70809000
161548_MH_MC	6	4	4	16	34.729	5.00E-13	70809000
48817_MH_MC	1	1	1	20.3	7.6373	0.0080018	335360000
49426_MH_MC	1	1	1	8.7	12.932	0.019392	0
5056_MH_MC	4	5	5	10.4	94.53	1.67E-24	116220000
128752_MH_MC	4	5	5	10.4	94.53	1.67E-24	116220000
134541_MH_MC	4	5	5	10.4	94.53	1.67E-24	116220000
131949_MH_MC	4	5	5	10.4	94.53	1.67E-24	116220000
53048_MH_MC	1	1	1	12.3	7.9544	0.0090389	0
5317_MH_MC	1	1	1	14.5	9.6045	0.0021342	22322000
54135_MH_MC	1	1	1	8.9	9.526	0.016355	71111000
542_MH_MC	1	3	3	8.3	67.95	3.42E-12	14947000
5516_MH_MC	1	1	1	6.1	15.317	0.016765	15757000
5667_MH_MC	1	1	1	6.8	24.863	1.95E-13	59048000
5697_MH_MC	8	2	2	15.1	21.533	6.56E-06	75636000
23724_MH_MC	8	2	2	15.1	21.533	6.56E-06	75636000
25791_MH_MC	8	2	2	15.1	21.533	6.56E-06	75636000
102793_MH_MC	8	2	2	15.1	21.533	6.56E-06	75636000
9313_MH_MC	8	2	2	15.1	21.533	6.56E-06	75636000
9314_MH_MC	8	2	2	15.1	21.533	6.56E-06	75636000
8200_MH_MC	8	2	2	15.1	21.533	6.56E-06	75636000
4996_MH_MC	8	2	2	15.1	21.533	6.56E-06	75636000
57026_MH_MC	1	1	1	4	41.817	0.02077	110040000
5703_MH_MC	1	2	2	12.4	24.193	8.49E-06	21668000
5827_MH_MC	1	5	4	31.7	21.362	1.27E-29	1234200000
5955_MH_MC	1	1	1	1.9	57.157	0.011835	32133000
6017_MH_MC	4	4	4	45.8	12.397	3.34E-15	139100000
6016_MH_MC	4	4	4	45.8	12.397	3.34E-15	139100000
10130_MH_MC	4	4	4	45.8	12.397	3.34E-15	139100000
12028_MH_MC	4	4	4	45.8	12.397	3.34E-15	139100000
6170_MH_MC	1	1	1	9.7	17.477	0.00024498	16075000
6288_MH_MC	1	1	1	18.6	10.757	2.76E-13	20877000
6397_MH_MC	1	1	1	16.2	8.5341	0.0020656	12664000
6471_MH_MC	1	1	1	10.8	14.748	0.0029937	16112000
65404_MH_MC	1	1	1	8.6	12.585	0.012896	0
6804_MH_MC	2	1	1	3.7	30.475	0.011419	11720000
6803_MH_MC	2	1	1	3.7	30.475	0.011419	11720000
68055_MH_MC	1	1	1	14.5	8.7662	0.0027755	20452000
6813_MH_MC	1	1	1	13.1	10.943	0.00044155	139860000
69163_MH_MC	1	1	1	2.8	38.173	0.02027	33624000
69850_MH_MC	1	1	1	11.9	7.0224	0.017851	37473000
71719_MH_MC	1	6	6	35.1	21.792	6.72E-18	1016800000
7327_MH_MC	1	2	2	13.1	23.92	4.80E-08	186080000
7426_MH_MC	2	3	3	21.6	17.781	7.06E-08	73435000
114029_MH_MC	2	3	3	21.6	17.781	7.06E-08	73435000
7482_MH_MC	4	7	7	29.8	29.427	2.23E-121	1624700000
129960_MH_MC	4	7	7	29.8	29.427	2.23E-121	1624700000
20366_MH_MC	4	7	7	29.8	29.427	2.23E-121	1624700000
13226_MH_MC	4	7	7	29.8	29.427	2.23E-121	1624700000
7500_MH_MC	4	6	6	14.6	51.975	4.63E-39	1913600000
7499_MH_MC	4	6	6	14.6	51.975	4.63E-39	1913600000
5330_MH_MC	4	6	6	14.6	51.975	4.63E-39	1913600000
160244_MH_MC	4	6	6	14.6	51.975	4.63E-39	1913600000
7512_MH_MC	1	3	3	22.2	18.026	5.89E-07	51717000
7531_MH_MC	5	2	2	10.9	23.38	3.28E-07	68675000
59270_MH_MC	5	2	2	10.9	23.38	3.28E-07	68675000
21866_MH_MC	5	2	2	10.9	23.38	3.28E-07	68675000
21867_MH_MC	5	2	2	10.9	23.38	3.28E-07	68675000
14692_MH_MC	5	2	2	10.9	23.38	3.28E-07	68675000
7543_MH_MC	2	2	2	15.3	12.185	0.00022326	112100000
7544_MH_MC	2	2	2	15.3	12.185	0.00022326	112100000
7562_MH_MC	1	1	1	3.2	42.375	0.0021667	112440000
7571_MH_MC	4	2	2	25	14.64	8.20E-09	7845300
13057_MH_MC	4	2	2	25	14.64	8.20E-09	7845300
20167_MH_MC	4	2	2	25	14.64	8.20E-09	7845300
130869_MH_MC	4	2	2	25	14.64	8.20E-09	7845300
7572_MH_MC	1	1	1	4.9	37.546	0.00070924	0
7581_MH_MC	1	1	1	5.7	20.339	0.02242	0
7849_MH_MC	2	3	3	7.1	48.605	1.74E-05	413420000
16175_MH_MC	2	3	3	7.1	48.605	1.74E-05	413420000
78712_MH_MC	1	2	2	9	28.125	2.81E-06	659070000
7874_MH_MC	3	1	1	14.8	15.895	1.48E-07	31108000
7875_MH_MC	3	1	1	14.8	15.895	1.48E-07	31108000
7873_MH_MC	3	1	1	14.8	15.895	1.48E-07	31108000
7882_MH_MC	1	7	7	32.8	23.132	2.45E-21	691060000
7909_MH_MC	3	4	4	9.3	54.468	1.16E-13	300950000
7910_MH_MC	3	4	4	9.3	54.468	1.16E-13	300950000
12132_MH_MC	3	4	4	9.3	54.468	1.16E-13	300950000
79093_MH_MC	1	1	1	10	9.6764	0.018351	26575000
79388_MH_MC	1	1	1	10.9	7.9776	0.029797	65591000
7999_MH_MC	1	6	6	41.3	16.04	2.35E-31	430420000
8027_MH_MC	4	8	8	24.8	48.261	4.30E-51	409390000
161097_MH_MC	4	8	8	24.8	48.261	4.30E-51	409390000
13910_MH_MC	4	8	8	24.8	48.261	4.30E-51	409390000
124356_MH_MC	4	8	8	24.8	48.261	4.30E-51	409390000
8030_MH_MC	5	3	3	15.3	27.481	1.62E-06	61686000
100876_MH_MC	5	3	3	15.3	27.481	1.62E-06	61686000
19055_MH_MC	5	3	3	15.3	27.481	1.62E-06	61686000
15864_MH_MC	5	3	3	15.3	27.481	1.62E-06	61686000
164764_MH_MC	5	3	3	15.3	27.481	1.62E-06	61686000
8043_MH_MC	4	15	15	33.2	67.565	1.18E-100	1238400000
26887_MH_MC	4	15	15	33.2	67.565	1.18E-100	1238400000
170705_MH_MC	4	15	15	33.2	67.565	1.18E-100	1238400000
95609_MH_MC	4	15	15	33.2	67.565	1.18E-100	1238400000
8047_MH_MC	2	19	14	27.9	70.2	1.35E-125	5668600000
19949_MH_MC	2	19	14	27.9	70.2	1.35E-125	5668600000
8050_MH_MC	4	8	8	33.8	40.019	5.47E-28	172170000
28259_MH_MC	4	8	8	33.8	40.019	5.47E-28	172170000
172980_MH_MC	4	8	8	33.8	40.019	5.47E-28	172170000
19370_MH_MC	4	8	8	33.8	40.019	5.47E-28	172170000
80931_MH_MC	1	1	1	21.2	9.3428	1.34E-22	124080000
8127_MH_MC	2	1	1	3.2	49.089	0.016047	0
8126_MH_MC	2	1	1	3.2	49.089	0.016047	0
8141_MH_MC	4	2	2	10	37.58	1.07E-07	13994000
27170_MH_MC	4	2	2	10	37.58	1.07E-07	13994000
18533_MH_MC	4	2	2	10	37.58	1.07E-07	13994000
171182_MH_MC	4	2	2	10	37.58	1.07E-07	13994000
8142_MH_MC	3	5	5	23.7	28.321	4.78E-10	160990000
136318_MH_MC	3	5	5	23.7	28.321	4.78E-10	160990000
163679_MH_MC	3	5	5	23.7	28.321	4.78E-10	160990000
8248_MH_MC	4	8	8	37.3	24.294	1.19E-57	1964900000
21022_MH_MC	4	8	8	37.3	24.294	1.19E-57	1964900000
8247_MH_MC	4	8	8	37.3	24.294	1.19E-57	1964900000
13847_MH_MC	4	8	8	37.3	24.294	1.19E-57	1964900000
8269_MH_MC	2	1	1	2.1	50.326	0.016755	0
8270_MH_MC	2	1	1	2.1	50.326	0.016755	0
8298_MH_MC	1	1	1	1.9	64.963	0.0068003	0
83484_MH_MC	1	1	1	13.6	10.747	0.0095833	15466000
8469_MH_MC	1	8	8	32.8	28.259	5.37E-71	1726300000
8485_MH_MC	5	3	3	12.3	35.403	4.10E-08	170320000
8486_MH_MC	5	3	3	12.3	35.403	4.10E-08	170320000
15833_MH_MC	5	3	3	12.3	35.403	4.10E-08	170320000
61879_MH_MC	5	3	3	12.3	35.403	4.10E-08	170320000
23389_MH_MC	5	3	3	12.3	35.403	4.10E-08	170320000
8488_MH_MC	6	12	9	28.4	50.67	8.46E-160	1010800000
8487_MH_MC	6	12	9	28.4	50.67	8.46E-160	1010800000
22023_MH_MC	6	12	9	28.4	50.67	8.46E-160	1010800000
162603_MH_MC	6	12	9	28.4	50.67	8.46E-160	1010800000
14808_MH_MC	6	12	9	28.4	50.67	8.46E-160	1010800000
117212_MH_MC	6	12	9	28.4	50.67	8.46E-160	1010800000
8504_MH_MC	1	4	4	26.7	19.655	5.12E-21	31617000
8516_MH_MC	1	3	3	31.2	18.969	1.45E-05	64355000
8544_MH_MC	3	5	5	26.4	29.913	4.98E-13	93701000
165675_MH_MC	3	5	5	26.4	29.913	4.98E-13	93701000
107437_MH_MC	3	5	5	26.4	29.913	4.98E-13	93701000
8547_MH_MC	2	1	1	6.9	14.913	0.013396	44628000
8546_MH_MC	2	1	1	6.9	14.913	0.013396	44628000
8634_MH_MC	5	6	6	31.4	31.409	9.32E-22	360210000
8635_MH_MC	5	6	6	31.4	31.409	9.32E-22	360210000
65325_MH_MC	5	6	6	31.4	31.409	9.32E-22	360210000
14687_MH_MC	5	6	6	31.4	31.409	9.32E-22	360210000
36488_MH_MC	5	6	6	31.4	31.409	9.32E-22	360210000
8642_MH_MC	9	8	8	15.8	74.41	1.07E-24	258570000
9195_MH_MC	9	8	8	15.8	74.41	1.07E-24	258570000
5014_MH_MC	9	8	8	15.8	74.41	1.07E-24	258570000
5013_MH_MC	9	8	8	15.8	74.41	1.07E-24	258570000
20532_MH_MC	9	8	8	15.8	74.41	1.07E-24	258570000
13388_MH_MC	9	8	8	15.8	74.41	1.07E-24	258570000
9220_MH_MC	9	8	8	15.8	74.41	1.07E-24	258570000
4628_MH_MC	9	8	8	15.8	74.41	1.07E-24	258570000
37911_MH_MC	9	8	8	15.8	74.41	1.07E-24	258570000
8693_MH_MC	1	2	2	11.1	26.026	1.63E-16	166630000
8712_MH_MC	1	1	1	10.3	8.0993	0.032118	49087000
8757_MH_MC	3	2	2	11.8	21.851	6.75E-05	78534000
91737_MH_MC	3	2	2	11.8	21.851	6.75E-05	78534000
23268_MH_MC	3	2	2	11.8	21.851	6.75E-05	78534000
889_MH_MC	2	4	4	33	21.922	2.74E-40	1669500000
156335_MH_MC	2	4	4	33	21.922	2.74E-40	1669500000
90957_MH_MC	1	1	1	12.4	10.492	0.0021686	6808100
9136_MH_MC	1	4	1	12.4	13.858	1.17E-10	99408000
91476_MH_MC	1	1	1	4.9	28.121	0.00031006	18926000
93633_MH_MC	5	2	2	6.8	45.135	4.29E-05	41025000
45251_MH_MC	5	2	2	6.8	45.135	4.29E-05	41025000
24210_MH_MC	5	2	2	6.8	45.135	4.29E-05	41025000
16432_MH_MC	5	2	2	6.8	45.135	4.29E-05	41025000
166210_MH_MC	5	2	2	6.8	45.135	4.29E-05	41025000
95910_MH_MC	1	1	1	13.6	7.0822	0.047413	8247600
9670_MH_MC	2	4	4	34.9	19.128	1.69E-38	2205400000
10482_MH_MC	2	4	4	34.9	19.128	1.69E-38	2205400000
9791_MH_MC	1	1	1	21.6	10.094	8.39E-07	19834000
99279_MH_MC	3	6	1	11	18.894	5.48E-18	0
28077_MH_MC	3	6	1	11	18.894	5.48E-18	0
19237_MH_MC	3	6	1	11	18.894	5.48E-18	0
99426_MH_MC	1	1	1	11	18.298	1.10E-13	0
CON__P00761	1	4	4	25.1	24.409	1.44E-82	3317000000
CON__P02533	7	9	5	14.6	51.621	6.87E-36	137290000
CON__Q6IFX2	7	9	5	14.6	51.621	6.87E-36	137290000
CON__Q9QWL7	7	9	5	14.6	51.621	6.87E-36	137290000
CON__Q04695	7	9	5	14.6	51.621	6.87E-36	137290000
CON__A2A4G1	7	9	5	14.6	51.621	6.87E-36	137290000
CON__Q7Z3Y9	7	9	5	14.6	51.621	6.87E-36	137290000
CON__P19012	7	9	5	14.6	51.621	6.87E-36	137290000
CON__P02538	22	15	2	5.1	60.044	3.60E-67	374950000
CON__P04259	22	15	2	5.1	60.044	3.60E-67	374950000
CON__P48668	22	15	2	5.1	60.044	3.60E-67	374950000
CON__Q8VED5	22	15	2	5.1	60.044	3.60E-67	374950000
CON__O95678	22	15	2	5.1	60.044	3.60E-67	374950000
CON__P05787	22	15	2	5.1	60.044	3.60E-67	374950000
37766_MH_MC	22	15	2	5.1	60.044	3.60E-67	374950000
CON__H-INV:HIT000016045	22	15	2	5.1	60.044	3.60E-67	374950000
CON__P19013	22	15	2	5.1	60.044	3.60E-67	374950000
CON__P07744	22	15	2	5.1	60.044	3.60E-67	374950000
CON__Q9H552	22	15	2	5.1	60.044	3.60E-67	374950000
CON__H-INV:HIT000292931	22	15	2	5.1	60.044	3.60E-67	374950000
CON__Q6ISB0	22	15	2	5.1	60.044	3.60E-67	374950000
CON__Q9NSB2	22	15	2	5.1	60.044	3.60E-67	374950000
CON__Q32MB2	22	15	2	5.1	60.044	3.60E-67	374950000
CON__Q7RTS7	22	15	2	5.1	60.044	3.60E-67	374950000
CON__Q3SY84	22	15	2	5.1	60.044	3.60E-67	374950000
CON__Q6IME9	22	15	2	5.1	60.044	3.60E-67	374950000
CON__Q14CN4-1	22	15	2	5.1	60.044	3.60E-67	374950000
CON__P08729	22	15	2	5.1	60.044	3.60E-67	374950000
CON__Q3KNV1	22	15	2	5.1	60.044	3.60E-67	374950000
CON__Q9DCV7	22	15	2	5.1	60.044	3.60E-67	374950000
CON__P02676	1	1	1	2	56.44	0.0019389	205780000
CON__P04264	1	26	18	41.8	66.017	0	7834700000
CON__P19001	4	2	1	2.2	44.541	0.00032936	35357000
CON__P08727	4	2	1	2.2	44.541	0.00032936	35357000
36872_MH_MC	4	2	1	2.2	44.541	0.00032936	35357000
CON__P05784	4	2	1	2.2	44.541	0.00032936	35357000
CON__P08779	3	10	6	18	51.267	4.21E-26	299840000
CON__Q3ZAW8	3	10	6	18	51.267	4.21E-26	299840000
CON__Q9Z2K1	3	10	6	18	51.267	4.21E-26	299840000
CON__P13645	10	17	16	41.3	59.51	1.84E-257	3173800000
CON__P02535-1	10	17	16	41.3	59.51	1.84E-257	3173800000
CON__Q7Z3Y8	10	17	16	41.3	59.51	1.84E-257	3173800000
CON__Q7Z3Y7	10	17	16	41.3	59.51	1.84E-257	3173800000
CON__Q148H6	10	17	16	41.3	59.51	1.84E-257	3173800000
CON__Q7Z3Z0	10	17	16	41.3	59.51	1.84E-257	3173800000
CON__Q2M2I5	10	17	16	41.3	59.51	1.84E-257	3173800000
CON__P13646-1	10	17	16	41.3	59.51	1.84E-257	3173800000
CON__P08730-1	10	17	16	41.3	59.51	1.84E-257	3173800000
CON__ENSEMBL:ENSP00000377550	10	17	16	41.3	59.51	1.84E-257	3173800000
CON__P13647	1	14	2	4.1	62.378	2.13E-62	145330000
CON__P35527	1	21	21	48.8	62.129	0	3836200000
CON__P35908	4	18	9	19.8	65.865	3.23E-75	1271900000
CON__Q7Z794	4	18	9	19.8	65.865	3.23E-75	1271900000
CON__Q6NXH9	4	18	9	19.8	65.865	3.23E-75	1271900000
CON__Q9R0H5	4	18	9	19.8	65.865	3.23E-75	1271900000
CON__Q5XKE5	1	5	1	3.7	57.809	1.76E-11	48436000
CON__Q86YZ3	1	1	1	0.8	282.39	7.87E-15	0
REV__124630_MH_MC	1	1	1	9.2	11.37	0.016526	28603000
REV__44093_MH_MC	2	1	1	2.3	58.5	0.0019503	38665000
REV__134450_MH_MC	2	1	1	2.3	58.5	0.0019503	38665000
REV__136357_MH_MC	1	1	1	16.7	7.5969	0.0089929	15820000
REV__30770_MH_MC	1	1	1	22.7	5.3682	0.020946	109590000
REV__36846_MH_MC	1	1	1	2	46.876	0.023725	10478000
REV__44295_MH_MC	1	1	1	3.9	44.501	0.027106	81091000
REV__9044_MH_MC	2	1	1	8.1	12.598	0.013686	26082000
REV__45319_MH_MC	2	1	1	8.1	12.598	0.013686	26082000
REV__55215_MH_MC	1	1	1	10	10.864	0.021927	20690000
REV__70004_MH_MC	1	1	1	6.2	15.13	0.01208	9891000
REV__9395_MH_MC	1	1	1	5.7	29.145	0.018166	0
REV__CON__P08730-1	1	1	1	3.4	47.754	0.013741	93044000
100_MH_MC	4	1	1	3.5	45.348	9.71E-05	37732000
99_MH_MC	4	1	1	3.5	45.348	9.71E-05	37732000
39351_MH_MC	4	1	1	3.5	45.348	9.71E-05	37732000
28423_MH_MC	4	1	1	3.5	45.348	9.71E-05	37732000
41434_MH_MC	5	9	9	19	79.523	1.49E-52	2390300000
24694_MH_MC	5	9	9	19	79.523	1.49E-52	2390300000
100783_MH_MC	5	9	9	19	79.523	1.49E-52	2390300000
16783_MH_MC	5	9	9	19	79.523	1.49E-52	2390300000
167072_MH_MC	5	9	9	19	79.523	1.49E-52	2390300000
10083_MH_MC	1	1	1	20	5.255	0.014586	76224000
100870_MH_MC	2	2	2	27.1	14.987	2.48E-48	1035800000
40436_MH_MC	2	2	2	27.1	14.987	2.48E-48	1035800000
102_MH_MC	4	2	1	2	50.275	1.14E-06	56840000
28424_MH_MC	4	2	1	2	50.275	1.14E-06	56840000
CON__ENSEMBL:ENSBTAP00000016242	4	2	1	2	50.275	1.14E-06	56840000
101_MH_MC	4	2	1	2	50.275	1.14E-06	56840000
43448_MH_MC	3	1	1	1.6	93.628	0.0031874	16987000
22145_MH_MC	3	1	1	1.6	93.628	0.0031874	16987000
101374_MH_MC	3	1	1	1.6	93.628	0.0031874	16987000
42190_MH_MC	5	1	1	1.2	97.701	0.005729	0
170784_MH_MC	5	1	1	1.2	97.701	0.005729	0
26946_MH_MC	5	1	1	1.2	97.701	0.005729	0
18361_MH_MC	5	1	1	1.2	97.701	0.005729	0
102932_MH_MC	5	1	1	1.2	97.701	0.005729	0
102956_MH_MC	5	1	1	6.1	18.814	6.27E-05	30725000
3249_MH_MC	5	1	1	6.1	18.814	6.27E-05	30725000
3247_MH_MC	5	1	1	6.1	18.814	6.27E-05	30725000
3246_MH_MC	5	1	1	6.1	18.814	6.27E-05	30725000
3248_MH_MC	5	1	1	6.1	18.814	6.27E-05	30725000
102962_MH_MC	1	1	1	13.3	6.6396	0.024328	391230000
44722_MH_MC	2	1	1	2.8	64.178	0.00018218	14348000
103101_MH_MC	2	1	1	2.8	64.178	0.00018218	14348000
44594_MH_MC	3	1	1	4.7	35.83	5.96E-05	48447000
104829_MH_MC	3	1	1	4.7	35.83	5.96E-05	48447000
27760_MH_MC	3	1	1	4.7	35.83	5.96E-05	48447000
40975_MH_MC	4	1	1	0.9	102.75	0.012535	12436000
14998_MH_MC	4	1	1	0.9	102.75	0.012535	12436000
105025_MH_MC	4	1	1	0.9	102.75	0.012535	12436000
22284_MH_MC	4	1	1	0.9	102.75	0.012535	12436000
105061_MH_MC	1	1	1	8.2	12.585	0.0059081	58175000
105403_MH_MC	2	11	0	0	65.711	5.07E-102	260490000
14431_MH_MC	2	11	0	0	65.711	5.07E-102	260490000
105456_MH_MC	3	2	2	15.1	13.566	0.00019185	137800000
43191_MH_MC	3	2	2	15.1	13.566	0.00019185	137800000
24291_MH_MC	3	2	2	15.1	13.566	0.00019185	137800000
110564_MH_MC	3	1	1	7	15.229	0.0067284	58169000
1055_MH_MC	3	1	1	7	15.229	0.0067284	58169000
138066_MH_MC	3	1	1	7	15.229	0.0067284	58169000
10561_MH_MC	1	1	1	23.2	6.5826	0.0012344	0
30250_MH_MC	5	2	2	8.9	38.814	1.30E-09	35607000
30251_MH_MC	5	2	2	8.9	38.814	1.30E-09	35607000
1060_MH_MC	5	2	2	8.9	38.814	1.30E-09	35607000
1061_MH_MC	5	2	2	8.9	38.814	1.30E-09	35607000
131525_MH_MC	5	2	2	8.9	38.814	1.30E-09	35607000
44720_MH_MC	3	1	1	4.2	31.29	0.015439	0
107263_MH_MC	3	1	1	4.2	31.29	0.015439	0
17616_MH_MC	3	1	1	4.2	31.29	0.015439	0
108278_MH_MC	4	1	1	3.4	41.444	0.016969	25350000
22230_MH_MC	4	1	1	3.4	41.444	0.016969	25350000
162985_MH_MC	4	1	1	3.4	41.444	0.016969	25350000
14958_MH_MC	4	1	1	3.4	41.444	0.016969	25350000
30287_MH_MC	2	1	1	3.8	36.464	0.020475	22345000
1083_MH_MC	2	1	1	3.8	36.464	0.020475	22345000
43988_MH_MC	3	2	2	18.8	22.944	5.68E-16	219240000
108598_MH_MC	3	2	2	18.8	22.944	5.68E-16	219240000
27423_MH_MC	3	2	2	18.8	22.944	5.68E-16	219240000
10920_MH_MC	1	5	1	32	10.678	1.12E-63	137010000
109731_MH_MC	1	1	1	8.4	12.026	0.0021706	0
110150_MH_MC	3	1	1	1.9	55.247	0.019216	13194000
26830_MH_MC	3	1	1	1.9	55.247	0.019216	13194000
170596_MH_MC	3	1	1	1.9	55.247	0.019216	13194000
1102_MH_MC	7	3	1	9.7	18.738	4.86E-19	36554000
1103_MH_MC	7	3	1	9.7	18.738	4.86E-19	36554000
30308_MH_MC	7	3	1	9.7	18.738	4.86E-19	36554000
30309_MH_MC	7	3	1	9.7	18.738	4.86E-19	36554000
2772_MH_MC	7	3	1	9.7	18.738	4.86E-19	36554000
16281_MH_MC	7	3	1	9.7	18.738	4.86E-19	36554000
41422_MH_MC	7	3	1	9.7	18.738	4.86E-19	36554000
11020_MH_MC	2	5	5	66.3	10.144	6.31E-27	449170000
138637_MH_MC	2	5	5	66.3	10.144	6.31E-27	449170000
31572_MH_MC	3	2	2	18	14.609	2.33E-10	69377000
1676_MH_MC	3	2	2	18	14.609	2.33E-10	69377000
11053_MH_MC	3	2	2	18	14.609	2.33E-10	69377000
40960_MH_MC	4	1	1	1	95.111	0.022688	0
23081_MH_MC	4	1	1	1	95.111	0.022688	0
15603_MH_MC	4	1	1	1	95.111	0.022688	0
110878_MH_MC	4	1	1	1	95.111	0.022688	0
11097_MH_MC	1	3	1	12.2	9.5186	2.76E-07	172450000
15295_MH_MC	6	3	3	15.8	36.237	1.01E-20	12252000
110972_MH_MC	6	3	3	15.8	36.237	1.01E-20	12252000
42599_MH_MC	6	3	3	15.8	36.237	1.01E-20	12252000
46885_MH_MC	6	3	3	15.8	36.237	1.01E-20	12252000
8519_MH_MC	6	3	3	15.8	36.237	1.01E-20	12252000
44236_MH_MC	6	3	3	15.8	36.237	1.01E-20	12252000
40958_MH_MC	4	1	1	1	130.18	0.00024427	9666000
172428_MH_MC	4	1	1	1	130.18	0.00024427	9666000
19129_MH_MC	4	1	1	1	130.18	0.00024427	9666000
110985_MH_MC	4	1	1	1	130.18	0.00024427	9666000
1111_MH_MC	8	2	2	5.6	58.996	5.51E-26	34483000
1112_MH_MC	8	2	2	5.6	58.996	5.51E-26	34483000
23980_MH_MC	8	2	2	5.6	58.996	5.51E-26	34483000
30340_MH_MC	8	2	2	5.6	58.996	5.51E-26	34483000
77988_MH_MC	8	2	2	5.6	58.996	5.51E-26	34483000
1108_MH_MC	8	2	2	5.6	58.996	5.51E-26	34483000
1110_MH_MC	8	2	2	5.6	58.996	5.51E-26	34483000
16266_MH_MC	8	2	2	5.6	58.996	5.51E-26	34483000
22783_MH_MC	3	1	1	6.3	26.648	0.00048185	0
38044_MH_MC	3	1	1	6.3	26.648	0.00048185	0
111408_MH_MC	3	1	1	6.3	26.648	0.00048185	0
111547_MH_MC	1	1	1	8.5	11.318	0.0094311	7533800
691_MH_MC	4	1	1	2	61.632	0.0034513	64901000
29504_MH_MC	4	1	1	2	61.632	0.0034513	64901000
692_MH_MC	4	1	1	2	61.632	0.0034513	64901000
111936_MH_MC	4	1	1	2	61.632	0.0034513	64901000
112083_MH_MC	1	1	1	5.4	17.544	0.023444	18433000
43598_MH_MC	2	1	1	8	13.855	0.0055849	0
11218_MH_MC	2	1	1	8	13.855	0.0055849	0
7601_MH_MC	2	1	1	7.7	21.037	0.00010136	0
11248_MH_MC	2	1	1	7.7	21.037	0.00010136	0
44277_MH_MC	4	1	1	1	121.03	0.025285	21387000
171789_MH_MC	4	1	1	1	121.03	0.025285	21387000
27517_MH_MC	4	1	1	1	121.03	0.025285	21387000
112881_MH_MC	4	1	1	1	121.03	0.025285	21387000
13357_MH_MC	3	3	2	15.7	19.316	1.70E-13	62944000
1135_MH_MC	3	3	2	15.7	19.316	1.70E-13	62944000
1134_MH_MC	3	3	2	15.7	19.316	1.70E-13	62944000
30381_MH_MC	3	1	1	8.8	13.171	0.031529	80087000
1136_MH_MC	3	1	1	8.8	13.171	0.031529	80087000
139393_MH_MC	3	1	1	8.8	13.171	0.031529	80087000
113947_MH_MC	3	1	1	1.5	52.465	0.024533	0
23238_MH_MC	3	1	1	1.5	52.465	0.024533	0
15723_MH_MC	3	1	1	1.5	52.465	0.024533	0
21773_MH_MC	2	1	1	2	57.988	0.00044061	26623000
114109_MH_MC	2	1	1	2	57.988	0.00044061	26623000
40683_MH_MC	2	1	1	6.6	25.532	0.00042209	23393000
114371_MH_MC	2	1	1	6.6	25.532	0.00042209	23393000
115578_MH_MC	4	2	1	5.4	17.027	0.00043304	245980000
6629_MH_MC	4	2	1	5.4	17.027	0.00043304	245980000
6628_MH_MC	4	2	1	5.4	17.027	0.00043304	245980000
22009_MH_MC	4	2	1	5.4	17.027	0.00043304	245980000
11567_MH_MC	1	1	1	12.7	11.75	3.53E-12	45155000
116057_MH_MC	4	2	2	5.4	40.632	0.00014134	51078000
44641_MH_MC	4	2	2	5.4	40.632	0.00014134	51078000
21503_MH_MC	4	2	2	5.4	40.632	0.00014134	51078000
14382_MH_MC	4	2	2	5.4	40.632	0.00014134	51078000
1162_MH_MC	8	8	8	9.1	104.61	5.28E-23	448270000
1161_MH_MC	8	8	8	9.1	104.61	5.28E-23	448270000
30429_MH_MC	8	8	8	9.1	104.61	5.28E-23	448270000
23366_MH_MC	8	8	8	9.1	104.61	5.28E-23	448270000
112315_MH_MC	8	8	8	9.1	104.61	5.28E-23	448270000
15823_MH_MC	8	8	8	9.1	104.61	5.28E-23	448270000
20045_MH_MC	8	8	8	9.1	104.61	5.28E-23	448270000
1160_MH_MC	8	8	8	9.1	104.61	5.28E-23	448270000
14212_MH_MC	3	5	5	18.4	43.401	4.12E-15	130750000
41476_MH_MC	3	5	5	18.4	43.401	4.12E-15	130750000
116170_MH_MC	3	5	5	18.4	43.401	4.12E-15	130750000
14210_MH_MC	9	6	6	30.8	27.984	4.51E-110	572920000
116249_MH_MC	9	6	6	30.8	27.984	4.51E-110	572920000
39473_MH_MC	9	6	6	30.8	27.984	4.51E-110	572920000
6723_MH_MC	9	6	6	30.8	27.984	4.51E-110	572920000
5946_MH_MC	9	6	6	30.8	27.984	4.51E-110	572920000
4937_MH_MC	9	6	6	30.8	27.984	4.51E-110	572920000
4805_MH_MC	9	6	6	30.8	27.984	4.51E-110	572920000
6875_MH_MC	9	6	6	30.8	27.984	4.51E-110	572920000
4804_MH_MC	9	6	6	30.8	27.984	4.51E-110	572920000
1163_MH_MC	5	5	5	13.1	49.524	1.42E-20	145810000
13145_MH_MC	5	5	5	13.1	49.524	1.42E-20	145810000
130399_MH_MC	5	5	5	13.1	49.524	1.42E-20	145810000
30432_MH_MC	5	5	5	13.1	49.524	1.42E-20	145810000
47021_MH_MC	5	5	5	13.1	49.524	1.42E-20	145810000
44454_MH_MC	3	1	1	10.8	13.026	0.00033189	20763000
136765_MH_MC	3	1	1	10.8	13.026	0.00033189	20763000
11638_MH_MC	3	1	1	10.8	13.026	0.00033189	20763000
11663_MH_MC	2	2	1	25.8	10.621	3.20E-19	29784000
158166_MH_MC	2	2	1	25.8	10.621	3.20E-19	29784000
1792_MH_MC	3	1	1	6.7	21.009	0.010312	26030000
1791_MH_MC	3	1	1	6.7	21.009	0.010312	26030000
11677_MH_MC	3	1	1	6.7	21.009	0.010312	26030000
30431_MH_MC	2	1	1	2.9	31.218	0.016732	16375000
1170_MH_MC	2	1	1	2.9	31.218	0.016732	16375000
1176_MH_MC	10	3	3	8	49.651	1.84E-34	197830000
30486_MH_MC	10	3	3	8	49.651	1.84E-34	197830000
1175_MH_MC	10	3	3	8	49.651	1.84E-34	197830000
30485_MH_MC	10	3	3	8	49.651	1.84E-34	197830000
1174_MH_MC	10	3	3	8	49.651	1.84E-34	197830000
22759_MH_MC	10	3	3	8	49.651	1.84E-34	197830000
163906_MH_MC	10	3	3	8	49.651	1.84E-34	197830000
124570_MH_MC	10	3	3	8	49.651	1.84E-34	197830000
15361_MH_MC	10	3	3	8	49.651	1.84E-34	197830000
172102_MH_MC	10	3	3	8	49.651	1.84E-34	197830000
43845_MH_MC	5	1	1	3.7	30.536	0.0099047	36561000
33651_MH_MC	5	1	1	3.7	30.536	0.0099047	36561000
33652_MH_MC	5	1	1	3.7	30.536	0.0099047	36561000
136277_MH_MC	5	1	1	3.7	30.536	0.0099047	36561000
11780_MH_MC	5	1	1	3.7	30.536	0.0099047	36561000
118146_MH_MC	1	1	1	17.2	7.3475	9.17E-06	17442000
118993_MH_MC	1	1	1	8.5	15.331	0.0053936	136920000
41589_MH_MC	2	1	1	2.3	39.822	0.025566	155400000
11906_MH_MC	2	1	1	2.3	39.822	0.025566	155400000
1383_MH_MC	3	1	1	5.3	27.665	0.025966	0
1384_MH_MC	3	1	1	5.3	27.665	0.025966	0
119387_MH_MC	3	1	1	5.3	27.665	0.025966	0
43947_MH_MC	2	3	3	8.9	44.916	3.47E-24	187680000
119651_MH_MC	2	3	3	8.9	44.916	3.47E-24	187680000
35688_MH_MC	3	1	1	4.5	25.271	0.037096	79965000
3906_MH_MC	3	1	1	4.5	25.271	0.037096	79965000
11972_MH_MC	3	1	1	4.5	25.271	0.037096	79965000
11978_MH_MC	1	2	2	33.7	10.564	9.80E-07	43335000
120095_MH_MC	1	1	1	10.9	12.579	0.0024182	12241000
12048_MH_MC	2	2	1	5.3	15.26	0.0018506	55906000
1039_MH_MC	2	2	1	5.3	15.26	0.0018506	55906000
7320_MH_MC	4	1	1	8.7	13.924	1.46E-06	64284000
120544_MH_MC	4	1	1	8.7	13.924	1.46E-06	64284000
14880_MH_MC	4	1	1	8.7	13.924	1.46E-06	64284000
162798_MH_MC	4	1	1	8.7	13.924	1.46E-06	64284000
44031_MH_MC	2	1	1	2.8	53.641	4.08E-08	0
120964_MH_MC	2	1	1	2.8	53.641	4.08E-08	0
1214_MH_MC	6	1	1	2.4	52.539	0.00032884	17537000
30545_MH_MC	6	1	1	2.4	52.539	0.00032884	17537000
30544_MH_MC	6	1	1	2.4	52.539	0.00032884	17537000
1213_MH_MC	6	1	1	2.4	52.539	0.00032884	17537000
20287_MH_MC	6	1	1	2.4	52.539	0.00032884	17537000
160099_MH_MC	6	1	1	2.4	52.539	0.00032884	17537000
121711_MH_MC	3	5	5	35.6	21.248	1.39E-32	547540000
41143_MH_MC	3	5	5	35.6	21.248	1.39E-32	547540000
23553_MH_MC	3	5	5	35.6	21.248	1.39E-32	547540000
121762_MH_MC	2	1	1	2.6	38.846	0.0087077	0
14063_MH_MC	2	1	1	2.6	38.846	0.0087077	0
122070_MH_MC	4	3	3	19.8	28.999	1.72E-24	213590000
37034_MH_MC	4	3	3	19.8	28.999	1.72E-24	213590000
21197_MH_MC	4	3	3	19.8	28.999	1.72E-24	213590000
14044_MH_MC	4	3	3	19.8	28.999	1.72E-24	213590000
7415_MH_MC	5	1	1	2.3	53.097	8.96E-08	14385000
40639_MH_MC	5	1	1	2.3	53.097	8.96E-08	14385000
22505_MH_MC	5	1	1	2.3	53.097	8.96E-08	14385000
122130_MH_MC	5	1	1	2.3	53.097	8.96E-08	14385000
15172_MH_MC	5	1	1	2.3	53.097	8.96E-08	14385000
37935_MH_MC	2	1	1	7.5	14.944	0.019826	57850000
12218_MH_MC	2	1	1	7.5	14.944	0.019826	57850000
31011_MH_MC	4	1	1	3.6	52.02	1.25E-08	35080000
1411_MH_MC	4	1	1	3.6	52.02	1.25E-08	35080000
122203_MH_MC	4	1	1	3.6	52.02	1.25E-08	35080000
14038_MH_MC	4	1	1	3.6	52.02	1.25E-08	35080000
44892_MH_MC	2	7	7	48	19.763	1.10E-31	1266900000
12228_MH_MC	2	7	7	48	19.763	1.10E-31	1266900000
122345_MH_MC	4	8	8	42.5	34.52	4.41E-102	2136700000
21186_MH_MC	4	8	8	42.5	34.52	4.41E-102	2136700000
14028_MH_MC	4	8	8	42.5	34.52	4.41E-102	2136700000
46270_MH_MC	4	8	8	42.5	34.52	4.41E-102	2136700000
44535_MH_MC	2	1	1	6	25.05	6.52E-07	18451000
12257_MH_MC	2	1	1	6	25.05	6.52E-07	18451000
44620_MH_MC	3	1	1	2.7	46.884	0.016065	0
122918_MH_MC	3	1	1	2.7	46.884	0.016065	0
14001_MH_MC	3	1	1	2.7	46.884	0.016065	0
2053_MH_MC	3	1	1	5	19.056	0.015292	57901000
12341_MH_MC	3	1	1	5	19.056	0.015292	57901000
134330_MH_MC	3	1	1	5	19.056	0.015292	57901000
123590_MH_MC	3	2	2	9.4	34.072	7.56E-05	20971000
7955_MH_MC	3	2	2	9.4	34.072	7.56E-05	20971000
21116_MH_MC	3	2	2	9.4	34.072	7.56E-05	20971000
2659_MH_MC	3	1	1	7.6	21.054	0.0025319	11581000
19493_MH_MC	3	1	1	7.6	21.054	0.0025319	11581000
12376_MH_MC	3	1	1	7.6	21.054	0.0025319	11581000
12378_MH_MC	2	1	1	7.5	20.707	0.0016696	23752000
134238_MH_MC	2	1	1	7.5	20.707	0.0016696	23752000
43173_MH_MC	2	1	1	3.4	30.372	0.011879	0
12396_MH_MC	2	1	1	3.4	30.372	0.011879	0
123978_MH_MC	2	4	3	15.8	23.706	3.85E-34	135000000
13932_MH_MC	2	4	3	15.8	23.706	3.85E-34	135000000
44687_MH_MC	4	1	1	1.7	130.1	4.49E-06	0
8649_MH_MC	4	1	1	1.7	130.1	4.49E-06	0
23367_MH_MC	4	1	1	1.7	130.1	4.49E-06	0
124055_MH_MC	4	1	1	1.7	130.1	4.49E-06	0
21088_MH_MC	2	1	1	5.2	27.14	1.48E-07	0
124135_MH_MC	2	1	1	5.2	27.14	1.48E-07	0
42485_MH_MC	4	1	1	2.6	34.832	0.033432	66219000
124217_MH_MC	4	1	1	2.6	34.832	0.033432	66219000
21085_MH_MC	4	1	1	2.6	34.832	0.033432	66219000
13919_MH_MC	4	1	1	2.6	34.832	0.033432	66219000
12426_MH_MC	1	1	1	10.3	17.17	0.033429	57170000
24561_MH_MC	4	1	1	4.3	33.183	0.00052646	15064000
166864_MH_MC	4	1	1	4.3	33.183	0.00052646	15064000
16692_MH_MC	4	1	1	4.3	33.183	0.00052646	15064000
12444_MH_MC	4	1	1	4.3	33.183	0.00052646	15064000
13893_MH_MC	5	4	4	16.4	32.293	2.44E-20	285780000
124608_MH_MC	5	4	4	16.4	32.293	2.44E-20	285780000
46413_MH_MC	5	4	4	16.4	32.293	2.44E-20	285780000
21061_MH_MC	5	4	4	16.4	32.293	2.44E-20	285780000
44483_MH_MC	5	4	4	16.4	32.293	2.44E-20	285780000
124735_MH_MC	4	2	2	8.4	34.668	1.64E-08	77615000
13884_MH_MC	4	2	2	8.4	34.668	1.64E-08	77615000
21053_MH_MC	4	2	2	8.4	34.668	1.64E-08	77615000
43737_MH_MC	4	2	2	8.4	34.668	1.64E-08	77615000
43365_MH_MC	4	4	4	17.8	31.997	7.74E-54	174000000
124974_MH_MC	4	4	4	17.8	31.997	7.74E-54	174000000
13873_MH_MC	4	4	4	17.8	31.997	7.74E-54	174000000
21041_MH_MC	4	4	4	17.8	31.997	7.74E-54	174000000
44030_MH_MC	5	1	1	2.2	80.548	0.00012735	8949600
8470_MH_MC	5	1	1	2.2	80.548	0.00012735	8949600
8471_MH_MC	5	1	1	2.2	80.548	0.00012735	8949600
13869_MH_MC	5	1	1	2.2	80.548	0.00012735	8949600
125024_MH_MC	5	1	1	2.2	80.548	0.00012735	8949600
13865_MH_MC	3	1	1	4.1	30.717	0.00024427	11337000
21036_MH_MC	3	1	1	4.1	30.717	0.00024427	11337000
125053_MH_MC	3	1	1	4.1	30.717	0.00024427	11337000
125155_MH_MC	1	1	1	17.5	7.2135	0.0071251	84843000
12519_MH_MC	3	5	5	35.8	19.579	6.55E-95	2331400000
19644_MH_MC	3	5	5	35.8	19.579	6.55E-95	2331400000
133652_MH_MC	3	5	5	35.8	19.579	6.55E-95	2331400000
125451_MH_MC	6	1	1	6.2	30.884	0.00012757	34012000
23234_MH_MC	6	1	1	6.2	30.884	0.00012757	34012000
2735_MH_MC	6	1	1	6.2	30.884	0.00012757	34012000
125325_MH_MC	6	1	1	6.2	30.884	0.00012757	34012000
164682_MH_MC	6	1	1	6.2	30.884	0.00012757	34012000
160996_MH_MC	6	1	1	6.2	30.884	0.00012757	34012000
125573_MH_MC	5	2	2	9.4	27.725	7.56E-27	72952000
20989_MH_MC	5	2	2	9.4	27.725	7.56E-27	72952000
160973_MH_MC	5	2	2	9.4	27.725	7.56E-27	72952000
13813_MH_MC	5	2	2	9.4	27.725	7.56E-27	72952000
160974_MH_MC	5	2	2	9.4	27.725	7.56E-27	72952000
8080_MH_MC	2	4	4	30.3	20.518	4.60E-14	132770000
12599_MH_MC	2	4	4	30.3	20.518	4.60E-14	132770000
126065_MH_MC	2	3	3	13.5	31.081	1.12E-06	368660000
20948_MH_MC	2	3	3	13.5	31.081	1.12E-06	368660000
126129_MH_MC	2	4	4	24.1	25.078	2.28E-30	310580000
20942_MH_MC	2	4	4	24.1	25.078	2.28E-30	310580000
159397_MH_MC	4	2	1	6.5	16.737	5.27E-08	48572000
133207_MH_MC	4	2	1	6.5	16.737	5.27E-08	48572000
19742_MH_MC	4	2	1	6.5	16.737	5.27E-08	48572000
12617_MH_MC	4	2	1	6.5	16.737	5.27E-08	48572000
14672_MH_MC	2	1	1	3.5	27.014	0.029981	54534000
126238_MH_MC	2	1	1	3.5	27.014	0.029981	54534000
43557_MH_MC	2	1	1	7.7	22.845	2.57E-09	30502000
12633_MH_MC	2	1	1	7.7	22.845	2.57E-09	30502000
20915_MH_MC	2	4	4	17.8	29.491	1.01E-09	284800000
126433_MH_MC	2	4	4	17.8	29.491	1.01E-09	284800000
28932_MH_MC	4	1	1	4.1	35.733	0.0045187	0
132998_MH_MC	4	1	1	4.1	35.733	0.0045187	0
19774_MH_MC	4	1	1	4.1	35.733	0.0045187	0
12652_MH_MC	4	1	1	4.1	35.733	0.0045187	0
12660_MH_MC	4	2	2	15.6	19.758	8.13E-06	24469000
133015_MH_MC	4	2	2	15.6	19.758	8.13E-06	24469000
159445_MH_MC	4	2	2	15.6	19.758	8.13E-06	24469000
44073_MH_MC	4	2	2	15.6	19.758	8.13E-06	24469000
15051_MH_MC	4	3	3	22.1	21.358	4.45E-20	115820000
163187_MH_MC	4	3	3	22.1	21.358	4.45E-20	115820000
126672_MH_MC	4	3	3	22.1	21.358	4.45E-20	115820000
36890_MH_MC	4	3	3	22.1	21.358	4.45E-20	115820000
27982_MH_MC	3	1	1	10.4	17.92	3.82E-05	77814000
126688_MH_MC	3	1	1	10.4	17.92	3.82E-05	77814000
19171_MH_MC	3	1	1	10.4	17.92	3.82E-05	77814000
126728_MH_MC	3	7	2	10.3	25.921	2.74E-65	453580000
20882_MH_MC	3	7	2	10.3	25.921	2.74E-65	453580000
13719_MH_MC	3	7	2	10.3	25.921	2.74E-65	453580000
31875_MH_MC	3	1	1	1.4	80.681	0.0027729	0
31876_MH_MC	3	1	1	1.4	80.681	0.0027729	0
126738_MH_MC	3	1	1	1.4	80.681	0.0027729	0
126762_MH_MC	2	1	1	9	16.141	1.01E-05	12372000
20879_MH_MC	2	1	1	9	16.141	1.01E-05	12372000
44276_MH_MC	4	1	1	6.3	39.223	1.49E-15	0
8541_MH_MC	4	1	1	6.3	39.223	1.49E-15	0
126814_MH_MC	4	1	1	6.3	39.223	1.49E-15	0
20870_MH_MC	4	1	1	6.3	39.223	1.49E-15	0
127106_MH_MC	1	12	0	0	27.728	1.55E-128	750810000
30502_MH_MC	4	1	1	3.8	26.323	0.017578	128410000
12725_MH_MC	4	1	1	3.8	26.323	0.017578	128410000
132680_MH_MC	4	1	1	3.8	26.323	0.017578	128410000
93889_MH_MC	4	1	1	3.8	26.323	0.017578	128410000
33055_MH_MC	4	5	5	26.2	24.035	1.94E-25	2185900000
127367_MH_MC	4	5	5	26.2	24.035	1.94E-25	2185900000
13645_MH_MC	4	5	5	26.2	24.035	1.94E-25	2185900000
20801_MH_MC	4	5	5	26.2	24.035	1.94E-25	2185900000
13618_MH_MC	5	2	2	13.1	25.6	3.32E-15	21537000
127566_MH_MC	5	2	2	13.1	25.6	3.32E-15	21537000
20775_MH_MC	5	2	2	13.1	25.6	3.32E-15	21537000
3190_MH_MC	5	2	2	13.1	25.6	3.32E-15	21537000
3191_MH_MC	5	2	2	13.1	25.6	3.32E-15	21537000
43415_MH_MC	3	1	1	1.1	121.31	0.002532	8467200
13619_MH_MC	3	1	1	1.1	121.31	0.002532	8467200
127575_MH_MC	3	1	1	1.1	121.31	0.002532	8467200
33768_MH_MC	4	1	1	5.6	28.627	0.0067539	13577000
127849_MH_MC	4	1	1	5.6	28.627	0.0067539	13577000
13583_MH_MC	4	1	1	5.6	28.627	0.0067539	13577000
2742_MH_MC	4	1	1	5.6	28.627	0.0067539	13577000
160638_MH_MC	2	1	1	4.4	28.424	1.10E-07	24968000
127888_MH_MC	2	1	1	4.4	28.424	1.10E-07	24968000
127915_MH_MC	3	4	4	25.9	23.456	3.26E-17	353620000
13568_MH_MC	3	4	4	25.9	23.456	3.26E-17	353620000
36163_MH_MC	3	4	4	25.9	23.456	3.26E-17	353620000
44819_MH_MC	2	1	1	5.6	18.818	3.13E-05	120890000
12803_MH_MC	2	1	1	5.6	18.818	3.13E-05	120890000
128047_MH_MC	1	4	4	18.4	27.51	4.95E-21	677120000
20693_MH_MC	2	3	3	13.4	26.855	2.44E-09	150900000
128190_MH_MC	2	3	3	13.4	26.855	2.44E-09	150900000
13527_MH_MC	2	1	1	6.4	19.265	0.00050545	0
128194_MH_MC	2	1	1	6.4	19.265	0.00050545	0
12820_MH_MC	2	1	1	5	22.774	0.00063491	18182000
36943_MH_MC	2	1	1	5	22.774	0.00063491	18182000
128204_MH_MC	1	1	1	23.9	8.606	1.85E-06	16609000
8231_MH_MC	5	1	1	3	37.848	2.63E-05	52342000
160584_MH_MC	5	1	1	3	37.848	2.63E-05	52342000
20692_MH_MC	5	1	1	3	37.848	2.63E-05	52342000
128212_MH_MC	5	1	1	3	37.848	2.63E-05	52342000
13525_MH_MC	5	1	1	3	37.848	2.63E-05	52342000
32167_MH_MC	3	1	1	3.3	48.399	9.33E-07	0
12848_MH_MC	3	1	1	3.3	48.399	9.33E-07	0
159678_MH_MC	3	1	1	3.3	48.399	9.33E-07	0
128492_MH_MC	4	3	3	36.4	20	4.28E-87	1591700000
13478_MH_MC	4	3	3	36.4	20	4.28E-87	1591700000
20641_MH_MC	4	3	3	36.4	20	4.28E-87	1591700000
43565_MH_MC	4	3	3	36.4	20	4.28E-87	1591700000
8190_MH_MC	4	2	2	10.7	24.79	2.25E-07	455650000
128569_MH_MC	4	2	2	10.7	24.79	2.25E-07	455650000
20624_MH_MC	4	2	2	10.7	24.79	2.25E-07	455650000
13467_MH_MC	4	2	2	10.7	24.79	2.25E-07	455650000
8633_MH_MC	4	2	2	11.7	26.164	9.33E-07	0
128859_MH_MC	4	2	2	11.7	26.164	9.33E-07	0
20573_MH_MC	4	2	2	11.7	26.164	9.33E-07	0
13420_MH_MC	4	2	2	11.7	26.164	9.33E-07	0
12899_MH_MC	1	1	1	9	22.102	0.00048967	14024000
20007_MH_MC	3	2	2	19.1	17.241	0.0002004	83443000
131750_MH_MC	3	2	2	19.1	17.241	0.0002004	83443000
12905_MH_MC	3	2	2	19.1	17.241	0.0002004	83443000
29875_MH_MC	8	1	1	5.1	43.158	0.0019985	0
969_MH_MC	8	1	1	5.1	43.158	0.0019985	0
966_MH_MC	8	1	1	5.1	43.158	0.0019985	0
967_MH_MC	8	1	1	5.1	43.158	0.0019985	0
965_MH_MC	8	1	1	5.1	43.158	0.0019985	0
29874_MH_MC	8	1	1	5.1	43.158	0.0019985	0
968_MH_MC	8	1	1	5.1	43.158	0.0019985	0
129061_MH_MC	8	1	1	5.1	43.158	0.0019985	0
129445_MH_MC	2	2	1	13.4	8.883	0.00016988	16599000
39353_MH_MC	2	2	1	13.4	8.883	0.00016988	16599000
13317_MH_MC	2	1	1	4.7	26.319	0.0052725	112050000
129514_MH_MC	2	1	1	4.7	26.319	0.0052725	112050000
47017_MH_MC	3	2	2	15.6	15.734	4.31E-07	634610000
44998_MH_MC	3	2	2	15.6	15.734	4.31E-07	634610000
12960_MH_MC	3	2	2	15.6	15.734	4.31E-07	634610000
78547_MH_MC	6	1	1	8	20.264	2.34E-16	0
32950_MH_MC	6	1	1	8	20.264	2.34E-16	0
131367_MH_MC	6	1	1	8	20.264	2.34E-16	0
2385_MH_MC	6	1	1	8	20.264	2.34E-16	0
18233_MH_MC	6	1	1	8	20.264	2.34E-16	0
12961_MH_MC	6	1	1	8	20.264	2.34E-16	0
43948_MH_MC	2	3	3	13.4	32.94	6.40E-10	103840000
129651_MH_MC	2	3	3	13.4	32.94	6.40E-10	103840000
12968_MH_MC	1	1	1	8.4	17.446	2.60E-08	101210000
129872_MH_MC	5	3	3	33.5	17.137	9.19E-50	506770000
13246_MH_MC	5	3	3	33.5	17.137	9.19E-50	506770000
20394_MH_MC	5	3	3	33.5	17.137	9.19E-50	506770000
160203_MH_MC	5	3	3	33.5	17.137	9.19E-50	506770000
7830_MH_MC	5	3	3	33.5	17.137	9.19E-50	506770000
42882_MH_MC	2	1	1	2.7	42.802	0.012419	0
130085_MH_MC	2	1	1	2.7	42.802	0.012419	0
130087_MH_MC	2	1	1	8.4	14.15	0.0096614	14398000
13198_MH_MC	2	1	1	8.4	14.15	0.0096614	14398000
20299_MH_MC	2	3	3	13.2	13.256	6.84E-05	1829600000
130276_MH_MC	2	3	3	13.2	13.256	6.84E-05	1829600000
34285_MH_MC	3	4	4	24.7	26.746	6.00E-18	285450000
20298_MH_MC	3	4	4	24.7	26.746	6.00E-18	285450000
130277_MH_MC	3	4	4	24.7	26.746	6.00E-18	285450000
40910_MH_MC	4	1	1	7.1	23.478	4.63E-23	42910000
20228_MH_MC	4	1	1	7.1	23.478	4.63E-23	42910000
130619_MH_MC	4	1	1	7.1	23.478	4.63E-23	42910000
13105_MH_MC	4	1	1	7.1	23.478	4.63E-23	42910000
13068_MH_MC	2	2	2	12.2	24.794	3.20E-09	0
130833_MH_MC	2	2	2	12.2	24.794	3.20E-09	0
13086_MH_MC	4	3	3	29.7	17.281	3.89E-30	191370000
130692_MH_MC	4	3	3	29.7	17.281	3.89E-30	191370000
42642_MH_MC	4	3	3	29.7	17.281	3.89E-30	191370000
160003_MH_MC	4	3	3	29.7	17.281	3.89E-30	191370000
13078_MH_MC	1	1	1	4.8	22.327	0.021999	19638000
32692_MH_MC	2	1	1	5.6	26.322	0.0077251	33787000
130939_MH_MC	2	1	1	5.6	26.322	0.0077251	33787000
41736_MH_MC	4	2	2	14.4	16.519	3.27E-05	126930000
13097_MH_MC	4	2	2	14.4	16.519	3.27E-05	126930000
130633_MH_MC	4	2	2	14.4	16.519	3.27E-05	126930000
20221_MH_MC	4	2	2	14.4	16.519	3.27E-05	126930000
41181_MH_MC	5	5	5	23.2	29.352	3.57E-14	1478300000
13121_MH_MC	5	5	5	23.2	29.352	3.57E-14	1478300000
7556_MH_MC	5	5	5	23.2	29.352	3.57E-14	1478300000
160041_MH_MC	5	5	5	23.2	29.352	3.57E-14	1478300000
130515_MH_MC	5	5	5	23.2	29.352	3.57E-14	1478300000
131469_MH_MC	4	2	2	13.5	18.983	0.00024751	0
20050_MH_MC	4	2	2	13.5	18.983	0.00024751	0
12947_MH_MC	4	2	2	13.5	18.983	0.00024751	0
36629_MH_MC	4	2	2	13.5	18.983	0.00024751	0
40267_MH_MC	7	2	2	4.3	44.627	0.00024269	15330000
131559_MH_MC	7	2	2	4.3	44.627	0.00024269	15330000
35000_MH_MC	7	2	2	4.3	44.627	0.00024269	15330000
43945_MH_MC	7	2	2	4.3	44.627	0.00024269	15330000
20035_MH_MC	7	2	2	4.3	44.627	0.00024269	15330000
12932_MH_MC	7	2	2	4.3	44.627	0.00024269	15330000
108672_MH_MC	7	2	2	4.3	44.627	0.00024269	15330000
42090_MH_MC	2	2	2	6.8	40.155	9.01E-18	47070000
131731_MH_MC	2	2	2	6.8	40.155	9.01E-18	47070000
29972_MH_MC	3	1	1	3.4	44.568	3.23E-06	41909000
131867_MH_MC	3	1	1	3.4	44.568	3.23E-06	41909000
159702_MH_MC	3	1	1	3.4	44.568	3.23E-06	41909000
37228_MH_MC	3	1	1	2	90.213	7.88E-05	11381000
131905_MH_MC	3	1	1	2	90.213	7.88E-05	11381000
19972_MH_MC	3	1	1	2	90.213	7.88E-05	11381000
40922_MH_MC	2	1	1	3.4	33.699	0.0026465	0
131939_MH_MC	2	1	1	3.4	33.699	0.0026465	0
13210_MH_MC	4	3	3	21.1	16.878	1.34E-16	180000000
44287_MH_MC	4	3	3	21.1	16.878	1.34E-16	180000000
20348_MH_MC	4	3	3	21.1	16.878	1.34E-16	180000000
130052_MH_MC	4	3	3	21.1	16.878	1.34E-16	180000000
42250_MH_MC	3	1	1	6.8	24.379	0.006801	31137000
132221_MH_MC	3	1	1	6.8	24.379	0.006801	31137000
19915_MH_MC	3	1	1	6.8	24.379	0.006801	31137000
132306_MH_MC	2	4	1	17.4	18.366	9.94E-22	20011000
12797_MH_MC	2	4	1	17.4	18.366	9.94E-22	20011000
44472_MH_MC	2	1	1	5.8	16.263	0.0095222	128460000
132380_MH_MC	2	1	1	5.8	16.263	0.0095222	128460000
132617_MH_MC	3	7	7	40.7	16.835	3.51E-17	794660000
40513_MH_MC	3	7	7	40.7	16.835	3.51E-17	794660000
19840_MH_MC	3	7	7	40.7	16.835	3.51E-17	794660000
19830_MH_MC	3	1	1	11	15.006	0.00029137	0
132681_MH_MC	3	1	1	11	15.006	0.00029137	0
36962_MH_MC	3	1	1	11	15.006	0.00029137	0
132750_MH_MC	2	1	1	7.9	14.108	0.002088	21997000
19816_MH_MC	2	1	1	7.9	14.108	0.002088	21997000
132785_MH_MC	1	2	2	10.1	10.172	9.78E-07	293660000
43643_MH_MC	2	1	1	3.3	38.086	8.42E-05	0
132859_MH_MC	2	1	1	3.3	38.086	8.42E-05	0
19793_MH_MC	3	1	1	9.1	15.612	0.017939	20144000
42859_MH_MC	3	1	1	9.1	15.612	0.017939	20144000
132924_MH_MC	3	1	1	9.1	15.612	0.017939	20144000
132928_MH_MC	2	2	2	16.4	16.894	2.67E-08	111310000
33876_MH_MC	2	2	2	16.4	16.894	2.67E-08	111310000
13303_MH_MC	3	4	2	13.1	20.838	4.82E-12	150400000
8464_MH_MC	3	4	2	13.1	20.838	4.82E-12	150400000
39786_MH_MC	3	4	2	13.1	20.838	4.82E-12	150400000
40498_MH_MC	2	1	1	12.1	20.115	2.71E-08	0
133103_MH_MC	2	1	1	12.1	20.115	2.71E-08	0
30892_MH_MC	4	1	1	6.4	19.525	0.016981	16208000
133251_MH_MC	4	1	1	6.4	19.525	0.016981	16208000
19734_MH_MC	4	1	1	6.4	19.525	0.016981	16208000
30893_MH_MC	4	1	1	6.4	19.525	0.016981	16208000
41473_MH_MC	2	3	3	9.2	45.091	9.23E-12	65797000
13331_MH_MC	2	3	3	9.2	45.091	9.23E-12	65797000
8483_MH_MC	3	1	1	5.1	35.506	4.18E-10	26835000
44066_MH_MC	3	1	1	5.1	35.506	4.18E-10	26835000
133399_MH_MC	3	1	1	5.1	35.506	4.18E-10	26835000
38584_MH_MC	3	1	1	1.9	45.802	0.011149	34408000
13345_MH_MC	3	1	1	1.9	45.802	0.011149	34408000
5520_MH_MC	3	1	1	1.9	45.802	0.011149	34408000
35991_MH_MC	3	2	2	18.2	16.245	1.83E-09	69266000
133592_MH_MC	3	2	2	18.2	16.245	1.83E-09	69266000
19657_MH_MC	3	2	2	18.2	16.245	1.83E-09	69266000
134093_MH_MC	2	1	1	9.5	12.141	0.0098549	43776000
19521_MH_MC	2	1	1	9.5	12.141	0.0098549	43776000
41634_MH_MC	4	1	1	1.6	109.02	8.44E-17	0
170896_MH_MC	4	1	1	1.6	109.02	8.44E-17	0
27025_MH_MC	4	1	1	1.6	109.02	8.44E-17	0
134162_MH_MC	4	1	1	1.6	109.02	8.44E-17	0
134197_MH_MC	1	1	1	13.7	15.632	2.81E-07	10127000
134283_MH_MC	1	1	1	18.3	9.9007	1.96E-05	0
134288_MH_MC	1	1	1	20	9.0515	9.56E-06	17982000
134339_MH_MC	1	3	1	12.3	12.408	1.84E-52	26146000
1745_MH_MC	4	1	1	5.4	23.097	0.0025255	163660000
134453_MH_MC	4	1	1	5.4	23.097	0.0025255	163660000
19442_MH_MC	4	1	1	5.4	23.097	0.0025255	163660000
1744_MH_MC	4	1	1	5.4	23.097	0.0025255	163660000
134548_MH_MC	2	2	2	27.7	10.98	1.56E-42	0
41293_MH_MC	2	2	2	27.7	10.98	1.56E-42	0
34006_MH_MC	2	1	1	8.5	22.928	3.24E-08	108630000
134736_MH_MC	2	1	1	8.5	22.928	3.24E-08	108630000
134851_MH_MC	1	1	1	8.3	14.64	0.0028539	32544000
134907_MH_MC	1	1	1	10.7	12.938	0.0033152	30324000
134937_MH_MC	2	2	2	15	13.783	0.0014097	30629000
12174_MH_MC	2	2	2	15	13.783	0.0014097	30629000
44116_MH_MC	3	2	2	23.9	15.422	6.40E-25	85126000
134947_MH_MC	3	2	2	23.9	15.422	6.40E-25	85126000
36388_MH_MC	3	2	2	23.9	15.422	6.40E-25	85126000
134951_MH_MC	1	1	1	11.5	7.4901	0.023971	0
43400_MH_MC	2	1	1	1.3	81.302	0.014692	0
134970_MH_MC	2	1	1	1.3	81.302	0.014692	0
29313_MH_MC	2	1	1	6.7	26.022	0.0012772	0
135076_MH_MC	2	1	1	6.7	26.022	0.0012772	0
42239_MH_MC	3	2	1	9	14.05	9.46E-09	58768000
135148_MH_MC	3	2	1	9	14.05	9.46E-09	58768000
30475_MH_MC	3	2	1	9	14.05	9.46E-09	58768000
40899_MH_MC	3	1	1	4.5	35.352	0.0080228	0
135541_MH_MC	3	1	1	4.5	35.352	0.0080228	0
158629_MH_MC	3	1	1	4.5	35.352	0.0080228	0
135608_MH_MC	1	1	1	11.1	10.739	0.0016792	21002000
13564_MH_MC	3	6	1	9	26.911	3.63E-24	265740000
20732_MH_MC	3	6	1	9	26.911	3.63E-24	265740000
127917_MH_MC	3	6	1	9	26.911	3.63E-24	265740000
135698_MH_MC	1	2	1	15.8	11.489	3.75E-42	117810000
31829_MH_MC	3	1	1	4.3	26.602	0.00052024	39121000
135718_MH_MC	3	1	1	4.3	26.602	0.00052024	39121000
1790_MH_MC	3	1	1	4.3	26.602	0.00052024	39121000
13607_MH_MC	2	1	1	13.2	14.803	1.76E-06	55751000
160679_MH_MC	2	1	1	13.2	14.803	1.76E-06	55751000
29619_MH_MC	2	1	1	9.9	15.346	0.0024438	0
136424_MH_MC	2	1	1	9.9	15.346	0.0024438	0
136483_MH_MC	1	1	1	13.3	9.5587	0.023003	126350000
43177_MH_MC	3	2	2	20.9	12.556	1.02E-05	34586000
136505_MH_MC	3	2	2	20.9	12.556	1.02E-05	34586000
11702_MH_MC	3	2	2	20.9	12.556	1.02E-05	34586000
33004_MH_MC	8	1	1	4.8	39.086	0.0016618	22052000
2400_MH_MC	8	1	1	4.8	39.086	0.0016618	22052000
2402_MH_MC	8	1	1	4.8	39.086	0.0016618	22052000
33001_MH_MC	8	1	1	4.8	39.086	0.0016618	22052000
2401_MH_MC	8	1	1	4.8	39.086	0.0016618	22052000
33003_MH_MC	8	1	1	4.8	39.086	0.0016618	22052000
33006_MH_MC	8	1	1	4.8	39.086	0.0016618	22052000
136531_MH_MC	8	1	1	4.8	39.086	0.0016618	22052000
136908_MH_MC	1	1	1	20.3	7.9711	0.00024139	141760000
13698_MH_MC	1	2	2	11.3	30.933	1.18E-22	24366000
44404_MH_MC	2	1	1	13.5	14.786	0.0024794	13207000
137001_MH_MC	2	1	1	13.5	14.786	0.0024794	13207000
137228_MH_MC	2	1	1	14.1	10.522	0.0011813	0
41364_MH_MC	2	1	1	14.1	10.522	0.0011813	0
137286_MH_MC	1	5	2	27.6	8.6766	6.40E-43	215650000
40399_MH_MC	3	3	3	26.1	14.266	5.19E-07	207300000
137526_MH_MC	3	3	3	26.1	14.266	5.19E-07	207300000
157778_MH_MC	3	3	3	26.1	14.266	5.19E-07	207300000
137601_MH_MC	1	1	1	14.1	7.4574	0.019258	0
44749_MH_MC	2	1	1	2.9	53.783	0.0015	8333300
137694_MH_MC	2	1	1	2.9	53.783	0.0015	8333300
35939_MH_MC	2	2	2	22.5	13.936	2.34E-58	80856000
137755_MH_MC	2	2	2	22.5	13.936	2.34E-58	80856000
137757_MH_MC	2	1	1	10.8	10.886	0.030851	25560000
33607_MH_MC	2	1	1	10.8	10.886	0.030851	25560000
137776_MH_MC	1	1	1	12.6	9.9513	0.00025179	71395000
37313_MH_MC	2	1	1	1.1	106.07	0.0066388	16893000
13782_MH_MC	2	1	1	1.1	106.07	0.0066388	16893000
13801_MH_MC	2	2	2	9.3	30.792	5.67E-24	39349000
20979_MH_MC	2	2	2	9.3	30.792	5.67E-24	39349000
13814_MH_MC	3	6	3	11.4	31.911	4.59E-57	308970000
125546_MH_MC	3	6	3	11.4	31.911	4.59E-57	308970000
160976_MH_MC	3	6	3	11.4	31.911	4.59E-57	308970000
138249_MH_MC	1	2	2	38.2	8.4646	3.68E-19	294390000
138353_MH_MC	1	2	2	25.4	8.4268	4.69E-05	107760000
138441_MH_MC	1	1	1	22.4	7.6014	4.82E-11	0
138545_MH_MC	1	1	1	20	7.3184	0.033104	0
138821_MH_MC	1	1	1	13.6	7.1952	0.017861	29219000
32894_MH_MC	2	1	1	4.2	41.26	5.86E-05	6057200
138905_MH_MC	2	1	1	4.2	41.26	5.86E-05	6057200
138983_MH_MC	1	2	1	21.4	7.9638	7.99E-08	0
37017_MH_MC	2	1	1	3.2	33.908	0.027523	26852000
139118_MH_MC	2	1	1	3.2	33.908	0.027523	26852000
139171_MH_MC	1	1	1	24.3	8.3606	1.30E-11	16292000
139378_MH_MC	1	1	1	21.7	7.0249	0.011313	20102000
139398_MH_MC	1	1	1	22.9	8.4024	9.61E-05	43774000
139644_MH_MC	1	1	1	13	8.1972	0.032617	33482000
139914_MH_MC	1	3	3	50	7.1622	2.22E-09	384680000
40322_MH_MC	3	1	1	1.8	50	0.0095039	72968000
7312_MH_MC	3	1	1	1.8	50	0.0095039	72968000
139949_MH_MC	3	1	1	1.8	50	0.0095039	72968000
43063_MH_MC	2	1	1	1.4	110.22	0.0049019	3898900
14169_MH_MC	2	1	1	1.4	110.22	0.0049019	3898900
14200_MH_MC	2	7	7	22.7	59.438	2.65E-103	311340000
36444_MH_MC	2	7	7	22.7	59.438	2.65E-103	311340000
43250_MH_MC	2	1	1	1.4	72.427	0.026433	0
14233_MH_MC	2	1	1	1.4	72.427	0.026433	0
14299_MH_MC	2	1	1	1.9	93.093	1.66E-05	15765000
42774_MH_MC	2	1	1	1.9	93.093	1.66E-05	15765000
14305_MH_MC	2	4	4	6.7	84.016	6.75E-20	507990000
44672_MH_MC	2	4	4	6.7	84.016	6.75E-20	507990000
14324_MH_MC	2	1	1	1.8	57.544	0.011529	217960000
92196_MH_MC	2	1	1	1.8	57.544	0.011529	217960000
28494_MH_MC	4	3	3	9	44.821	9.32E-11	59775000
28493_MH_MC	4	3	3	9	44.821	9.32E-11	59775000
144_MH_MC	4	3	3	9	44.821	9.32E-11	59775000
28492_MH_MC	4	3	3	9	44.821	9.32E-11	59775000
38002_MH_MC	2	1	1	4.4	26.338	0.0084504	0
14450_MH_MC	2	1	1	4.4	26.338	0.0084504	0
15287_MH_MC	5	2	2	18.9	15.005	7.61E-07	148350000
1455_MH_MC	5	2	2	18.9	15.005	7.61E-07	148350000
1456_MH_MC	5	2	2	18.9	15.005	7.61E-07	148350000
1454_MH_MC	5	2	2	18.9	15.005	7.61E-07	148350000
163735_MH_MC	5	2	2	18.9	15.005	7.61E-07	148350000
14647_MH_MC	1	1	1	3.8	27.027	0.00054616	42345000
146884_MH_MC	1	2	2	23.6	10.96	2.34E-16	188330000
1472_MH_MC	1	1	1	7.1	24.272	2.79E-18	90103000
43432_MH_MC	3	2	2	6.3	40.62	6.33E-05	27456000
14728_MH_MC	3	2	2	6.3	40.62	6.33E-05	27456000
21915_MH_MC	3	2	2	6.3	40.62	6.33E-05	27456000
17880_MH_MC	9	2	2	1	239.29	3.99E-06	16718000
31103_MH_MC	9	2	2	1	239.29	3.99E-06	16718000
31104_MH_MC	9	2	2	1	239.29	3.99E-06	16718000
46959_MH_MC	9	2	2	1	239.29	3.99E-06	16718000
31109_MH_MC	9	2	2	1	239.29	3.99E-06	16718000
46960_MH_MC	9	2	2	1	239.29	3.99E-06	16718000
8380_MH_MC	9	2	2	1	239.29	3.99E-06	16718000
1475_MH_MC	9	2	2	1	239.29	3.99E-06	16718000
40083_MH_MC	9	2	2	1	239.29	3.99E-06	16718000
147691_MH_MC	1	3	3	37.1	11.289	2.99E-18	138910000
147720_MH_MC	1	3	3	58.4	8.8282	6.41E-58	23013000
147747_MH_MC	1	1	1	14.1	9.0507	1.26E-08	95325000
21972_MH_MC	2	9	9	43.5	30.298	2.43E-40	681990000
14783_MH_MC	2	9	9	43.5	30.298	2.43E-40	681990000
31138_MH_MC	2	2	2	5.5	69.248	7.53E-81	0
1482_MH_MC	2	2	2	5.5	69.248	7.53E-81	0
31144_MH_MC	3	2	2	3.6	91.219	3.15E-45	189190000
1483_MH_MC	3	2	2	3.6	91.219	3.15E-45	189190000
31142_MH_MC	3	2	2	3.6	91.219	3.15E-45	189190000
31157_MH_MC	6	7	7	16.3	65.073	1.74E-23	179810000
1492_MH_MC	6	7	7	16.3	65.073	1.74E-23	179810000
31158_MH_MC	6	7	7	16.3	65.073	1.74E-23	179810000
135661_MH_MC	6	7	7	16.3	65.073	1.74E-23	179810000
158580_MH_MC	6	7	7	16.3	65.073	1.74E-23	179810000
11747_MH_MC	6	7	7	16.3	65.073	1.74E-23	179810000
22400_MH_MC	3	1	1	0.4	234.73	0.027935	18375000
31736_MH_MC	3	1	1	0.4	234.73	0.027935	18375000
15087_MH_MC	3	1	1	0.4	234.73	0.027935	18375000
15179_MH_MC	1	12	12	35.2	50.37	5.94E-80	843880000
93227_MH_MC	3	1	1	7.4	27.557	0.0090915	14315000
22517_MH_MC	3	1	1	7.4	27.557	0.0090915	14315000
15182_MH_MC	3	1	1	7.4	27.557	0.0090915	14315000
22531_MH_MC	7	3	3	3.3	134.72	1.80E-09	29547000
15187_MH_MC	7	3	3	3.3	134.72	1.80E-09	29547000
33042_MH_MC	7	3	3	3.3	134.72	1.80E-09	29547000
33040_MH_MC	7	3	3	3.3	134.72	1.80E-09	29547000
2407_MH_MC	7	3	3	3.3	134.72	1.80E-09	29547000
2406_MH_MC	7	3	3	3.3	134.72	1.80E-09	29547000
68872_MH_MC	7	3	3	3.3	134.72	1.80E-09	29547000
26852_MH_MC	5	1	1	1	116.29	0.010577	32764000
31189_MH_MC	5	1	1	1	116.29	0.010577	32764000
1519_MH_MC	5	1	1	1	116.29	0.010577	32764000
87107_MH_MC	5	1	1	1	116.29	0.010577	32764000
170650_MH_MC	5	1	1	1	116.29	0.010577	32764000
42813_MH_MC	3	1	1	1.4	75.289	0.0075813	0
22547_MH_MC	3	1	1	1.4	75.289	0.0075813	0
15195_MH_MC	3	1	1	1.4	75.289	0.0075813	0
15319_MH_MC	2	2	2	47.2	6.2451	8.98E-10	240950000
108303_MH_MC	2	2	2	47.2	6.2451	8.98E-10	240950000
163864_MH_MC	4	2	2	17.1	14.992	1.06E-05	472460000
15344_MH_MC	4	2	2	17.1	14.992	1.06E-05	472460000
22737_MH_MC	4	2	2	17.1	14.992	1.06E-05	472460000
40726_MH_MC	4	2	2	17.1	14.992	1.06E-05	472460000
15509_MH_MC	4	3	3	8	55.726	1.47E-10	8435300
22952_MH_MC	4	3	3	8	55.726	1.47E-10	8435300
95707_MH_MC	4	3	3	8	55.726	1.47E-10	8435300
43599_MH_MC	4	3	3	8	55.726	1.47E-10	8435300
1552_MH_MC	2	1	1	4.2	43.099	5.19E-10	42507000
1551_MH_MC	2	1	1	4.2	43.099	5.19E-10	42507000
156535_MH_MC	1	1	1	22	4.7864	0.00036256	108870000
156536_MH_MC	1	2	2	74.4	4.282	8.11E-14	167470000
33427_MH_MC	2	1	1	2.7	48.313	0.020309	75642000
15673_MH_MC	2	1	1	2.7	48.313	0.020309	75642000
1570_MH_MC	1	1	1	6.1	16.461	0.00086622	70391000
15707_MH_MC	3	1	1	8.4	19.032	3.87E-07	45029000
23222_MH_MC	3	1	1	8.4	19.032	3.87E-07	45029000
164665_MH_MC	3	1	1	8.4	19.032	3.87E-07	45029000
91696_MH_MC	4	1	1	4.3	21.675	0.030357	34956000
167994_MH_MC	4	1	1	4.3	21.675	0.030357	34956000
1572_MH_MC	4	1	1	4.3	21.675	0.030357	34956000
31352_MH_MC	4	1	1	4.3	21.675	0.030357	34956000
41628_MH_MC	2	1	1	9.2	14.352	0.0001083	0
157281_MH_MC	2	1	1	9.2	14.352	0.0001083	0
157476_MH_MC	1	6	1	19.1	12.871	1.39E-78	81708000
1575_MH_MC	3	7	7	15.7	57.809	2.18E-30	136400000
119558_MH_MC	3	7	7	15.7	57.809	2.18E-30	136400000
163059_MH_MC	3	7	7	15.7	57.809	2.18E-30	136400000
38131_MH_MC	2	1	1	4.6	24.751	5.59E-09	84945000
15771_MH_MC	2	1	1	4.6	24.751	5.59E-09	84945000
40508_MH_MC	2	1	1	6.3	15.601	0.029253	0
15802_MH_MC	2	1	1	6.3	15.601	0.029253	0
15837_MH_MC	1	23	0	0	109.04	1.73E-258	35928000
31397_MH_MC	6	3	3	6.9	51.497	7.77E-07	31996000
1590_MH_MC	6	3	3	6.9	51.497	7.77E-07	31996000
24248_MH_MC	6	3	3	6.9	51.497	7.77E-07	31996000
16456_MH_MC	6	3	3	6.9	51.497	7.77E-07	31996000
166273_MH_MC	6	3	3	6.9	51.497	7.77E-07	31996000
81349_MH_MC	6	3	3	6.9	51.497	7.77E-07	31996000
37685_MH_MC	2	1	1	9.8	16.169	0.0041543	21592000
159045_MH_MC	2	1	1	9.8	16.169	0.0041543	21592000
44055_MH_MC	3	2	2	8.6	39.383	2.06E-17	84016000
23540_MH_MC	3	2	2	8.6	39.383	2.06E-17	84016000
15955_MH_MC	3	2	2	8.6	39.383	2.06E-17	84016000
15979_MH_MC	6	11	4	12.6	50.211	1.33E-160	347090000
3691_MH_MC	6	11	4	12.6	50.211	1.33E-160	347090000
CON__ENSEMBL:ENSBTAP00000025008	6	11	4	12.6	50.211	1.33E-160	347090000
30374_MH_MC	6	11	4	12.6	50.211	1.33E-160	347090000
1130_MH_MC	6	11	4	12.6	50.211	1.33E-160	347090000
1131_MH_MC	6	11	4	12.6	50.211	1.33E-160	347090000
15999_MH_MC	2	5	5	54.7	16.006	6.72E-111	878830000
23600_MH_MC	2	5	5	54.7	16.006	6.72E-111	878830000
40364_MH_MC	2	2	2	7.4	37.036	1.61E-05	22840000
160255_MH_MC	2	2	2	7.4	37.036	1.61E-05	22840000
101930_MH_MC	3	4	1	6	24.961	3.38E-13	59990000
16042_MH_MC	3	4	1	6	24.961	3.38E-13	59990000
23653_MH_MC	3	4	1	6	24.961	3.38E-13	59990000
40664_MH_MC	3	1	1	3.6	32.428	0.004877	0
20669_MH_MC	3	1	1	3.6	32.428	0.004877	0
160554_MH_MC	3	1	1	3.6	32.428	0.004877	0
37225_MH_MC	2	1	1	1.3	87.588	3.15E-07	42907000
16165_MH_MC	2	1	1	1.3	87.588	3.15E-07	42907000
41261_MH_MC	3	1	1	6.6	24.963	0.033005	26031000
23825_MH_MC	3	1	1	6.6	24.963	0.033005	26031000
16171_MH_MC	3	1	1	6.6	24.963	0.033005	26031000
7849_MH_MC	2	1	1	2.1	48.605	0.011798	66210000
16175_MH_MC	2	1	1	2.1	48.605	0.011798	66210000
23848_MH_MC	3	2	2	3	119.61	5.11E-35	84847000
51247_MH_MC	3	2	2	3	119.61	5.11E-35	84847000
16187_MH_MC	3	2	2	3	119.61	5.11E-35	84847000
30149_MH_MC	8	4	4	8.2	49.924	2.81E-08	479610000
30148_MH_MC	8	4	4	8.2	49.924	2.81E-08	479610000
30147_MH_MC	8	4	4	8.2	49.924	2.81E-08	479610000
94719_MH_MC	8	4	4	8.2	49.924	2.81E-08	479610000
23975_MH_MC	8	4	4	8.2	49.924	2.81E-08	479610000
16263_MH_MC	8	4	4	8.2	49.924	2.81E-08	479610000
7636_MH_MC	8	4	4	8.2	49.924	2.81E-08	479610000
8956_MH_MC	8	4	4	8.2	49.924	2.81E-08	479610000
44658_MH_MC	3	1	1	2.9	28.998	0.032839	0
24033_MH_MC	3	1	1	2.9	28.998	0.032839	0
16304_MH_MC	3	1	1	2.9	28.998	0.032839	0
31460_MH_MC	3	5	5	41.9	13.773	3.37E-46	3476100000
1635_MH_MC	3	5	5	41.9	13.773	3.37E-46	3476100000
1636_MH_MC	3	5	5	41.9	13.773	3.37E-46	3476100000
24142_MH_MC	8	2	2	8.7	32.241	2.43E-05	30397000
33610_MH_MC	8	2	2	8.7	32.241	2.43E-05	30397000
16380_MH_MC	8	2	2	8.7	32.241	2.43E-05	30397000
166091_MH_MC	8	2	2	8.7	32.241	2.43E-05	30397000
76548_MH_MC	8	2	2	8.7	32.241	2.43E-05	30397000
2677_MH_MC	8	2	2	8.7	32.241	2.43E-05	30397000
76551_MH_MC	8	2	2	8.7	32.241	2.43E-05	30397000
33609_MH_MC	8	2	2	8.7	32.241	2.43E-05	30397000
16460_MH_MC	3	1	1	5.4	34.152	2.05E-14	37359000
31624_MH_MC	3	1	1	5.4	34.152	2.05E-14	37359000
24259_MH_MC	3	1	1	5.4	34.152	2.05E-14	37359000
164978_MH_MC	1	1	1	15.1	5.5638	0.022446	245820000
165_MH_MC	3	4	4	36.4	12.174	2.69E-13	442590000
28521_MH_MC	3	4	4	36.4	12.174	2.69E-13	442590000
166_MH_MC	3	4	4	36.4	12.174	2.69E-13	442590000
40450_MH_MC	2	1	1	8	11.685	0.0035932	32026000
16533_MH_MC	2	1	1	8	11.685	0.0035932	32026000
16568_MH_MC	3	4	4	38.7	15.778	1.45E-21	135840000
7539_MH_MC	3	4	4	38.7	15.778	1.45E-21	135840000
72807_MH_MC	3	4	4	38.7	15.778	1.45E-21	135840000
3150_MH_MC	17	1	1	4.2	47.122	1.11E-21	0
3149_MH_MC	17	1	1	4.2	47.122	1.11E-21	0
3147_MH_MC	17	1	1	4.2	47.122	1.11E-21	0
3148_MH_MC	17	1	1	4.2	47.122	1.11E-21	0
34441_MH_MC	17	1	1	4.2	47.122	1.11E-21	0
3159_MH_MC	17	1	1	4.2	47.122	1.11E-21	0
34445_MH_MC	17	1	1	4.2	47.122	1.11E-21	0
34443_MH_MC	17	1	1	4.2	47.122	1.11E-21	0
81706_MH_MC	17	1	1	4.2	47.122	1.11E-21	0
34440_MH_MC	17	1	1	4.2	47.122	1.11E-21	0
3155_MH_MC	17	1	1	4.2	47.122	1.11E-21	0
3154_MH_MC	17	1	1	4.2	47.122	1.11E-21	0
3153_MH_MC	17	1	1	4.2	47.122	1.11E-21	0
3146_MH_MC	17	1	1	4.2	47.122	1.11E-21	0
16576_MH_MC	17	1	1	4.2	47.122	1.11E-21	0
3151_MH_MC	17	1	1	4.2	47.122	1.11E-21	0
24405_MH_MC	17	1	1	4.2	47.122	1.11E-21	0
53562_MH_MC	2	1	1	10.8	16.824	0.0048407	0
16581_MH_MC	2	1	1	10.8	16.824	0.0048407	0
165854_MH_MC	7	5	3	10.9	44.02	4.21E-38	597680000
102963_MH_MC	7	5	3	10.9	44.02	4.21E-38	597680000
24009_MH_MC	7	5	3	10.9	44.02	4.21E-38	597680000
2773_MH_MC	7	5	3	10.9	44.02	4.21E-38	597680000
2774_MH_MC	7	5	3	10.9	44.02	4.21E-38	597680000
16282_MH_MC	7	5	3	10.9	44.02	4.21E-38	597680000
165855_MH_MC	7	5	3	10.9	44.02	4.21E-38	597680000
93009_MH_MC	3	1	1	6.8	26.194	7.31E-05	0
16611_MH_MC	3	1	1	6.8	26.194	7.31E-05	0
24457_MH_MC	3	1	1	6.8	26.194	7.31E-05	0
45251_MH_MC	3	2	1	2.4	72.619	4.96E-08	54415000
24210_MH_MC	3	2	1	2.4	72.619	4.96E-08	54415000
166210_MH_MC	3	2	1	2.4	72.619	4.96E-08	54415000
31531_MH_MC	3	1	1	9.6	15.744	0.00042209	24559000
1664_MH_MC	3	1	1	9.6	15.744	0.00042209	24559000
31533_MH_MC	3	1	1	9.6	15.744	0.00042209	24559000
44041_MH_MC	3	1	1	1.1	114.04	0.0074919	16310000
24518_MH_MC	3	1	1	1.1	114.04	0.0074919	16310000
16657_MH_MC	3	1	1	1.1	114.04	0.0074919	16310000
16693_MH_MC	2	5	3	27.3	15.615	7.53E-24	1433500000
41344_MH_MC	2	5	3	27.3	15.615	7.53E-24	1433500000
82694_MH_MC	6	2	2	11.8	18.384	6.31E-05	13996000
28688_MH_MC	6	2	2	11.8	18.384	6.31E-05	13996000
46956_MH_MC	6	2	2	11.8	18.384	6.31E-05	13996000
16710_MH_MC	6	2	2	11.8	18.384	6.31E-05	13996000
230_MH_MC	6	2	2	11.8	18.384	6.31E-05	13996000
103223_MH_MC	6	2	2	11.8	18.384	6.31E-05	13996000
24879_MH_MC	3	1	1	4.9	42.79	3.06E-11	0
40884_MH_MC	3	1	1	4.9	42.79	3.06E-11	0
167347_MH_MC	3	1	1	4.9	42.79	3.06E-11	0
85247_MH_MC	3	2	2	14.3	17.617	2.54E-05	60758000
44778_MH_MC	3	2	2	14.3	17.617	2.54E-05	60758000
16775_MH_MC	3	2	2	14.3	17.617	2.54E-05	60758000
31604_MH_MC	4	2	2	10	22.378	2.78E-05	58710000
1685_MH_MC	4	2	2	10	22.378	2.78E-05	58710000
1687_MH_MC	4	2	2	10	22.378	2.78E-05	58710000
31606_MH_MC	4	2	2	10	22.378	2.78E-05	58710000
25817_MH_MC	4	1	1	23.4	12.725	2.90E-07	18750000
41654_MH_MC	4	1	1	23.4	12.725	2.90E-07	18750000
17576_MH_MC	4	1	1	23.4	12.725	2.90E-07	18750000
168881_MH_MC	4	1	1	23.4	12.725	2.90E-07	18750000
2160_MH_MC	4	1	1	5	35.677	3.89E-17	0
24904_MH_MC	4	1	1	5	35.677	3.89E-17	0
16917_MH_MC	4	1	1	5	35.677	3.89E-17	0
97640_MH_MC	4	1	1	5	35.677	3.89E-17	0
16921_MH_MC	1	1	1	6.1	25.052	7.46E-06	11363000
26099_MH_MC	4	2	2	1.1	220.89	0.0002243	44141000
169353_MH_MC	4	2	2	1.1	220.89	0.0002243	44141000
17766_MH_MC	4	2	2	1.1	220.89	0.0002243	44141000
59754_MH_MC	4	2	2	1.1	220.89	0.0002243	44141000
25077_MH_MC	3	4	2	25	15.285	6.21E-21	138460000
17037_MH_MC	3	4	2	25	15.285	6.21E-21	138460000
119183_MH_MC	3	4	2	25	15.285	6.21E-21	138460000
46982_MH_MC	3	1	1	9.6	9.7526	0.00013238	98906000
5407_MH_MC	3	1	1	9.6	9.7526	0.00013238	98906000
170681_MH_MC	3	1	1	9.6	9.7526	0.00013238	98906000
25139_MH_MC	2	2	2	22.5	16.497	3.57E-13	203790000
17081_MH_MC	2	2	2	22.5	16.497	3.57E-13	203790000
18416_MH_MC	2	5	5	13.9	65.374	3.77E-27	277000000
170883_MH_MC	2	5	5	13.9	65.374	3.77E-27	277000000
42380_MH_MC	4	1	1	1.8	63.502	0.032071	0
18577_MH_MC	4	1	1	1.8	63.502	0.032071	0
171289_MH_MC	4	1	1	1.8	63.502	0.032071	0
27237_MH_MC	4	1	1	1.8	63.502	0.032071	0
171742_MH_MC	1	1	1	3.7	25.346	0.023102	42797000
17191_MH_MC	1	3	3	10.6	38.282	2.78E-07	171640000
1720_MH_MC	1	1	1	4.2	30.087	0.0024181	0
17200_MH_MC	1	1	1	3.8	24.143	0.048952	0
172107_MH_MC	2	1	1	1.6	82.452	0.0011237	24888000
27718_MH_MC	2	1	1	1.6	82.452	0.0011237	24888000
81091_MH_MC	3	1	1	3.6	45.205	0.0064464	18434000
17261_MH_MC	3	1	1	3.6	45.205	0.0064464	18434000
43061_MH_MC	3	1	1	3.6	45.205	0.0064464	18434000
172656_MH_MC	2	7	2	2.5	34.292	9.28E-74	3248100000
19238_MH_MC	2	7	2	2.5	34.292	9.28E-74	3248100000
42117_MH_MC	3	2	2	7.4	42.164	0.00010305	0
25393_MH_MC	3	2	2	7.4	42.164	0.00010305	0
17271_MH_MC	3	2	2	7.4	42.164	0.00010305	0
29002_MH_MC	3	1	1	1	117.87	0.009715	0
25400_MH_MC	3	1	1	1	117.87	0.009715	0
17278_MH_MC	3	1	1	1	117.87	0.009715	0
1729_MH_MC	1	2	2	4.8	62.272	4.43E-10	35505000
173_MH_MC	5	2	2	7.1	46.632	2.18E-22	0
28549_MH_MC	5	2	2	7.1	46.632	2.18E-22	0
28548_MH_MC	5	2	2	7.1	46.632	2.18E-22	0
13353_MH_MC	5	2	2	7.1	46.632	2.18E-22	0
129277_MH_MC	5	2	2	7.1	46.632	2.18E-22	0
25592_MH_MC	4	1	1	2.4	57.966	0.022482	11031000
92337_MH_MC	4	1	1	2.4	57.966	0.022482	11031000
17395_MH_MC	4	1	1	2.4	57.966	0.022482	11031000
7894_MH_MC	4	1	1	2.4	57.966	0.022482	11031000
57224_MH_MC	7	2	2	11.1	34.216	1.06E-14	19391000
32841_MH_MC	7	2	2	11.1	34.216	1.06E-14	19391000
2309_MH_MC	7	2	2	11.1	34.216	1.06E-14	19391000
32839_MH_MC	7	2	2	11.1	34.216	1.06E-14	19391000
25659_MH_MC	7	2	2	11.1	34.216	1.06E-14	19391000
17456_MH_MC	7	2	2	11.1	34.216	1.06E-14	19391000
2308_MH_MC	7	2	2	11.1	34.216	1.06E-14	19391000
2382_MH_MC	3	1	1	5.6	40.956	1.73E-11	10735000
26030_MH_MC	3	1	1	5.6	40.956	1.73E-11	10735000
17716_MH_MC	3	1	1	5.6	40.956	1.73E-11	10735000
26046_MH_MC	5	3	3	6.1	75.244	5.74E-12	23902000
80456_MH_MC	5	3	3	6.1	75.244	5.74E-12	23902000
43727_MH_MC	5	3	3	6.1	75.244	5.74E-12	23902000
17730_MH_MC	5	3	3	6.1	75.244	5.74E-12	23902000
8375_MH_MC	5	3	3	6.1	75.244	5.74E-12	23902000
43494_MH_MC	3	1	1	1.7	71.906	0.0027066	23217000
26118_MH_MC	3	1	1	1.7	71.906	0.0027066	23217000
17777_MH_MC	3	1	1	1.7	71.906	0.0027066	23217000
26127_MH_MC	4	3	3	1.9	222.39	2.07E-14	19983000
43093_MH_MC	4	3	3	1.9	222.39	2.07E-14	19983000
17785_MH_MC	4	3	3	1.9	222.39	2.07E-14	19983000
75230_MH_MC	4	3	3	1.9	222.39	2.07E-14	19983000
17804_MH_MC	3	1	1	3	82.455	2.62E-17	62719000
44027_MH_MC	3	1	1	3	82.455	2.62E-17	62719000
46954_MH_MC	3	1	1	3	82.455	2.62E-17	62719000
26196_MH_MC	2	1	1	3.1	37.713	0.019494	0
17836_MH_MC	2	1	1	3.1	37.713	0.019494	0
26278_MH_MC	4	1	1	1.4	84.891	6.40E-05	43646000
99316_MH_MC	4	1	1	1.4	84.891	6.40E-05	43646000
17888_MH_MC	4	1	1	1.4	84.891	6.40E-05	43646000
8962_MH_MC	4	1	1	1.4	84.891	6.40E-05	43646000
26336_MH_MC	6	1	1	3.4	62.071	0.00015261	10959000
35665_MH_MC	6	1	1	3.4	62.071	0.00015261	10959000
3877_MH_MC	6	1	1	3.4	62.071	0.00015261	10959000
92216_MH_MC	6	1	1	3.4	62.071	0.00015261	10959000
3876_MH_MC	6	1	1	3.4	62.071	0.00015261	10959000
17924_MH_MC	6	1	1	3.4	62.071	0.00015261	10959000
18_MH_MC	1	6	2	6.4	22.252	4.66E-11	802760000
18075_MH_MC	9	13	10	26.3	52.239	1.17E-96	1922100000
26557_MH_MC	9	13	10	26.3	52.239	1.17E-96	1922100000
103230_MH_MC	9	13	10	26.3	52.239	1.17E-96	1922100000
170124_MH_MC	9	13	10	26.3	52.239	1.17E-96	1922100000
26556_MH_MC	9	13	10	26.3	52.239	1.17E-96	1922100000
170125_MH_MC	9	13	10	26.3	52.239	1.17E-96	1922100000
170123_MH_MC	9	13	10	26.3	52.239	1.17E-96	1922100000
170126_MH_MC	9	13	10	26.3	52.239	1.17E-96	1922100000
8222_MH_MC	9	13	10	26.3	52.239	1.17E-96	1922100000
1821_MH_MC	5	1	1	10.5	11.094	0.016675	20449000
1820_MH_MC	5	1	1	10.5	11.094	0.016675	20449000
1822_MH_MC	5	1	1	10.5	11.094	0.016675	20449000
1823_MH_MC	5	1	1	10.5	11.094	0.016675	20449000
31868_MH_MC	5	1	1	10.5	11.094	0.016675	20449000
31902_MH_MC	4	2	2	9.1	33.365	5.49E-16	21334000
1831_MH_MC	4	2	2	9.1	33.365	5.49E-16	21334000
31900_MH_MC	4	2	2	9.1	33.365	5.49E-16	21334000
117764_MH_MC	4	2	2	9.1	33.365	5.49E-16	21334000
92792_MH_MC	4	1	1	2.8	44.037	0.007164	11836000
18433_MH_MC	4	1	1	2.8	44.037	0.007164	11836000
27037_MH_MC	4	1	1	2.8	44.037	0.007164	11836000
2108_MH_MC	4	1	1	2.8	44.037	0.007164	11836000
27053_MH_MC	2	3	1	2.8	46.202	1.87E-07	37227000
18445_MH_MC	2	3	1	2.8	46.202	1.87E-07	37227000
27251_MH_MC	3	5	5	3.7	182.42	6.96E-27	8536100
18590_MH_MC	3	5	5	3.7	182.42	6.96E-27	8536100
73899_MH_MC	3	5	5	3.7	182.42	6.96E-27	8536100
27382_MH_MC	2	1	1	4.6	51.386	2.25E-08	44650000
18698_MH_MC	2	1	1	4.6	51.386	2.25E-08	44650000
7650_MH_MC	6	2	2	7.8	35.23	6.70E-14	165800000
41475_MH_MC	6	2	2	7.8	35.23	6.70E-14	165800000
7651_MH_MC	6	2	2	7.8	35.23	6.70E-14	165800000
27499_MH_MC	6	2	2	7.8	35.23	6.70E-14	165800000
18781_MH_MC	6	2	2	7.8	35.23	6.70E-14	165800000
4222_MH_MC	6	2	2	7.8	35.23	6.70E-14	165800000
27507_MH_MC	3	2	2	5.2	61.018	0.00027201	0
8257_MH_MC	3	2	2	5.2	61.018	0.00027201	0
18787_MH_MC	3	2	2	5.2	61.018	0.00027201	0
43346_MH_MC	2	2	2	12.8	30.965	6.00E-34	25936000
18896_MH_MC	2	2	2	12.8	30.965	6.00E-34	25936000
32047_MH_MC	4	4	4	14.7	30.918	2.73E-18	219850000
1893_MH_MC	4	4	4	14.7	30.918	2.73E-18	219850000
1894_MH_MC	4	4	4	14.7	30.918	2.73E-18	219850000
1895_MH_MC	4	4	4	14.7	30.918	2.73E-18	219850000
28654_MH_MC	6	1	1	1	119.5	0.0053936	47483000
27751_MH_MC	6	1	1	1	119.5	0.0053936	47483000
28655_MH_MC	6	1	1	1	119.5	0.0053936	47483000
28652_MH_MC	6	1	1	1	119.5	0.0053936	47483000
64017_MH_MC	6	1	1	1	119.5	0.0053936	47483000
18975_MH_MC	6	1	1	1	119.5	0.0053936	47483000
33834_MH_MC	2	1	1	9.6	16.856	1.02E-08	119600000
19004_MH_MC	2	1	1	9.6	16.856	1.02E-08	119600000
19077_MH_MC	2	3	1	8.1	11.322	8.68E-35	116390000
60776_MH_MC	2	3	1	8.1	11.322	8.68E-35	116390000
37207_MH_MC	3	1	1	1.5	115.73	0.00054827	11935000
28134_MH_MC	3	1	1	1.5	115.73	0.00054827	11935000
19271_MH_MC	3	1	1	1.5	115.73	0.00054827	11935000
3597_MH_MC	3	1	1	2.5	46.063	0.012955	11295000
35215_MH_MC	3	1	1	2.5	46.063	0.012955	11295000
19446_MH_MC	3	1	1	2.5	46.063	0.012955	11295000
32224_MH_MC	4	1	1	6.9	28.554	3.48E-15	41471000
1950_MH_MC	4	1	1	6.9	28.554	3.48E-15	41471000
1953_MH_MC	4	1	1	6.9	28.554	3.48E-15	41471000
1952_MH_MC	4	1	1	6.9	28.554	3.48E-15	41471000
1955_MH_MC	4	3	3	5.4	76.136	2.81E-10	103920000
1956_MH_MC	4	3	3	5.4	76.136	2.81E-10	103920000
12925_MH_MC	4	3	3	5.4	76.136	2.81E-10	103920000
131595_MH_MC	4	3	3	5.4	76.136	2.81E-10	103920000
7326_MH_MC	4	2	2	15.2	21.4	3.13E-08	76797000
19723_MH_MC	4	2	2	15.2	21.4	3.13E-08	76797000
133321_MH_MC	4	2	2	15.2	21.4	3.13E-08	76797000
12595_MH_MC	4	2	2	15.2	21.4	3.13E-08	76797000
19921_MH_MC	1	1	1	7.9	19.249	0.0034633	5494800
32311_MH_MC	3	1	1	2.7	49.297	0.00099913	163430000
1993_MH_MC	3	1	1	2.7	49.297	0.00099913	163430000
32310_MH_MC	3	1	1	2.7	49.297	0.00099913	163430000
2007_MH_MC	5	1	1	2.6	33.557	0.020665	10359000
2009_MH_MC	5	1	1	2.6	33.557	0.020665	10359000
2008_MH_MC	5	1	1	2.6	33.557	0.020665	10359000
2004_MH_MC	5	1	1	2.6	33.557	0.020665	10359000
2005_MH_MC	5	1	1	2.6	33.557	0.020665	10359000
2013_MH_MC	3	3	3	22.9	18.702	2.17E-23	155360000
136018_MH_MC	3	3	3	22.9	18.702	2.17E-23	155360000
172704_MH_MC	3	3	3	22.9	18.702	2.17E-23	155360000
20230_MH_MC	1	1	1	9.3	12.18	0.028655	0
20303_MH_MC	1	2	2	19.3	18.66	2.88E-09	330730000
20316_MH_MC	5	2	2	10.8	23.324	7.35E-08	174710000
130191_MH_MC	5	2	2	10.8	23.324	7.35E-08	174710000
13180_MH_MC	5	2	2	10.8	23.324	7.35E-08	174710000
36049_MH_MC	5	2	2	10.8	23.324	7.35E-08	174710000
40859_MH_MC	5	2	2	10.8	23.324	7.35E-08	174710000
20337_MH_MC	2	1	1	13.8	13.348	7.82E-06	0
43260_MH_MC	2	1	1	13.8	13.348	7.82E-06	0
2034_MH_MC	7	5	5	9.8	72.779	1.38E-63	444870000
32362_MH_MC	7	5	5	9.8	72.779	1.38E-63	444870000
32359_MH_MC	7	5	5	9.8	72.779	1.38E-63	444870000
2035_MH_MC	7	5	5	9.8	72.779	1.38E-63	444870000
32361_MH_MC	7	5	5	9.8	72.779	1.38E-63	444870000
2033_MH_MC	7	5	5	9.8	72.779	1.38E-63	444870000
2032_MH_MC	7	5	5	9.8	72.779	1.38E-63	444870000
42183_MH_MC	2	3	3	3.8	90.587	2.41E-06	27329000
20400_MH_MC	2	3	3	3.8	90.587	2.41E-06	27329000
44244_MH_MC	3	3	3	21.6	19.847	5.08E-22	225270000
20602_MH_MC	3	3	3	21.6	19.847	5.08E-22	225270000
13446_MH_MC	3	3	3	21.6	19.847	5.08E-22	225270000
20659_MH_MC	1	5	1	8	22.691	8.16E-44	191230000
20701_MH_MC	2	3	3	21.9	22.106	1.98E-11	121140000
128134_MH_MC	2	3	3	21.9	22.106	1.98E-11	121140000
20941_MH_MC	2	7	1	6.6	29.241	1.21E-120	167190000
13771_MH_MC	2	7	1	6.6	29.241	1.21E-120	167190000
43070_MH_MC	2	1	1	5.7	30.115	4.97E-07	11664000
20958_MH_MC	2	1	1	5.7	30.115	4.97E-07	11664000
20971_MH_MC	2	3	3	14	26.391	5.44E-10	43990000
44347_MH_MC	2	3	3	14	26.391	5.44E-10	43990000
21038_MH_MC	2	2	2	8.7	29.384	8.90E-06	55088000
125041_MH_MC	2	2	2	8.7	29.384	8.90E-06	55088000
644_MH_MC	3	1	1	2.9	49.488	2.30E-05	18968000
645_MH_MC	3	1	1	2.9	49.488	2.30E-05	18968000
21142_MH_MC	3	1	1	2.9	49.488	2.30E-05	18968000
21211_MH_MC	3	3	3	14.5	29.959	2.34E-06	76014000
37004_MH_MC	3	3	3	14.5	29.959	2.34E-06	76014000
121718_MH_MC	3	3	3	14.5	29.959	2.34E-06	76014000
21232_MH_MC	2	4	1	4.1	44.522	9.37E-49	178470000
14089_MH_MC	2	4	1	4.1	44.522	9.37E-49	178470000
32544_MH_MC	6	2	2	9	28.745	0.00010952	31102000
32543_MH_MC	6	2	2	9	28.745	0.00010952	31102000
2127_MH_MC	6	2	2	9	28.745	0.00010952	31102000
2733_MH_MC	6	2	2	9	28.745	0.00010952	31102000
36394_MH_MC	6	2	2	9	28.745	0.00010952	31102000
2732_MH_MC	6	2	2	9	28.745	0.00010952	31102000
21351_MH_MC	1	4	4	15.6	37.048	8.42E-19	251940000
21493_MH_MC	3	1	1	2.6	52.391	0.02112	6430700
33660_MH_MC	3	1	1	2.6	52.391	0.02112	6430700
33663_MH_MC	3	1	1	2.6	52.391	0.02112	6430700
2156_MH_MC	3	1	1	8.2	19.961	7.08E-12	0
2155_MH_MC	3	1	1	8.2	19.961	7.08E-12	0
2157_MH_MC	3	1	1	8.2	19.961	7.08E-12	0
21551_MH_MC	1	11	0	0	62.088	1.77E-120	5147900000
21635_MH_MC	2	4	4	36.3	17.48	1.65E-34	466360000
53853_MH_MC	2	4	4	36.3	17.48	1.65E-34	466360000
21764_MH_MC	2	1	1	5.6	37.727	1.69E-06	23917000
59727_MH_MC	2	1	1	5.6	37.727	1.69E-06	23917000
40219_MH_MC	2	1	1	5.3	21.462	0.013301	30866000
21791_MH_MC	2	1	1	5.3	21.462	0.013301	30866000
21807_MH_MC	2	1	1	2.6	53.634	1.21E-05	6727100
86576_MH_MC	2	1	1	2.6	53.634	1.21E-05	6727100
2211_MH_MC	2	2	2	16.4	16.941	0.00014125	103820000
27933_MH_MC	2	2	2	16.4	16.941	0.00014125	103820000
40355_MH_MC	2	1	1	4.8	33.435	0.00044165	0
22243_MH_MC	2	1	1	4.8	33.435	0.00044165	0
22310_MH_MC	1	1	1	10.9	13.429	9.98E-06	32395000
75931_MH_MC	3	6	6	23.3	28.416	9.10E-52	552140000
31625_MH_MC	3	6	6	23.3	28.416	9.10E-52	552140000
22589_MH_MC	3	6	6	23.3	28.416	9.10E-52	552140000
22774_MH_MC	1	1	1	6.3	14.646	0.01142	27956000
44025_MH_MC	5	3	3	13.1	35.036	1.91E-10	327540000
22937_MH_MC	5	3	3	13.1	35.036	1.91E-10	327540000
15499_MH_MC	5	3	3	13.1	35.036	1.91E-10	327540000
118511_MH_MC	5	3	3	13.1	35.036	1.91E-10	327540000
118512_MH_MC	5	3	3	13.1	35.036	1.91E-10	327540000
88062_MH_MC	6	6	6	14.2	56.968	5.50E-17	486280000
22947_MH_MC	6	6	6	14.2	56.968	5.50E-17	486280000
43633_MH_MC	6	6	6	14.2	56.968	5.50E-17	486280000
8335_MH_MC	6	6	6	14.2	56.968	5.50E-17	486280000
8334_MH_MC	6	6	6	14.2	56.968	5.50E-17	486280000
8333_MH_MC	6	6	6	14.2	56.968	5.50E-17	486280000
23020_MH_MC	2	1	1	5.9	29.194	0.0063332	72950000
46891_MH_MC	2	1	1	5.9	29.194	0.0063332	72950000
32257_MH_MC	3	2	2	11.5	34.414	0.00012016	24224000
23104_MH_MC	3	2	2	11.5	34.414	0.00012016	24224000
49502_MH_MC	3	2	2	11.5	34.414	0.00012016	24224000
23121_MH_MC	5	12	12	20.8	83.14	5.59E-78	792980000
8644_MH_MC	5	12	12	20.8	83.14	5.59E-78	792980000
91897_MH_MC	5	12	12	20.8	83.14	5.59E-78	792980000
4698_MH_MC	5	12	12	20.8	83.14	5.59E-78	792980000
37326_MH_MC	5	12	12	20.8	83.14	5.59E-78	792980000
23161_MH_MC	2	5	1	3.6	41.396	1.35E-17	46793000
54154_MH_MC	2	5	1	3.6	41.396	1.35E-17	46793000
23207_MH_MC	6	6	6	12.4	94.132	3.56E-60	213600000
15694_MH_MC	6	6	6	12.4	94.132	3.56E-60	213600000
94236_MH_MC	6	6	6	12.4	94.132	3.56E-60	213600000
31904_MH_MC	6	6	6	12.4	94.132	3.56E-60	213600000
31903_MH_MC	6	6	6	12.4	94.132	3.56E-60	213600000
41379_MH_MC	6	6	6	12.4	94.132	3.56E-60	213600000
36919_MH_MC	3	2	2	16.1	21.708	6.23E-47	1616100000
116755_MH_MC	3	2	2	16.1	21.708	6.23E-47	1616100000
23245_MH_MC	3	2	2	16.1	21.708	6.23E-47	1616100000
23259_MH_MC	1	1	1	7.1	17.938	0.0025945	0
23335_MH_MC	1	6	1	5	26.756	2.71E-92	0
23388_MH_MC	4	1	1	6.6	18.344	3.27E-08	34506000
42367_MH_MC	4	1	1	6.6	18.344	3.27E-08	34506000
39635_MH_MC	4	1	1	6.6	18.344	3.27E-08	34506000
7176_MH_MC	4	1	1	6.6	18.344	3.27E-08	34506000
7939_MH_MC	2	1	1	4.1	52.728	0.00020897	11646000
23394_MH_MC	2	1	1	4.1	52.728	0.00020897	11646000
23395_MH_MC	14	31	0	0	189.89	1.18E-301	3234100000
74813_MH_MC	14	31	0	0	189.89	1.18E-301	3234100000
15838_MH_MC	14	31	0	0	189.89	1.18E-301	3234100000
164940_MH_MC	14	31	0	0	189.89	1.18E-301	3234100000
28736_MH_MC	14	31	0	0	189.89	1.18E-301	3234100000
28735_MH_MC	14	31	0	0	189.89	1.18E-301	3234100000
28742_MH_MC	14	31	0	0	189.89	1.18E-301	3234100000
45651_MH_MC	14	31	0	0	189.89	1.18E-301	3234100000
28738_MH_MC	14	31	0	0	189.89	1.18E-301	3234100000
28740_MH_MC	14	31	0	0	189.89	1.18E-301	3234100000
46899_MH_MC	14	31	0	0	189.89	1.18E-301	3234100000
28743_MH_MC	14	31	0	0	189.89	1.18E-301	3234100000
28741_MH_MC	14	31	0	0	189.89	1.18E-301	3234100000
45650_MH_MC	14	31	0	0	189.89	1.18E-301	3234100000
28707_MH_MC	6	4	4	14.9	35.019	5.91E-09	82018000
235_MH_MC	6	4	4	14.9	35.019	5.91E-09	82018000
237_MH_MC	6	4	4	14.9	35.019	5.91E-09	82018000
236_MH_MC	6	4	4	14.9	35.019	5.91E-09	82018000
27662_MH_MC	6	4	4	14.9	35.019	5.91E-09	82018000
97078_MH_MC	6	4	4	14.9	35.019	5.91E-09	82018000
32170_MH_MC	6	4	4	20.8	25.362	2.33E-45	824540000
32169_MH_MC	6	4	4	20.8	25.362	2.33E-45	824540000
23500_MH_MC	6	4	4	20.8	25.362	2.33E-45	824540000
15928_MH_MC	6	4	4	20.8	25.362	2.33E-45	824540000
165103_MH_MC	6	4	4	20.8	25.362	2.33E-45	824540000
15419_MH_MC	6	4	4	20.8	25.362	2.33E-45	824540000
43409_MH_MC	4	2	2	4.2	51.914	7.20E-06	30128000
23560_MH_MC	4	2	2	4.2	51.914	7.20E-06	30128000
105933_MH_MC	4	2	2	4.2	51.914	7.20E-06	30128000
165217_MH_MC	4	2	2	4.2	51.914	7.20E-06	30128000
41544_MH_MC	2	1	1	3.1	54.337	0.00090679	18784000
23605_MH_MC	2	1	1	3.1	54.337	0.00090679	18784000
23948_MH_MC	2	2	2	12.4	18.168	0.00073948	41730000
16250_MH_MC	2	2	2	12.4	18.168	0.00073948	41730000
42106_MH_MC	2	4	4	15.5	36.848	1.95E-15	106390000
23968_MH_MC	2	4	4	15.5	36.848	1.95E-15	106390000
45831_MH_MC	2	1	1	3.4	43.941	1.91E-05	32297000
23977_MH_MC	2	1	1	3.4	43.941	1.91E-05	32297000
31720_MH_MC	2	1	1	2.9	51.934	0.0036145	30872000
24079_MH_MC	2	1	1	2.9	51.934	0.0036145	30872000
24127_MH_MC	2	6	1	3.4	41.047	5.07E-26	574650000
16373_MH_MC	2	6	1	3.4	41.047	5.07E-26	574650000
24196_MH_MC	1	7	1	1.7	45.778	9.12E-28	231960000
24362_MH_MC	2	5	1	2.9	79.112	7.19E-19	24024000
16547_MH_MC	2	5	1	2.9	79.112	7.19E-19	24024000
24369_MH_MC	1	1	1	3.8	23.825	0.00023097	0
97856_MH_MC	4	2	2	8.9	29.066	2.05E-05	51567000
24512_MH_MC	4	2	2	8.9	29.066	2.05E-05	51567000
32785_MH_MC	4	2	2	8.9	29.066	2.05E-05	51567000
16654_MH_MC	4	2	2	8.9	29.066	2.05E-05	51567000
24519_MH_MC	1	5	5	18.9	35.943	3.85E-11	147270000
57119_MH_MC	2	1	1	5.9	29.401	1.20E-09	30795000
24525_MH_MC	2	1	1	5.9	29.401	1.20E-09	30795000
42484_MH_MC	4	3	3	2.2	163.29	3.03E-07	75524000
24623_MH_MC	4	3	3	2.2	163.29	3.03E-07	75524000
66415_MH_MC	4	3	3	2.2	163.29	3.03E-07	75524000
16731_MH_MC	4	3	3	2.2	163.29	3.03E-07	75524000
2463_MH_MC	3	1	1	2.9	31.547	0.014221	23173000
33154_MH_MC	3	1	1	2.9	31.547	0.014221	23173000
2464_MH_MC	3	1	1	2.9	31.547	0.014221	23173000
2465_MH_MC	4	1	1	5.7	23.865	0.002739	20071000
2466_MH_MC	4	1	1	5.7	23.865	0.002739	20071000
33157_MH_MC	4	1	1	5.7	23.865	0.002739	20071000
33158_MH_MC	4	1	1	5.7	23.865	0.002739	20071000
33161_MH_MC	2	1	1	5.3	28.538	6.04E-12	45579000
2469_MH_MC	2	1	1	5.3	28.538	6.04E-12	45579000
31757_MH_MC	9	3	3	6.9	63.12	7.45E-07	78717000
24999_MH_MC	9	3	3	6.9	63.12	7.45E-07	78717000
1769_MH_MC	9	3	3	6.9	63.12	7.45E-07	78717000
1770_MH_MC	9	3	3	6.9	63.12	7.45E-07	78717000
167518_MH_MC	9	3	3	6.9	63.12	7.45E-07	78717000
31756_MH_MC	9	3	3	6.9	63.12	7.45E-07	78717000
16983_MH_MC	9	3	3	6.9	63.12	7.45E-07	78717000
82961_MH_MC	9	3	3	6.9	63.12	7.45E-07	78717000
167520_MH_MC	9	3	3	6.9	63.12	7.45E-07	78717000
25029_MH_MC	1	2	2	4.9	46.032	7.49E-05	0
30755_MH_MC	3	1	1	7.4	20.347	0.0094402	0
30753_MH_MC	3	1	1	7.4	20.347	0.0094402	0
25055_MH_MC	3	1	1	7.4	20.347	0.0094402	0
2510_MH_MC	2	6	5	14.9	35.383	6.51E-12	1103800000
6524_MH_MC	2	6	5	14.9	35.383	6.51E-12	1103800000
25389_MH_MC	2	1	1	5.7	21.714	0.013801	0
71681_MH_MC	2	1	1	5.7	21.714	0.013801	0
2543_MH_MC	3	3	3	12.9	35.555	6.29E-22	134010000
33317_MH_MC	3	3	3	12.9	35.555	6.29E-22	134010000
170849_MH_MC	3	3	3	12.9	35.555	6.29E-22	134010000
25481_MH_MC	2	1	1	9.2	21.59	1.33E-08	68279000
80347_MH_MC	2	1	1	9.2	21.59	1.33E-08	68279000
28759_MH_MC	4	8	1	1.8	44.159	1.36E-31	545130000
255_MH_MC	4	8	1	1.8	44.159	1.36E-31	545130000
CON__P60712	4	8	1	1.8	44.159	1.36E-31	545130000
2771_MH_MC	4	8	1	1.8	44.159	1.36E-31	545130000
40373_MH_MC	2	1	1	2.2	67.953	0.010805	12262000
25504_MH_MC	2	1	1	2.2	67.953	0.010805	12262000
25547_MH_MC	3	5	5	14.1	46.573	2.65E-26	231870000
93736_MH_MC	3	5	5	14.1	46.573	2.65E-26	231870000
39172_MH_MC	3	5	5	14.1	46.573	2.65E-26	231870000
25606_MH_MC	3	1	1	3.2	43.571	0.012543	14446000
43686_MH_MC	3	1	1	3.2	43.571	0.012543	14446000
53932_MH_MC	3	1	1	3.2	43.571	0.012543	14446000
25635_MH_MC	6	25	0	0	121.98	1.83E-256	22478000000
17433_MH_MC	6	25	0	0	121.98	1.83E-256	22478000000
57324_MH_MC	6	25	0	0	121.98	1.83E-256	22478000000
35256_MH_MC	6	25	0	0	121.98	1.83E-256	22478000000
35252_MH_MC	6	25	0	0	121.98	1.83E-256	22478000000
46943_MH_MC	6	25	0	0	121.98	1.83E-256	22478000000
25636_MH_MC	2	8	4	5.4	71.878	8.56E-72	331400000
17434_MH_MC	2	8	4	5.4	71.878	8.56E-72	331400000
32327_MH_MC	3	2	2	2.8	82.948	2.80E-06	108830000
25644_MH_MC	3	2	2	2.8	82.948	2.80E-06	108830000
71487_MH_MC	3	2	2	2.8	82.948	2.80E-06	108830000
25785_MH_MC	2	1	1	2.7	32.743	0.0055884	28529000
59551_MH_MC	2	1	1	2.7	32.743	0.0055884	28529000
2600_MH_MC	6	3	3	8.4	46.744	5.83E-16	287710000
33404_MH_MC	6	3	3	8.4	46.744	5.83E-16	287710000
33403_MH_MC	6	3	3	8.4	46.744	5.83E-16	287710000
2599_MH_MC	6	3	3	8.4	46.744	5.83E-16	287710000
2598_MH_MC	6	3	3	8.4	46.744	5.83E-16	287710000
155874_MH_MC	6	3	3	8.4	46.744	5.83E-16	287710000
26159_MH_MC	4	6	6	3.8	226.94	6.67E-21	152210000
31912_MH_MC	4	6	6	3.8	226.94	6.67E-21	152210000
46955_MH_MC	4	6	6	3.8	226.94	6.67E-21	152210000
6052_MH_MC	4	6	6	3.8	226.94	6.67E-21	152210000
26279_MH_MC	8	7	7	6.8	138.98	3.90E-27	119580000
78667_MH_MC	8	7	7	6.8	138.98	3.90E-27	119580000
17889_MH_MC	8	7	7	6.8	138.98	3.90E-27	119580000
43272_MH_MC	8	7	7	6.8	138.98	3.90E-27	119580000
42108_MH_MC	8	7	7	6.8	138.98	3.90E-27	119580000
17890_MH_MC	8	7	7	6.8	138.98	3.90E-27	119580000
38423_MH_MC	8	7	7	6.8	138.98	3.90E-27	119580000
78669_MH_MC	8	7	7	6.8	138.98	3.90E-27	119580000
26288_MH_MC	1	2	2	5.9	39.903	0.00063751	33090000
40614_MH_MC	4	11	11	34.1	42.51	2.95E-86	677190000
26321_MH_MC	4	11	11	34.1	42.51	2.95E-86	677190000
93932_MH_MC	4	11	11	34.1	42.51	2.95E-86	677190000
17914_MH_MC	4	11	11	34.1	42.51	2.95E-86	677190000
26337_MH_MC	3	7	7	46.1	20.224	1.53E-34	808590000
37695_MH_MC	3	7	7	46.1	20.224	1.53E-34	808590000
103663_MH_MC	3	7	7	46.1	20.224	1.53E-34	808590000
33495_MH_MC	11	10	10	26.3	50.258	1.73E-97	1761500000
33490_MH_MC	11	10	10	26.3	50.258	1.73E-97	1761500000
2638_MH_MC	11	10	10	26.3	50.258	1.73E-97	1761500000
2639_MH_MC	11	10	10	26.3	50.258	1.73E-97	1761500000
2640_MH_MC	11	10	10	26.3	50.258	1.73E-97	1761500000
33496_MH_MC	11	10	10	26.3	50.258	1.73E-97	1761500000
33493_MH_MC	11	10	10	26.3	50.258	1.73E-97	1761500000
33494_MH_MC	11	10	10	26.3	50.258	1.73E-97	1761500000
20416_MH_MC	11	10	10	26.3	50.258	1.73E-97	1761500000
33498_MH_MC	11	10	10	26.3	50.258	1.73E-97	1761500000
33492_MH_MC	11	10	10	26.3	50.258	1.73E-97	1761500000
26436_MH_MC	2	1	1	5.2	31.592	0.0024918	0
87690_MH_MC	2	1	1	5.2	31.592	0.0024918	0
26501_MH_MC	2	3	0	0	30.035	1.44E-10	62403000
73419_MH_MC	2	3	0	0	30.035	1.44E-10	62403000
43940_MH_MC	2	1	1	2.4	43.103	0.0085326	0
26546_MH_MC	2	1	1	2.4	43.103	0.0085326	0
41522_MH_MC	2	2	2	9.8	30.619	1.10E-26	74545000
26746_MH_MC	2	2	2	9.8	30.619	1.10E-26	74545000
2698_MH_MC	3	1	1	3.5	38.86	0.010741	0
33644_MH_MC	3	1	1	3.5	38.86	0.010741	0
33643_MH_MC	3	1	1	3.5	38.86	0.010741	0
27175_MH_MC	6	7	6	22.6	41.913	4.48E-116	399980000
18534_MH_MC	6	7	6	22.6	41.913	4.48E-116	399980000
102384_MH_MC	6	7	6	22.6	41.913	4.48E-116	399980000
102383_MH_MC	6	7	6	22.6	41.913	4.48E-116	399980000
102382_MH_MC	6	7	6	22.6	41.913	4.48E-116	399980000
171191_MH_MC	6	7	6	22.6	41.913	4.48E-116	399980000
27206_MH_MC	1	1	1	8.3	12.701	0.030107	0
27219_MH_MC	1	1	1	4.9	24.711	0.025122	20059000
29028_MH_MC	2	1	1	7.9	21.077	0.03004	81294000
27447_MH_MC	2	1	1	7.9	21.077	0.03004	81294000
27553_MH_MC	1	1	1	7.7	23.038	0.0032786	0
27876_MH_MC	6	30	28	17.4	204.41	2.49E-111	2312700000
19076_MH_MC	6	30	28	17.4	204.41	2.49E-111	2312700000
60775_MH_MC	6	30	28	17.4	204.41	2.49E-111	2312700000
31154_MH_MC	6	30	28	17.4	204.41	2.49E-111	2312700000
31152_MH_MC	6	30	28	17.4	204.41	2.49E-111	2312700000
1491_MH_MC	6	30	28	17.4	204.41	2.49E-111	2312700000
27883_MH_MC	1	1	1	8.6	17.341	1.28E-08	53768000
35619_MH_MC	4	1	1	3.7	39.407	2.74E-05	0
27962_MH_MC	4	1	1	3.7	39.407	2.74E-05	0
70579_MH_MC	4	1	1	3.7	39.407	2.74E-05	0
35618_MH_MC	4	1	1	3.7	39.407	2.74E-05	0
44578_MH_MC	4	4	4	13.8	41.258	2.24E-12	81559000
28021_MH_MC	4	4	4	13.8	41.258	2.24E-12	81559000
19200_MH_MC	4	4	4	13.8	41.258	2.24E-12	81559000
19199_MH_MC	4	4	4	13.8	41.258	2.24E-12	81559000
28051_MH_MC	6	4	4	18	36.225	3.23E-10	138920000
57598_MH_MC	6	4	4	18	36.225	3.23E-10	138920000
22393_MH_MC	6	4	4	18	36.225	3.23E-10	138920000
15084_MH_MC	6	4	4	18	36.225	3.23E-10	138920000
172629_MH_MC	6	4	4	18	36.225	3.23E-10	138920000
19219_MH_MC	6	4	4	18	36.225	3.23E-10	138920000
41468_MH_MC	2	5	5	16	43.299	1.48E-13	99790000
28096_MH_MC	2	5	5	16	43.299	1.48E-13	99790000
28136_MH_MC	4	4	4	12.6	62.984	1.66E-24	79141000
85224_MH_MC	4	4	4	12.6	62.984	1.66E-24	79141000
19274_MH_MC	4	4	4	12.6	62.984	1.66E-24	79141000
85225_MH_MC	4	4	4	12.6	62.984	1.66E-24	79141000
28236_MH_MC	2	6	2	4.1	39.819	1.41E-37	210340000
19346_MH_MC	2	6	2	4.1	39.819	1.41E-37	210340000
28275_MH_MC	1	1	1	4.3	26.894	0.019544	121170000
28300_MH_MC	1	5	1	6.4	22.247	1.20E-13	0
28331_MH_MC	4	2	2	8.2	29.647	0.00040099	14416000
28332_MH_MC	4	2	2	8.2	29.647	0.00040099	14416000
28333_MH_MC	4	2	2	8.2	29.647	0.00040099	14416000
133528_MH_MC	4	2	2	8.2	29.647	0.00040099	14416000
39_MH_MC	10	2	2	4.7	55.397	2.03E-06	29439000
28341_MH_MC	10	2	2	4.7	55.397	2.03E-06	29439000
28336_MH_MC	10	2	2	4.7	55.397	2.03E-06	29439000
28337_MH_MC	10	2	2	4.7	55.397	2.03E-06	29439000
28338_MH_MC	10	2	2	4.7	55.397	2.03E-06	29439000
28339_MH_MC	10	2	2	4.7	55.397	2.03E-06	29439000
28340_MH_MC	10	2	2	4.7	55.397	2.03E-06	29439000
41_MH_MC	10	2	2	4.7	55.397	2.03E-06	29439000
24168_MH_MC	10	2	2	4.7	55.397	2.03E-06	29439000
68817_MH_MC	10	2	2	4.7	55.397	2.03E-06	29439000
28416_MH_MC	3	4	4	14.8	36.89	2.99E-12	114170000
97_MH_MC	3	4	4	14.8	36.89	2.99E-12	114170000
13554_MH_MC	3	4	4	14.8	36.89	2.99E-12	114170000
33980_MH_MC	2	2	2	2.4	129.43	0.0005866	11491000
2844_MH_MC	2	2	2	2.4	129.43	0.0005866	11491000
28471_MH_MC	7	22	22	40.7	82.103	4.29E-193	3273900000
130_MH_MC	7	22	22	40.7	82.103	4.29E-193	3273900000
23332_MH_MC	7	22	22	40.7	82.103	4.29E-193	3273900000
127413_MH_MC	7	22	22	40.7	82.103	4.29E-193	3273900000
20792_MH_MC	7	22	22	40.7	82.103	4.29E-193	3273900000
13634_MH_MC	7	22	22	40.7	82.103	4.29E-193	3273900000
127463_MH_MC	7	22	22	40.7	82.103	4.29E-193	3273900000
28565_MH_MC	1	1	1	13.2	14.917	2.15E-06	88616000
28603_MH_MC	2	2	2	4.1	56.943	3.92E-05	71187000
28602_MH_MC	2	2	2	4.1	56.943	3.92E-05	71187000
28630_MH_MC	4	2	2	5.3	51.509	1.18E-13	32261000
28631_MH_MC	4	2	2	5.3	51.509	1.18E-13	32261000
107965_MH_MC	4	2	2	5.3	51.509	1.18E-13	32261000
107966_MH_MC	4	2	2	5.3	51.509	1.18E-13	32261000
28708_MH_MC	2	1	1	13.7	18.043	2.45E-32	45073000
28709_MH_MC	2	1	1	13.7	18.043	2.45E-32	45073000
34023_MH_MC	7	2	2	3.7	61.137	4.48E-06	199890000
2875_MH_MC	7	2	2	3.7	61.137	4.48E-06	199890000
2876_MH_MC	7	2	2	3.7	61.137	4.48E-06	199890000
2874_MH_MC	7	2	2	3.7	61.137	4.48E-06	199890000
2873_MH_MC	7	2	2	3.7	61.137	4.48E-06	199890000
24450_MH_MC	7	2	2	3.7	61.137	4.48E-06	199890000
61769_MH_MC	7	2	2	3.7	61.137	4.48E-06	199890000
28760_MH_MC	1	3	1	12.2	14.321	1.16E-12	158460000
28837_MH_MC	2	1	1	2.2	72.72	0.005298	10623000
28836_MH_MC	2	1	1	2.2	72.72	0.005298	10623000
28840_MH_MC	5	2	2	7.6	41.677	1.62E-09	13535000
28839_MH_MC	5	2	2	7.6	41.677	1.62E-09	13535000
14121_MH_MC	5	2	2	7.6	41.677	1.62E-09	13535000
21262_MH_MC	5	2	2	7.6	41.677	1.62E-09	13535000
119987_MH_MC	5	2	2	7.6	41.677	1.62E-09	13535000
28864_MH_MC	5	5	4	23	20.136	3.43E-74	4371500000
307_MH_MC	5	5	4	23	20.136	3.43E-74	4371500000
308_MH_MC	5	5	4	23	20.136	3.43E-74	4371500000
21735_MH_MC	5	5	4	23	20.136	3.43E-74	4371500000
51348_MH_MC	5	5	4	23	20.136	3.43E-74	4371500000
28875_MH_MC	4	4	4	12.4	60.691	2.23E-36	170370000
28873_MH_MC	4	4	4	12.4	60.691	2.23E-36	170370000
5562_MH_MC	4	4	4	12.4	60.691	2.23E-36	170370000
10355_MH_MC	4	4	4	12.4	60.691	2.23E-36	170370000
28885_MH_MC	1	1	1	9.6	8.9997	0.027056	28215000
28918_MH_MC	4	11	11	14.8	106.01	3.22E-49	277550000
325_MH_MC	4	11	11	14.8	106.01	3.22E-49	277550000
28917_MH_MC	4	11	11	14.8	106.01	3.22E-49	277550000
324_MH_MC	4	11	11	14.8	106.01	3.22E-49	277550000
55944_MH_MC	3	3	3	16.8	25.978	1.10E-31	137730000
28953_MH_MC	3	3	3	16.8	25.978	1.10E-31	137730000
22064_MH_MC	3	3	3	16.8	25.978	1.10E-31	137730000
28998_MH_MC	3	4	4	8.9	50.482	1.19E-16	57410000
157429_MH_MC	3	4	4	8.9	50.482	1.19E-16	57410000
169235_MH_MC	3	4	4	8.9	50.482	1.19E-16	57410000
29038_MH_MC	2	1	1	4.3	32.56	0.0074564	29870000
29037_MH_MC	2	1	1	4.3	32.56	0.0074564	29870000
29066_MH_MC	2	1	1	13.3	13.458	0.01933	0
29067_MH_MC	2	1	1	13.3	13.458	0.01933	0
29083_MH_MC	1	2	1	3.6	59.745	5.67E-11	20454000
29138_MH_MC	2	4	4	36.6	18.335	4.44E-35	363380000
502_MH_MC	2	4	4	36.6	18.335	4.44E-35	363380000
29244_MH_MC	2	1	1	4	32.189	4.96E-06	25925000
29245_MH_MC	2	1	1	4	32.189	4.96E-06	25925000
29308_MH_MC	2	1	1	2.4	46.529	9.04E-37	0
579_MH_MC	2	1	1	2.4	46.529	9.04E-37	0
29345_MH_MC	1	1	1	1.4	82.065	0.00039983	32873000
29457_MH_MC	5	2	2	6.5	50.219	3.20E-07	42693000
29458_MH_MC	5	2	2	6.5	50.219	3.20E-07	42693000
637_MH_MC	5	2	2	6.5	50.219	3.20E-07	42693000
56326_MH_MC	5	2	2	6.5	50.219	3.20E-07	42693000
28231_MH_MC	5	2	2	6.5	50.219	3.20E-07	42693000
29548_MH_MC	1	5	5	12.7	60.443	1.65E-49	251340000
2958_MH_MC	7	1	1	1.8	72.085	0.0055085	24209000
2962_MH_MC	7	1	1	1.8	72.085	0.0055085	24209000
2959_MH_MC	7	1	1	1.8	72.085	0.0055085	24209000
2963_MH_MC	7	1	1	1.8	72.085	0.0055085	24209000
72283_MH_MC	7	1	1	1.8	72.085	0.0055085	24209000
2960_MH_MC	7	1	1	1.8	72.085	0.0055085	24209000
2961_MH_MC	7	1	1	1.8	72.085	0.0055085	24209000
29594_MH_MC	3	3	3	18	30.533	8.00E-14	123240000
29592_MH_MC	3	3	3	18	30.533	8.00E-14	123240000
29595_MH_MC	3	3	3	18	30.533	8.00E-14	123240000
29641_MH_MC	1	2	2	11.3	28.365	2.95E-06	6316700
34178_MH_MC	2	1	1	1.9	88.604	1.44E-09	0
2971_MH_MC	2	1	1	1.9	88.604	1.44E-09	0
29725_MH_MC	4	7	6	21	37.775	8.19E-61	2141400000
110246_MH_MC	4	7	6	21	37.775	8.19E-61	2141400000
16449_MH_MC	4	7	6	21	37.775	8.19E-61	2141400000
166251_MH_MC	4	7	6	21	37.775	8.19E-61	2141400000
29769_MH_MC	5	8	8	22.7	52.805	4.34E-54	522730000
22560_MH_MC	5	8	8	22.7	52.805	4.34E-54	522730000
15206_MH_MC	5	8	8	22.7	52.805	4.34E-54	522730000
113268_MH_MC	5	8	8	22.7	52.805	4.34E-54	522730000
129731_MH_MC	5	8	8	22.7	52.805	4.34E-54	522730000
29793_MH_MC	1	8	1	2.7	43.181	2.12E-59	18584000
29794_MH_MC	1	9	1	2.7	43.206	2.71E-68	565070000
29921_MH_MC	3	2	2	6.1	44.881	1.03E-07	42408000
893_MH_MC	3	2	2	6.1	44.881	1.03E-07	42408000
13902_MH_MC	3	2	2	6.1	44.881	1.03E-07	42408000
29964_MH_MC	3	1	1	2.7	55.108	3.25E-05	0
29962_MH_MC	3	1	1	2.7	55.108	3.25E-05	0
901_MH_MC	3	1	1	2.7	55.108	3.25E-05	0
29975_MH_MC	1	1	1	14.9	8.2151	0.0033554	34558000
30008_MH_MC	4	5	5	2.7	294.02	1.51E-22	62887000
17937_MH_MC	4	5	5	2.7	294.02	1.51E-22	62887000
121336_MH_MC	4	5	5	2.7	294.02	1.51E-22	62887000
130962_MH_MC	4	5	5	2.7	294.02	1.51E-22	62887000
30035_MH_MC	9	4	4	6.1	99.938	4.48E-56	220350000
30037_MH_MC	9	4	4	6.1	99.938	4.48E-56	220350000
30032_MH_MC	9	4	4	6.1	99.938	4.48E-56	220350000
30031_MH_MC	9	4	4	6.1	99.938	4.48E-56	220350000
30040_MH_MC	9	4	4	6.1	99.938	4.48E-56	220350000
30039_MH_MC	9	4	4	6.1	99.938	4.48E-56	220350000
21555_MH_MC	9	4	4	6.1	99.938	4.48E-56	220350000
113967_MH_MC	9	4	4	6.1	99.938	4.48E-56	220350000
14435_MH_MC	9	4	4	6.1	99.938	4.48E-56	220350000
3016_MH_MC	2	2	2	13.2	20.137	6.77E-15	190760000
3015_MH_MC	2	2	2	13.2	20.137	6.77E-15	190760000
30165_MH_MC	2	3	3	16.3	23.989	2.40E-09	58748000
30166_MH_MC	2	3	3	16.3	23.989	2.40E-09	58748000
3022_MH_MC	5	1	1	10.1	18.029	3.54E-23	47627000
3018_MH_MC	5	1	1	10.1	18.029	3.54E-23	47627000
3017_MH_MC	5	1	1	10.1	18.029	3.54E-23	47627000
34273_MH_MC	5	1	1	10.1	18.029	3.54E-23	47627000
3020_MH_MC	5	1	1	10.1	18.029	3.54E-23	47627000
30230_MH_MC	3	4	4	15.6	36.274	4.38E-07	168630000
30231_MH_MC	3	4	4	15.6	36.274	4.38E-07	168630000
138643_MH_MC	3	4	4	15.6	36.274	4.38E-07	168630000
30275_MH_MC	2	2	2	3.7	88.796	0.00032651	0
133691_MH_MC	2	2	2	3.7	88.796	0.00032651	0
30325_MH_MC	1	5	5	12.9	44.585	1.63E-09	274020000
30333_MH_MC	3	1	1	1.7	59.838	0.012932	0
30335_MH_MC	3	1	1	1.7	59.838	0.012932	0
30331_MH_MC	3	1	1	1.7	59.838	0.012932	0
30380_MH_MC	1	3	2	14.3	17.451	3.70E-18	66517000
30443_MH_MC	6	12	12	29.6	59.596	1.00E-58	545560000
30442_MH_MC	6	12	12	29.6	59.596	1.00E-58	545560000
14234_MH_MC	6	12	12	29.6	59.596	1.00E-58	545560000
21353_MH_MC	6	12	12	29.6	59.596	1.00E-58	545560000
114458_MH_MC	6	12	12	29.6	59.596	1.00E-58	545560000
80485_MH_MC	6	12	12	29.6	59.596	1.00E-58	545560000
30476_MH_MC	3	3	2	18.9	16.682	1.17E-12	391280000
27804_MH_MC	3	3	2	18.9	16.682	1.17E-12	391280000
114575_MH_MC	3	3	2	18.9	16.682	1.17E-12	391280000
30616_MH_MC	1	1	1	1.6	114.06	1.53E-06	10209000
30656_MH_MC	3	1	1	5.6	28.749	0.00021258	27132000
40908_MH_MC	3	1	1	5.6	28.749	0.00021258	27132000
30657_MH_MC	3	1	1	5.6	28.749	0.00021258	27132000
30771_MH_MC	2	2	2	10.3	20.034	2.19E-09	128960000
13422_MH_MC	2	2	2	10.3	20.034	2.19E-09	128960000
30773_MH_MC	2	5	5	13.2	53.813	1.02E-43	138420000
9186_MH_MC	2	5	5	13.2	53.813	1.02E-43	138420000
30894_MH_MC	1	2	2	2.3	112.3	2.70E-13	107410000
30906_MH_MC	1	1	1	2.5	53.192	0.0050124	10491000
31082_MH_MC	1	2	2	31.8	7.6809	5.21E-38	739510000
31112_MH_MC	4	1	1	2.6	51.036	9.69E-07	6360700
31115_MH_MC	4	1	1	2.6	51.036	9.69E-07	6360700
95990_MH_MC	4	1	1	2.6	51.036	9.69E-07	6360700
31113_MH_MC	4	1	1	2.6	51.036	9.69E-07	6360700
31237_MH_MC	2	2	1	7.5	15.969	3.97E-06	133050000
14740_MH_MC	2	2	1	7.5	15.969	3.97E-06	133050000
31238_MH_MC	1	2	1	3.5	44.009	2.28E-06	0
31241_MH_MC	2	5	5	54.7	11.091	5.49E-14	2161400000
93446_MH_MC	2	5	5	54.7	11.091	5.49E-14	2161400000
31262_MH_MC	1	1	1	10.5	11.296	0.020513	23959000
31339_MH_MC	3	6	6	31.1	32.09	1.13E-37	149420000
26758_MH_MC	3	6	6	31.1	32.09	1.13E-37	149420000
127573_MH_MC	3	6	6	31.1	32.09	1.13E-37	149420000
31358_MH_MC	1	1	1	7.3	19.415	0.011003	0
31370_MH_MC	5	2	2	5.2	42.52	0.00035667	55479000
31372_MH_MC	5	2	2	5.2	42.52	0.00035667	55479000
89457_MH_MC	5	2	2	5.2	42.52	0.00035667	55479000
134693_MH_MC	5	2	2	5.2	42.52	0.00035667	55479000
12238_MH_MC	5	2	2	5.2	42.52	0.00035667	55479000
31441_MH_MC	2	14	14	45	33.913	3.38E-78	4926400000
6871_MH_MC	2	14	14	45	33.913	3.38E-78	4926400000
31454_MH_MC	1	1	1	10	13.333	0.0016707	299880000
31469_MH_MC	6	4	4	3.4	165.13	4.94E-21	41194000
31474_MH_MC	6	4	4	3.4	165.13	4.94E-21	41194000
167984_MH_MC	6	4	4	3.4	165.13	4.94E-21	41194000
25279_MH_MC	6	4	4	3.4	165.13	4.94E-21	41194000
17189_MH_MC	6	4	4	3.4	165.13	4.94E-21	41194000
99248_MH_MC	6	4	4	3.4	165.13	4.94E-21	41194000
31506_MH_MC	6	7	7	8.5	110.94	4.48E-26	388390000
79519_MH_MC	6	7	7	8.5	110.94	4.48E-26	388390000
1646_MH_MC	6	7	7	8.5	110.94	4.48E-26	388390000
27502_MH_MC	6	7	7	8.5	110.94	4.48E-26	388390000
18783_MH_MC	6	7	7	8.5	110.94	4.48E-26	388390000
31507_MH_MC	6	7	7	8.5	110.94	4.48E-26	388390000
31610_MH_MC	3	6	6	41.1	22.804	1.30E-34	375220000
137149_MH_MC	3	6	6	41.1	22.804	1.30E-34	375220000
31609_MH_MC	3	6	6	41.1	22.804	1.30E-34	375220000
31613_MH_MC	3	3	3	27.3	19.303	2.88E-24	385160000
31614_MH_MC	3	3	3	27.3	19.303	2.88E-24	385160000
27392_MH_MC	3	3	3	27.3	19.303	2.88E-24	385160000
41160_MH_MC	2	4	2	12.3	19.247	5.44E-18	264940000
31654_MH_MC	2	4	2	12.3	19.247	5.44E-18	264940000
31710_MH_MC	3	12	12	46.5	27.667	3.60E-63	2901400000
31711_MH_MC	3	12	12	46.5	27.667	3.60E-63	2901400000
31714_MH_MC	3	12	12	46.5	27.667	3.60E-63	2901400000
31713_MH_MC	1	3	3	43.6	8.6559	1.17E-08	129040000
31784_MH_MC	3	6	6	30.5	27.117	9.52E-45	1091300000
1781_MH_MC	3	6	6	30.5	27.117	9.52E-45	1091300000
31785_MH_MC	3	6	6	30.5	27.117	9.52E-45	1091300000
31834_MH_MC	4	6	3	9.3	42.521	7.50E-15	420870000
31833_MH_MC	4	6	3	9.3	42.521	7.50E-15	420870000
19433_MH_MC	4	6	3	9.3	42.521	7.50E-15	420870000
134491_MH_MC	4	6	3	9.3	42.521	7.50E-15	420870000
31918_MH_MC	3	8	8	29.1	25.317	5.46E-22	10215000000
31917_MH_MC	3	8	8	29.1	25.317	5.46E-22	10215000000
137737_MH_MC	3	8	8	29.1	25.317	5.46E-22	10215000000
32014_MH_MC	1	1	1	8.3	20.672	9.44E-06	0
34515_MH_MC	7	2	2	4.2	77.401	2.77E-08	37781000
3205_MH_MC	7	2	2	4.2	77.401	2.77E-08	37781000
34516_MH_MC	7	2	2	4.2	77.401	2.77E-08	37781000
34518_MH_MC	7	2	2	4.2	77.401	2.77E-08	37781000
34517_MH_MC	7	2	2	4.2	77.401	2.77E-08	37781000
159634_MH_MC	7	2	2	4.2	77.401	2.77E-08	37781000
12815_MH_MC	7	2	2	4.2	77.401	2.77E-08	37781000
32206_MH_MC	1	1	1	5.2	26.684	3.25E-05	0
32259_MH_MC	2	4	4	9.3	45.621	5.54E-13	142240000
32258_MH_MC	2	4	4	9.3	45.621	5.54E-13	142240000
32284_MH_MC	6	2	2	23.9	14.417	1.90E-10	710410000
32286_MH_MC	6	2	2	23.9	14.417	1.90E-10	710410000
32285_MH_MC	6	2	2	23.9	14.417	1.90E-10	710410000
44996_MH_MC	6	2	2	23.9	14.417	1.90E-10	710410000
30184_MH_MC	6	2	2	23.9	14.417	1.90E-10	710410000
36836_MH_MC	6	2	2	23.9	14.417	1.90E-10	710410000
32371_MH_MC	2	1	1	2.8	35.704	0.00564	28686000
32373_MH_MC	2	1	1	2.8	35.704	0.00564	28686000
32381_MH_MC	2	2	2	1.7	148.01	2.52E-09	27860000
2052_MH_MC	2	2	2	1.7	148.01	2.52E-09	27860000
32547_MH_MC	4	8	8	31.8	41.181	5.23E-149	811990000
18166_MH_MC	4	8	8	31.8	41.181	5.23E-149	811990000
26673_MH_MC	4	8	8	31.8	41.181	5.23E-149	811990000
70717_MH_MC	4	8	8	31.8	41.181	5.23E-149	811990000
32613_MH_MC	5	8	4	6.2	98.412	2.95E-28	300090000
32615_MH_MC	5	8	4	6.2	98.412	2.95E-28	300090000
32612_MH_MC	5	8	4	6.2	98.412	2.95E-28	300090000
16546_MH_MC	5	8	4	6.2	98.412	2.95E-28	300090000
24361_MH_MC	5	8	4	6.2	98.412	2.95E-28	300090000
32637_MH_MC	3	2	2	9	35.229	2.55E-11	291940000
32636_MH_MC	3	2	2	9	35.229	2.55E-11	291940000
170456_MH_MC	3	2	2	9	35.229	2.55E-11	291940000
32642_MH_MC	3	3	3	19.3	30.367	3.57E-37	68576000
32643_MH_MC	3	3	3	19.3	30.367	3.57E-37	68576000
128254_MH_MC	3	3	3	19.3	30.367	3.57E-37	68576000
32762_MH_MC	5	3	3	12.4	39.354	1.12E-05	72014000
128719_MH_MC	5	3	3	12.4	39.354	1.12E-05	72014000
20597_MH_MC	5	3	3	12.4	39.354	1.12E-05	72014000
32761_MH_MC	5	3	3	12.4	39.354	1.12E-05	72014000
160470_MH_MC	5	3	3	12.4	39.354	1.12E-05	72014000
32911_MH_MC	1	1	1	8.3	15.889	0.016391	0
32914_MH_MC	3	3	3	5.7	79.876	5.56E-28	18003000
32913_MH_MC	3	3	3	5.7	79.876	5.56E-28	18003000
135832_MH_MC	3	3	3	5.7	79.876	5.56E-28	18003000
32969_MH_MC	1	2	2	4.5	60.323	3.29E-07	52286000
32975_MH_MC	1	1	1	11	9.3322	0.027491	11677000
32992_MH_MC	2	1	1	4	42.35	7.60E-05	8836700
32993_MH_MC	2	1	1	4	42.35	7.60E-05	8836700
33022_MH_MC	1	1	1	0.7	139.87	0.0015372	13417000
33051_MH_MC	1	2	2	1.7	107.24	0.0002656	21403000
33063_MH_MC	3	3	3	7.9	50.591	5.51E-11	110320000
20413_MH_MC	3	3	3	7.9	50.591	5.51E-11	110320000
127086_MH_MC	3	3	3	7.9	50.591	5.51E-11	110320000
33084_MH_MC	2	3	3	11	39.752	7.60E-36	33514000
33083_MH_MC	2	3	3	11	39.752	7.60E-36	33514000
33120_MH_MC	2	1	1	2.9	48.051	0.014686	16636000
33122_MH_MC	2	1	1	2.9	48.051	0.014686	16636000
33144_MH_MC	3	2	2	2.2	103.41	0.0010885	36838000
33143_MH_MC	3	2	2	2.2	103.41	0.0010885	36838000
24719_MH_MC	3	2	2	2.2	103.41	0.0010885	36838000
33180_MH_MC	1	1	1	3.7	24.798	0.01807	92877000
33216_MH_MC	5	6	6	27.8	31.61	5.32E-60	383290000
33215_MH_MC	5	6	6	27.8	31.61	5.32E-60	383290000
131196_MH_MC	5	6	6	27.8	31.61	5.32E-60	383290000
20098_MH_MC	5	6	6	27.8	31.61	5.32E-60	383290000
2489_MH_MC	5	6	6	27.8	31.61	5.32E-60	383290000
33237_MH_MC	6	5	5	28.4	18.64	2.59E-12	622470000
32033_MH_MC	6	5	5	28.4	18.64	2.59E-12	622470000
137069_MH_MC	6	5	5	28.4	18.64	2.59E-12	622470000
32032_MH_MC	6	5	5	28.4	18.64	2.59E-12	622470000
2491_MH_MC	6	5	5	28.4	18.64	2.59E-12	622470000
1886_MH_MC	6	5	5	28.4	18.64	2.59E-12	622470000
33243_MH_MC	5	4	4	10.7	50.184	7.01E-12	44346000
33242_MH_MC	5	4	4	10.7	50.184	7.01E-12	44346000
21270_MH_MC	5	4	4	10.7	50.184	7.01E-12	44346000
119554_MH_MC	5	4	4	10.7	50.184	7.01E-12	44346000
25975_MH_MC	5	4	4	10.7	50.184	7.01E-12	44346000
33262_MH_MC	2	1	1	1.1	98.256	0.0082754	0
33263_MH_MC	2	1	1	1.1	98.256	0.0082754	0
33299_MH_MC	1	1	1	3.7	42.295	0.020292	20566000
33362_MH_MC	2	2	2	2	111.27	8.99E-08	821960000
33363_MH_MC	2	2	2	2	111.27	8.99E-08	821960000
33364_MH_MC	3	6	6	30.4	30.294	6.44E-140	800380000
19380_MH_MC	3	6	6	30.4	30.294	6.44E-140	800380000
28268_MH_MC	3	6	6	30.4	30.294	6.44E-140	800380000
33370_MH_MC	3	2	2	16.3	16.72	0.0016312	46089000
33373_MH_MC	3	2	2	16.3	16.72	0.0016312	46089000
10419_MH_MC	3	2	2	16.3	16.72	0.0016312	46089000
33523_MH_MC	3	5	4	13.1	35.423	1.64E-34	201350000
33522_MH_MC	3	5	4	13.1	35.423	1.64E-34	201350000
138533_MH_MC	3	5	4	13.1	35.423	1.64E-34	201350000
33654_MH_MC	3	12	10	17.1	68.275	4.07E-35	1027300000
59639_MH_MC	3	12	10	17.1	68.275	4.07E-35	1027300000
26303_MH_MC	3	12	10	17.1	68.275	4.07E-35	1027300000
33716_MH_MC	1	1	1	3.1	38.714	3.38E-05	53326000
33765_MH_MC	2	1	1	10.7	17.428	6.95E-06	133830000
33763_MH_MC	2	1	1	10.7	17.428	6.95E-06	133830000
33891_MH_MC	1	1	1	9.4	15.593	1.23E-12	31085000
33952_MH_MC	11	5	5	10.1	76.598	3.05E-39	91078000
2828_MH_MC	11	5	5	10.1	76.598	3.05E-39	91078000
2827_MH_MC	11	5	5	10.1	76.598	3.05E-39	91078000
116581_MH_MC	11	5	5	10.1	76.598	3.05E-39	91078000
21325_MH_MC	11	5	5	10.1	76.598	3.05E-39	91078000
161436_MH_MC	11	5	5	10.1	76.598	3.05E-39	91078000
14203_MH_MC	11	5	5	10.1	76.598	3.05E-39	91078000
40837_MH_MC	11	5	5	10.1	76.598	3.05E-39	91078000
12823_MH_MC	11	5	5	10.1	76.598	3.05E-39	91078000
161437_MH_MC	11	5	5	10.1	76.598	3.05E-39	91078000
132151_MH_MC	11	5	5	10.1	76.598	3.05E-39	91078000
34026_MH_MC	2	3	3	10.5	59.067	6.14E-38	157290000
132443_MH_MC	2	3	3	10.5	59.067	6.14E-38	157290000
34488_MH_MC	1	3	3	8.3	56.749	8.31E-22	56016000
34525_MH_MC	4	7	7	24.9	31.141	1.42E-18	725520000
24712_MH_MC	4	7	7	24.9	31.141	1.42E-18	725520000
74536_MH_MC	4	7	7	24.9	31.141	1.42E-18	725520000
34524_MH_MC	4	7	7	24.9	31.141	1.42E-18	725520000
34539_MH_MC	2	2	2	17.9	16.413	5.55E-11	81085000
34540_MH_MC	2	2	2	17.9	16.413	5.55E-11	81085000
3494_MH_MC	10	5	5	32.4	15.732	3.26E-13	448830000
34990_MH_MC	10	5	5	32.4	15.732	3.26E-13	448830000
3493_MH_MC	10	5	5	32.4	15.732	3.26E-13	448830000
11517_MH_MC	10	5	5	32.4	15.732	3.26E-13	448830000
165516_MH_MC	10	5	5	32.4	15.732	3.26E-13	448830000
23766_MH_MC	10	5	5	32.4	15.732	3.26E-13	448830000
157962_MH_MC	10	5	5	32.4	15.732	3.26E-13	448830000
155090_MH_MC	10	5	5	32.4	15.732	3.26E-13	448830000
45664_MH_MC	10	5	5	32.4	15.732	3.26E-13	448830000
87954_MH_MC	10	5	5	32.4	15.732	3.26E-13	448830000
34963_MH_MC	3	4	4	20	22.83	6.03E-13	355140000
34962_MH_MC	3	4	4	20	22.83	6.03E-13	355140000
21860_MH_MC	3	4	4	20	22.83	6.03E-13	355140000
35040_MH_MC	2	5	5	10.3	42.247	2.56E-27	692430000
135521_MH_MC	2	5	5	10.3	42.247	2.56E-27	692430000
35050_MH_MC	9	5	5	15.3	41.942	1.85E-14	370350000
35051_MH_MC	9	5	5	15.3	41.942	1.85E-14	370350000
3543_MH_MC	9	5	5	15.3	41.942	1.85E-14	370350000
138823_MH_MC	9	5	5	15.3	41.942	1.85E-14	370350000
169780_MH_MC	9	5	5	15.3	41.942	1.85E-14	370350000
26345_MH_MC	9	5	5	15.3	41.942	1.85E-14	370350000
81528_MH_MC	9	5	5	15.3	41.942	1.85E-14	370350000
17930_MH_MC	9	5	5	15.3	41.942	1.85E-14	370350000
11464_MH_MC	9	5	5	15.3	41.942	1.85E-14	370350000
40095_MH_MC	6	1	1	5.6	32.833	1.39E-08	0
35108_MH_MC	6	1	1	5.6	32.833	1.39E-08	0
7213_MH_MC	6	1	1	5.6	32.833	1.39E-08	0
3561_MH_MC	6	1	1	5.6	32.833	1.39E-08	0
35113_MH_MC	6	1	1	5.6	32.833	1.39E-08	0
7214_MH_MC	6	1	1	5.6	32.833	1.39E-08	0
35145_MH_MC	6	2	2	10.2	23.355	0.00012579	71488000
3566_MH_MC	6	2	2	10.2	23.355	0.00012579	71488000
3565_MH_MC	6	2	2	10.2	23.355	0.00012579	71488000
3567_MH_MC	6	2	2	10.2	23.355	0.00012579	71488000
3564_MH_MC	6	2	2	10.2	23.355	0.00012579	71488000
3563_MH_MC	6	2	2	10.2	23.355	0.00012579	71488000
35155_MH_MC	5	2	2	10	24.724	5.83E-26	91200000
35156_MH_MC	5	2	2	10	24.724	5.83E-26	91200000
3589_MH_MC	5	2	2	10	24.724	5.83E-26	91200000
3590_MH_MC	5	2	2	10	24.724	5.83E-26	91200000
136485_MH_MC	5	2	2	10	24.724	5.83E-26	91200000
35191_MH_MC	2	4	4	12.4	41.848	2.44E-14	74598000
35192_MH_MC	2	4	4	12.4	41.848	2.44E-14	74598000
35254_MH_MC	5	25	12	16	98.428	1.18E-253	14787000000
35251_MH_MC	5	25	12	16	98.428	1.18E-253	14787000000
35257_MH_MC	5	25	12	16	98.428	1.18E-253	14787000000
35253_MH_MC	5	25	12	16	98.428	1.18E-253	14787000000
35255_MH_MC	5	25	12	16	98.428	1.18E-253	14787000000
35312_MH_MC	12	7	7	13.3	67.155	1.78E-30	110380000
35316_MH_MC	12	7	7	13.3	67.155	1.78E-30	110380000
3646_MH_MC	12	7	7	13.3	67.155	1.78E-30	110380000
35314_MH_MC	12	7	7	13.3	67.155	1.78E-30	110380000
3644_MH_MC	12	7	7	13.3	67.155	1.78E-30	110380000
3645_MH_MC	12	7	7	13.3	67.155	1.78E-30	110380000
35313_MH_MC	12	7	7	13.3	67.155	1.78E-30	110380000
131303_MH_MC	12	7	7	13.3	67.155	1.78E-30	110380000
35315_MH_MC	12	7	7	13.3	67.155	1.78E-30	110380000
11603_MH_MC	12	7	7	13.3	67.155	1.78E-30	110380000
136559_MH_MC	12	7	7	13.3	67.155	1.78E-30	110380000
11692_MH_MC	12	7	7	13.3	67.155	1.78E-30	110380000
35409_MH_MC	2	11	0	0	49.41	5.02E-158	816260000
108002_MH_MC	2	11	0	0	49.41	5.02E-158	816260000
3699_MH_MC	7	1	1	6.8	24.445	1.04E-17	35569000
3698_MH_MC	7	1	1	6.8	24.445	1.04E-17	35569000
35419_MH_MC	7	1	1	6.8	24.445	1.04E-17	35569000
3697_MH_MC	7	1	1	6.8	24.445	1.04E-17	35569000
3696_MH_MC	7	1	1	6.8	24.445	1.04E-17	35569000
3695_MH_MC	7	1	1	6.8	24.445	1.04E-17	35569000
3700_MH_MC	7	1	1	6.8	24.445	1.04E-17	35569000
35454_MH_MC	1	2	2	7.8	36.482	0.00013019	26733000
3958_MH_MC	3	5	5	26.1	25.641	1.72E-47	2435100000
35772_MH_MC	3	5	5	26.1	25.641	1.72E-47	2435100000
12201_MH_MC	3	5	5	26.1	25.641	1.72E-47	2435100000
36032_MH_MC	1	1	1	6	23.546	0.010374	42702000
36114_MH_MC	1	3	1	4.2	34.756	2.40E-31	0
36122_MH_MC	3	3	3	19.4	26.992	5.05E-10	193340000
136757_MH_MC	3	3	3	19.4	26.992	5.05E-10	193340000
134927_MH_MC	3	3	3	19.4	26.992	5.05E-10	193340000
36190_MH_MC	1	1	1	20.8	8.5249	0.016688	46274000
36566_MH_MC	8	9	9	13.4	95.012	5.29E-43	305490000
97059_MH_MC	8	9	9	13.4	95.012	5.29E-43	305490000
24161_MH_MC	8	9	9	13.4	95.012	5.29E-43	305490000
126941_MH_MC	8	9	9	13.4	95.012	5.29E-43	305490000
20859_MH_MC	8	9	9	13.4	95.012	5.29E-43	305490000
16403_MH_MC	8	9	9	13.4	95.012	5.29E-43	305490000
160795_MH_MC	8	9	9	13.4	95.012	5.29E-43	305490000
160796_MH_MC	8	9	9	13.4	95.012	5.29E-43	305490000
36590_MH_MC	1	2	2	32.6	10.541	1.27E-07	39642000
36708_MH_MC	1	5	5	58.3	8.3465	1.25E-46	614880000
36727_MH_MC	2	7	7	34.9	29.942	1.31E-66	1409100000
131152_MH_MC	2	7	7	34.9	29.942	1.31E-66	1409100000
36749_MH_MC	1	1	1	5.4	43.067	1.04E-17	0
36810_MH_MC	3	6	6	23	36.277	1.96E-51	1106800000
122170_MH_MC	3	6	6	23	36.277	1.96E-51	1106800000
21192_MH_MC	3	6	6	23	36.277	1.96E-51	1106800000
36825_MH_MC	2	4	4	14.8	34.61	1.64E-11	98049000
4712_MH_MC	2	4	4	14.8	34.61	1.64E-11	98049000
36832_MH_MC	2	2	2	6.7	44.858	9.56E-12	27072000
84264_MH_MC	2	2	2	6.7	44.858	9.56E-12	27072000
36835_MH_MC	2	2	2	10.4	27.287	0.00024156	28470000
4717_MH_MC	2	2	2	10.4	27.287	0.00024156	28470000
36881_MH_MC	3	3	3	6.4	48.239	5.22E-06	33008000
127960_MH_MC	3	3	3	6.4	48.239	5.22E-06	33008000
26700_MH_MC	3	3	3	6.4	48.239	5.22E-06	33008000
3692_MH_MC	5	11	2	7.2	50.093	3.78E-93	30866000
3693_MH_MC	5	11	2	7.2	50.093	3.78E-93	30866000
80397_MH_MC	5	11	2	7.2	50.093	3.78E-93	30866000
18152_MH_MC	5	11	2	7.2	50.093	3.78E-93	30866000
170305_MH_MC	5	11	2	7.2	50.093	3.78E-93	30866000
36984_MH_MC	5	4	4	18.4	29.874	1.42E-10	266830000
4838_MH_MC	5	4	4	18.4	29.874	1.42E-10	266830000
71107_MH_MC	5	4	4	18.4	29.874	1.42E-10	266830000
159396_MH_MC	5	4	4	18.4	29.874	1.42E-10	266830000
4300_MH_MC	5	4	4	18.4	29.874	1.42E-10	266830000
37069_MH_MC	1	1	1	23.3	8.569	3.46E-05	16175000
37088_MH_MC	1	3	1	5.7	32.994	5.95E-20	17570000
37130_MH_MC	1	2	2	4.6	85.88	9.00E-13	75003000
37163_MH_MC	6	7	7	21.4	54.546	1.35E-51	347830000
12627_MH_MC	6	7	7	21.4	54.546	1.35E-51	347830000
96603_MH_MC	6	7	7	21.4	54.546	1.35E-51	347830000
24841_MH_MC	6	7	7	21.4	54.546	1.35E-51	347830000
133159_MH_MC	6	7	7	21.4	54.546	1.35E-51	347830000
19752_MH_MC	6	7	7	21.4	54.546	1.35E-51	347830000
37181_MH_MC	1	1	1	4.5	56.627	0.0002606	18302000
37214_MH_MC	1	4	4	18.1	35.547	3.38E-91	234380000
37312_MH_MC	1	2	2	27.2	10.734	0.0002621	52959000
37350_MH_MC	2	2	2	21.5	9.6123	2.69E-05	123100000
135090_MH_MC	2	2	2	21.5	9.6123	2.69E-05	123100000
37360_MH_MC	1	4	4	17.6	28.349	3.87E-27	357570000
37365_MH_MC	2	9	9	29.5	35.809	7.32E-37	2134200000
156411_MH_MC	2	9	9	29.5	35.809	7.32E-37	2134200000
37399_MH_MC	1	3	3	10.9	35.174	2.90E-10	80785000
37404_MH_MC	1	1	1	3.9	36.059	0.00056412	39125000
5183_MH_MC	3	3	3	10.4	36.15	1.33E-09	46105000
5182_MH_MC	3	3	3	10.4	36.15	1.33E-09	46105000
37426_MH_MC	3	3	3	10.4	36.15	1.33E-09	46105000
37448_MH_MC	2	7	7	59.3	12.206	3.66E-26	1433000000
103921_MH_MC	2	7	7	59.3	12.206	3.66E-26	1433000000
37475_MH_MC	1	1	1	1.6	62.173	0.030734	109070000
37507_MH_MC	5	4	4	18.9	38.893	1.60E-23	339110000
130504_MH_MC	5	4	4	18.9	38.893	1.60E-23	339110000
20249_MH_MC	5	4	4	18.9	38.893	1.60E-23	339110000
13125_MH_MC	5	4	4	18.9	38.893	1.60E-23	339110000
160046_MH_MC	5	4	4	18.9	38.893	1.60E-23	339110000
37577_MH_MC	4	3	3	26.1	14.526	1.09E-25	711700000
11856_MH_MC	4	3	3	26.1	14.526	1.09E-25	711700000
136016_MH_MC	4	3	3	26.1	14.526	1.09E-25	711700000
158450_MH_MC	4	3	3	26.1	14.526	1.09E-25	711700000
37689_MH_MC	1	1	1	7.2	18.437	0.00037039	14282000
37707_MH_MC	1	1	1	11.6	10.118	8.66E-05	120210000
37742_MH_MC	1	1	1	7.1	16.539	0.0050181	20626000
37775_MH_MC	1	1	1	4.9	38.109	0.018364	0
37917_MH_MC	1	4	4	40.2	15.326	2.54E-07	260300000
38012_MH_MC	1	1	1	3.9	23.269	0.017613	15593000
38227_MH_MC	1	6	6	46.8	18.188	7.72E-110	1152800000
38391_MH_MC	1	1	1	0.5	240.5	0.00030587	5399000
38613_MH_MC	1	8	7	31.1	26.188	1.14E-32	1454900000
38620_MH_MC	1	3	2	8.2	23.943	4.39E-05	64571000
38647_MH_MC	1	8	8	25.5	33.981	2.89E-43	1414900000
38674_MH_MC	1	6	4	13.6	34.972	2.60E-75	2522600000
38688_MH_MC	4	18	7	23.9	44.462	2.06E-162	15275000000
131053_MH_MC	4	18	7	23.9	44.462	2.06E-162	15275000000
20126_MH_MC	4	18	7	23.9	44.462	2.06E-162	15275000000
13012_MH_MC	4	18	7	23.9	44.462	2.06E-162	15275000000
38693_MH_MC	3	4	4	5.8	70.191	1.46E-07	195280000
126915_MH_MC	3	4	4	5.8	70.191	1.46E-07	195280000
155375_MH_MC	3	4	4	5.8	70.191	1.46E-07	195280000
3873_MH_MC	7	2	2	12.3	22.22	1.85E-05	0
27359_MH_MC	7	2	2	12.3	22.22	1.85E-05	0
65348_MH_MC	7	2	2	12.3	22.22	1.85E-05	0
4847_MH_MC	7	2	2	12.3	22.22	1.85E-05	0
35654_MH_MC	7	2	2	12.3	22.22	1.85E-05	0
35653_MH_MC	7	2	2	12.3	22.22	1.85E-05	0
18684_MH_MC	7	2	2	12.3	22.22	1.85E-05	0
38837_MH_MC	1	6	6	25.6	22.686	6.98E-52	2809600000
39163_MH_MC	1	1	1	9.9	16.311	0.00016995	14255000
39278_MH_MC	1	1	1	16.1	9.738	0.0013078	54796000
39465_MH_MC	1	1	1	9.1	15.941	2.71E-05	0
39491_MH_MC	2	1	1	3.7	31.718	0.018762	0
6732_MH_MC	2	1	1	3.7	31.718	0.018762	0
39554_MH_MC	1	3	3	36	8.4507	4.26E-06	173950000
39587_MH_MC	1	2	2	32.9	8.6352	2.89E-11	30105000
39681_MH_MC	2	2	2	20.9	12.859	0.00024588	69756000
25649_MH_MC	2	2	2	20.9	12.859	0.00024588	69756000
39832_MH_MC	1	1	1	18.2	7.7977	0.0048485	28742000
40096_MH_MC	1	4	0	0	30.672	1.08E-73	807720000
40097_MH_MC	3	5	1	4.5	41.014	8.14E-66	2296400000
41158_MH_MC	3	5	1	4.5	41.014	8.14E-66	2296400000
41155_MH_MC	3	5	1	4.5	41.014	8.14E-66	2296400000
40180_MH_MC	1	1	1	8.1	12.906	0.030099	93100000
40218_MH_MC	1	1	1	8.9	17.937	0.0060661	0
40223_MH_MC	1	1	1	11.7	8.7139	0.0030511	279680000
40246_MH_MC	2	3	3	19.9	30.678	7.02E-35	193080000
12244_MH_MC	2	3	3	19.9	30.678	7.02E-35	193080000
40268_MH_MC	5	10	10	32.3	44.609	2.50E-38	311970000
129230_MH_MC	5	10	10	32.3	44.609	2.50E-38	311970000
163018_MH_MC	5	10	10	32.3	44.609	2.50E-38	311970000
108618_MH_MC	5	10	10	32.3	44.609	2.50E-38	311970000
22252_MH_MC	5	10	10	32.3	44.609	2.50E-38	311970000
40270_MH_MC	1	2	2	4.6	49.205	3.77E-05	96301000
40303_MH_MC	4	7	7	32.7	29.136	3.17E-35	338180000
121422_MH_MC	4	7	7	32.7	29.136	3.17E-35	338180000
22890_MH_MC	4	7	7	32.7	29.136	3.17E-35	338180000
15472_MH_MC	4	7	7	32.7	29.136	3.17E-35	338180000
40306_MH_MC	1	1	1	6.2	18.202	7.79E-06	17287000
40307_MH_MC	1	3	2	9.8	24.778	2.48E-31	159620000
40312_MH_MC	1	1	1	4.7	34.299	0.018063	0
40316_MH_MC	3	2	2	5.8	52.283	7.98E-14	453020000
93252_MH_MC	3	2	2	5.8	52.283	7.98E-14	453020000
7309_MH_MC	3	2	2	5.8	52.283	7.98E-14	453020000
40317_MH_MC	1	2	2	3.7	73.855	2.48E-05	0
40329_MH_MC	2	1	1	1.4	90.8	2.18E-05	16593000
81051_MH_MC	2	1	1	1.4	90.8	2.18E-05	16593000
40332_MH_MC	4	5	5	3.5	188.66	1.61E-14	184900000
23841_MH_MC	4	5	5	3.5	188.66	1.61E-14	184900000
90391_MH_MC	4	5	5	3.5	188.66	1.61E-14	184900000
16184_MH_MC	4	5	5	3.5	188.66	1.61E-14	184900000
40337_MH_MC	5	2	2	2.4	111.58	6.06E-06	47446000
27469_MH_MC	5	2	2	2.4	111.58	6.06E-06	47446000
18763_MH_MC	5	2	2	2.4	111.58	6.06E-06	47446000
171723_MH_MC	5	2	2	2.4	111.58	6.06E-06	47446000
96228_MH_MC	5	2	2	2.4	111.58	6.06E-06	47446000
40338_MH_MC	3	3	3	2.6	144.24	2.49E-23	127450000
15844_MH_MC	3	3	3	2.6	144.24	2.49E-23	127450000
120950_MH_MC	3	3	3	2.6	144.24	2.49E-23	127450000
40340_MH_MC	1	1	1	1.3	69.309	0.022156	0
40341_MH_MC	4	4	4	9.1	63.019	7.18E-12	136410000
12099_MH_MC	4	4	4	9.1	63.019	7.18E-12	136410000
135243_MH_MC	4	4	4	9.1	63.019	7.18E-12	136410000
158748_MH_MC	4	4	4	9.1	63.019	7.18E-12	136410000
40349_MH_MC	2	4	4	6.8	100.73	3.89E-21	67837000
131083_MH_MC	2	4	4	6.8	100.73	3.89E-21	67837000
40363_MH_MC	2	4	4	17.8	39.817	1.90E-19	125080000
138655_MH_MC	2	4	4	17.8	39.817	1.90E-19	125080000
40370_MH_MC	2	20	20	62.9	52.853	4.34E-183	2434400000
43124_MH_MC	2	20	20	62.9	52.853	4.34E-183	2434400000
40377_MH_MC	1	1	1	2.3	47.504	0.002019	0
40385_MH_MC	2	6	6	14	58.086	6.82E-52	439720000
4494_MH_MC	2	6	6	14	58.086	6.82E-52	439720000
40389_MH_MC	1	2	2	20	15.546	8.50E-29	128830000
40451_MH_MC	1	7	4	20.7	28.224	9.98E-18	784760000
40475_MH_MC	1	1	1	5.2	19.604	3.78E-05	604540000
40476_MH_MC	2	3	3	16.1	24.376	2.01E-14	0
21138_MH_MC	2	3	3	16.1	24.376	2.01E-14	0
40481_MH_MC	1	5	5	28.2	22.907	1.05E-11	149500000
7328_MH_MC	2	2	2	20.9	15.522	3.97E-17	43753000
40487_MH_MC	2	2	2	20.9	15.522	3.97E-17	43753000
40502_MH_MC	2	3	3	15.9	18.564	1.30E-08	320840000
REV__55828_MH_MC	2	3	3	15.9	18.564	1.30E-08	320840000
40541_MH_MC	6	11	11	37.7	51.281	4.25E-41	655040000
73729_MH_MC	6	11	11	37.7	51.281	4.25E-41	655040000
167626_MH_MC	6	11	11	37.7	51.281	4.25E-41	655040000
17026_MH_MC	6	11	11	37.7	51.281	4.25E-41	655040000
25067_MH_MC	6	11	11	37.7	51.281	4.25E-41	655040000
167625_MH_MC	6	11	11	37.7	51.281	4.25E-41	655040000
7364_MH_MC	2	1	1	5.2	25.472	0.032474	0
40546_MH_MC	2	1	1	5.2	25.472	0.032474	0
40554_MH_MC	5	10	10	23.9	47.833	3.39E-26	353980000
20930_MH_MC	5	10	10	23.9	47.833	3.39E-26	353980000
126222_MH_MC	5	10	10	23.9	47.833	3.39E-26	353980000
159601_MH_MC	5	10	10	23.9	47.833	3.39E-26	353980000
12785_MH_MC	5	10	10	23.9	47.833	3.39E-26	353980000
40559_MH_MC	1	1	1	1.1	81.611	0.012865	14338000
40564_MH_MC	1	1	1	8.9	20.15	0.00084259	12484000
40570_MH_MC	1	4	1	4.5	25.711	1.45E-13	131970000
40587_MH_MC	2	1	1	0.9	134.78	0.0052723	16781000
81469_MH_MC	2	1	1	0.9	134.78	0.0052723	16781000
40606_MH_MC	7	5	5	21.3	36.988	5.76E-145	243380000
22091_MH_MC	7	5	5	21.3	36.988	5.76E-145	243380000
23384_MH_MC	7	5	5	21.3	36.988	5.76E-145	243380000
122846_MH_MC	7	5	5	21.3	36.988	5.76E-145	243380000
123772_MH_MC	7	5	5	21.3	36.988	5.76E-145	243380000
136558_MH_MC	7	5	5	21.3	36.988	5.76E-145	243380000
158204_MH_MC	7	5	5	21.3	36.988	5.76E-145	243380000
40608_MH_MC	2	9	4	10.9	64.93	1.39E-89	1190900000
134860_MH_MC	2	9	4	10.9	64.93	1.39E-89	1190900000
40624_MH_MC	3	8	8	25.5	41.214	1.21E-38	1072200000
81965_MH_MC	3	8	8	25.5	41.214	1.21E-38	1072200000
65301_MH_MC	3	8	8	25.5	41.214	1.21E-38	1072200000
40637_MH_MC	1	2	2	13.7	21.24	1.15E-51	777700000
40665_MH_MC	3	3	3	5.2	68.945	3.10E-07	39603000
157505_MH_MC	3	3	3	5.2	68.945	3.10E-07	39603000
11205_MH_MC	3	3	3	5.2	68.945	3.10E-07	39603000
40743_MH_MC	1	2	2	33.3	8.1524	1.29E-12	494560000
40876_MH_MC	4	6	6	22.3	43.204	1.20E-41	563750000
22454_MH_MC	4	6	6	22.3	43.204	1.20E-41	563750000
87228_MH_MC	4	6	6	22.3	43.204	1.20E-41	563750000
15134_MH_MC	4	6	6	22.3	43.204	1.20E-41	563750000
40881_MH_MC	1	2	2	8.4	31.645	4.13E-08	28691000
40902_MH_MC	3	8	8	19.3	45.643	2.82E-22	545350000
22598_MH_MC	3	8	8	19.3	45.643	2.82E-22	545350000
132500_MH_MC	3	8	8	19.3	45.643	2.82E-22	545350000
40905_MH_MC	3	7	7	24.4	46.558	3.06E-30	191470000
18370_MH_MC	3	7	7	24.4	46.558	3.06E-30	191470000
26961_MH_MC	3	7	7	24.4	46.558	3.06E-30	191470000
40909_MH_MC	1	1	1	7.5	27.055	7.19E-05	12122000
40926_MH_MC	1	1	1	9.7	11.691	1.43E-06	104560000
40934_MH_MC	3	4	4	23.6	24.53	2.82E-23	773760000
27088_MH_MC	3	4	4	23.6	24.53	2.82E-23	773760000
127025_MH_MC	3	4	4	23.6	24.53	2.82E-23	773760000
40937_MH_MC	2	2	2	9.6	33.246	7.38E-07	36060000
12041_MH_MC	2	2	2	9.6	33.246	7.38E-07	36060000
40938_MH_MC	3	2	2	12.1	33.473	2.36E-19	0
157965_MH_MC	3	2	2	12.1	33.473	2.36E-19	0
11522_MH_MC	3	2	2	12.1	33.473	2.36E-19	0
40946_MH_MC	2	2	2	2.8	87.517	3.19E-10	149250000
6469_MH_MC	2	2	2	2.8	87.517	3.19E-10	149250000
7495_MH_MC	2	1	1	2	67.676	0.00022711	14562000
40947_MH_MC	2	1	1	2	67.676	0.00022711	14562000
40961_MH_MC	7	3	3	3.8	122.46	4.64E-10	48961000
170846_MH_MC	7	3	3	3.8	122.46	4.64E-10	48961000
112235_MH_MC	7	3	3	3.8	122.46	4.64E-10	48961000
26984_MH_MC	7	3	3	3.8	122.46	4.64E-10	48961000
18395_MH_MC	7	3	3	3.8	122.46	4.64E-10	48961000
13876_MH_MC	7	3	3	3.8	122.46	4.64E-10	48961000
161049_MH_MC	7	3	3	3.8	122.46	4.64E-10	48961000
40964_MH_MC	4	2	2	2.4	111.92	3.36E-20	55104000
125723_MH_MC	4	2	2	2.4	111.92	3.36E-20	55104000
13802_MH_MC	4	2	2	2.4	111.92	3.36E-20	55104000
20980_MH_MC	4	2	2	2.4	111.92	3.36E-20	55104000
40984_MH_MC	3	4	4	15.2	39.461	4.84E-22	198900000
137406_MH_MC	3	4	4	15.2	39.461	4.84E-22	198900000
11437_MH_MC	3	4	4	15.2	39.461	4.84E-22	198900000
40992_MH_MC	1	1	1	4.7	36.137	0.00085232	50622000
40999_MH_MC	3	4	4	16.2	36.128	4.45E-11	16647000
7507_MH_MC	3	4	4	16.2	36.128	4.45E-11	16647000
137642_MH_MC	3	4	4	16.2	36.128	4.45E-11	16647000
41003_MH_MC	1	1	1	1.9	61.99	0.0089126	0
41019_MH_MC	1	1	1	7.2	17.617	0.0031586	77289000
41027_MH_MC	1	4	2	16.4	20.118	9.37E-17	149670000
41032_MH_MC	4	2	2	13	15.816	2.69E-05	109160000
20612_MH_MC	4	2	2	13	15.816	2.69E-05	109160000
128631_MH_MC	4	2	2	13	15.816	2.69E-05	109160000
13457_MH_MC	4	2	2	13	15.816	2.69E-05	109160000
41071_MH_MC	1	8	5	36.5	17.154	1.43E-41	1279100000
41104_MH_MC	1	4	4	26.8	19.134	1.60E-28	71844000
41112_MH_MC	1	2	2	12.6	22.08	2.47E-10	118640000
41154_MH_MC	1	4	0	0	34.786	1.05E-20	127510000
41156_MH_MC	1	4	1	9.3	28.797	3.30E-83	372510000
412_MH_MC	1	1	1	8.3	20.112	0.00013334	34383000
41205_MH_MC	1	7	1	6.3	24.318	8.20E-54	726740000
41220_MH_MC	4	10	10	20.1	63.884	1.60E-47	1258700000
19161_MH_MC	4	10	10	20.1	63.884	1.60E-47	1258700000
27966_MH_MC	4	10	10	20.1	63.884	1.60E-47	1258700000
70319_MH_MC	4	10	10	20.1	63.884	1.60E-47	1258700000
41228_MH_MC	1	1	1	1.9	76.469	0.0004152	9567100
41239_MH_MC	1	2	2	3.2	80.3	0.00016237	0
41246_MH_MC	4	7	7	8.9	100.09	3.68E-19	106470000
14264_MH_MC	4	7	7	8.9	100.09	3.68E-19	106470000
111914_MH_MC	4	7	7	8.9	100.09	3.68E-19	106470000
99957_MH_MC	4	7	7	8.9	100.09	3.68E-19	106470000
41289_MH_MC	6	4	4	4.5	99.461	5.99E-09	105110000
21107_MH_MC	6	4	4	4.5	99.461	5.99E-09	105110000
123837_MH_MC	6	4	4	4.5	99.461	5.99E-09	105110000
13945_MH_MC	6	4	4	4.5	99.461	5.99E-09	105110000
25466_MH_MC	6	4	4	4.5	99.461	5.99E-09	105110000
17316_MH_MC	6	4	4	4.5	99.461	5.99E-09	105110000
41302_MH_MC	1	1	1	11.9	10.008	0.00023123	38461000
41455_MH_MC	1	1	1	6.7	17.247	0.0033852	0
41474_MH_MC	4	8	8	24.2	44.203	1.33E-85	993120000
26965_MH_MC	4	8	8	24.2	44.203	1.33E-85	993120000
95085_MH_MC	4	8	8	24.2	44.203	1.33E-85	993120000
18380_MH_MC	4	8	8	24.2	44.203	1.33E-85	993120000
41506_MH_MC	1	4	4	11.4	47.341	7.77E-13	75583000
41508_MH_MC	2	3	3	8.4	46.576	6.27E-10	106380000
158563_MH_MC	2	3	3	8.4	46.576	6.27E-10	106380000
41528_MH_MC	2	6	6	27.7	29.916	8.96E-22	408490000
138945_MH_MC	2	6	6	27.7	29.916	8.96E-22	408490000
41530_MH_MC	3	3	3	14.3	34.881	2.50E-09	74655000
20200_MH_MC	3	3	3	14.3	34.881	2.50E-09	74655000
130732_MH_MC	3	3	3	14.3	34.881	2.50E-09	74655000
41543_MH_MC	2	7	7	10.7	74.941	4.20E-14	400740000
137374_MH_MC	2	7	7	10.7	74.941	4.20E-14	400740000
41547_MH_MC	1	1	1	2	82.667	1.42E-12	34445000
41548_MH_MC	2	1	1	2.1	62.612	0.012063	14792000
7673_MH_MC	2	1	1	2.1	62.612	0.012063	14792000
41559_MH_MC	2	9	8	24.5	48.978	5.91E-79	1017300000
7675_MH_MC	2	9	8	24.5	48.978	5.91E-79	1017300000
41573_MH_MC	5	4	4	5.5	130.15	1.80E-17	11255000
7680_MH_MC	5	4	4	5.5	130.15	1.80E-17	11255000
84504_MH_MC	5	4	4	5.5	130.15	1.80E-17	11255000
22462_MH_MC	5	4	4	5.5	130.15	1.80E-17	11255000
15143_MH_MC	5	4	4	5.5	130.15	1.80E-17	11255000
82124_MH_MC	3	7	7	5.8	155.76	3.51E-20	406130000
46933_MH_MC	3	7	7	5.8	155.76	3.51E-20	406130000
41577_MH_MC	3	7	7	5.8	155.76	3.51E-20	406130000
41584_MH_MC	5	8	8	14.6	98.749	4.59E-88	261790000
21840_MH_MC	5	8	8	14.6	98.749	4.59E-88	261790000
14675_MH_MC	5	8	8	14.6	98.749	4.59E-88	261790000
90248_MH_MC	5	8	8	14.6	98.749	4.59E-88	261790000
14674_MH_MC	5	8	8	14.6	98.749	4.59E-88	261790000
41602_MH_MC	1	4	4	14.5	35.068	4.17E-41	396440000
41608_MH_MC	1	1	1	1.7	74.213	0.019572	0
41641_MH_MC	1	3	3	20.6	19.133	6.29E-09	96495000
41642_MH_MC	2	5	5	41.1	17.182	5.90E-34	1587100000
108415_MH_MC	2	5	5	41.1	17.182	5.90E-34	1587100000
41655_MH_MC	1	1	1	4.6	17.312	0.024312	0
41694_MH_MC	1	3	3	27.7	17.096	1.14E-13	512560000
41704_MH_MC	1	1	1	5	23.017	0.013052	29637000
41705_MH_MC	1	2	2	15.9	17.648	0.00012672	314680000
41723_MH_MC	1	3	3	16.3	23.208	1.78E-09	228400000
41741_MH_MC	5	8	8	51.6	18.073	3.03E-186	1586500000
7719_MH_MC	5	8	8	51.6	18.073	3.03E-186	1586500000
136197_MH_MC	5	8	8	51.6	18.073	3.03E-186	1586500000
158371_MH_MC	5	8	8	51.6	18.073	3.03E-186	1586500000
11800_MH_MC	5	8	8	51.6	18.073	3.03E-186	1586500000
41782_MH_MC	1	1	1	4.9	30.891	0.0024565	8673400
41784_MH_MC	6	6	6	5.6	131.77	9.01E-19	66294000
25375_MH_MC	6	6	6	5.6	131.77	9.01E-19	66294000
93782_MH_MC	6	6	6	5.6	131.77	9.01E-19	66294000
17257_MH_MC	6	6	6	5.6	131.77	9.01E-19	66294000
159983_MH_MC	6	6	6	5.6	131.77	9.01E-19	66294000
20195_MH_MC	6	6	6	5.6	131.77	9.01E-19	66294000
41867_MH_MC	5	9	9	17.1	74.552	7.98E-58	277340000
126665_MH_MC	5	9	9	17.1	74.552	7.98E-58	277340000
26893_MH_MC	5	9	9	17.1	74.552	7.98E-58	277340000
121244_MH_MC	5	9	9	17.1	74.552	7.98E-58	277340000
18330_MH_MC	5	9	9	17.1	74.552	7.98E-58	277340000
41882_MH_MC	3	3	3	7.4	43.686	2.50E-07	147810000
21841_MH_MC	3	3	3	7.4	43.686	2.50E-07	147810000
123667_MH_MC	3	3	3	7.4	43.686	2.50E-07	147810000
41940_MH_MC	2	3	3	27.6	12.3	1.66E-06	238490000
157379_MH_MC	2	3	3	27.6	12.3	1.66E-06	238490000
41946_MH_MC	1	1	1	35	9.3769	1.59E-12	112030000
41976_MH_MC	1	1	1	5.8	31.778	7.76E-14	66172000
42061_MH_MC	1	1	1	8.4	10.751	0.014422	396830000
42088_MH_MC	1	4	4	16.2	37.453	6.69E-19	243420000
42089_MH_MC	2	13	9	33.5	39.923	1.04E-180	2515900000
125026_MH_MC	2	13	9	33.5	39.923	1.04E-180	2515900000
42101_MH_MC	1	1	1	3.8	45.677	1.32E-06	30097000
42125_MH_MC	1	2	2	15.8	22.923	8.00E-16	181860000
7856_MH_MC	4	4	4	19.4	33.035	6.64E-75	461730000
42138_MH_MC	4	4	4	19.4	33.035	6.64E-75	461730000
122991_MH_MC	4	4	4	19.4	33.035	6.64E-75	461730000
18147_MH_MC	4	4	4	19.4	33.035	6.64E-75	461730000
42143_MH_MC	1	2	2	6.5	30.152	0.00051694	51406000
7863_MH_MC	2	2	2	6.2	47.939	1.48E-06	121580000
42178_MH_MC	2	2	2	6.2	47.939	1.48E-06	121580000
42180_MH_MC	3	2	2	6.1	53.295	3.27E-46	34299000
19714_MH_MC	3	2	2	6.1	53.295	3.27E-46	34299000
12585_MH_MC	3	2	2	6.1	53.295	3.27E-46	34299000
42181_MH_MC	6	17	17	22.1	113.93	1.56E-131	1147300000
54338_MH_MC	6	17	17	22.1	113.93	1.56E-131	1147300000
19322_MH_MC	6	17	17	22.1	113.93	1.56E-131	1147300000
28198_MH_MC	6	17	17	22.1	113.93	1.56E-131	1147300000
19323_MH_MC	6	17	17	22.1	113.93	1.56E-131	1147300000
19321_MH_MC	6	17	17	22.1	113.93	1.56E-131	1147300000
42189_MH_MC	3	2	2	3.6	73.768	1.11E-14	47603000
20936_MH_MC	3	2	2	3.6	73.768	1.11E-14	47603000
130465_MH_MC	3	2	2	3.6	73.768	1.11E-14	47603000
42192_MH_MC	1	1	1	1.2	86.262	0.0092472	0
42194_MH_MC	2	7	7	9.2	97.321	1.47E-23	189100000
136410_MH_MC	2	7	7	9.2	97.321	1.47E-23	189100000
42199_MH_MC	2	6	6	15.5	41.27	7.66E-36	427640000
19075_MH_MC	2	6	6	15.5	41.27	7.66E-36	427640000
42207_MH_MC	1	1	1	9.4	17.392	7.67E-10	0
7866_MH_MC	2	1	1	6.5	22.576	1.16E-10	13145000
42217_MH_MC	2	1	1	6.5	22.576	1.16E-10	13145000
42300_MH_MC	2	5	5	41.1	18.352	7.87E-59	660780000
21441_MH_MC	2	5	5	41.1	18.352	7.87E-59	660780000
42303_MH_MC	1	1	1	7.3	23.199	1.44E-10	0
42357_MH_MC	1	4	1	7.7	25.966	2.66E-44	60459000
42368_MH_MC	2	4	4	26.9	18.44	3.12E-21	329350000
10457_MH_MC	2	4	4	26.9	18.44	3.12E-21	329350000
42393_MH_MC	2	2	2	5.3	49.653	5.22E-19	89268000
26778_MH_MC	2	2	2	5.3	49.653	5.22E-19	89268000
42417_MH_MC	3	5	5	36.4	17.26	2.15E-21	1942300000
7929_MH_MC	3	5	5	36.4	17.26	2.15E-21	1942300000
7930_MH_MC	3	5	5	36.4	17.26	2.15E-21	1942300000
42461_MH_MC	2	8	2	6.4	39.883	2.54E-32	2570700000
62881_MH_MC	2	8	2	6.4	39.883	2.54E-32	2570700000
42510_MH_MC	1	1	1	1.1	132.35	0.002839	12222000
42542_MH_MC	1	1	1	11.6	11.262	0.00012625	23109000
42549_MH_MC	2	6	5	21.3	33.585	1.41E-18	223270000
13681_MH_MC	2	6	5	21.3	33.585	1.41E-18	223270000
42550_MH_MC	1	2	2	27.3	10.562	6.76E-12	126240000
42582_MH_MC	4	6	6	22.1	23.977	1.17E-16	2939100000
99279_MH_MC	4	6	6	22.1	23.977	1.17E-16	2939100000
28077_MH_MC	4	6	6	22.1	23.977	1.17E-16	2939100000
19237_MH_MC	4	6	6	22.1	23.977	1.17E-16	2939100000
42589_MH_MC	1	2	2	23.6	10.702	1.12E-05	314290000
42637_MH_MC	3	6	6	17.2	45.369	7.33E-38	507950000
113813_MH_MC	3	6	6	17.2	45.369	7.33E-38	507950000
156041_MH_MC	3	6	6	17.2	45.369	7.33E-38	507950000
42716_MH_MC	1	15	15	49.6	43.711	2.37E-191	3501100000
42723_MH_MC	1	1	1	3.2	35.62	0.0080383	17814000
42724_MH_MC	1	1	1	3.1	44.289	0.01606	19233000
42745_MH_MC	1	4	4	22.4	29.734	2.04E-52	292520000
42754_MH_MC	4	9	9	53.3	25.237	7.01E-77	1698100000
8033_MH_MC	4	9	9	53.3	25.237	7.01E-77	1698100000
8032_MH_MC	4	9	9	53.3	25.237	7.01E-77	1698100000
16359_MH_MC	4	9	9	53.3	25.237	7.01E-77	1698100000
42762_MH_MC	1	2	2	9.4	32.29	9.42E-12	98206000
8036_MH_MC	3	3	3	12.1	30.295	4.78E-07	286190000
42764_MH_MC	3	3	3	12.1	30.295	4.78E-07	286190000
138662_MH_MC	3	3	3	12.1	30.295	4.78E-07	286190000
42768_MH_MC	4	14	14	55.7	30.581	1.56E-107	3672200000
20057_MH_MC	4	14	14	55.7	30.581	1.56E-107	3672200000
131421_MH_MC	4	14	14	55.7	30.581	1.56E-107	3672200000
12951_MH_MC	4	14	14	55.7	30.581	1.56E-107	3672200000
42770_MH_MC	3	2	2	9	30.768	1.12E-08	113020000
46914_MH_MC	3	2	2	9	30.768	1.12E-08	113020000
98719_MH_MC	3	2	2	9	30.768	1.12E-08	113020000
42773_MH_MC	1	1	1	5.9	28.976	0.00011926	0
42776_MH_MC	6	11	11	22.2	73.306	9.06E-123	938890000
17328_MH_MC	6	11	11	22.2	73.306	9.06E-123	938890000
21324_MH_MC	6	11	11	22.2	73.306	9.06E-123	938890000
116598_MH_MC	6	11	11	22.2	73.306	9.06E-123	938890000
168301_MH_MC	6	11	11	22.2	73.306	9.06E-123	938890000
90862_MH_MC	6	11	11	22.2	73.306	9.06E-123	938890000
42777_MH_MC	3	6	3	3.8	81.746	2.07E-47	1010800000
120972_MH_MC	3	6	3	3.8	81.746	2.07E-47	1010800000
6489_MH_MC	3	6	3	3.8	81.746	2.07E-47	1010800000
42781_MH_MC	1	2	2	3.2	75.38	9.97E-09	98253000
42795_MH_MC	5	5	5	5.7	129.38	3.96E-19	44800000
27534_MH_MC	5	5	5	5.7	129.38	3.96E-19	44800000
18814_MH_MC	5	5	5	5.7	129.38	3.96E-19	44800000
18813_MH_MC	5	5	5	5.7	129.38	3.96E-19	44800000
15316_MH_MC	5	5	5	5.7	129.38	3.96E-19	44800000
42820_MH_MC	1	1	1	4.1	33.542	1.98E-12	65575000
42823_MH_MC	1	2	2	6.8	36.675	1.63E-13	192580000
42825_MH_MC	2	3	3	8	46.969	2.87E-07	269550000
45546_MH_MC	2	3	3	8	46.969	2.87E-07	269550000
42837_MH_MC	5	4	4	7.9	68.437	1.33E-17	68383000
14119_MH_MC	5	4	4	7.9	68.437	1.33E-17	68383000
21260_MH_MC	5	4	4	7.9	68.437	1.33E-17	68383000
98558_MH_MC	5	4	4	7.9	68.437	1.33E-17	68383000
120055_MH_MC	5	4	4	7.9	68.437	1.33E-17	68383000
42839_MH_MC	3	9	9	30	50.11	2.28E-30	342080000
97343_MH_MC	3	9	9	30	50.11	2.28E-30	342080000
83676_MH_MC	3	9	9	30	50.11	2.28E-30	342080000
42873_MH_MC	1	9	3	13	42.918	2.97E-58	2639600000
42893_MH_MC	2	3	3	11.1	48.594	6.91E-37	101960000
138961_MH_MC	2	3	3	11.1	48.594	6.91E-37	101960000
42907_MH_MC	1	1	1	7	18.498	0.0052291	18163000
42924_MH_MC	2	2	2	18.2	15.877	1.52E-13	86996000
132253_MH_MC	2	2	2	18.2	15.877	1.52E-13	86996000
42925_MH_MC	1	1	1	3.8	23.035	6.61E-05	883980000
42940_MH_MC	3	4	4	20.7	32.35	9.64E-67	1224400000
11600_MH_MC	3	4	4	20.7	32.35	9.64E-67	1224400000
136871_MH_MC	3	4	4	20.7	32.35	9.64E-67	1224400000
42974_MH_MC	1	2	2	14.6	20.555	1.00E-20	198750000
43034_MH_MC	1	6	1	6.9	26.735	2.47E-39	54917000
43045_MH_MC	1	2	2	16.8	15.477	3.82E-10	216940000
8130_MH_MC	2	1	1	1.5	62.681	0.0089606	23000000
43048_MH_MC	2	1	1	1.5	62.681	0.0089606	23000000
43101_MH_MC	3	2	2	10	31.574	3.66E-07	40381000
158169_MH_MC	3	2	2	10	31.574	3.66E-07	40381000
139708_MH_MC	3	2	2	10	31.574	3.66E-07	40381000
43119_MH_MC	2	2	2	11.8	28.05	5.55E-22	93112000
12754_MH_MC	2	2	2	11.8	28.05	5.55E-22	93112000
43138_MH_MC	2	2	2	8.5	28.796	2.88E-06	66070000
130680_MH_MC	2	2	2	8.5	28.796	2.88E-06	66070000
43151_MH_MC	1	1	1	25	8.6312	1.79E-06	68413000
43157_MH_MC	1	2	2	15.7	24.669	2.15E-18	0
43235_MH_MC	1	2	1	18.9	8.2844	4.27E-07	56650000
43266_MH_MC	1	6	1	8	15.528	2.97E-73	0
43283_MH_MC	2	9	2	9.1	30.426	7.80E-105	1243000000
12346_MH_MC	2	9	2	9.1	30.426	7.80E-105	1243000000
43314_MH_MC	3	3	3	11.9	44.601	9.46E-09	129090000
112451_MH_MC	3	3	3	11.9	44.601	9.46E-09	129090000
137740_MH_MC	3	3	3	11.9	44.601	9.46E-09	129090000
43316_MH_MC	2	2	2	6.5	42.483	3.20E-28	171480000
12312_MH_MC	2	2	2	6.5	42.483	3.20E-28	171480000
43317_MH_MC	6	3	3	14.5	37.405	2.04E-10	42532000
8232_MH_MC	6	3	3	14.5	37.405	2.04E-10	42532000
8233_MH_MC	6	3	3	14.5	37.405	2.04E-10	42532000
12400_MH_MC	6	3	3	14.5	37.405	2.04E-10	42532000
8234_MH_MC	6	3	3	14.5	37.405	2.04E-10	42532000
162020_MH_MC	6	3	3	14.5	37.405	2.04E-10	42532000
43330_MH_MC	5	14	9	26.1	53.043	2.12E-234	1839200000
106342_MH_MC	5	14	9	26.1	53.043	2.12E-234	1839200000
105035_MH_MC	5	14	9	26.1	53.043	2.12E-234	1839200000
17634_MH_MC	5	14	9	26.1	53.043	2.12E-234	1839200000
106341_MH_MC	5	14	9	26.1	53.043	2.12E-234	1839200000
43336_MH_MC	1	4	4	16.1	36.381	4.74E-15	80112000
43340_MH_MC	4	9	9	25.4	48.623	7.18E-43	302540000
26787_MH_MC	4	9	9	25.4	48.623	7.18E-43	302540000
100831_MH_MC	4	9	9	25.4	48.623	7.18E-43	302540000
18249_MH_MC	4	9	9	25.4	48.623	7.18E-43	302540000
43383_MH_MC	1	5	5	23.8	23.716	6.37E-29	755850000
43385_MH_MC	1	1	1	4.1	33.743	0.0044264	20059000
43394_MH_MC	1	2	2	2.8	70.398	0.00033772	108440000
43395_MH_MC	1	1	1	1.8	77.228	2.55E-06	30651000
8253_MH_MC	7	3	3	3.9	116.22	5.82E-07	13580000
43413_MH_MC	7	3	3	3.9	116.22	5.82E-07	13580000
24758_MH_MC	7	3	3	3.9	116.22	5.82E-07	13580000
16828_MH_MC	7	3	3	3.9	116.22	5.82E-07	13580000
108503_MH_MC	7	3	3	3.9	116.22	5.82E-07	13580000
22819_MH_MC	7	3	3	3.9	116.22	5.82E-07	13580000
156226_MH_MC	7	3	3	3.9	116.22	5.82E-07	13580000
43416_MH_MC	3	2	2	2.7	87.714	3.17E-05	39219000
20810_MH_MC	3	2	2	2.7	87.714	3.17E-05	39219000
127304_MH_MC	3	2	2	2.7	87.714	3.17E-05	39219000
43420_MH_MC	4	14	14	8.9	192.58	3.57E-65	603010000
18365_MH_MC	4	14	14	8.9	192.58	3.57E-65	603010000
26950_MH_MC	4	14	14	8.9	192.58	3.57E-65	603010000
83215_MH_MC	4	14	14	8.9	192.58	3.57E-65	603010000
43452_MH_MC	3	5	5	15.2	61.136	3.28E-22	18842000
131863_MH_MC	3	5	5	15.2	61.136	3.28E-22	18842000
12871_MH_MC	3	5	5	15.2	61.136	3.28E-22	18842000
43453_MH_MC	1	1	1	2.3	51.299	0.0081191	13484000
43455_MH_MC	1	1	1	2.7	51.573	0.0027912	37015000
43457_MH_MC	5	2	2	3.3	80.905	2.17E-06	39114000
19584_MH_MC	5	2	2	3.3	80.905	2.17E-06	39114000
133845_MH_MC	5	2	2	3.3	80.905	2.17E-06	39114000
157503_MH_MC	5	2	2	3.3	80.905	2.17E-06	39114000
138119_MH_MC	5	2	2	3.3	80.905	2.17E-06	39114000
8271_MH_MC	5	4	4	10.1	53.332	2.50E-10	147040000
43459_MH_MC	5	4	4	10.1	53.332	2.50E-10	147040000
39164_MH_MC	5	4	4	10.1	53.332	2.50E-10	147040000
135903_MH_MC	5	4	4	10.1	53.332	2.50E-10	147040000
138460_MH_MC	5	4	4	10.1	53.332	2.50E-10	147040000
43507_MH_MC	2	2	2	9.6	16.32	0.0017325	21669000
8274_MH_MC	2	2	2	9.6	16.32	0.0017325	21669000
43513_MH_MC	2	1	1	12.3	17.949	3.24E-06	0
8275_MH_MC	2	1	1	12.3	17.949	3.24E-06	0
43524_MH_MC	5	7	7	7.4	146.45	5.58E-81	510900000
27872_MH_MC	5	7	7	7.4	146.45	5.58E-81	510900000
75147_MH_MC	5	7	7	7.4	146.45	5.58E-81	510900000
19073_MH_MC	5	7	7	7.4	146.45	5.58E-81	510900000
172347_MH_MC	5	7	7	7.4	146.45	5.58E-81	510900000
60232_MH_MC	2	1	1	5.3	32.788	0.0026299	19105000
43527_MH_MC	2	1	1	5.3	32.788	0.0026299	19105000
43533_MH_MC	1	1	1	1.7	118.32	0.016108	5949900
43540_MH_MC	1	1	1	12.6	14.458	5.17E-07	0
43568_MH_MC	1	1	1	7.3	21.385	0.00016995	30893000
43573_MH_MC	1	3	3	27.4	18.248	7.31E-18	120460000
43576_MH_MC	5	3	3	17.4	23.524	5.70E-16	100560000
133459_MH_MC	5	3	3	17.4	23.524	5.70E-16	100560000
12557_MH_MC	5	3	3	17.4	23.524	5.70E-16	100560000
19688_MH_MC	5	3	3	17.4	23.524	5.70E-16	100560000
4621_MH_MC	5	3	3	17.4	23.524	5.70E-16	100560000
43581_MH_MC	1	2	2	7.5	24.677	0.00091328	171860000
43588_MH_MC	1	4	4	23.2	22.307	1.40E-23	52630000
43595_MH_MC	1	1	1	19.3	9.5416	3.12E-15	41524000
43611_MH_MC	1	1	1	1.8	106.01	0.0021336	4596000
43640_MH_MC	1	1	1	2.7	47.872	0.015963	29626000
43651_MH_MC	1	1	1	2.2	66.137	0.001474	0
43673_MH_MC	1	1	1	5.5	39.341	1.44E-36	0
43694_MH_MC	1	5	5	11.5	59.08	1.17E-13	303090000
43702_MH_MC	4	5	5	36.7	22.244	4.07E-59	426190000
159851_MH_MC	4	5	5	36.7	22.244	4.07E-59	426190000
12981_MH_MC	4	5	5	36.7	22.244	4.07E-59	426190000
131252_MH_MC	4	5	5	36.7	22.244	4.07E-59	426190000
4374_MH_MC	1	1	1	12.7	8.62	0.018242	28844000
43750_MH_MC	4	6	6	12.1	56.725	1.53E-18	362490000
170029_MH_MC	4	6	6	12.1	56.725	1.53E-18	362490000
26516_MH_MC	4	6	6	12.1	56.725	1.53E-18	362490000
4049_MH_MC	4	6	6	12.1	56.725	1.53E-18	362490000
8391_MH_MC	2	1	1	1.9	64.613	0.01357	18601000
43774_MH_MC	2	1	1	1.9	64.613	0.01357	18601000
43786_MH_MC	3	4	4	8.9	63.984	5.54E-25	64034000
127398_MH_MC	3	4	4	8.9	63.984	5.54E-25	64034000
13641_MH_MC	3	4	4	8.9	63.984	5.54E-25	64034000
43796_MH_MC	1	1	1	10.6	11.063	3.48E-05	128290000
43836_MH_MC	1	2	2	5.5	40.029	1.04E-06	57059000
43838_MH_MC	1	3	2	23.3	15.284	1.62E-19	272940000
43841_MH_MC	1	1	1	3.2	55.72	0.0042607	0
43852_MH_MC	3	4	4	8.2	60.074	4.56E-18	161480000
124176_MH_MC	3	4	4	8.2	60.074	4.56E-18	161480000
13830_MH_MC	3	4	4	8.2	60.074	4.56E-18	161480000
43926_MH_MC	3	2	2	13.6	25.129	4.48E-13	12938000
27127_MH_MC	3	2	2	13.6	25.129	4.48E-13	12938000
171121_MH_MC	3	2	2	13.6	25.129	4.48E-13	12938000
43958_MH_MC	1	1	1	4.6	42.833	0.00073703	20411000
43959_MH_MC	4	5	5	14.4	50.046	1.09E-28	77197000
28081_MH_MC	4	5	5	14.4	50.046	1.09E-28	77197000
66354_MH_MC	4	5	5	14.4	50.046	1.09E-28	77197000
28080_MH_MC	4	5	5	14.4	50.046	1.09E-28	77197000
43965_MH_MC	2	8	8	21.4	48.097	1.52E-22	231760000
165818_MH_MC	2	8	8	21.4	48.097	1.52E-22	231760000
43968_MH_MC	2	1	1	13.2	12.698	0.0015023	31521000
8460_MH_MC	2	1	1	13.2	12.698	0.0015023	31521000
43970_MH_MC	3	4	4	19.8	46.026	2.46E-41	107420000
79809_MH_MC	3	4	4	19.8	46.026	2.46E-41	107420000
26658_MH_MC	3	4	4	19.8	46.026	2.46E-41	107420000
43977_MH_MC	1	1	1	3.1	26.061	0.0035542	0
43980_MH_MC	1	1	1	3.8	28.006	0.0083454	40374000
43985_MH_MC	1	3	1	6.5	19.062	6.53E-18	32521000
44018_MH_MC	1	5	5	25	31.93	2.41E-27	191480000
44028_MH_MC	1	5	5	12.3	69.939	4.63E-29	49737000
44040_MH_MC	4	3	3	3.1	118.17	1.07E-09	0
14295_MH_MC	4	3	3	3.1	118.17	1.07E-09	0
106460_MH_MC	4	3	3	3.1	118.17	1.07E-09	0
137003_MH_MC	4	3	3	3.1	118.17	1.07E-09	0
44043_MH_MC	8	9	9	8.1	136.94	1.49E-18	253490000
28202_MH_MC	8	9	9	8.1	136.94	1.49E-18	253490000
19331_MH_MC	8	9	9	8.1	136.94	1.49E-18	253490000
53600_MH_MC	8	9	9	8.1	136.94	1.49E-18	253490000
53599_MH_MC	8	9	9	8.1	136.94	1.49E-18	253490000
172874_MH_MC	8	9	9	8.1	136.94	1.49E-18	253490000
53601_MH_MC	8	9	9	8.1	136.94	1.49E-18	253490000
172872_MH_MC	8	9	9	8.1	136.94	1.49E-18	253490000
44045_MH_MC	4	5	5	6.2	113.59	1.04E-27	105820000
18104_MH_MC	4	5	5	6.2	113.59	1.04E-27	105820000
26586_MH_MC	4	5	5	6.2	113.59	1.04E-27	105820000
98849_MH_MC	4	5	5	6.2	113.59	1.04E-27	105820000
44049_MH_MC	1	3	3	6.1	81.264	6.28E-11	47684000
44052_MH_MC	8	12	12	15.1	100.13	4.60E-44	655790000
165923_MH_MC	8	12	12	15.1	100.13	4.60E-44	655790000
87216_MH_MC	8	12	12	15.1	100.13	4.60E-44	655790000
16318_MH_MC	8	12	12	15.1	100.13	4.60E-44	655790000
24057_MH_MC	8	12	12	15.1	100.13	4.60E-44	655790000
24058_MH_MC	8	12	12	15.1	100.13	4.60E-44	655790000
165924_MH_MC	8	12	12	15.1	100.13	4.60E-44	655790000
6116_MH_MC	8	12	12	15.1	100.13	4.60E-44	655790000
44058_MH_MC	1	1	1	3.5	38.542	0.024652	0
44063_MH_MC	2	11	11	44.6	41.217	1.32E-86	1111100000
64086_MH_MC	2	11	11	44.6	41.217	1.32E-86	1111100000
44072_MH_MC	1	13	13	49.4	37.428	6.06E-174	10382000000
44074_MH_MC	4	7	7	25.3	36.646	3.41E-22	220180000
76191_MH_MC	4	7	7	25.3	36.646	3.41E-22	220180000
14666_MH_MC	4	7	7	25.3	36.646	3.41E-22	220180000
21832_MH_MC	4	7	7	25.3	36.646	3.41E-22	220180000
44085_MH_MC	1	1	1	3.8	48.616	0.032105	0
44093_MH_MC	5	17	17	37.3	58.5	4.32E-101	1544900000
134450_MH_MC	5	17	17	37.3	58.5	4.32E-101	1544900000
19477_MH_MC	5	17	17	37.3	58.5	4.32E-101	1544900000
12356_MH_MC	5	17	17	37.3	58.5	4.32E-101	1544900000
134294_MH_MC	5	17	17	37.3	58.5	4.32E-101	1544900000
44094_MH_MC	1	1	1	9	14.194	0.0032327	0
44097_MH_MC	1	2	2	19.4	16.895	2.80E-26	975100000
44122_MH_MC	1	4	4	24.4	19.797	3.45E-18	401640000
8491_MH_MC	2	1	1	7.8	17.022	0.0018464	19869000
44137_MH_MC	2	1	1	7.8	17.022	0.0018464	19869000
44141_MH_MC	1	1	1	20.5	9.4528	2.09E-40	0
44154_MH_MC	2	2	2	24.2	14.32	1.41E-11	47163000
139044_MH_MC	2	2	2	24.2	14.32	1.41E-11	47163000
44160_MH_MC	1	1	1	7.2	17.476	5.97E-09	24754000
44183_MH_MC	2	3	3	11.6	28.286	5.83E-07	32802000
124902_MH_MC	2	3	3	11.6	28.286	5.83E-07	32802000
44186_MH_MC	2	6	6	32.3	23.339	1.05E-38	1896900000
156183_MH_MC	2	6	6	32.3	23.339	1.05E-38	1896900000
44195_MH_MC	3	1	1	6.5	21.412	0.017155	66622000
8508_MH_MC	3	1	1	6.5	21.412	0.017155	66622000
8509_MH_MC	3	1	1	6.5	21.412	0.017155	66622000
44196_MH_MC	1	7	7	48.5	21.717	8.69E-56	765710000
44197_MH_MC	1	1	1	6.9	23.195	7.28E-05	47314000
44208_MH_MC	3	3	3	20.8	25.334	9.99E-08	21170000
132038_MH_MC	3	3	3	20.8	25.334	9.99E-08	21170000
12839_MH_MC	3	3	3	20.8	25.334	9.99E-08	21170000
44224_MH_MC	2	3	3	22.3	17.132	2.16E-17	179420000
10035_MH_MC	2	3	3	22.3	17.132	2.16E-17	179420000
44234_MH_MC	3	3	3	12.1	21.898	5.59E-17	655600000
13028_MH_MC	3	3	3	12.1	21.898	5.59E-17	655600000
130969_MH_MC	3	3	3	12.1	21.898	5.59E-17	655600000
44240_MH_MC	1	2	2	9.4	19.933	0.00036021	97973000
44261_MH_MC	8	9	9	7.6	203.1	4.50E-29	196070000
8532_MH_MC	8	9	9	7.6	203.1	4.50E-29	196070000
75586_MH_MC	8	9	9	7.6	203.1	4.50E-29	196070000
27256_MH_MC	8	9	9	7.6	203.1	4.50E-29	196070000
75585_MH_MC	8	9	9	7.6	203.1	4.50E-29	196070000
18594_MH_MC	8	9	9	7.6	203.1	4.50E-29	196070000
8531_MH_MC	8	9	9	7.6	203.1	4.50E-29	196070000
27255_MH_MC	8	9	9	7.6	203.1	4.50E-29	196070000
44473_MH_MC	1	1	1	11.2	11.262	3.27E-06	14315000
44559_MH_MC	2	5	5	28.1	24.254	6.25E-19	391630000
8615_MH_MC	2	5	5	28.1	24.254	6.25E-19	391630000
44587_MH_MC	2	17	17	61.9	43.432	2.43E-214	3909900000
133228_MH_MC	2	17	17	61.9	43.432	2.43E-214	3909900000
44588_MH_MC	3	15	15	59.2	41.58	3.04E-302	1718000000
12170_MH_MC	3	15	15	59.2	41.58	3.04E-302	1718000000
137592_MH_MC	3	15	15	59.2	41.58	3.04E-302	1718000000
44611_MH_MC	1	1	1	3.8	32.308	0.024722	0
44628_MH_MC	1	8	4	48.3	19.616	6.88E-102	1769300000
44633_MH_MC	1	4	4	24.3	25.744	7.61E-31	645950000
44652_MH_MC	5	7	7	47.6	20.938	2.04E-28	485960000
20181_MH_MC	5	7	7	47.6	20.938	2.04E-28	485960000
130775_MH_MC	5	7	7	47.6	20.938	2.04E-28	485960000
159970_MH_MC	5	7	7	47.6	20.938	2.04E-28	485960000
13072_MH_MC	5	7	7	47.6	20.938	2.04E-28	485960000
44655_MH_MC	1	1	1	4	32.021	0.032919	23114000
44675_MH_MC	4	13	13	39.7	52.538	3.85E-98	1495500000
138103_MH_MC	4	13	13	39.7	52.538	3.85E-98	1495500000
11197_MH_MC	4	13	13	39.7	52.538	3.85E-98	1495500000
158699_MH_MC	4	13	13	39.7	52.538	3.85E-98	1495500000
44679_MH_MC	4	11	11	29.9	56.302	8.74E-66	806030000
121970_MH_MC	4	11	11	29.9	56.302	8.74E-66	806030000
11953_MH_MC	4	11	11	29.9	56.302	8.74E-66	806030000
135703_MH_MC	4	11	11	29.9	56.302	8.74E-66	806030000
44681_MH_MC	1	8	8	21.4	53.954	1.53E-27	447320000
44691_MH_MC	5	42	42	30.9	184.12	0	5645000000
24935_MH_MC	5	42	42	30.9	184.12	0	5645000000
88448_MH_MC	5	42	42	30.9	184.12	0	5645000000
16937_MH_MC	5	42	42	30.9	184.12	0	5645000000
32781_MH_MC	5	42	42	30.9	184.12	0	5645000000
44692_MH_MC	6	7	7	2.8	303.14	4.50E-18	81244000
92132_MH_MC	6	7	7	2.8	303.14	4.50E-18	81244000
170360_MH_MC	6	7	7	2.8	303.14	4.50E-18	81244000
26681_MH_MC	6	7	7	2.8	303.14	4.50E-18	81244000
92131_MH_MC	6	7	7	2.8	303.14	4.50E-18	81244000
18170_MH_MC	6	7	7	2.8	303.14	4.50E-18	81244000
44694_MH_MC	2	5	5	4.8	116.66	1.78E-10	54831000
12939_MH_MC	2	5	5	4.8	116.66	1.78E-10	54831000
44700_MH_MC	2	2	2	4.4	74.631	1.39E-50	42007000
23778_MH_MC	2	2	2	4.4	74.631	1.39E-50	42007000
44709_MH_MC	1	3	3	15.8	26.164	1.59E-13	50512000
44717_MH_MC	5	11	11	38.6	42.667	3.76E-56	645200000
24128_MH_MC	5	11	11	38.6	42.667	3.76E-56	645200000
55282_MH_MC	5	11	11	38.6	42.667	3.76E-56	645200000
16372_MH_MC	5	11	11	38.6	42.667	3.76E-56	645200000
55283_MH_MC	5	11	11	38.6	42.667	3.76E-56	645200000
44727_MH_MC	3	11	11	23.2	60.456	5.08E-30	460330000
14078_MH_MC	3	11	11	23.2	60.456	5.08E-30	460330000
121291_MH_MC	3	11	11	23.2	60.456	5.08E-30	460330000
44729_MH_MC	2	9	8	19	58.875	9.08E-24	379870000
126775_MH_MC	2	9	8	19	58.875	9.08E-24	379870000
44737_MH_MC	2	2	2	4.4	63.705	0.00025484	62637000
89404_MH_MC	2	2	2	4.4	63.705	0.00025484	62637000
44753_MH_MC	1	1	1	5.3	19.47	0.029271	80936000
44816_MH_MC	1	3	3	17.3	22	1.98E-15	150050000
44817_MH_MC	2	2	2	12.5	22.905	9.24E-23	467780000
15222_MH_MC	2	2	2	12.5	22.905	9.24E-23	467780000
44844_MH_MC	4	4	4	23.8	25.082	4.67E-71	903060000
107088_MH_MC	4	4	4	23.8	25.082	4.67E-71	903060000
162709_MH_MC	4	4	4	23.8	25.082	4.67E-71	903060000
139109_MH_MC	4	4	4	23.8	25.082	4.67E-71	903060000
44846_MH_MC	1	1	1	4.2	25.041	0.00067429	46129000
44849_MH_MC	3	3	3	15.7	22.016	2.41E-20	372640000
13129_MH_MC	3	3	3	15.7	22.016	2.41E-20	372640000
20251_MH_MC	3	3	3	15.7	22.016	2.41E-20	372640000
44852_MH_MC	2	5	5	42.1	18.048	8.59E-35	2827700000
127940_MH_MC	2	5	5	42.1	18.048	8.59E-35	2827700000
44863_MH_MC	1	4	4	32.3	17.894	3.12E-17	273500000
44866_MH_MC	2	8	8	86.8	13.679	3.26E-64	1212800000
137560_MH_MC	2	8	8	86.8	13.679	3.26E-64	1212800000
44879_MH_MC	2	3	3	20.3	21.015	1.14E-30	97903000
116737_MH_MC	2	3	3	20.3	21.015	1.14E-30	97903000
44884_MH_MC	1	1	1	6.2	17.913	0.0097989	82880000
44904_MH_MC	1	5	5	29.9	20.453	2.76E-19	222610000
44944_MH_MC	1	1	1	6.1	17.407	0.030107	0
45079_MH_MC	1	22	1	2.9	95.396	4.59E-217	2783500000
45092_MH_MC	6	4	4	11.2	49.252	3.61E-70	956840000
27048_MH_MC	6	4	4	11.2	49.252	3.61E-70	956840000
170940_MH_MC	6	4	4	11.2	49.252	3.61E-70	956840000
133232_MH_MC	6	4	4	11.2	49.252	3.61E-70	956840000
18440_MH_MC	6	4	4	11.2	49.252	3.61E-70	956840000
94394_MH_MC	6	4	4	11.2	49.252	3.61E-70	956840000
45104_MH_MC	4	2	2	15.8	17.342	3.75E-14	48913000
8915_MH_MC	4	2	2	15.8	17.342	3.75E-14	48913000
19453_MH_MC	4	2	2	15.8	17.342	3.75E-14	48913000
159032_MH_MC	4	2	2	15.8	17.342	3.75E-14	48913000
45117_MH_MC	3	5	5	13.2	57.377	4.85E-39	85098000
20820_MH_MC	3	5	5	13.2	57.377	4.85E-39	85098000
12144_MH_MC	3	5	5	13.2	57.377	4.85E-39	85098000
45126_MH_MC	2	4	3	27.8	13.89	1.74E-40	1191700000
8942_MH_MC	2	4	3	27.8	13.89	1.74E-40	1191700000
45190_MH_MC	2	4	3	27.6	18.474	2.61E-11	105580000
5191_MH_MC	2	4	3	27.6	18.474	2.61E-11	105580000
45257_MH_MC	1	11	3	7.1	47.253	2.70E-88	2407600000
45346_MH_MC	1	2	2	22	10.519	0.0018455	23545000
45347_MH_MC	1	1	1	23.3	8.723	6.96E-15	37193000
45407_MH_MC	1	2	2	10.8	18.968	2.87E-07	261380000
45497_MH_MC	1	3	3	19.6	19.488	1.12E-10	120480000
45568_MH_MC	1	1	1	10.3	11.529	0.00032401	72876000
45627_MH_MC	1	1	1	14.1	9.6613	7.53E-06	117810000
45694_MH_MC	2	3	3	23	17.251	1.48E-23	1946300000
26858_MH_MC	2	3	3	23	17.251	1.48E-23	1946300000
45775_MH_MC	1	1	1	2.2	58.365	0.017891	0
45828_MH_MC	1	1	1	14.8	12.72	5.47E-10	86514000
45837_MH_MC	3	12	12	62.9	27.663	8.06E-134	15854000000
106419_MH_MC	3	12	12	62.9	27.663	8.06E-134	15854000000
162673_MH_MC	3	12	12	62.9	27.663	8.06E-134	15854000000
45856_MH_MC	1	3	3	26.9	12.933	2.63E-06	67568000
4588_MH_MC	1	1	1	9.1	14.005	0.0077707	42006000
45892_MH_MC	3	2	2	57.4	7.5334	2.34E-22	136950000
10531_MH_MC	3	2	2	57.4	7.5334	2.34E-22	136950000
156367_MH_MC	3	2	2	57.4	7.5334	2.34E-22	136950000
45927_MH_MC	2	3	2	22	9.8785	3.00E-05	232950000
139141_MH_MC	2	3	2	22	9.8785	3.00E-05	232950000
45950_MH_MC	1	1	1	8	38.897	4.96E-08	29572000
45974_MH_MC	1	1	1	15.6	11.628	5.10E-05	29920000
46020_MH_MC	1	3	3	1.8	138.91	6.34E-06	1804100000
46116_MH_MC	1	5	1	8.4	27.248	3.28E-26	25552000
4658_MH_MC	2	3	3	12.9	42.456	4.53E-08	42644000
99482_MH_MC	2	3	3	12.9	42.456	4.53E-08	42644000
46789_MH_MC	2	3	3	32.4	13.142	3.30E-07	307590000
134647_MH_MC	2	3	3	32.4	13.142	3.30E-07	307590000
46849_MH_MC	6	6	6	25.2	34.729	2.68E-18	141810000
14287_MH_MC	6	6	6	25.2	34.729	2.68E-18	141810000
42811_MH_MC	6	6	6	25.2	34.729	2.68E-18	141810000
8044_MH_MC	6	6	6	25.2	34.729	2.68E-18	141810000
161547_MH_MC	6	6	6	25.2	34.729	2.68E-18	141810000
161548_MH_MC	6	6	6	25.2	34.729	2.68E-18	141810000
48817_MH_MC	1	1	1	20.3	7.6373	0.010991	404920000
49426_MH_MC	1	1	1	8.7	12.932	0.0077792	8895800
49884_MH_MC	1	1	1	7	12.277	0.032823	0
5056_MH_MC	4	6	6	11.9	94.53	7.15E-28	108560000
128752_MH_MC	4	6	6	11.9	94.53	7.15E-28	108560000
134541_MH_MC	4	6	6	11.9	94.53	7.15E-28	108560000
131949_MH_MC	4	6	6	11.9	94.53	7.15E-28	108560000
5075_MH_MC	1	1	1	6.4	13.107	0.0014878	251820000
5294_MH_MC	1	1	1	18.8	8.7559	0.00083394	0
5317_MH_MC	1	2	2	33.7	9.6045	2.48E-10	60132000
542_MH_MC	1	2	2	5.2	67.95	8.01E-06	0
55542_MH_MC	1	1	1	3.9	24.482	0.027183	0
5666_MH_MC	1	1	1	7.5	12.45	0.010731	395380000
5667_MH_MC	1	1	1	6.8	24.863	0.00064083	59642000
5697_MH_MC	8	2	2	15.1	21.533	2.68E-16	95432000
23724_MH_MC	8	2	2	15.1	21.533	2.68E-16	95432000
25791_MH_MC	8	2	2	15.1	21.533	2.68E-16	95432000
102793_MH_MC	8	2	2	15.1	21.533	2.68E-16	95432000
9313_MH_MC	8	2	2	15.1	21.533	2.68E-16	95432000
9314_MH_MC	8	2	2	15.1	21.533	2.68E-16	95432000
8200_MH_MC	8	2	2	15.1	21.533	2.68E-16	95432000
4996_MH_MC	8	2	2	15.1	21.533	2.68E-16	95432000
5703_MH_MC	1	2	2	11.4	24.193	9.60E-08	97603000
5827_MH_MC	1	5	4	31.7	21.362	8.95E-27	1065900000
5895_MH_MC	7	2	2	5	65.022	1.78E-12	55755000
21322_MH_MC	7	2	2	5	65.022	1.78E-12	55755000
27369_MH_MC	7	2	2	5	65.022	1.78E-12	55755000
14201_MH_MC	7	2	2	5	65.022	1.78E-12	55755000
110633_MH_MC	7	2	2	5	65.022	1.78E-12	55755000
18692_MH_MC	7	2	2	5	65.022	1.78E-12	55755000
171567_MH_MC	7	2	2	5	65.022	1.78E-12	55755000
5955_MH_MC	1	2	2	4.2	57.157	9.58E-06	74412000
5956_MH_MC	1	1	1	8.6	10.637	0.023922	43657000
6017_MH_MC	4	4	4	45.8	12.397	7.30E-16	98251000
6016_MH_MC	4	4	4	45.8	12.397	7.30E-16	98251000
10130_MH_MC	4	4	4	45.8	12.397	7.30E-16	98251000
12028_MH_MC	4	4	4	45.8	12.397	7.30E-16	98251000
6170_MH_MC	1	1	1	9.7	17.477	0.00088406	14709000
63723_MH_MC	1	1	1	8.3	11.798	0.0037736	32235000
6397_MH_MC	1	1	1	16.2	8.5341	0.0023398	15092000
66205_MH_MC	1	1	1	7.5	11.147	0.021608	0
68055_MH_MC	1	1	1	14.5	8.7662	0.0082609	19923000
6813_MH_MC	1	1	1	13.1	10.943	6.23E-06	127540000
69163_MH_MC	1	1	1	2.8	38.173	0.001269	32468000
71719_MH_MC	1	6	6	36.1	21.792	3.27E-19	1165000000
72965_MH_MC	1	1	1	9.9	9.6155	0.023595	0
7327_MH_MC	1	2	2	13.1	23.92	3.56E-13	164810000
7426_MH_MC	2	4	4	21.6	17.781	1.12E-10	81134000
114029_MH_MC	2	4	4	21.6	17.781	1.12E-10	81134000
747_MH_MC	2	2	2	9	32.299	0.0017587	15378000
29597_MH_MC	2	2	2	9	32.299	0.0017587	15378000
7482_MH_MC	4	6	6	21.4	29.427	3.13E-90	1948500000
129960_MH_MC	4	6	6	21.4	29.427	3.13E-90	1948500000
20366_MH_MC	4	6	6	21.4	29.427	3.13E-90	1948500000
13226_MH_MC	4	6	6	21.4	29.427	3.13E-90	1948500000
7500_MH_MC	3	6	6	15.2	51.975	5.04E-35	1962900000
7499_MH_MC	3	6	6	15.2	51.975	5.04E-35	1962900000
160244_MH_MC	3	6	6	15.2	51.975	5.04E-35	1962900000
7512_MH_MC	1	3	3	22.2	18.026	1.58E-09	57173000
7531_MH_MC	5	2	2	10.9	23.38	4.19E-08	79397000
59270_MH_MC	5	2	2	10.9	23.38	4.19E-08	79397000
21866_MH_MC	5	2	2	10.9	23.38	4.19E-08	79397000
21867_MH_MC	5	2	2	10.9	23.38	4.19E-08	79397000
14692_MH_MC	5	2	2	10.9	23.38	4.19E-08	79397000
7543_MH_MC	2	2	2	15.3	12.185	0.00036434	142370000
7544_MH_MC	2	2	2	15.3	12.185	0.00036434	142370000
7562_MH_MC	1	1	1	3.2	42.375	6.69E-06	108900000
7571_MH_MC	1	1	1	13.3	14.64	0.0067243	0
7581_MH_MC	1	1	1	5.7	20.339	0.0020906	14013000
7819_MH_MC	1	1	1	10.4	10.595	7.81E-06	49368000
78712_MH_MC	1	2	2	9	28.125	1.52E-06	690810000
7874_MH_MC	3	2	2	22.2	15.895	1.04E-16	76263000
7875_MH_MC	3	2	2	22.2	15.895	1.04E-16	76263000
7873_MH_MC	3	2	2	22.2	15.895	1.04E-16	76263000
7882_MH_MC	1	4	4	16.9	23.132	5.67E-23	658750000
7909_MH_MC	3	3	3	5.6	54.468	1.71E-12	362400000
7910_MH_MC	3	3	3	5.6	54.468	1.71E-12	362400000
12132_MH_MC	3	3	3	5.6	54.468	1.71E-12	362400000
79093_MH_MC	1	1	1	10	9.6764	0.014346	18925000
7999_MH_MC	1	5	5	34.8	16.04	1.21E-28	337180000
80055_MH_MC	1	1	1	6.9	15.65	0.022697	31340000
8027_MH_MC	4	7	7	24.8	48.261	1.77E-37	374550000
161097_MH_MC	4	7	7	24.8	48.261	1.77E-37	374550000
13910_MH_MC	4	7	7	24.8	48.261	1.77E-37	374550000
124356_MH_MC	4	7	7	24.8	48.261	1.77E-37	374550000
8030_MH_MC	5	4	4	19.4	27.481	1.84E-37	98569000
100876_MH_MC	5	4	4	19.4	27.481	1.84E-37	98569000
19055_MH_MC	5	4	4	19.4	27.481	1.84E-37	98569000
15864_MH_MC	5	4	4	19.4	27.481	1.84E-37	98569000
164764_MH_MC	5	4	4	19.4	27.481	1.84E-37	98569000
8035_MH_MC	1	1	1	8	26.938	1.37E-24	0
8043_MH_MC	4	15	15	33.5	67.565	3.82E-123	1107900000
26887_MH_MC	4	15	15	33.5	67.565	3.82E-123	1107900000
170705_MH_MC	4	15	15	33.5	67.565	3.82E-123	1107900000
95609_MH_MC	4	15	15	33.5	67.565	3.82E-123	1107900000
8047_MH_MC	3	20	15	30.1	70.2	3.61E-135	5427200000
19949_MH_MC	3	20	15	30.1	70.2	3.61E-135	5427200000
107647_MH_MC	3	20	15	30.1	70.2	3.61E-135	5427200000
8050_MH_MC	4	3	3	12.9	40.019	7.18E-13	128960000
28259_MH_MC	4	3	3	12.9	40.019	7.18E-13	128960000
172980_MH_MC	4	3	3	12.9	40.019	7.18E-13	128960000
19370_MH_MC	4	3	3	12.9	40.019	7.18E-13	128960000
8077_MH_MC	1	1	1	11.4	22.602	1.64E-19	0
80931_MH_MC	1	1	1	21.2	9.3428	5.40E-47	133930000
8142_MH_MC	3	5	5	23.7	28.321	2.43E-20	265510000
136318_MH_MC	3	5	5	23.7	28.321	2.43E-20	265510000
163679_MH_MC	3	5	5	23.7	28.321	2.43E-20	265510000
8248_MH_MC	4	8	8	37.3	24.294	5.49E-54	2054300000
21022_MH_MC	4	8	8	37.3	24.294	5.49E-54	2054300000
8247_MH_MC	4	8	8	37.3	24.294	5.49E-54	2054300000
13847_MH_MC	4	8	8	37.3	24.294	5.49E-54	2054300000
8269_MH_MC	2	2	2	3.9	50.326	0.00094501	0
8270_MH_MC	2	2	2	3.9	50.326	0.00094501	0
8401_MH_MC	2	2	2	3.7	48.871	5.83E-05	126640000
39604_MH_MC	2	2	2	3.7	48.871	5.83E-05	126640000
8469_MH_MC	1	6	6	26.6	28.259	7.40E-42	1453300000
8485_MH_MC	5	3	3	12.3	35.403	5.53E-14	160590000
8486_MH_MC	5	3	3	12.3	35.403	5.53E-14	160590000
15833_MH_MC	5	3	3	12.3	35.403	5.53E-14	160590000
61879_MH_MC	5	3	3	12.3	35.403	5.53E-14	160590000
23389_MH_MC	5	3	3	12.3	35.403	5.53E-14	160590000
8488_MH_MC	6	13	10	34.7	50.67	7.08E-137	1397500000
8487_MH_MC	6	13	10	34.7	50.67	7.08E-137	1397500000
22023_MH_MC	6	13	10	34.7	50.67	7.08E-137	1397500000
162603_MH_MC	6	13	10	34.7	50.67	7.08E-137	1397500000
14808_MH_MC	6	13	10	34.7	50.67	7.08E-137	1397500000
117212_MH_MC	6	13	10	34.7	50.67	7.08E-137	1397500000
8504_MH_MC	1	3	3	20.5	19.655	1.27E-20	19414000
8516_MH_MC	1	1	1	6.5	18.969	0.0033714	61517000
8544_MH_MC	3	4	4	18	29.913	4.52E-07	58749000
165675_MH_MC	3	4	4	18	29.913	4.52E-07	58749000
107437_MH_MC	3	4	4	18	29.913	4.52E-07	58749000
8547_MH_MC	2	1	1	6.9	14.913	0.0021959	51742000
8546_MH_MC	2	1	1	6.9	14.913	0.0021959	51742000
8634_MH_MC	4	4	4	22	31.409	6.00E-32	243740000
8635_MH_MC	4	4	4	22	31.409	6.00E-32	243740000
65325_MH_MC	4	4	4	22	31.409	6.00E-32	243740000
14687_MH_MC	4	4	4	22	31.409	6.00E-32	243740000
8642_MH_MC	9	9	9	17.4	74.41	1.17E-28	289260000
9195_MH_MC	9	9	9	17.4	74.41	1.17E-28	289260000
9220_MH_MC	9	9	9	17.4	74.41	1.17E-28	289260000
5014_MH_MC	9	9	9	17.4	74.41	1.17E-28	289260000
5013_MH_MC	9	9	9	17.4	74.41	1.17E-28	289260000
20532_MH_MC	9	9	9	17.4	74.41	1.17E-28	289260000
13388_MH_MC	9	9	9	17.4	74.41	1.17E-28	289260000
4628_MH_MC	9	9	9	17.4	74.41	1.17E-28	289260000
37911_MH_MC	9	9	9	17.4	74.41	1.17E-28	289260000
86915_MH_MC	1	1	1	7.8	13.736	0.024159	17465000
8693_MH_MC	1	2	2	11.1	26.026	0.00013288	180290000
8757_MH_MC	3	2	2	11.8	21.851	5.28E-05	86082000
91737_MH_MC	3	2	2	11.8	21.851	5.28E-05	86082000
23268_MH_MC	3	2	2	11.8	21.851	5.28E-05	86082000
88686_MH_MC	1	1	1	12.4	14.282	0.028991	0
889_MH_MC	2	5	5	43.5	21.922	1.21E-82	2077500000
156335_MH_MC	2	5	5	43.5	21.922	1.21E-82	2077500000
90336_MH_MC	1	1	1	13.1	7.3867	0.023595	0
90470_MH_MC	1	3	1	2.6	50.078	7.32E-10	62656000
90957_MH_MC	1	1	1	12.4	10.492	0.0080546	0
9136_MH_MC	1	4	1	12.4	13.858	1.38E-17	96759000
91476_MH_MC	1	2	2	11.4	28.121	1.78E-05	11462000
9273_MH_MC	1	1	1	4.5	19.296	0.021788	146310000
92739_MH_MC	1	1	1	8.1	14.64	0.028803	7911500
93495_MH_MC	1	1	1	11.9	11.481	0.044847	27743000
93633_MH_MC	2	2	1	3.6	45.135	6.04E-05	18732000
16432_MH_MC	2	2	1	3.6	45.135	6.04E-05	18732000
94273_MH_MC	1	1	1	7.9	15.504	0.043383	0
9670_MH_MC	1	5	4	25.6	19.128	2.61E-113	2265800000
9772_MH_MC	1	1	1	7.6	12.322	0.02468	29751000
9908_MH_MC	1	1	1	7.5	14.782	0.0013429	0
99426_MH_MC	1	1	1	11	18.298	9.52E-06	43266000
CON__P00761	1	4	4	27.3	24.409	8.57E-73	3215400000
CON__P02533	11	13	8	24.6	51.621	9.15E-92	580470000
CON__Q6IFX2	11	13	8	24.6	51.621	9.15E-92	580470000
CON__Q9QWL7	11	13	8	24.6	51.621	9.15E-92	580470000
CON__Q04695	11	13	8	24.6	51.621	9.15E-92	580470000
CON__A2A4G1	11	13	8	24.6	51.621	9.15E-92	580470000
CON__P19012	11	13	8	24.6	51.621	9.15E-92	580470000
CON__Q61782	11	13	8	24.6	51.621	9.15E-92	580470000
CON__Q7Z3Y9	11	13	8	24.6	51.621	9.15E-92	580470000
CON__Q9D312	11	13	8	24.6	51.621	9.15E-92	580470000
CON__P35900	11	13	8	24.6	51.621	9.15E-92	580470000
CON__Q8N1A0	11	13	8	24.6	51.621	9.15E-92	580470000
CON__P02538	7	13	2	5.1	60.044	9.15E-38	338290000
CON__P04259	7	13	2	5.1	60.044	9.15E-38	338290000
CON__P48668	7	13	2	5.1	60.044	9.15E-38	338290000
CON__P05787	7	13	2	5.1	60.044	9.15E-38	338290000
CON__P12035	7	13	2	5.1	60.044	9.15E-38	338290000
CON__P19013	7	13	2	5.1	60.044	9.15E-38	338290000
CON__H-INV:HIT000292931	7	13	2	5.1	60.044	9.15E-38	338290000
CON__P02676	1	1	1	2	56.44	3.15E-05	228570000
CON__P04264	2	27	19	42.4	66.017	0	9098800000
CON__H-INV:HIT000016045	2	27	19	42.4	66.017	0	9098800000
CON__P19001	4	3	1	2.2	44.541	6.73E-10	32734000
CON__P08727	4	3	1	2.2	44.541	6.73E-10	32734000
36872_MH_MC	4	3	1	2.2	44.541	6.73E-10	32734000
CON__P05784	4	3	1	2.2	44.541	6.73E-10	32734000
CON__P08779	3	12	7	20.5	51.267	3.86E-39	78841000
CON__Q3ZAW8	3	12	7	20.5	51.267	3.86E-39	78841000
CON__Q9Z2K1	3	12	7	20.5	51.267	3.86E-39	78841000
CON__P13645	7	17	14	34.9	59.51	0	3092300000
CON__P02535-1	7	17	14	34.9	59.51	0	3092300000
CON__Q7Z3Y8	7	17	14	34.9	59.51	0	3092300000
CON__Q7Z3Y7	7	17	14	34.9	59.51	0	3092300000
CON__Q148H6	7	17	14	34.9	59.51	0	3092300000
CON__Q7Z3Z0	7	17	14	34.9	59.51	0	3092300000
CON__Q2M2I5	7	17	14	34.9	59.51	0	3092300000
CON__P13647	18	12	1	1.5	62.378	8.31E-32	230100000
CON__Q8VED5	18	12	1	1.5	62.378	8.31E-32	230100000
37766_MH_MC	18	12	1	1.5	62.378	8.31E-32	230100000
CON__O95678	18	12	1	1.5	62.378	8.31E-32	230100000
CON__Q5XKE5	18	12	1	1.5	62.378	8.31E-32	230100000
CON__Q01546	18	12	1	1.5	62.378	8.31E-32	230100000
CON__Q9H552	18	12	1	1.5	62.378	8.31E-32	230100000
CON__Q6ISB0	18	12	1	1.5	62.378	8.31E-32	230100000
CON__Q9NSB2	18	12	1	1.5	62.378	8.31E-32	230100000
CON__Q32MB2	18	12	1	1.5	62.378	8.31E-32	230100000
CON__Q7RTS7	18	12	1	1.5	62.378	8.31E-32	230100000
CON__P07744	18	12	1	1.5	62.378	8.31E-32	230100000
CON__Q3SY84	18	12	1	1.5	62.378	8.31E-32	230100000
CON__Q6IME9	18	12	1	1.5	62.378	8.31E-32	230100000
CON__Q14CN4-1	18	12	1	1.5	62.378	8.31E-32	230100000
CON__P08729	18	12	1	1.5	62.378	8.31E-32	230100000
CON__Q3KNV1	18	12	1	1.5	62.378	8.31E-32	230100000
CON__Q9DCV7	18	12	1	1.5	62.378	8.31E-32	230100000
CON__P35527	1	18	18	53.8	62.129	0	4342300000
CON__P35908	4	17	9	18	65.865	1.06E-134	1326700000
CON__Q7Z794	4	17	9	18	65.865	1.06E-134	1326700000
CON__Q6NXH9	4	17	9	18	65.865	1.06E-134	1326700000
CON__Q9R0H5	4	17	9	18	65.865	1.06E-134	1326700000
CON__Q86YZ3	1	1	1	2.8	282.39	0.00133	0
REV__44093_MH_MC	2	1	1	2.3	58.5	0.016352	40437000
REV__134450_MH_MC	2	1	1	2.3	58.5	0.016352	40437000
REV__145631_MH_MC	1	1	1	28.3	5.6976	0.02343	153650000
REV__16921_MH_MC	1	1	1	6.1	25.052	0.007059	228120000
REV__22600_MH_MC	1	1	1	6.3	21.414	0.027022	84461000
REV__30770_MH_MC	1	1	1	22.7	5.3682	0.025122	134890000
REV__36846_MH_MC	1	1	1	2	46.876	0.02033	11882000
REV__38848_MH_MC	1	1	1	0.3	371.71	0.029918	16196000
REV__9044_MH_MC	2	1	1	8.1	12.598	0.017279	26359000
REV__45319_MH_MC	2	1	1	8.1	12.598	0.017279	26359000
REV__49867_MH_MC	1	1	1	9.9	9.7935	0.054118	33059000
REV__59595_MH_MC	1	1	1	9.4	10.074	0.022654	0
REV__68568_MH_MC	1	1	1	9.9	13.21	0.022408	18920000
