100_MH_MC	6	2	2	5.3	45.348	6.67E-08	121960000
99_MH_MC	6	2	2	5.3	45.348	6.67E-08	121960000
39351_MH_MC	6	2	2	5.3	45.348	6.67E-08	121960000
28423_MH_MC	6	2	2	5.3	45.348	6.67E-08	121960000
20546_MH_MC	6	2	2	5.3	45.348	6.67E-08	121960000
160410_MH_MC	6	2	2	5.3	45.348	6.67E-08	121960000
100870_MH_MC	2	1	1	22.1	14.987	1.92E-25	428710000
40436_MH_MC	2	1	1	22.1	14.987	1.92E-25	428710000
102_MH_MC	4	4	3	10.4	50.275	7.60E-10	61777000
28424_MH_MC	4	4	3	10.4	50.275	7.60E-10	61777000
CON__ENSEMBL:ENSBTAP00000016242	4	4	3	10.4	50.275	7.60E-10	61777000
101_MH_MC	4	4	3	10.4	50.275	7.60E-10	61777000
43448_MH_MC	3	1	1	1.6	93.628	0.00093806	13192000
22145_MH_MC	3	1	1	1.6	93.628	0.00093806	13192000
101374_MH_MC	3	1	1	1.6	93.628	0.00093806	13192000
102741_MH_MC	5	1	1	3.1	49.066	0.001544	12532000
31980_MH_MC	5	1	1	3.1	49.066	0.001544	12532000
1869_MH_MC	5	1	1	3.1	49.066	0.001544	12532000
26559_MH_MC	5	1	1	3.1	49.066	0.001544	12532000
1868_MH_MC	5	1	1	3.1	49.066	0.001544	12532000
102956_MH_MC	5	2	2	12.7	18.814	5.82E-05	22089000
3249_MH_MC	5	2	2	12.7	18.814	5.82E-05	22089000
3247_MH_MC	5	2	2	12.7	18.814	5.82E-05	22089000
3246_MH_MC	5	2	2	12.7	18.814	5.82E-05	22089000
3248_MH_MC	5	2	2	12.7	18.814	5.82E-05	22089000
102962_MH_MC	1	1	1	13.3	6.6396	0.01345	368700000
44722_MH_MC	2	1	1	2.8	64.178	0.00089758	19239000
103101_MH_MC	2	1	1	2.8	64.178	0.00089758	19239000
105061_MH_MC	1	1	1	8.2	12.585	0.0023743	59008000
30222_MH_MC	4	1	1	5.1	37.385	6.35E-08	0
30223_MH_MC	4	1	1	5.1	37.385	6.35E-08	0
46855_MH_MC	4	1	1	5.1	37.385	6.35E-08	0
1054_MH_MC	4	1	1	5.1	37.385	6.35E-08	0
105403_MH_MC	2	11	0	24.7	65.711	7.07E-61	260140000
14431_MH_MC	2	11	0	24.7	65.711	7.07E-61	260140000
1055_MH_MC	1	1	1	18.9	10.656	1.39E-08	0
10561_MH_MC	1	2	2	50	6.5826	0.00023994	0
30250_MH_MC	5	1	1	6.3	38.814	5.01E-12	10395000
30251_MH_MC	5	1	1	6.3	38.814	5.01E-12	10395000
1060_MH_MC	5	1	1	6.3	38.814	5.01E-12	10395000
1061_MH_MC	5	1	1	6.3	38.814	5.01E-12	10395000
131525_MH_MC	5	1	1	6.3	38.814	5.01E-12	10395000
21966_MH_MC	5	1	1	2.9	40.065	0.014834	5126900
106573_MH_MC	5	1	1	2.9	40.065	0.014834	5126900
30757_MH_MC	5	1	1	2.9	40.065	0.014834	5126900
162521_MH_MC	5	1	1	2.9	40.065	0.014834	5126900
30756_MH_MC	5	1	1	2.9	40.065	0.014834	5126900
10668_MH_MC	1	1	1	45.3	5.9807	1.38E-08	0
29210_MH_MC	4	1	1	5.8	33.629	9.70E-08	0
107231_MH_MC	4	1	1	5.8	33.629	9.70E-08	0
22431_MH_MC	4	1	1	5.8	33.629	9.70E-08	0
29211_MH_MC	4	1	1	5.8	33.629	9.70E-08	0
44720_MH_MC	3	1	1	2.8	31.29	0.011353	241960000
107263_MH_MC	3	1	1	2.8	31.29	0.011353	241960000
17616_MH_MC	3	1	1	2.8	31.29	0.011353	241960000
107592_MH_MC	3	1	1	2.9	47.369	0.030589	243430000
25988_MH_MC	3	1	1	2.9	47.369	0.030589	243430000
17685_MH_MC	3	1	1	2.9	47.369	0.030589	243430000
28630_MH_MC	4	2	2	5.3	51.509	4.35E-06	31687000
28631_MH_MC	4	2	2	5.3	51.509	4.35E-06	31687000
107965_MH_MC	4	2	2	5.3	51.509	4.35E-06	31687000
22488_MH_MC	4	2	2	5.3	51.509	4.35E-06	31687000
43988_MH_MC	3	2	2	18.8	22.944	7.45E-23	210360000
108598_MH_MC	3	2	2	18.8	22.944	7.45E-23	210360000
27423_MH_MC	3	2	2	18.8	22.944	7.45E-23	210360000
109142_MH_MC	1	1	1	12.5	10.38	0.01073	48441000
10920_MH_MC	1	5	1	80.4	10.678	3.65E-52	150490000
1102_MH_MC	7	4	1	26.1	18.738	1.99E-12	35368000
1103_MH_MC	7	4	1	26.1	18.738	1.99E-12	35368000
30308_MH_MC	7	4	1	26.1	18.738	1.99E-12	35368000
30309_MH_MC	7	4	1	26.1	18.738	1.99E-12	35368000
2772_MH_MC	7	4	1	26.1	18.738	1.99E-12	35368000
16281_MH_MC	7	4	1	26.1	18.738	1.99E-12	35368000
41422_MH_MC	7	4	1	26.1	18.738	1.99E-12	35368000
11020_MH_MC	2	5	5	66.3	10.144	1.08E-21	489230000
138637_MH_MC	2	5	5	66.3	10.144	1.08E-21	489230000
110372_MH_MC	1	1	1	5.4	21.642	0.0043755	71141000
31572_MH_MC	3	2	2	18	14.609	1.72E-08	79389000
1676_MH_MC	3	2	2	18	14.609	1.72E-08	79389000
11053_MH_MC	3	2	2	18	14.609	1.72E-08	79389000
5895_MH_MC	4	1	1	2.3	65.022	0.00064742	0
27369_MH_MC	4	1	1	2.3	65.022	0.00064742	0
110633_MH_MC	4	1	1	2.3	65.022	0.00064742	0
171564_MH_MC	4	1	1	2.3	65.022	0.00064742	0
11097_MH_MC	1	3	1	42.7	9.5186	1.87E-09	170810000
1111_MH_MC	8	2	2	3.3	58.996	0.00051367	89779000
1112_MH_MC	8	2	2	3.3	58.996	0.00051367	89779000
77988_MH_MC	8	2	2	3.3	58.996	0.00051367	89779000
23980_MH_MC	8	2	2	3.3	58.996	0.00051367	89779000
30340_MH_MC	8	2	2	3.3	58.996	0.00051367	89779000
1108_MH_MC	8	2	2	3.3	58.996	0.00051367	89779000
1110_MH_MC	8	2	2	3.3	58.996	0.00051367	89779000
16266_MH_MC	8	2	2	3.3	58.996	0.00051367	89779000
22783_MH_MC	3	1	1	6.3	26.648	6.88E-05	0
38044_MH_MC	3	1	1	6.3	26.648	6.88E-05	0
111408_MH_MC	3	1	1	6.3	26.648	6.88E-05	0
112083_MH_MC	1	1	1	5.4	17.544	0.010326	14308000
40961_MH_MC	3	2	2	2.4	122.46	2.24E-06	13977000
170846_MH_MC	3	2	2	2.4	122.46	2.24E-06	13977000
112235_MH_MC	3	2	2	2.4	122.46	2.24E-06	13977000
7601_MH_MC	2	1	1	7.7	21.037	0.00037663	0
11248_MH_MC	2	1	1	7.7	21.037	0.00037663	0
22432_MH_MC	4	1	1	10.8	22.173	1.34E-07	19917000
113238_MH_MC	4	1	1	10.8	22.173	1.34E-07	19917000
28660_MH_MC	4	1	1	10.8	22.173	1.34E-07	19917000
28659_MH_MC	4	1	1	10.8	22.173	1.34E-07	19917000
13357_MH_MC	3	2	2	15.7	19.316	4.60E-09	51418000
1135_MH_MC	3	2	2	15.7	19.316	4.60E-09	51418000
1134_MH_MC	3	2	2	15.7	19.316	4.60E-09	51418000
30381_MH_MC	3	1	1	8.8	13.171	0.012112	105980000
1136_MH_MC	3	1	1	8.8	13.171	0.012112	105980000
139393_MH_MC	3	1	1	8.8	13.171	0.012112	105980000
21773_MH_MC	2	1	1	2	57.988	0.0062591	0
114109_MH_MC	2	1	1	2	57.988	0.0062591	0
40938_MH_MC	3	1	1	5.6	33.473	1.01E-06	0
157965_MH_MC	3	1	1	5.6	33.473	1.01E-06	0
11522_MH_MC	3	1	1	5.6	33.473	1.01E-06	0
11567_MH_MC	1	1	1	12.7	11.75	2.96E-15	32846000
116057_MH_MC	4	2	2	5.4	40.632	3.51E-06	47587000
44641_MH_MC	4	2	2	5.4	40.632	3.51E-06	47587000
21503_MH_MC	4	2	2	5.4	40.632	3.51E-06	47587000
14382_MH_MC	4	2	2	5.4	40.632	3.51E-06	47587000
1162_MH_MC	8	7	7	7.8	104.61	7.10E-19	405360000
1161_MH_MC	8	7	7	7.8	104.61	7.10E-19	405360000
30429_MH_MC	8	7	7	7.8	104.61	7.10E-19	405360000
23366_MH_MC	8	7	7	7.8	104.61	7.10E-19	405360000
112315_MH_MC	8	7	7	7.8	104.61	7.10E-19	405360000
15823_MH_MC	8	7	7	7.8	104.61	7.10E-19	405360000
1160_MH_MC	8	7	7	7.8	104.61	7.10E-19	405360000
20045_MH_MC	8	7	7	7.8	104.61	7.10E-19	405360000
14212_MH_MC	3	4	4	13.3	43.401	1.13E-13	34728000
41476_MH_MC	3	4	4	13.3	43.401	1.13E-13	34728000
116170_MH_MC	3	4	4	13.3	43.401	1.13E-13	34728000
14210_MH_MC	9	6	6	27.5	27.984	9.21E-77	521830000
116249_MH_MC	9	6	6	27.5	27.984	9.21E-77	521830000
39473_MH_MC	9	6	6	27.5	27.984	9.21E-77	521830000
6723_MH_MC	9	6	6	27.5	27.984	9.21E-77	521830000
5946_MH_MC	9	6	6	27.5	27.984	9.21E-77	521830000
4937_MH_MC	9	6	6	27.5	27.984	9.21E-77	521830000
4805_MH_MC	9	6	6	27.5	27.984	9.21E-77	521830000
6875_MH_MC	9	6	6	27.5	27.984	9.21E-77	521830000
4804_MH_MC	9	6	6	27.5	27.984	9.21E-77	521830000
1163_MH_MC	2	3	3	8	49.524	5.76E-08	68348000
13145_MH_MC	2	3	3	8	49.524	5.76E-08	68348000
44454_MH_MC	3	1	1	10.8	13.026	2.55E-09	0
136765_MH_MC	3	1	1	10.8	13.026	2.55E-09	0
11638_MH_MC	3	1	1	10.8	13.026	2.55E-09	0
30435_MH_MC	7	1	1	3.9	39.638	0.00056026	12608000
1164_MH_MC	7	1	1	3.9	39.638	0.00056026	12608000
1165_MH_MC	7	1	1	3.9	39.638	0.00056026	12608000
1166_MH_MC	7	1	1	3.9	39.638	0.00056026	12608000
19558_MH_MC	7	1	1	3.9	39.638	0.00056026	12608000
133935_MH_MC	7	1	1	3.9	39.638	0.00056026	12608000
12442_MH_MC	7	1	1	3.9	39.638	0.00056026	12608000
11663_MH_MC	2	2	1	36.1	10.621	3.45E-42	41708000
158166_MH_MC	2	2	1	36.1	10.621	3.45E-42	41708000
1792_MH_MC	3	1	1	6.7	21.009	0.013573	18865000
1791_MH_MC	3	1	1	6.7	21.009	0.013573	18865000
11677_MH_MC	3	1	1	6.7	21.009	0.013573	18865000
30431_MH_MC	2	1	1	2.9	31.218	0.021254	25569000
1170_MH_MC	2	1	1	2.9	31.218	0.021254	25569000
158290_MH_MC	2	1	1	7.6	15.843	0.0021076	0
11737_MH_MC	2	1	1	7.6	15.843	0.0021076	0
1176_MH_MC	10	5	5	12.6	49.651	5.79E-24	155260000
30486_MH_MC	10	5	5	12.6	49.651	5.79E-24	155260000
1175_MH_MC	10	5	5	12.6	49.651	5.79E-24	155260000
30485_MH_MC	10	5	5	12.6	49.651	5.79E-24	155260000
1174_MH_MC	10	5	5	12.6	49.651	5.79E-24	155260000
15361_MH_MC	10	5	5	12.6	49.651	5.79E-24	155260000
172102_MH_MC	10	5	5	12.6	49.651	5.79E-24	155260000
22759_MH_MC	10	5	5	12.6	49.651	5.79E-24	155260000
163906_MH_MC	10	5	5	12.6	49.651	5.79E-24	155260000
124570_MH_MC	10	5	5	12.6	49.651	5.79E-24	155260000
33651_MH_MC	5	2	2	7.2	29.658	0.00027799	141780000
33652_MH_MC	5	2	2	7.2	29.658	0.00027799	141780000
11780_MH_MC	5	2	2	7.2	29.658	0.00027799	141780000
43845_MH_MC	5	2	2	7.2	29.658	0.00027799	141780000
136277_MH_MC	5	2	2	7.2	29.658	0.00027799	141780000
118146_MH_MC	1	1	1	17.2	7.3475	0.0014017	11799000
11849_MH_MC	1	1	1	11.1	14.888	0.0032905	0
43115_MH_MC	3	1	1	3.9	32.968	0.014035	0
11885_MH_MC	3	1	1	3.9	32.968	0.014035	0
135927_MH_MC	3	1	1	3.9	32.968	0.014035	0
34059_MH_MC	6	1	1	1.8	73.222	0.0024341	14453000
34058_MH_MC	6	1	1	1.8	73.222	0.0024341	14453000
119079_MH_MC	6	1	1	1.8	73.222	0.0024341	14453000
22093_MH_MC	6	1	1	1.8	73.222	0.0024341	14453000
14860_MH_MC	6	1	1	1.8	73.222	0.0024341	14453000
162741_MH_MC	6	1	1	1.8	73.222	0.0024341	14453000
119183_MH_MC	1	4	0	35.4	15.443	1.03E-17	152450000
43947_MH_MC	2	3	3	8.9	44.916	4.82E-20	183760000
119651_MH_MC	2	3	3	8.9	44.916	4.82E-20	183760000
41610_MH_MC	3	1	1	2.3	50.393	0.0043871	0
119726_MH_MC	3	1	1	2.3	50.393	0.0043871	0
21268_MH_MC	3	1	1	2.3	50.393	0.0043871	0
11978_MH_MC	1	2	2	33.7	10.564	0.00020444	53719000
120095_MH_MC	1	1	1	10.9	12.579	0.0014041	12844000
120409_MH_MC	1	1	1	11.9	7.9753	0.017648	0
7320_MH_MC	4	1	1	8.7	13.924	2.17E-05	49941000
120544_MH_MC	4	1	1	8.7	13.924	2.17E-05	49941000
14880_MH_MC	4	1	1	8.7	13.924	2.17E-05	49941000
162798_MH_MC	4	1	1	8.7	13.924	2.17E-05	49941000
29097_MH_MC	7	1	1	2	49.567	0.021737	42006000
29100_MH_MC	7	1	1	2	49.567	0.021737	42006000
29099_MH_MC	7	1	1	2	49.567	0.021737	42006000
29098_MH_MC	7	1	1	2	49.567	0.021737	42006000
484_MH_MC	7	1	1	2	49.567	0.021737	42006000
29101_MH_MC	7	1	1	2	49.567	0.021737	42006000
120888_MH_MC	7	1	1	2	49.567	0.021737	42006000
40341_MH_MC	4	3	3	6.9	63.019	2.24E-07	61155000
12099_MH_MC	4	3	3	6.9	63.019	2.24E-07	61155000
135243_MH_MC	4	3	3	6.9	63.019	2.24E-07	61155000
158748_MH_MC	4	3	3	6.9	63.019	2.24E-07	61155000
1214_MH_MC	6	1	1	2.7	52.539	0.002607	0
30545_MH_MC	6	1	1	2.7	52.539	0.002607	0
30544_MH_MC	6	1	1	2.7	52.539	0.002607	0
1213_MH_MC	6	1	1	2.7	52.539	0.002607	0
20287_MH_MC	6	1	1	2.7	52.539	0.002607	0
160099_MH_MC	6	1	1	2.7	52.539	0.002607	0
121711_MH_MC	3	7	7	43.9	21.248	1.26E-74	703300000
41143_MH_MC	3	7	7	43.9	21.248	1.26E-74	703300000
23553_MH_MC	3	7	7	43.9	21.248	1.26E-74	703300000
21211_MH_MC	3	1	1	5	29.959	0.0016238	48235000
37004_MH_MC	3	1	1	5	29.959	0.0016238	48235000
121718_MH_MC	3	1	1	5	29.959	0.0016238	48235000
121762_MH_MC	2	1	1	2.6	38.846	0.019377	0
14063_MH_MC	2	1	1	2.6	38.846	0.019377	0
122070_MH_MC	4	4	4	20.9	28.999	4.07E-20	126490000
37034_MH_MC	4	4	4	20.9	28.999	4.07E-20	126490000
21197_MH_MC	4	4	4	20.9	28.999	4.07E-20	126490000
14044_MH_MC	4	4	4	20.9	28.999	4.07E-20	126490000
7415_MH_MC	5	2	2	3.8	53.097	0.00019761	26274000
40639_MH_MC	5	2	2	3.8	53.097	0.00019761	26274000
22505_MH_MC	5	2	2	3.8	53.097	0.00019761	26274000
122130_MH_MC	5	2	2	3.8	53.097	0.00019761	26274000
15172_MH_MC	5	2	2	3.8	53.097	0.00019761	26274000
31011_MH_MC	4	1	1	3.6	52.02	2.08E-11	0
1411_MH_MC	4	1	1	3.6	52.02	2.08E-11	0
122203_MH_MC	4	1	1	3.6	52.02	2.08E-11	0
14038_MH_MC	4	1	1	3.6	52.02	2.08E-11	0
44892_MH_MC	2	4	4	31.6	19.763	6.75E-11	906490000
12228_MH_MC	2	4	4	31.6	19.763	6.75E-11	906490000
122345_MH_MC	4	9	9	34.7	34.52	5.92E-104	3942700000
21186_MH_MC	4	9	9	34.7	34.52	5.92E-104	3942700000
14028_MH_MC	4	9	9	34.7	34.52	5.92E-104	3942700000
46270_MH_MC	4	9	9	34.7	34.52	5.92E-104	3942700000
31370_MH_MC	4	1	1	3	42.52	0.0081203	49744000
31372_MH_MC	4	1	1	3	42.52	0.0081203	49744000
134693_MH_MC	4	1	1	3	42.52	0.0081203	49744000
12238_MH_MC	4	1	1	3	42.52	0.0081203	49744000
44535_MH_MC	2	2	2	10.6	25.05	2.58E-11	19428000
12257_MH_MC	2	2	2	10.6	25.05	2.58E-11	19428000
21168_MH_MC	6	1	1	7	22.126	0.0055051	0
14008_MH_MC	6	1	1	7	22.126	0.0055051	0
29183_MH_MC	6	1	1	7	22.126	0.0055051	0
122742_MH_MC	6	1	1	7	22.126	0.0055051	0
532_MH_MC	6	1	1	7	22.126	0.0055051	0
161228_MH_MC	6	1	1	7	22.126	0.0055051	0
12886_MH_MC	9	1	1	13.3	16.16	2.41E-07	11107000
5944_MH_MC	9	1	1	13.3	16.16	2.41E-07	11107000
1846_MH_MC	9	1	1	13.3	16.16	2.41E-07	11107000
131807_MH_MC	9	1	1	13.3	16.16	2.41E-07	11107000
1845_MH_MC	9	1	1	13.3	16.16	2.41E-07	11107000
5945_MH_MC	9	1	1	13.3	16.16	2.41E-07	11107000
137150_MH_MC	9	1	1	13.3	16.16	2.41E-07	11107000
123039_MH_MC	9	1	1	13.3	16.16	2.41E-07	11107000
162143_MH_MC	9	1	1	13.3	16.16	2.41E-07	11107000
123590_MH_MC	3	3	3	14.4	34.072	1.38E-06	39702000
7955_MH_MC	3	3	3	14.4	34.072	1.38E-06	39702000
21116_MH_MC	3	3	3	14.4	34.072	1.38E-06	39702000
2659_MH_MC	3	1	1	7.6	21.054	9.17E-06	0
19493_MH_MC	3	1	1	7.6	21.054	9.17E-06	0
12376_MH_MC	3	1	1	7.6	21.054	9.17E-06	0
12378_MH_MC	2	1	1	7.5	20.707	0.001544	29524000
134238_MH_MC	2	1	1	7.5	20.707	0.001544	29524000
43173_MH_MC	3	3	3	16	30.372	1.33E-06	0
12396_MH_MC	3	3	3	16	30.372	1.33E-06	0
134160_MH_MC	3	3	3	16	30.372	1.33E-06	0
123978_MH_MC	2	3	2	19.7	23.706	9.59E-46	103230000
13932_MH_MC	2	3	2	19.7	23.706	9.59E-46	103230000
43317_MH_MC	4	2	2	12.3	37.405	0.00019955	62475000
8232_MH_MC	4	2	2	12.3	37.405	0.00019955	62475000
12400_MH_MC	4	2	2	12.3	37.405	0.00019955	62475000
8233_MH_MC	4	2	2	12.3	37.405	0.00019955	62475000
21088_MH_MC	2	1	1	5.2	27.14	0.0085048	0
124135_MH_MC	2	1	1	5.2	27.14	0.0085048	0
42485_MH_MC	4	1	1	2.6	34.832	0.019862	49641000
124217_MH_MC	4	1	1	2.6	34.832	0.019862	49641000
21085_MH_MC	4	1	1	2.6	34.832	0.019862	49641000
13919_MH_MC	4	1	1	2.6	34.832	0.019862	49641000
12426_MH_MC	1	2	2	16.8	17.17	6.55E-05	57511000
13893_MH_MC	5	3	3	12.7	32.293	1.49E-11	197800000
124608_MH_MC	5	3	3	12.7	32.293	1.49E-11	197800000
21061_MH_MC	5	3	3	12.7	32.293	1.49E-11	197800000
46413_MH_MC	5	3	3	12.7	32.293	1.49E-11	197800000
44483_MH_MC	5	3	3	12.7	32.293	1.49E-11	197800000
35126_MH_MC	5	1	1	1.7	80.11	0.006309	16904000
35129_MH_MC	5	1	1	1.7	80.11	0.006309	16904000
35127_MH_MC	5	1	1	1.7	80.11	0.006309	16904000
12472_MH_MC	5	1	1	1.7	80.11	0.006309	16904000
159227_MH_MC	5	1	1	1.7	80.11	0.006309	16904000
124735_MH_MC	4	3	3	12.9	34.668	1.41E-16	84289000
13884_MH_MC	4	3	3	12.9	34.668	1.41E-16	84289000
21053_MH_MC	4	3	3	12.9	34.668	1.41E-16	84289000
43737_MH_MC	4	3	3	12.9	34.668	1.41E-16	84289000
42203_MH_MC	4	1	1	3.4	43.681	0.00012188	0
21044_MH_MC	4	1	1	3.4	43.681	0.00012188	0
124817_MH_MC	4	1	1	3.4	43.681	0.00012188	0
13877_MH_MC	4	1	1	3.4	43.681	0.00012188	0
43365_MH_MC	4	4	4	17.8	31.997	7.95E-44	180480000
124974_MH_MC	4	4	4	17.8	31.997	7.95E-44	180480000
13873_MH_MC	4	4	4	17.8	31.997	7.95E-44	180480000
21041_MH_MC	4	4	4	17.8	31.997	7.95E-44	180480000
44030_MH_MC	5	1	1	2.2	80.548	0.002156	8199700
8470_MH_MC	5	1	1	2.2	80.548	0.002156	8199700
8471_MH_MC	5	1	1	2.2	80.548	0.002156	8199700
13869_MH_MC	5	1	1	2.2	80.548	0.002156	8199700
125024_MH_MC	5	1	1	2.2	80.548	0.002156	8199700
13865_MH_MC	3	1	1	4.1	30.717	0.0042215	0
21036_MH_MC	3	1	1	4.1	30.717	0.0042215	0
125053_MH_MC	3	1	1	4.1	30.717	0.0042215	0
12519_MH_MC	3	5	5	35.8	19.579	1.12E-30	2161300000
19644_MH_MC	3	5	5	35.8	19.579	1.12E-30	2161300000
133652_MH_MC	3	5	5	35.8	19.579	1.12E-30	2161300000
43576_MH_MC	4	2	2	12.2	23.524	2.41E-15	68183000
133459_MH_MC	4	2	2	12.2	23.524	2.41E-15	68183000
12557_MH_MC	4	2	2	12.2	23.524	2.41E-15	68183000
19688_MH_MC	4	2	2	12.2	23.524	2.41E-15	68183000
125573_MH_MC	5	2	2	9.4	27.725	8.07E-25	68354000
20989_MH_MC	5	2	2	9.4	27.725	8.07E-25	68354000
160973_MH_MC	5	2	2	9.4	27.725	8.07E-25	68354000
13813_MH_MC	5	2	2	9.4	27.725	8.07E-25	68354000
160974_MH_MC	5	2	2	9.4	27.725	8.07E-25	68354000
125631_MH_MC	2	1	1	9.5	16.923	0.021181	18735000
22242_MH_MC	2	1	1	9.5	16.923	0.021181	18735000
42180_MH_MC	3	1	1	3.9	53.295	2.65E-20	27795000
19714_MH_MC	3	1	1	3.9	53.295	2.65E-20	27795000
12585_MH_MC	3	1	1	3.9	53.295	2.65E-20	27795000
7326_MH_MC	4	1	1	9.4	21.4	1.97E-09	53390000
19723_MH_MC	4	1	1	9.4	21.4	1.97E-09	53390000
133321_MH_MC	4	1	1	9.4	21.4	1.97E-09	53390000
12595_MH_MC	4	1	1	9.4	21.4	1.97E-09	53390000
8080_MH_MC	2	3	3	20	20.518	6.75E-17	75801000
12599_MH_MC	2	3	3	20	20.518	6.75E-17	75801000
126065_MH_MC	2	4	4	15.8	31.081	1.37E-08	403510000
20948_MH_MC	2	4	4	15.8	31.081	1.37E-08	403510000
159397_MH_MC	4	1	1	6.5	16.737	0.013455	46850000
133207_MH_MC	4	1	1	6.5	16.737	0.013455	46850000
19742_MH_MC	4	1	1	6.5	16.737	0.013455	46850000
12617_MH_MC	4	1	1	6.5	16.737	0.013455	46850000
43557_MH_MC	2	2	2	14.9	22.845	4.04E-10	29741000
12633_MH_MC	2	2	2	14.9	22.845	4.04E-10	29741000
28932_MH_MC	4	1	1	4.1	35.733	0.00010317	0
132998_MH_MC	4	1	1	4.1	35.733	0.00010317	0
19774_MH_MC	4	1	1	4.1	35.733	0.00010317	0
12652_MH_MC	4	1	1	4.1	35.733	0.00010317	0
12660_MH_MC	4	3	3	23.7	19.758	2.66E-10	37095000
133015_MH_MC	4	3	3	23.7	19.758	2.66E-10	37095000
159445_MH_MC	4	3	3	23.7	19.758	2.66E-10	37095000
44073_MH_MC	4	3	3	23.7	19.758	2.66E-10	37095000
15051_MH_MC	4	3	3	22.1	21.358	2.36E-09	127640000
163187_MH_MC	4	3	3	22.1	21.358	2.36E-09	127640000
126672_MH_MC	4	3	3	22.1	21.358	2.36E-09	127640000
36890_MH_MC	4	3	3	22.1	21.358	2.36E-09	127640000
126728_MH_MC	3	6	1	27.2	25.921	7.31E-33	146020000
20882_MH_MC	3	6	1	27.2	25.921	7.31E-33	146020000
13719_MH_MC	3	6	1	27.2	25.921	7.31E-33	146020000
7318_MH_MC	3	1	1	1.9	58.126	0.0088244	0
20880_MH_MC	3	1	1	1.9	58.126	0.0088244	0
126740_MH_MC	3	1	1	1.9	58.126	0.0088244	0
126762_MH_MC	2	1	1	9	16.141	0.00043398	0
20879_MH_MC	2	1	1	9	16.141	0.00043398	0
33063_MH_MC	2	1	1	3.4	50.591	5.60E-10	35821000
127086_MH_MC	2	1	1	3.4	50.591	5.60E-10	35821000
42139_MH_MC	4	1	1	4.5	30.717	0.010918	12993000
127151_MH_MC	4	1	1	4.5	30.717	0.010918	12993000
13683_MH_MC	4	1	1	4.5	30.717	0.010918	12993000
20835_MH_MC	4	1	1	4.5	30.717	0.010918	12993000
30502_MH_MC	4	1	1	3.8	26.323	0.0080496	112390000
12725_MH_MC	4	1	1	3.8	26.323	0.0080496	112390000
132680_MH_MC	4	1	1	3.8	26.323	0.0080496	112390000
93889_MH_MC	4	1	1	3.8	26.323	0.0080496	112390000
33055_MH_MC	4	5	5	23.8	24.035	4.04E-19	2133000000
127367_MH_MC	4	5	5	23.8	24.035	4.04E-19	2133000000
20801_MH_MC	4	5	5	23.8	24.035	4.04E-19	2133000000
13645_MH_MC	4	5	5	23.8	24.035	4.04E-19	2133000000
127535_MH_MC	1	1	1	11.5	7.2483	0.044396	24260000
13618_MH_MC	5	1	1	7.2	25.6	0.0028925	24648000
127566_MH_MC	5	1	1	7.2	25.6	0.0028925	24648000
20775_MH_MC	5	1	1	7.2	25.6	0.0028925	24648000
3190_MH_MC	5	1	1	7.2	25.6	0.0028925	24648000
3191_MH_MC	5	1	1	7.2	25.6	0.0028925	24648000
127568_MH_MC	1	1	1	13.4	9.7985	0.041149	45089000
43415_MH_MC	3	1	1	1.1	121.31	0.0021171	8724800
13619_MH_MC	3	1	1	1.1	121.31	0.0021171	8724800
127575_MH_MC	3	1	1	1.1	121.31	0.0021171	8724800
7530_MH_MC	3	1	1	4.2	34.107	0.017235	8701500
20756_MH_MC	3	1	1	4.2	34.107	0.017235	8701500
127716_MH_MC	3	1	1	4.2	34.107	0.017235	8701500
44311_MH_MC	4	1	1	2.9	31.801	0.035054	38234000
13584_MH_MC	4	1	1	2.9	31.801	0.035054	38234000
20744_MH_MC	4	1	1	2.9	31.801	0.035054	38234000
127836_MH_MC	4	1	1	2.9	31.801	0.035054	38234000
33768_MH_MC	4	1	1	5.6	28.627	0.0099372	18147000
127849_MH_MC	4	1	1	5.6	28.627	0.0099372	18147000
13583_MH_MC	4	1	1	5.6	28.627	0.0099372	18147000
2742_MH_MC	4	1	1	5.6	28.627	0.0099372	18147000
160638_MH_MC	2	1	1	3.6	28.424	0.018897	0
127888_MH_MC	2	1	1	3.6	28.424	0.018897	0
127915_MH_MC	3	4	4	25.9	23.456	2.31E-14	306540000
13568_MH_MC	3	4	4	25.9	23.456	2.31E-14	306540000
36163_MH_MC	3	4	4	25.9	23.456	2.31E-14	306540000
44819_MH_MC	2	1	1	5.6	18.818	0.00020903	97531000
12803_MH_MC	2	1	1	5.6	18.818	0.00020903	97531000
128047_MH_MC	1	5	5	23.7	27.51	4.01E-12	655440000
20693_MH_MC	2	3	3	13.4	26.855	2.87E-08	141840000
128190_MH_MC	2	3	3	13.4	26.855	2.87E-08	141840000
13527_MH_MC	2	1	1	6.4	19.265	0.01226	0
128194_MH_MC	2	1	1	6.4	19.265	0.01226	0
128204_MH_MC	1	1	1	23.9	8.606	1.30E-07	17702000
8231_MH_MC	5	1	1	3	37.848	0.00026974	44372000
160584_MH_MC	5	1	1	3	37.848	0.00026974	44372000
20692_MH_MC	5	1	1	3	37.848	0.00026974	44372000
128212_MH_MC	5	1	1	3	37.848	0.00026974	44372000
13525_MH_MC	5	1	1	3	37.848	0.00026974	44372000
8265_MH_MC	6	1	1	4.2	36.204	0.0067867	25578000
8266_MH_MC	6	1	1	4.2	36.204	0.0067867	25578000
20671_MH_MC	6	1	1	4.2	36.204	0.0067867	25578000
13504_MH_MC	6	1	1	4.2	36.204	0.0067867	25578000
128303_MH_MC	6	1	1	4.2	36.204	0.0067867	25578000
13417_MH_MC	6	1	1	4.2	36.204	0.0067867	25578000
37775_MH_MC	3	1	1	3.6	38.109	0.007959	15621000
12832_MH_MC	3	1	1	3.6	38.109	0.007959	15621000
132090_MH_MC	3	1	1	3.6	38.109	0.007959	15621000
32167_MH_MC	3	1	1	3.3	48.399	0.0016309	29437000
12848_MH_MC	3	1	1	3.3	48.399	0.0016309	29437000
159678_MH_MC	3	1	1	3.3	48.399	0.0016309	29437000
128492_MH_MC	4	3	3	36.4	20	9.03E-35	1556800000
13478_MH_MC	4	3	3	36.4	20	9.03E-35	1556800000
20641_MH_MC	4	3	3	36.4	20	9.03E-35	1556800000
43565_MH_MC	4	3	3	36.4	20	9.03E-35	1556800000
20593_MH_MC	2	2	2	9.4	23.127	0.0010798	7741900
128749_MH_MC	2	2	2	9.4	23.127	0.0010798	7741900
33347_MH_MC	4	1	1	2.5	57.317	0.017753	0
13435_MH_MC	4	1	1	2.5	57.317	0.017753	0
128756_MH_MC	4	1	1	2.5	57.317	0.017753	0
20590_MH_MC	4	1	1	2.5	57.317	0.017753	0
8633_MH_MC	4	2	2	11.7	26.164	0.0001107	19166000
128859_MH_MC	4	2	2	11.7	26.164	0.0001107	19166000
20573_MH_MC	4	2	2	11.7	26.164	0.0001107	19166000
13420_MH_MC	4	2	2	11.7	26.164	0.0001107	19166000
12899_MH_MC	1	1	1	9	22.102	0.0020654	15358000
44036_MH_MC	4	1	1	2.5	50.519	0.022435	0
8472_MH_MC	4	1	1	2.5	50.519	0.022435	0
129375_MH_MC	4	1	1	2.5	50.519	0.022435	0
20480_MH_MC	4	1	1	2.5	50.519	0.022435	0
129445_MH_MC	5	2	1	34.1	8.883	4.67E-06	61438000
115578_MH_MC	5	2	1	34.1	8.883	4.67E-06	61438000
22009_MH_MC	5	2	1	34.1	8.883	4.67E-06	61438000
6629_MH_MC	5	2	1	34.1	8.883	4.67E-06	61438000
6628_MH_MC	5	2	1	34.1	8.883	4.67E-06	61438000
47017_MH_MC	3	2	2	15.6	15.734	3.56E-09	579670000
44998_MH_MC	3	2	2	15.6	15.734	3.56E-09	579670000
12960_MH_MC	3	2	2	15.6	15.734	3.56E-09	579670000
43948_MH_MC	2	2	2	10	32.94	2.32E-09	67153000
129651_MH_MC	2	2	2	10	32.94	2.32E-09	67153000
12968_MH_MC	1	1	1	8.4	17.446	4.95E-05	98313000
129872_MH_MC	5	2	2	20.3	17.137	1.90E-33	553260000
13246_MH_MC	5	2	2	20.3	17.137	1.90E-33	553260000
20394_MH_MC	5	2	2	20.3	17.137	1.90E-33	553260000
160203_MH_MC	5	2	2	20.3	17.137	1.90E-33	553260000
7830_MH_MC	5	2	2	20.3	17.137	1.90E-33	553260000
20299_MH_MC	2	3	3	13.2	13.256	3.75E-06	1618400000
130276_MH_MC	2	3	3	13.2	13.256	3.75E-06	1618400000
34285_MH_MC	3	3	3	18.5	26.746	5.60E-15	268830000
20298_MH_MC	3	3	3	18.5	26.746	5.60E-15	268830000
130277_MH_MC	3	3	3	18.5	26.746	5.60E-15	268830000
40910_MH_MC	4	1	1	7.1	23.478	0.00042999	0
20228_MH_MC	4	1	1	7.1	23.478	0.00042999	0
130619_MH_MC	4	1	1	7.1	23.478	0.00042999	0
13105_MH_MC	4	1	1	7.1	23.478	0.00042999	0
13086_MH_MC	4	2	2	24.1	17.281	9.41E-36	188580000
130692_MH_MC	4	2	2	24.1	17.281	9.41E-36	188580000
42642_MH_MC	4	2	2	24.1	17.281	9.41E-36	188580000
160003_MH_MC	4	2	2	24.1	17.281	9.41E-36	188580000
130737_MH_MC	1	1	1	15.4	7.5214	0.0070632	532290000
41517_MH_MC	2	1	1	6.5	26.687	0.0017122	25211000
131068_MH_MC	2	1	1	6.5	26.687	0.0017122	25211000
131088_MH_MC	1	1	1	6	21.266	0.014317	38231000
41181_MH_MC	5	5	5	23.2	29.352	2.41E-35	1274200000
13121_MH_MC	5	5	5	23.2	29.352	2.41E-35	1274200000
7556_MH_MC	5	5	5	23.2	29.352	2.41E-35	1274200000
160041_MH_MC	5	5	5	23.2	29.352	2.41E-35	1274200000
130515_MH_MC	5	5	5	23.2	29.352	2.41E-35	1274200000
131469_MH_MC	3	1	1	6.5	18.983	0.00091823	0
20050_MH_MC	3	1	1	6.5	18.983	0.00091823	0
36629_MH_MC	3	1	1	6.5	18.983	0.00091823	0
42090_MH_MC	2	3	3	11	40.155	2.86E-10	56868000
131731_MH_MC	2	3	3	11	40.155	2.86E-10	56868000
29972_MH_MC	3	1	1	3.4	44.568	0.0014816	36217000
131867_MH_MC	3	1	1	3.4	44.568	0.0014816	36217000
159702_MH_MC	3	1	1	3.4	44.568	0.0014816	36217000
13210_MH_MC	2	3	1	21.1	16.878	2.66E-14	86371000
44287_MH_MC	2	3	1	21.1	16.878	2.66E-14	86371000
42250_MH_MC	3	1	1	6.8	24.379	0.0039175	23918000
132221_MH_MC	3	1	1	6.8	24.379	0.0039175	23918000
19915_MH_MC	3	1	1	6.8	24.379	0.0039175	23918000
132306_MH_MC	2	3	1	31	18.366	5.23E-21	0
12797_MH_MC	2	3	1	31	18.366	5.23E-21	0
34026_MH_MC	2	2	2	8.3	59.067	8.13E-33	154330000
132443_MH_MC	2	2	2	8.3	59.067	8.13E-33	154330000
132617_MH_MC	3	3	3	15.2	16.835	4.49E-09	520960000
40513_MH_MC	3	3	3	15.2	16.835	4.49E-09	520960000
19840_MH_MC	3	3	3	15.2	16.835	4.49E-09	520960000
19830_MH_MC	3	1	1	11	15.006	0.0030616	0
132681_MH_MC	3	1	1	11	15.006	0.0030616	0
36962_MH_MC	3	1	1	11	15.006	0.0030616	0
132785_MH_MC	1	2	2	10.1	10.172	3.64E-13	268330000
43643_MH_MC	2	1	1	3.3	38.086	0.0030976	7614900
132859_MH_MC	2	1	1	3.3	38.086	0.0030976	7614900
132864_MH_MC	1	1	1	10.4	11.209	0.0019959	36362000
19793_MH_MC	3	1	1	9.1	15.612	0.018071	28909000
42859_MH_MC	3	1	1	9.1	15.612	0.018071	28909000
132924_MH_MC	3	1	1	9.1	15.612	0.018071	28909000
132928_MH_MC	1	2	1	16.4	16.894	5.37E-07	45937000
13303_MH_MC	2	3	1	21.9	20.838	4.68E-12	96567000
39786_MH_MC	2	3	1	21.9	20.838	4.68E-12	96567000
30892_MH_MC	4	1	1	6.4	19.525	0.00037011	0
133251_MH_MC	4	1	1	6.4	19.525	0.00037011	0
19734_MH_MC	4	1	1	6.4	19.525	0.00037011	0
30893_MH_MC	4	1	1	6.4	19.525	0.00037011	0
41473_MH_MC	2	4	4	10.9	45.091	1.37E-09	81754000
13331_MH_MC	2	4	4	10.9	45.091	1.37E-09	81754000
8483_MH_MC	3	1	1	5.1	35.506	8.42E-12	22250000
44066_MH_MC	3	1	1	5.1	35.506	8.42E-12	22250000
133399_MH_MC	3	1	1	5.1	35.506	8.42E-12	22250000
38584_MH_MC	3	1	1	1.9	45.802	0.0081147	28790000
13345_MH_MC	3	1	1	1.9	45.802	0.0081147	28790000
5520_MH_MC	3	1	1	1.9	45.802	0.0081147	28790000
35991_MH_MC	3	2	2	18.2	16.245	1.69E-06	57449000
133592_MH_MC	3	2	2	18.2	16.245	1.69E-06	57449000
19657_MH_MC	3	2	2	18.2	16.245	1.69E-06	57449000
134279_MH_MC	1	1	1	15.7	11.494	0.021397	21001000
134288_MH_MC	1	1	1	20	9.0515	4.53E-14	16901000
134339_MH_MC	1	3	1	40.6	12.408	3.14E-20	39179000
134548_MH_MC	2	2	2	27.7	10.98	2.06E-07	30230000
41293_MH_MC	2	2	2	27.7	10.98	2.06E-07	30230000
34006_MH_MC	2	1	1	8.5	22.928	1.69E-05	104940000
134736_MH_MC	2	1	1	8.5	22.928	1.69E-05	104940000
134851_MH_MC	1	1	1	8.3	14.64	0.0026105	45062000
134907_MH_MC	1	2	2	21.4	12.938	3.96E-10	40905000
134937_MH_MC	1	1	1	7.5	13.783	0.027503	23496000
44116_MH_MC	3	2	2	23.9	15.422	2.70E-22	67599000
134947_MH_MC	3	2	2	23.9	15.422	2.70E-22	67599000
36388_MH_MC	3	2	2	23.9	15.422	2.70E-22	67599000
13497_MH_MC	3	2	2	12	27.599	2.01E-06	0
128338_MH_MC	3	2	2	12	27.599	2.01E-06	0
160546_MH_MC	3	2	2	12	27.599	2.01E-06	0
40252_MH_MC	2	2	2	2.9	34.541	0.0009411	332930000
135192_MH_MC	2	2	2	2.9	34.541	0.0009411	332930000
135630_MH_MC	1	1	1	11.7	14.943	2.14E-07	13575000
13564_MH_MC	2	6	0	32.2	26.911	3.61E-19	78272000
127917_MH_MC	2	6	0	32.2	26.911	3.61E-19	78272000
135698_MH_MC	1	2	1	28.7	11.489	2.86E-26	123950000
31829_MH_MC	3	1	1	4.3	26.602	0.0012557	38137000
135718_MH_MC	3	1	1	4.3	26.602	0.0012557	38137000
1790_MH_MC	3	1	1	4.3	26.602	0.0012557	38137000
13607_MH_MC	2	3	3	28.7	14.803	2.62E-11	85536000
160679_MH_MC	2	3	3	28.7	14.803	2.62E-11	85536000
29619_MH_MC	2	1	1	9.9	15.346	0.014236	9510600
136424_MH_MC	2	1	1	9.9	15.346	0.014236	9510600
35155_MH_MC	5	2	2	12.3	24.724	2.18E-20	101030000
35156_MH_MC	5	2	2	12.3	24.724	2.18E-20	101030000
3589_MH_MC	5	2	2	12.3	24.724	2.18E-20	101030000
3590_MH_MC	5	2	2	12.3	24.724	2.18E-20	101030000
136485_MH_MC	5	2	2	12.3	24.724	2.18E-20	101030000
43177_MH_MC	3	3	3	32.7	12.556	1.33E-06	45692000
136505_MH_MC	3	3	3	32.7	12.556	1.33E-06	45692000
11702_MH_MC	3	3	3	32.7	12.556	1.33E-06	45692000
20824_MH_MC	2	1	1	4.1	35.338	0.00051385	0
13671_MH_MC	2	1	1	4.1	35.338	0.00051385	0
136908_MH_MC	1	1	1	20.3	7.9711	0.00062701	125720000
13698_MH_MC	1	2	2	11.3	30.933	2.29E-07	21231000
44404_MH_MC	2	1	1	13.5	14.786	0.0016974	7688500
137001_MH_MC	2	1	1	13.5	14.786	0.0016974	7688500
137286_MH_MC	1	4	1	82.9	8.6766	7.94E-45	184580000
40399_MH_MC	3	2	2	18.3	14.266	3.18E-05	169760000
137526_MH_MC	3	2	2	18.3	14.266	3.18E-05	169760000
157778_MH_MC	3	2	2	18.3	14.266	3.18E-05	169760000
137601_MH_MC	1	1	1	14.1	7.4574	0.0022263	18104000
35939_MH_MC	2	2	2	22.5	13.936	6.55E-07	87864000
137755_MH_MC	2	2	2	22.5	13.936	6.55E-07	87864000
137757_MH_MC	1	1	1	21.5	10.886	0.010165	0
137776_MH_MC	1	1	1	12.6	9.9513	0.0011388	74965000
137962_MH_MC	1	1	1	10.1	8.9762	0.011432	19701000
13801_MH_MC	2	2	2	9.3	30.792	3.64E-29	28186000
20979_MH_MC	2	2	2	9.3	30.792	3.64E-29	28186000
138010_MH_MC	1	1	1	19	8.7632	0.0010013	0
13814_MH_MC	3	6	3	25.4	31.911	5.22E-34	238370000
125546_MH_MC	3	6	3	25.4	31.911	5.22E-34	238370000
160976_MH_MC	3	6	3	25.4	31.911	5.22E-34	238370000
138249_MH_MC	1	1	1	26.3	8.4646	1.41E-13	39813000
138353_MH_MC	1	2	2	25.4	8.4268	3.86E-06	70808000
43018_MH_MC	3	1	1	2.4	53.489	0.0033945	31513000
8116_MH_MC	3	1	1	2.4	53.489	0.0033945	31513000
138382_MH_MC	3	1	1	2.4	53.489	0.0033945	31513000
138441_MH_MC	1	1	1	22.4	7.6014	0.00040041	0
138798_MH_MC	1	1	1	17.6	7.8869	0.0020083	18325000
32894_MH_MC	2	1	1	4.2	41.26	0.00046312	6538000
138905_MH_MC	2	1	1	4.2	41.26	0.00046312	6538000
138983_MH_MC	1	3	2	62.9	7.9638	1.69E-12	29465000
44154_MH_MC	2	1	1	12.5	14.32	2.09E-10	29699000
139044_MH_MC	2	1	1	12.5	14.32	2.09E-10	29699000
139171_MH_MC	1	1	1	24.3	8.3606	4.80E-13	29690000
139243_MH_MC	1	1	1	11.5	7.4348	0.041784	18445000
139378_MH_MC	1	1	1	21.7	7.0249	0.0040946	20071000
139398_MH_MC	1	1	1	22.9	8.4024	4.61E-11	47976000
139474_MH_MC	1	1	1	18.5	7.4936	0.0079057	0
139644_MH_MC	1	1	1	13	8.1972	0.0198	31400000
42325_MH_MC	2	2	2	9.8	27.071	3.45E-05	26165000
13983_MH_MC	2	2	2	9.8	27.071	3.45E-05	26165000
5125_MH_MC	3	1	1	5.2	36.314	3.92E-05	0
13985_MH_MC	3	1	1	5.2	36.314	3.92E-05	0
5124_MH_MC	3	1	1	5.2	36.314	3.92E-05	0
139914_MH_MC	1	4	4	65	7.1622	2.48E-08	557060000
41834_MH_MC	3	1	1	3.1	43.664	0.018145	0
21193_MH_MC	3	1	1	3.1	43.664	0.018145	0
14040_MH_MC	3	1	1	3.1	43.664	0.018145	0
42837_MH_MC	4	3	3	7.6	68.437	6.61E-11	81198000
14119_MH_MC	4	3	3	7.6	68.437	6.61E-11	81198000
21260_MH_MC	4	3	3	7.6	68.437	6.61E-11	81198000
120055_MH_MC	4	3	3	7.6	68.437	6.61E-11	81198000
14200_MH_MC	1	7	7	20.6	59.438	1.32E-48	379420000
43250_MH_MC	2	2	2	2.6	72.427	0.00083905	38655000
14233_MH_MC	2	2	2	2.6	72.427	0.00083905	38655000
14299_MH_MC	2	1	1	1.9	93.093	6.00E-06	11838000
42774_MH_MC	2	1	1	1.9	93.093	6.00E-06	11838000
14305_MH_MC	2	4	4	6.7	84.016	4.89E-17	494740000
44672_MH_MC	2	4	4	6.7	84.016	4.89E-17	494740000
28494_MH_MC	4	3	3	9	44.821	4.33E-10	42205000
28493_MH_MC	4	3	3	9	44.821	4.33E-10	42205000
144_MH_MC	4	3	3	9	44.821	4.33E-10	42205000
28492_MH_MC	4	3	3	9	44.821	4.33E-10	42205000
15287_MH_MC	5	2	2	18.9	15.005	6.97E-08	114560000
1455_MH_MC	5	2	2	18.9	15.005	6.97E-08	114560000
1456_MH_MC	5	2	2	18.9	15.005	6.97E-08	114560000
1454_MH_MC	5	2	2	18.9	15.005	6.97E-08	114560000
163735_MH_MC	5	2	2	18.9	15.005	6.97E-08	114560000
14647_MH_MC	1	3	3	17.1	27.027	8.79E-07	104490000
146884_MH_MC	1	2	2	23.6	10.96	3.13E-12	154500000
1472_MH_MC	1	1	1	7.1	24.272	0.00054875	126190000
147691_MH_MC	1	2	2	28.1	11.289	1.06E-05	114270000
147720_MH_MC	1	3	3	58.4	8.8282	7.99E-30	55397000
147747_MH_MC	1	1	1	14.1	9.0507	0.0012269	94952000
21972_MH_MC	2	10	10	40.1	30.298	2.66E-35	681000000
14783_MH_MC	2	10	10	40.1	30.298	2.66E-35	681000000
31138_MH_MC	2	2	2	4.7	69.248	0.00012151	13520000
1482_MH_MC	2	2	2	4.7	69.248	0.00012151	13520000
31144_MH_MC	3	1	1	2.4	91.219	3.34E-61	168610000
1483_MH_MC	3	1	1	2.4	91.219	3.34E-61	168610000
31142_MH_MC	3	1	1	2.4	91.219	3.34E-61	168610000
31157_MH_MC	6	7	7	17	65.073	7.02E-17	202060000
1492_MH_MC	6	7	7	17	65.073	7.02E-17	202060000
31158_MH_MC	6	7	7	17	65.073	7.02E-17	202060000
135661_MH_MC	6	7	7	17	65.073	7.02E-17	202060000
158580_MH_MC	6	7	7	17	65.073	7.02E-17	202060000
11747_MH_MC	6	7	7	17	65.073	7.02E-17	202060000
15179_MH_MC	1	13	13	35.4	50.37	4.49E-99	1044500000
22531_MH_MC	7	2	2	2.2	134.72	2.21E-06	29295000
15187_MH_MC	7	2	2	2.2	134.72	2.21E-06	29295000
33042_MH_MC	7	2	2	2.2	134.72	2.21E-06	29295000
33040_MH_MC	7	2	2	2.2	134.72	2.21E-06	29295000
2407_MH_MC	7	2	2	2.2	134.72	2.21E-06	29295000
2406_MH_MC	7	2	2	2.2	134.72	2.21E-06	29295000
68872_MH_MC	7	2	2	2.2	134.72	2.21E-06	29295000
26852_MH_MC	5	1	1	1	116.29	0.0048275	0
31189_MH_MC	5	1	1	1	116.29	0.0048275	0
1519_MH_MC	5	1	1	1	116.29	0.0048275	0
87107_MH_MC	5	1	1	1	116.29	0.0048275	0
170650_MH_MC	5	1	1	1	116.29	0.0048275	0
15319_MH_MC	2	2	2	47.2	6.2451	2.88E-08	238400000
108303_MH_MC	2	2	2	47.2	6.2451	2.88E-08	238400000
163864_MH_MC	4	2	2	17.1	14.992	0.00013772	455950000
15344_MH_MC	4	2	2	17.1	14.992	0.00013772	455950000
22737_MH_MC	4	2	2	17.1	14.992	0.00013772	455950000
40726_MH_MC	4	2	2	17.1	14.992	0.00013772	455950000
1538_MH_MC	4	1	1	10.9	12.251	0.00025514	14674000
1540_MH_MC	4	1	1	10.9	12.251	0.00025514	14674000
1539_MH_MC	4	1	1	10.9	12.251	0.00025514	14674000
31251_MH_MC	4	1	1	10.9	12.251	0.00025514	14674000
28491_MH_MC	4	1	1	3.5	64.105	0.00018382	0
22860_MH_MC	4	1	1	3.5	64.105	0.00018382	0
73826_MH_MC	4	1	1	3.5	64.105	0.00018382	0
15455_MH_MC	4	1	1	3.5	64.105	0.00018382	0
44025_MH_MC	4	2	2	9.8	35.036	4.37E-08	266010000
22937_MH_MC	4	2	2	9.8	35.036	4.37E-08	266010000
15499_MH_MC	4	2	2	9.8	35.036	4.37E-08	266010000
118511_MH_MC	4	2	2	9.8	35.036	4.37E-08	266010000
15509_MH_MC	4	2	2	5.1	55.726	8.74E-06	8787100
22952_MH_MC	4	2	2	5.1	55.726	8.74E-06	8787100
95707_MH_MC	4	2	2	5.1	55.726	8.74E-06	8787100
43599_MH_MC	4	2	2	5.1	55.726	8.74E-06	8787100
1560_MH_MC	3	1	1	6.6	26.913	1.51E-08	0
31300_MH_MC	3	1	1	6.6	26.913	1.51E-08	0
31302_MH_MC	3	1	1	6.6	26.913	1.51E-08	0
156535_MH_MC	1	1	1	22	4.7864	0.0024947	108170000
156536_MH_MC	1	2	2	74.4	4.282	6.43E-08	129300000
1570_MH_MC	6	2	2	10.8	16.461	6.83E-05	301360000
223_MH_MC	6	2	2	10.8	16.461	6.83E-05	301360000
224_MH_MC	6	2	2	10.8	16.461	6.83E-05	301360000
222_MH_MC	6	2	2	10.8	16.461	6.83E-05	301360000
221_MH_MC	6	2	2	10.8	16.461	6.83E-05	301360000
1569_MH_MC	6	2	2	10.8	16.461	6.83E-05	301360000
15707_MH_MC	3	1	1	8.4	19.032	0.00054747	43770000
23222_MH_MC	3	1	1	8.4	19.032	0.00054747	43770000
164665_MH_MC	3	1	1	8.4	19.032	0.00054747	43770000
91696_MH_MC	4	1	1	4.3	21.675	0.017095	35326000
167994_MH_MC	4	1	1	4.3	21.675	0.017095	35326000
1572_MH_MC	4	1	1	4.3	21.675	0.017095	35326000
31352_MH_MC	4	1	1	4.3	21.675	0.017095	35326000
41940_MH_MC	2	1	1	9.5	12.3	0.0032182	211680000
157379_MH_MC	2	1	1	9.5	12.3	0.0032182	211680000
157476_MH_MC	1	6	1	61.8	12.871	1.61E-131	119680000
1575_MH_MC	3	4	4	9.5	57.809	1.23E-13	57830000
163059_MH_MC	3	4	4	9.5	57.809	1.23E-13	57830000
119558_MH_MC	3	4	4	9.5	57.809	1.23E-13	57830000
38131_MH_MC	2	1	1	4.6	24.751	8.47E-07	77933000
15771_MH_MC	2	1	1	4.6	24.751	8.47E-07	77933000
15837_MH_MC	1	24	0	32.6	109.04	1.56E-177	28794000
32389_MH_MC	2	1	1	16.5	10.257	0.0021173	10124000
158617_MH_MC	2	1	1	16.5	10.257	0.0021173	10124000
41496_MH_MC	2	1	1	3.5	40.135	0.00027818	0
158856_MH_MC	2	1	1	3.5	40.135	0.00027818	0
31397_MH_MC	6	2	2	7.5	51.497	9.75E-06	47022000
1590_MH_MC	6	2	2	7.5	51.497	9.75E-06	47022000
24248_MH_MC	6	2	2	7.5	51.497	9.75E-06	47022000
16456_MH_MC	6	2	2	7.5	51.497	9.75E-06	47022000
166272_MH_MC	6	2	2	7.5	51.497	9.75E-06	47022000
81349_MH_MC	6	2	2	7.5	51.497	9.75E-06	47022000
37685_MH_MC	2	2	2	18.2	16.169	5.33E-05	18246000
159045_MH_MC	2	2	2	18.2	16.169	5.33E-05	18246000
44055_MH_MC	3	3	3	12.1	39.383	2.17E-10	85846000
23540_MH_MC	3	3	3	12.1	39.383	2.17E-10	85846000
15955_MH_MC	3	3	3	12.1	39.383	2.17E-10	85846000
15979_MH_MC	7	12	6	42.4	50.211	3.67E-166	1254400000
3691_MH_MC	7	12	6	42.4	50.211	3.67E-166	1254400000
CON__ENSEMBL:ENSBTAP00000025008	7	12	6	42.4	50.211	3.67E-166	1254400000
30374_MH_MC	7	12	6	42.4	50.211	3.67E-166	1254400000
1130_MH_MC	7	12	6	42.4	50.211	3.67E-166	1254400000
1131_MH_MC	7	12	6	42.4	50.211	3.67E-166	1254400000
1132_MH_MC	7	12	6	42.4	50.211	3.67E-166	1254400000
159885_MH_MC	2	1	1	8.6	19.178	0.017417	20907000
2053_MH_MC	2	1	1	8.6	19.178	0.017417	20907000
15999_MH_MC	2	4	4	48.9	16.006	9.40E-80	706990000
23600_MH_MC	2	4	4	48.9	16.006	9.40E-80	706990000
101930_MH_MC	3	4	1	20.3	24.961	1.74E-10	65637000
16042_MH_MC	3	4	1	20.3	24.961	1.74E-10	65637000
23653_MH_MC	3	4	1	20.3	24.961	1.74E-10	65637000
40664_MH_MC	3	2	2	7.9	32.428	0.00088683	0
20669_MH_MC	3	2	2	7.9	32.428	0.00088683	0
160554_MH_MC	3	2	2	7.9	32.428	0.00088683	0
16146_MH_MC	2	1	1	3.6	28.437	0.00096524	22892000
23791_MH_MC	2	1	1	3.6	28.437	0.00096524	22892000
41261_MH_MC	3	1	1	6.6	24.963	0.00172	30631000
23825_MH_MC	3	1	1	6.6	24.963	0.00172	30631000
16171_MH_MC	3	1	1	6.6	24.963	0.00172	30631000
31439_MH_MC	2	1	1	2.2	46.355	0.010459	54305000
1626_MH_MC	2	1	1	2.2	46.355	0.010459	54305000
31460_MH_MC	3	5	5	41.9	13.773	5.61E-51	3557100000
1635_MH_MC	3	5	5	41.9	13.773	5.61E-51	3557100000
1636_MH_MC	3	5	5	41.9	13.773	5.61E-51	3557100000
165_MH_MC	3	2	2	20	12.174	1.38E-05	259400000
28521_MH_MC	3	2	2	20	12.174	1.38E-05	259400000
166_MH_MC	3	2	2	20	12.174	1.38E-05	259400000
40450_MH_MC	2	1	1	8	11.685	0.016174	31413000
16533_MH_MC	2	1	1	8	11.685	0.016174	31413000
16568_MH_MC	3	5	5	44.4	15.778	3.14E-112	130330000
7539_MH_MC	3	5	5	44.4	15.778	3.14E-112	130330000
72807_MH_MC	3	5	5	44.4	15.778	3.14E-112	130330000
53562_MH_MC	2	1	1	10.8	16.824	0.0036415	20034000
16581_MH_MC	2	1	1	10.8	16.824	0.0036415	20034000
165854_MH_MC	7	6	3	29.2	44.02	1.64E-37	793000000
102963_MH_MC	7	6	3	29.2	44.02	1.64E-37	793000000
24009_MH_MC	7	6	3	29.2	44.02	1.64E-37	793000000
2773_MH_MC	7	6	3	29.2	44.02	1.64E-37	793000000
2774_MH_MC	7	6	3	29.2	44.02	1.64E-37	793000000
16282_MH_MC	7	6	3	29.2	44.02	1.64E-37	793000000
165855_MH_MC	7	6	3	29.2	44.02	1.64E-37	793000000
24469_MH_MC	2	1	1	1.2	96.666	0.016076	9533400
16618_MH_MC	2	1	1	1.2	96.666	0.016076	9533400
31531_MH_MC	3	1	1	9.6	15.744	0.0010985	21828000
1664_MH_MC	3	1	1	9.6	15.744	0.0010985	21828000
31533_MH_MC	3	1	1	9.6	15.744	0.0010985	21828000
16693_MH_MC	2	6	4	42.4	15.615	3.85E-22	1225800000
41344_MH_MC	2	6	4	42.4	15.615	3.85E-22	1225800000
82694_MH_MC	6	2	2	11.8	18.384	4.74E-05	14473000
28688_MH_MC	6	2	2	11.8	18.384	4.74E-05	14473000
46956_MH_MC	6	2	2	11.8	18.384	4.74E-05	14473000
16710_MH_MC	6	2	2	11.8	18.384	4.74E-05	14473000
230_MH_MC	6	2	2	11.8	18.384	4.74E-05	14473000
103223_MH_MC	6	2	2	11.8	18.384	4.74E-05	14473000
85247_MH_MC	3	1	1	5.8	17.617	0.01938	0
44778_MH_MC	3	1	1	5.8	17.617	0.01938	0
16775_MH_MC	3	1	1	5.8	17.617	0.01938	0
31604_MH_MC	4	2	2	10	22.378	0.00049125	59603000
1685_MH_MC	4	2	2	10	22.378	0.00049125	59603000
1687_MH_MC	4	2	2	10	22.378	0.00049125	59603000
31606_MH_MC	4	2	2	10	22.378	0.00049125	59603000
42810_MH_MC	3	1	1	1.9	92.772	3.52E-06	0
25610_MH_MC	3	1	1	1.9	92.772	3.52E-06	0
168505_MH_MC	3	1	1	1.9	92.772	3.52E-06	0
168566_MH_MC	2	2	1	1.5	216.43	1.37E-09	12705000
73886_MH_MC	2	2	1	1.5	216.43	1.37E-09	12705000
41578_MH_MC	4	3	3	2.9	145.74	3.86E-09	20651000
169024_MH_MC	4	3	3	2.9	145.74	3.86E-09	20651000
25897_MH_MC	4	3	3	2.9	145.74	3.86E-09	20651000
17625_MH_MC	4	3	3	2.9	145.74	3.86E-09	20651000
2160_MH_MC	4	1	1	5	35.677	7.10E-05	0
24904_MH_MC	4	1	1	5	35.677	7.10E-05	0
16917_MH_MC	4	1	1	5	35.677	7.10E-05	0
97640_MH_MC	4	1	1	5	35.677	7.10E-05	0
170005_MH_MC	3	4	0	31.2	14.961	4.14E-14	164350000
73419_MH_MC	3	4	0	31.2	14.961	4.14E-14	164350000
43921_MH_MC	3	4	0	31.2	14.961	4.14E-14	164350000
73729_MH_MC	2	5	1	30.1	24.809	2.85E-16	129900000
17026_MH_MC	2	5	1	30.1	24.809	2.85E-16	129900000
43016_MH_MC	4	1	1	2.8	66.423	0.003067	0
26668_MH_MC	4	1	1	2.8	66.423	0.003067	0
18161_MH_MC	4	1	1	2.8	66.423	0.003067	0
170337_MH_MC	4	1	1	2.8	66.423	0.003067	0
25077_MH_MC	2	4	1	42.2	15.285	2.91E-18	35949000
17037_MH_MC	2	4	1	42.2	15.285	2.91E-18	35949000
46982_MH_MC	3	1	1	9.6	9.7526	8.11E-05	86273000
5407_MH_MC	3	1	1	9.6	9.7526	8.11E-05	86273000
170681_MH_MC	3	1	1	9.6	9.7526	8.11E-05	86273000
25139_MH_MC	2	3	3	27.5	16.497	5.74E-13	351460000
17081_MH_MC	2	3	3	27.5	16.497	5.74E-13	351460000
42380_MH_MC	4	1	1	1.8	63.502	0.023323	13369000
18577_MH_MC	4	1	1	1.8	63.502	0.023323	13369000
171289_MH_MC	4	1	1	1.8	63.502	0.023323	13369000
27237_MH_MC	4	1	1	1.8	63.502	0.023323	13369000
171742_MH_MC	1	1	1	3.7	25.346	0.0087648	26535000
17191_MH_MC	1	5	5	19.1	38.282	1.24E-11	214880000
1720_MH_MC	1	2	2	11.2	30.087	0.00010258	0
172107_MH_MC	2	1	1	1.6	82.452	0.0073917	22456000
27718_MH_MC	2	1	1	1.6	82.452	0.0073917	22456000
81091_MH_MC	3	1	1	3.6	45.205	8.27E-05	19403000
17261_MH_MC	3	1	1	3.6	45.205	8.27E-05	19403000
43061_MH_MC	3	1	1	3.6	45.205	8.27E-05	19403000
172656_MH_MC	2	6	2	20.3	34.292	1.13E-55	2123100000
19238_MH_MC	2	6	2	20.3	34.292	1.13E-55	2123100000
42117_MH_MC	3	1	1	3.5	42.164	0.010599	0
25393_MH_MC	3	1	1	3.5	42.164	0.010599	0
17271_MH_MC	3	1	1	3.5	42.164	0.010599	0
1729_MH_MC	1	3	3	8.7	62.272	5.47E-14	27836000
43704_MH_MC	4	1	1	1.8	80.136	0.0076247	0
25424_MH_MC	4	1	1	1.8	80.136	0.0076247	0
17295_MH_MC	4	1	1	1.8	80.136	0.0076247	0
66581_MH_MC	4	1	1	1.8	80.136	0.0076247	0
173_MH_MC	5	2	2	7.1	46.632	3.53E-05	9972900
28549_MH_MC	5	2	2	7.1	46.632	3.53E-05	9972900
28548_MH_MC	5	2	2	7.1	46.632	3.53E-05	9972900
13353_MH_MC	5	2	2	7.1	46.632	3.53E-05	9972900
129277_MH_MC	5	2	2	7.1	46.632	3.53E-05	9972900
32841_MH_MC	3	1	1	4.6	30.573	0.0026181	15566000
2309_MH_MC	3	1	1	4.6	30.573	0.0026181	15566000
17456_MH_MC	3	1	1	4.6	30.573	0.0026181	15566000
26046_MH_MC	5	4	4	8	75.244	6.90E-09	87361000
43727_MH_MC	5	4	4	8	75.244	6.90E-09	87361000
17730_MH_MC	5	4	4	8	75.244	6.90E-09	87361000
8375_MH_MC	5	4	4	8	75.244	6.90E-09	87361000
80456_MH_MC	5	4	4	8	75.244	6.90E-09	87361000
43494_MH_MC	3	1	1	1.7	71.906	0.0018189	16862000
26118_MH_MC	3	1	1	1.7	71.906	0.0018189	16862000
17777_MH_MC	3	1	1	1.7	71.906	0.0018189	16862000
17804_MH_MC	3	1	1	3	82.455	0.019441	53047000
44027_MH_MC	3	1	1	3	82.455	0.019441	53047000
46954_MH_MC	3	1	1	3	82.455	0.019441	53047000
26196_MH_MC	2	1	1	3.1	37.713	0.010392	0
17836_MH_MC	2	1	1	3.1	37.713	0.010392	0
17880_MH_MC	9	3	3	2.3	239.29	1.05E-07	13473000
31103_MH_MC	9	3	3	2.3	239.29	1.05E-07	13473000
31104_MH_MC	9	3	3	2.3	239.29	1.05E-07	13473000
46959_MH_MC	9	3	3	2.3	239.29	1.05E-07	13473000
31109_MH_MC	9	3	3	2.3	239.29	1.05E-07	13473000
46960_MH_MC	9	3	3	2.3	239.29	1.05E-07	13473000
8380_MH_MC	9	3	3	2.3	239.29	1.05E-07	13473000
1475_MH_MC	9	3	3	2.3	239.29	1.05E-07	13473000
40083_MH_MC	9	3	3	2.3	239.29	1.05E-07	13473000
26278_MH_MC	4	1	1	1.4	84.891	0.015437	40572000
99316_MH_MC	4	1	1	1.4	84.891	0.015437	40572000
17888_MH_MC	4	1	1	1.4	84.891	0.015437	40572000
8962_MH_MC	4	1	1	1.4	84.891	0.015437	40572000
18_MH_MC	2	6	5	25.5	22.252	5.31E-12	682100000
28300_MH_MC	2	6	5	25.5	22.252	5.31E-12	682100000
18075_MH_MC	9	13	10	35.3	52.239	1.04E-106	1852400000
26557_MH_MC	9	13	10	35.3	52.239	1.04E-106	1852400000
103230_MH_MC	9	13	10	35.3	52.239	1.04E-106	1852400000
26556_MH_MC	9	13	10	35.3	52.239	1.04E-106	1852400000
170125_MH_MC	9	13	10	35.3	52.239	1.04E-106	1852400000
170123_MH_MC	9	13	10	35.3	52.239	1.04E-106	1852400000
170126_MH_MC	9	13	10	35.3	52.239	1.04E-106	1852400000
8222_MH_MC	9	13	10	35.3	52.239	1.04E-106	1852400000
170124_MH_MC	9	13	10	35.3	52.239	1.04E-106	1852400000
31902_MH_MC	4	4	4	14.4	33.365	1.65E-19	20083000
1831_MH_MC	4	4	4	14.4	33.365	1.65E-19	20083000
31900_MH_MC	4	4	4	14.4	33.365	1.65E-19	20083000
117764_MH_MC	4	4	4	14.4	33.365	1.65E-19	20083000
18416_MH_MC	2	4	4	13.8	65.374	2.39E-31	234760000
170883_MH_MC	2	4	4	13.8	65.374	2.39E-31	234760000
92792_MH_MC	4	1	1	2.8	44.037	1.85E-05	10570000
18433_MH_MC	4	1	1	2.8	44.037	1.85E-05	10570000
27037_MH_MC	4	1	1	2.8	44.037	1.85E-05	10570000
2108_MH_MC	4	1	1	2.8	44.037	1.85E-05	10570000
90470_MH_MC	3	2	2	4.4	50.078	0.00047793	39599000
27053_MH_MC	3	2	2	4.4	50.078	0.00047793	39599000
18445_MH_MC	3	2	2	4.4	50.078	0.00047793	39599000
27251_MH_MC	3	2	2	1.3	182.42	0.00033383	9793000
18590_MH_MC	3	2	2	1.3	182.42	0.00033383	9793000
73899_MH_MC	3	2	2	1.3	182.42	0.00033383	9793000
18623_MH_MC	2	1	1	2.8	54.092	8.77E-05	0
27297_MH_MC	2	1	1	2.8	54.092	8.77E-05	0
27382_MH_MC	2	1	1	4.6	51.386	1.01E-05	100280000
18698_MH_MC	2	1	1	4.6	51.386	1.01E-05	100280000
18749_MH_MC	4	2	1	8.4	31.07	5.55E-06	14255000
53750_MH_MC	4	2	1	8.4	31.07	5.55E-06	14255000
29028_MH_MC	4	2	1	8.4	31.07	5.55E-06	14255000
27447_MH_MC	4	2	1	8.4	31.07	5.55E-06	14255000
7650_MH_MC	6	2	2	7.8	35.23	0.00011968	149420000
41475_MH_MC	6	2	2	7.8	35.23	0.00011968	149420000
7651_MH_MC	6	2	2	7.8	35.23	0.00011968	149420000
27499_MH_MC	6	2	2	7.8	35.23	0.00011968	149420000
18781_MH_MC	6	2	2	7.8	35.23	0.00011968	149420000
4222_MH_MC	6	2	2	7.8	35.23	0.00011968	149420000
27507_MH_MC	3	2	2	5.6	61.018	3.98E-09	29590000
8257_MH_MC	3	2	2	5.6	61.018	3.98E-09	29590000
18787_MH_MC	3	2	2	5.6	61.018	3.98E-09	29590000
32047_MH_MC	4	4	4	13.3	30.918	2.41E-07	184070000
1893_MH_MC	4	4	4	13.3	30.918	2.41E-07	184070000
1894_MH_MC	4	4	4	13.3	30.918	2.41E-07	184070000
1895_MH_MC	4	4	4	13.3	30.918	2.41E-07	184070000
33834_MH_MC	3	2	2	22.6	16.856	7.73E-12	137610000
19004_MH_MC	3	2	2	22.6	16.856	7.73E-12	137610000
27786_MH_MC	3	2	2	22.6	16.856	7.73E-12	137610000
37207_MH_MC	3	2	2	2.9	115.73	6.74E-07	11491000
28134_MH_MC	3	2	2	2.9	115.73	6.74E-07	11491000
19271_MH_MC	3	2	2	2.9	115.73	6.74E-07	11491000
19453_MH_MC	1	1	1	10.9	15.87	5.63E-05	0
32224_MH_MC	4	1	1	6.9	28.554	1.41E-13	38326000
1950_MH_MC	4	1	1	6.9	28.554	1.41E-13	38326000
1953_MH_MC	4	1	1	6.9	28.554	1.41E-13	38326000
1952_MH_MC	4	1	1	6.9	28.554	1.41E-13	38326000
1955_MH_MC	4	3	3	5.4	76.136	3.78E-09	96674000
1956_MH_MC	4	3	3	5.4	76.136	3.78E-09	96674000
12925_MH_MC	4	3	3	5.4	76.136	3.78E-09	96674000
131595_MH_MC	4	3	3	5.4	76.136	3.78E-09	96674000
19921_MH_MC	1	1	1	7.9	19.249	0.0025948	0
32311_MH_MC	3	1	1	2.7	49.297	0.0032647	170410000
1993_MH_MC	3	1	1	2.7	49.297	0.0032647	170410000
32310_MH_MC	3	1	1	2.7	49.297	0.0032647	170410000
20007_MH_MC	3	4	4	43.4	17.241	2.99E-12	50590000
131750_MH_MC	3	4	4	43.4	17.241	2.99E-12	50590000
12905_MH_MC	3	4	4	43.4	17.241	2.99E-12	50590000
2007_MH_MC	5	1	1	2.6	33.557	0.019346	11944000
2009_MH_MC	5	1	1	2.6	33.557	0.019346	11944000
2008_MH_MC	5	1	1	2.6	33.557	0.019346	11944000
2004_MH_MC	5	1	1	2.6	33.557	0.019346	11944000
2005_MH_MC	5	1	1	2.6	33.557	0.019346	11944000
2013_MH_MC	2	4	4	30	18.702	1.23E-09	194620000
136018_MH_MC	2	4	4	30	18.702	1.23E-09	194620000
9079_MH_MC	2	1	1	3.7	48.135	8.53E-05	0
20205_MH_MC	2	1	1	3.7	48.135	8.53E-05	0
20230_MH_MC	1	1	1	9.3	12.18	0.017273	0
20303_MH_MC	1	2	2	19.3	18.66	1.18E-42	266410000
20316_MH_MC	5	4	4	23.5	23.324	1.47E-15	122190000
130191_MH_MC	5	4	4	23.5	23.324	1.47E-15	122190000
13180_MH_MC	5	4	4	23.5	23.324	1.47E-15	122190000
40859_MH_MC	5	4	4	23.5	23.324	1.47E-15	122190000
36049_MH_MC	5	4	4	23.5	23.324	1.47E-15	122190000
20317_MH_MC	1	1	1	5	18.795	0.023502	27634000
2034_MH_MC	7	6	6	12.8	72.779	1.52E-166	552970000
32362_MH_MC	7	6	6	12.8	72.779	1.52E-166	552970000
32359_MH_MC	7	6	6	12.8	72.779	1.52E-166	552970000
2035_MH_MC	7	6	6	12.8	72.779	1.52E-166	552970000
32361_MH_MC	7	6	6	12.8	72.779	1.52E-166	552970000
2033_MH_MC	7	6	6	12.8	72.779	1.52E-166	552970000
2032_MH_MC	7	6	6	12.8	72.779	1.52E-166	552970000
20348_MH_MC	2	3	1	19	18.935	2.47E-15	178630000
130052_MH_MC	2	3	1	19	18.935	2.47E-15	178630000
32381_MH_MC	2	1	1	0.8	148.01	0.00030764	17075000
2052_MH_MC	2	1	1	0.8	148.01	0.00030764	17075000
20524_MH_MC	1	1	1	6.5	18.175	0.0038032	0
44244_MH_MC	3	4	4	29.2	19.847	3.24E-16	542360000
20602_MH_MC	3	4	4	29.2	19.847	3.24E-16	542360000
13446_MH_MC	3	4	4	29.2	19.847	3.24E-16	542360000
8190_MH_MC	4	3	3	14	24.79	4.71E-08	347560000
128569_MH_MC	4	3	3	14	24.79	4.71E-08	347560000
20624_MH_MC	4	3	3	14	24.79	4.71E-08	347560000
13467_MH_MC	4	3	3	14	24.79	4.71E-08	347560000
20659_MH_MC	1	4	1	22.5	22.691	3.57E-29	112820000
20718_MH_MC	5	3	3	25.5	18.211	2.63E-06	26103000
128002_MH_MC	5	3	3	25.5	18.211	2.63E-06	26103000
13549_MH_MC	5	3	3	25.5	18.211	2.63E-06	26103000
160612_MH_MC	5	3	3	25.5	18.211	2.63E-06	26103000
43430_MH_MC	5	3	3	25.5	18.211	2.63E-06	26103000
20732_MH_MC	1	6	0	27.7	28.159	5.48E-14	155560000
32994_MH_MC	3	1	1	3.5	32.857	0.0001731	168830000
2398_MH_MC	3	1	1	3.5	32.857	0.0001731	168830000
20831_MH_MC	3	1	1	3.5	32.857	0.0001731	168830000
20840_MH_MC	2	11	0	59.9	25.904	9.07E-77	663100000
13688_MH_MC	2	11	0	59.9	25.904	9.07E-77	663100000
20941_MH_MC	2	7	1	49.8	29.241	1.86E-141	48966000
13771_MH_MC	2	7	1	49.8	29.241	1.86E-141	48966000
20942_MH_MC	2	4	4	21.2	24.274	3.35E-14	287770000
126129_MH_MC	2	4	4	21.2	24.274	3.35E-14	287770000
44169_MH_MC	2	1	1	8.2	17.966	0.0026829	35709000
20946_MH_MC	2	1	1	8.2	17.966	0.0026829	35709000
43070_MH_MC	2	1	1	5.7	30.115	0.0046651	22431000
20958_MH_MC	2	1	1	5.7	30.115	0.0046651	22431000
20960_MH_MC	1	1	1	7.1	18.134	0.00039137	0
20971_MH_MC	2	4	4	18.5	26.391	3.73E-13	25253000
44347_MH_MC	2	4	4	18.5	26.391	3.73E-13	25253000
21038_MH_MC	2	2	2	8.7	29.384	2.81E-05	19588000
125041_MH_MC	2	2	2	8.7	29.384	2.81E-05	19588000
644_MH_MC	3	1	1	2.9	49.488	0.0004451	13050000
645_MH_MC	3	1	1	2.9	49.488	0.0004451	13050000
21142_MH_MC	3	1	1	2.9	49.488	0.0004451	13050000
40250_MH_MC	2	1	1	8	28.705	0.0022266	41184000
21167_MH_MC	2	1	1	8	28.705	0.0022266	41184000
21232_MH_MC	2	4	1	17.5	44.522	4.03E-42	184380000
14089_MH_MC	2	4	1	17.5	44.522	4.03E-42	184380000
32544_MH_MC	6	1	1	4.3	28.745	0.0030797	37307000
32543_MH_MC	6	1	1	4.3	28.745	0.0030797	37307000
2127_MH_MC	6	1	1	4.3	28.745	0.0030797	37307000
2733_MH_MC	6	1	1	4.3	28.745	0.0030797	37307000
36394_MH_MC	6	1	1	4.3	28.745	0.0030797	37307000
2732_MH_MC	6	1	1	4.3	28.745	0.0030797	37307000
21351_MH_MC	1	5	5	18.7	37.048	4.42E-17	320800000
21493_MH_MC	3	1	1	2.6	52.391	0.002147	4859900
33660_MH_MC	3	1	1	2.6	52.391	0.002147	4859900
33663_MH_MC	3	1	1	2.6	52.391	0.002147	4859900
2156_MH_MC	5	2	2	14.1	19.961	0.00013785	11008000
2155_MH_MC	5	2	2	14.1	19.961	0.00013785	11008000
2157_MH_MC	5	2	2	14.1	19.961	0.00013785	11008000
32586_MH_MC	5	2	2	14.1	19.961	0.00013785	11008000
2154_MH_MC	5	2	2	14.1	19.961	0.00013785	11008000
21551_MH_MC	1	11	0	25	62.088	9.54E-67	5063500000
21635_MH_MC	2	4	4	36.3	17.48	1.49E-30	477890000
53853_MH_MC	2	4	4	36.3	17.48	1.49E-30	477890000
21764_MH_MC	2	1	1	5.6	37.727	6.31E-07	34566000
59727_MH_MC	2	1	1	5.6	37.727	6.31E-07	34566000
40219_MH_MC	2	1	1	5.3	21.462	0.00025073	39633000
21791_MH_MC	2	1	1	5.3	21.462	0.00025073	39633000
43432_MH_MC	3	3	3	8.1	40.62	3.39E-07	79096000
14728_MH_MC	3	3	3	8.1	40.62	3.39E-07	79096000
21915_MH_MC	3	3	3	8.1	40.62	3.39E-07	79096000
27933_MH_MC	2	1	1	7.1	17.627	0.0049925	56034000
2211_MH_MC	2	1	1	7.1	17.627	0.0049925	56034000
22310_MH_MC	1	1	1	10.9	13.429	4.09E-08	38211000
22560_MH_MC	2	3	1	9.7	35.819	2.38E-06	24199000
15206_MH_MC	2	3	1	9.7	35.819	2.38E-06	24199000
75931_MH_MC	3	6	6	26.3	28.416	3.09E-29	541150000
31625_MH_MC	3	6	6	26.3	28.416	3.09E-29	541150000
22589_MH_MC	3	6	6	26.3	28.416	3.09E-29	541150000
42808_MH_MC	2	1	1	1.3	100.76	0.0079652	11370000
22721_MH_MC	2	1	1	1.3	100.76	0.0079652	11370000
44977_MH_MC	5	2	2	6.4	45.449	0.00016785	11668000
22765_MH_MC	5	2	2	6.4	45.449	0.00016785	11668000
117301_MH_MC	5	2	2	6.4	45.449	0.00016785	11668000
163922_MH_MC	5	2	2	6.4	45.449	0.00016785	11668000
163925_MH_MC	5	2	2	6.4	45.449	0.00016785	11668000
22774_MH_MC	1	1	1	6.3	14.646	0.014879	32987000
88062_MH_MC	6	5	5	14.8	56.968	1.92E-12	250910000
22947_MH_MC	6	5	5	14.8	56.968	1.92E-12	250910000
43633_MH_MC	6	5	5	14.8	56.968	1.92E-12	250910000
8335_MH_MC	6	5	5	14.8	56.968	1.92E-12	250910000
8334_MH_MC	6	5	5	14.8	56.968	1.92E-12	250910000
8333_MH_MC	6	5	5	14.8	56.968	1.92E-12	250910000
23020_MH_MC	2	1	1	5.9	29.194	0.0098047	87556000
46891_MH_MC	2	1	1	5.9	29.194	0.0098047	87556000
32257_MH_MC	3	2	2	11.5	34.414	4.29E-17	54179000
23104_MH_MC	3	2	2	11.5	34.414	4.29E-17	54179000
49502_MH_MC	3	2	2	11.5	34.414	4.29E-17	54179000
23121_MH_MC	5	12	12	19.1	83.14	1.75E-39	708670000
8644_MH_MC	5	12	12	19.1	83.14	1.75E-39	708670000
91897_MH_MC	5	12	12	19.1	83.14	1.75E-39	708670000
4698_MH_MC	5	12	12	19.1	83.14	1.75E-39	708670000
37326_MH_MC	5	12	12	19.1	83.14	1.75E-39	708670000
23161_MH_MC	1	5	1	16.8	41.396	4.79E-13	46706000
23207_MH_MC	7	6	6	10.8	94.132	8.14E-33	238740000
15694_MH_MC	7	6	6	10.8	94.132	8.14E-33	238740000
31904_MH_MC	7	6	6	10.8	94.132	8.14E-33	238740000
31903_MH_MC	7	6	6	10.8	94.132	8.14E-33	238740000
94236_MH_MC	7	6	6	10.8	94.132	8.14E-33	238740000
94238_MH_MC	7	6	6	10.8	94.132	8.14E-33	238740000
41379_MH_MC	7	6	6	10.8	94.132	8.14E-33	238740000
36919_MH_MC	3	3	3	20.3	21.708	3.97E-37	2228200000
23245_MH_MC	3	3	3	20.3	21.708	3.97E-37	2228200000
116755_MH_MC	3	3	3	20.3	21.708	3.97E-37	2228200000
23259_MH_MC	1	1	1	7.1	17.938	0.0021074	11316000
23335_MH_MC	1	4	1	21.4	26.756	1.53E-14	0
23388_MH_MC	4	1	1	6.6	18.344	0.00040794	23769000
42367_MH_MC	4	1	1	6.6	18.344	0.00040794	23769000
39635_MH_MC	4	1	1	6.6	18.344	0.00040794	23769000
7176_MH_MC	4	1	1	6.6	18.344	0.00040794	23769000
23395_MH_MC	14	31	0	25.2	189.89	2.21E-209	3033000000
74813_MH_MC	14	31	0	25.2	189.89	2.21E-209	3033000000
15838_MH_MC	14	31	0	25.2	189.89	2.21E-209	3033000000
164940_MH_MC	14	31	0	25.2	189.89	2.21E-209	3033000000
28735_MH_MC	14	31	0	25.2	189.89	2.21E-209	3033000000
28736_MH_MC	14	31	0	25.2	189.89	2.21E-209	3033000000
28742_MH_MC	14	31	0	25.2	189.89	2.21E-209	3033000000
45651_MH_MC	14	31	0	25.2	189.89	2.21E-209	3033000000
46899_MH_MC	14	31	0	25.2	189.89	2.21E-209	3033000000
28743_MH_MC	14	31	0	25.2	189.89	2.21E-209	3033000000
28738_MH_MC	14	31	0	25.2	189.89	2.21E-209	3033000000
28740_MH_MC	14	31	0	25.2	189.89	2.21E-209	3033000000
28741_MH_MC	14	31	0	25.2	189.89	2.21E-209	3033000000
45650_MH_MC	14	31	0	25.2	189.89	2.21E-209	3033000000
23462_MH_MC	1	1	1	6.5	21.373	0.011783	0
28707_MH_MC	6	4	4	16.2	35.019	1.09E-09	75786000
235_MH_MC	6	4	4	16.2	35.019	1.09E-09	75786000
237_MH_MC	6	4	4	16.2	35.019	1.09E-09	75786000
236_MH_MC	6	4	4	16.2	35.019	1.09E-09	75786000
27662_MH_MC	6	4	4	16.2	35.019	1.09E-09	75786000
97078_MH_MC	6	4	4	16.2	35.019	1.09E-09	75786000
32170_MH_MC	6	4	4	20.8	25.362	1.17E-43	840590000
32169_MH_MC	6	4	4	20.8	25.362	1.17E-43	840590000
23500_MH_MC	6	4	4	20.8	25.362	1.17E-43	840590000
15928_MH_MC	6	4	4	20.8	25.362	1.17E-43	840590000
165103_MH_MC	6	4	4	20.8	25.362	1.17E-43	840590000
15419_MH_MC	6	4	4	20.8	25.362	1.17E-43	840590000
41544_MH_MC	2	1	1	3.1	54.337	0.0024604	14416000
23605_MH_MC	2	1	1	3.1	54.337	0.0024604	14416000
2382_MH_MC	4	2	2	9.3	40.956	8.98E-11	12289000
2383_MH_MC	4	2	2	9.3	40.956	8.98E-11	12289000
26030_MH_MC	4	2	2	9.3	40.956	8.98E-11	12289000
17716_MH_MC	4	2	2	9.3	40.956	8.98E-11	12289000
23848_MH_MC	4	3	3	4.4	119.61	2.94E-21	76812000
51247_MH_MC	4	3	3	4.4	119.61	2.94E-21	76812000
16187_MH_MC	4	3	3	4.4	119.61	2.94E-21	76812000
16189_MH_MC	4	3	3	4.4	119.61	2.94E-21	76812000
23948_MH_MC	2	3	3	25.5	18.168	1.29E-13	106100000
16250_MH_MC	2	3	3	25.5	18.168	1.29E-13	106100000
42106_MH_MC	2	5	5	18.2	36.848	1.51E-12	130040000
23968_MH_MC	2	5	5	18.2	36.848	1.51E-12	130040000
45831_MH_MC	2	1	1	3.4	43.941	0.0014029	27064000
23977_MH_MC	2	1	1	3.4	43.941	0.0014029	27064000
31720_MH_MC	2	1	1	2.9	51.934	0.004994	28428000
24079_MH_MC	2	1	1	2.9	51.934	0.004994	28428000
24127_MH_MC	2	7	1	20.5	41.047	2.06E-26	60540000
16373_MH_MC	2	7	1	20.5	41.047	2.06E-26	60540000
24196_MH_MC	1	6	1	12.1	45.778	2.57E-17	189190000
24197_MH_MC	2	2	1	5.6	34.862	0.00021143	46359000
87718_MH_MC	2	2	1	5.6	34.862	0.00021143	46359000
97856_MH_MC	4	2	2	8.9	29.066	2.90E-05	37449000
24512_MH_MC	4	2	2	8.9	29.066	2.90E-05	37449000
32785_MH_MC	4	2	2	8.9	29.066	2.90E-05	37449000
16654_MH_MC	4	2	2	8.9	29.066	2.90E-05	37449000
24519_MH_MC	2	6	6	23.9	35.943	3.70E-17	99677000
36376_MH_MC	2	6	6	23.9	35.943	3.70E-17	99677000
57119_MH_MC	2	1	1	5.9	29.401	1.82E-14	58095000
24525_MH_MC	2	1	1	5.9	29.401	1.82E-14	58095000
42484_MH_MC	4	4	4	3.1	163.29	6.66E-11	71656000
24623_MH_MC	4	4	4	3.1	163.29	6.66E-11	71656000
66415_MH_MC	4	4	4	3.1	163.29	6.66E-11	71656000
16731_MH_MC	4	4	4	3.1	163.29	6.66E-11	71656000
2465_MH_MC	5	2	2	12.8	23.865	6.10E-08	72014000
2466_MH_MC	5	2	2	12.8	23.865	6.10E-08	72014000
33157_MH_MC	5	2	2	12.8	23.865	6.10E-08	72014000
33158_MH_MC	5	2	2	12.8	23.865	6.10E-08	72014000
135544_MH_MC	5	2	2	12.8	23.865	6.10E-08	72014000
33161_MH_MC	2	2	2	9.4	28.538	1.03E-07	76415000
2469_MH_MC	2	2	2	9.4	28.538	1.03E-07	76415000
63262_MH_MC	2	1	1	1.6	68.795	0.010586	0
24793_MH_MC	2	1	1	1.6	68.795	0.010586	0
24918_MH_MC	1	2	2	5.4	41.718	0.0011866	33268000
31757_MH_MC	8	5	5	10.8	63.12	3.56E-11	121050000
24999_MH_MC	8	5	5	10.8	63.12	3.56E-11	121050000
1769_MH_MC	8	5	5	10.8	63.12	3.56E-11	121050000
1770_MH_MC	8	5	5	10.8	63.12	3.56E-11	121050000
167520_MH_MC	8	5	5	10.8	63.12	3.56E-11	121050000
31756_MH_MC	8	5	5	10.8	63.12	3.56E-11	121050000
16983_MH_MC	8	5	5	10.8	63.12	3.56E-11	121050000
167519_MH_MC	8	5	5	10.8	63.12	3.56E-11	121050000
25029_MH_MC	1	1	1	2.6	46.032	0.011666	13438000
30755_MH_MC	3	1	1	7.4	20.347	6.85E-05	8913100
30753_MH_MC	3	1	1	7.4	20.347	6.85E-05	8913100
25055_MH_MC	3	1	1	7.4	20.347	6.85E-05	8913100
2510_MH_MC	2	3	2	9	35.383	6.89E-08	155630000
6524_MH_MC	2	3	2	9	35.383	6.89E-08	155630000
25352_MH_MC	3	1	1	1.5	84.225	0.019922	0
33630_MH_MC	3	1	1	1.5	84.225	0.019922	0
59834_MH_MC	3	1	1	1.5	84.225	0.019922	0
25389_MH_MC	2	1	1	5.7	21.714	0.0012526	0
71681_MH_MC	2	1	1	5.7	21.714	0.0012526	0
29002_MH_MC	4	2	2	1.9	117.87	0.00012914	7028500
25400_MH_MC	4	2	2	1.9	117.87	0.00012914	7028500
78739_MH_MC	4	2	2	1.9	117.87	0.00012914	7028500
17278_MH_MC	4	2	2	1.9	117.87	0.00012914	7028500
2543_MH_MC	3	4	4	19.9	35.555	1.27E-19	119410000
33317_MH_MC	3	4	4	19.9	35.555	1.27E-19	119410000
170849_MH_MC	3	4	4	19.9	35.555	1.27E-19	119410000
25481_MH_MC	2	1	1	9.2	21.59	0.00054934	78401000
80347_MH_MC	2	1	1	9.2	21.59	0.00054934	78401000
28759_MH_MC	4	8	1	21.5	44.159	2.48E-20	467550000
255_MH_MC	4	8	1	21.5	44.159	2.48E-20	467550000
CON__P60712	4	8	1	21.5	44.159	2.48E-20	467550000
2771_MH_MC	4	8	1	21.5	44.159	2.48E-20	467550000
40373_MH_MC	2	1	1	2.2	67.953	0.0093904	9918100
25504_MH_MC	2	1	1	2.2	67.953	0.0093904	9918100
25547_MH_MC	2	3	3	8.7	46.573	6.55E-07	112010000
39172_MH_MC	2	3	3	8.7	46.573	6.55E-07	112010000
25635_MH_MC	6	24	0	25.9	121.98	2.31E-236	18150000000
17433_MH_MC	6	24	0	25.9	121.98	2.31E-236	18150000000
57324_MH_MC	6	24	0	25.9	121.98	2.31E-236	18150000000
35256_MH_MC	6	24	0	25.9	121.98	2.31E-236	18150000000
35252_MH_MC	6	24	0	25.9	121.98	2.31E-236	18150000000
46943_MH_MC	6	24	0	25.9	121.98	2.31E-236	18150000000
25636_MH_MC	2	9	5	13.9	71.878	2.90E-54	775110000
17434_MH_MC	2	9	5	13.9	71.878	2.90E-54	775110000
32327_MH_MC	3	3	3	4.7	82.948	3.90E-09	104370000
25644_MH_MC	3	3	3	4.7	82.948	3.90E-09	104370000
71487_MH_MC	3	3	3	4.7	82.948	3.90E-09	104370000
25785_MH_MC	2	1	1	2.7	32.743	0.018164	25795000
59551_MH_MC	2	1	1	2.7	32.743	0.018164	25795000
36959_MH_MC	2	1	1	5.7	27.413	0.01164	0
25893_MH_MC	2	1	1	5.7	27.413	0.01164	0
2600_MH_MC	6	3	3	8.4	46.744	1.23E-10	257070000
33404_MH_MC	6	3	3	8.4	46.744	1.23E-10	257070000
33403_MH_MC	6	3	3	8.4	46.744	1.23E-10	257070000
2599_MH_MC	6	3	3	8.4	46.744	1.23E-10	257070000
2598_MH_MC	6	3	3	8.4	46.744	1.23E-10	257070000
155874_MH_MC	6	3	3	8.4	46.744	1.23E-10	257070000
26099_MH_MC	5	2	2	1.1	220.89	1.65E-05	58369000
169353_MH_MC	5	2	2	1.1	220.89	1.65E-05	58369000
17766_MH_MC	5	2	2	1.1	220.89	1.65E-05	58369000
59753_MH_MC	5	2	2	1.1	220.89	1.65E-05	58369000
17765_MH_MC	5	2	2	1.1	220.89	1.65E-05	58369000
26127_MH_MC	4	3	1	1.7	222.39	8.58E-07	10904000
37262_MH_MC	4	3	1	1.7	222.39	8.58E-07	10904000
75228_MH_MC	4	3	1	1.7	222.39	8.58E-07	10904000
169396_MH_MC	4	3	1	1.7	222.39	8.58E-07	10904000
26159_MH_MC	4	7	7	4.4	226.94	3.11E-18	116500000
31912_MH_MC	4	7	7	4.4	226.94	3.11E-18	116500000
46955_MH_MC	4	7	7	4.4	226.94	3.11E-18	116500000
6052_MH_MC	4	7	7	4.4	226.94	3.11E-18	116500000
26279_MH_MC	8	6	6	5.9	138.98	5.24E-21	131000000
78667_MH_MC	8	6	6	5.9	138.98	5.24E-21	131000000
17889_MH_MC	8	6	6	5.9	138.98	5.24E-21	131000000
43272_MH_MC	8	6	6	5.9	138.98	5.24E-21	131000000
42108_MH_MC	8	6	6	5.9	138.98	5.24E-21	131000000
17890_MH_MC	8	6	6	5.9	138.98	5.24E-21	131000000
38423_MH_MC	8	6	6	5.9	138.98	5.24E-21	131000000
78669_MH_MC	8	6	6	5.9	138.98	5.24E-21	131000000
40614_MH_MC	4	13	13	34.3	42.51	9.84E-67	815600000
26321_MH_MC	4	13	13	34.3	42.51	9.84E-67	815600000
93932_MH_MC	4	13	13	34.3	42.51	9.84E-67	815600000
17914_MH_MC	4	13	13	34.3	42.51	9.84E-67	815600000
26337_MH_MC	2	4	4	22.2	20.224	1.31E-21	536420000
37695_MH_MC	2	4	4	22.2	20.224	1.31E-21	536420000
33495_MH_MC	9	8	8	22.8	50.258	7.21E-67	1389800000
33490_MH_MC	9	8	8	22.8	50.258	7.21E-67	1389800000
33496_MH_MC	9	8	8	22.8	50.258	7.21E-67	1389800000
2638_MH_MC	9	8	8	22.8	50.258	7.21E-67	1389800000
2639_MH_MC	9	8	8	22.8	50.258	7.21E-67	1389800000
2640_MH_MC	9	8	8	22.8	50.258	7.21E-67	1389800000
33493_MH_MC	9	8	8	22.8	50.258	7.21E-67	1389800000
20416_MH_MC	9	8	8	22.8	50.258	7.21E-67	1389800000
33494_MH_MC	9	8	8	22.8	50.258	7.21E-67	1389800000
43940_MH_MC	2	1	1	2.4	43.103	0.015837	9573300
26546_MH_MC	2	1	1	2.4	43.103	0.015837	9573300
26725_MH_MC	1	1	1	7	17.444	0.0084766	20723000
41522_MH_MC	2	2	2	9.8	30.619	1.16E-12	83049000
26746_MH_MC	2	2	2	9.8	30.619	1.16E-12	83049000
41583_MH_MC	3	1	1	1.4	102.62	0.0020066	8687900
26782_MH_MC	3	1	1	1.4	102.62	0.0020066	8687900
96369_MH_MC	3	1	1	1.4	102.62	0.0020066	8687900
26900_MH_MC	2	1	1	5.9	15.673	0.0096203	59624000
41060_MH_MC	2	1	1	5.9	15.673	0.0096203	59624000
43107_MH_MC	3	1	1	1.5	85.365	0.017395	0
89473_MH_MC	3	1	1	1.5	85.365	0.017395	0
26941_MH_MC	3	1	1	1.5	85.365	0.017395	0
2698_MH_MC	3	2	2	8.1	38.86	9.64E-05	15608000
33644_MH_MC	3	2	2	8.1	38.86	9.64E-05	15608000
33643_MH_MC	3	2	2	8.1	38.86	9.64E-05	15608000
27175_MH_MC	6	8	7	31.2	41.913	2.11E-50	416830000
18534_MH_MC	6	8	7	31.2	41.913	2.11E-50	416830000
102384_MH_MC	6	8	7	31.2	41.913	2.11E-50	416830000
102383_MH_MC	6	8	7	31.2	41.913	2.11E-50	416830000
102382_MH_MC	6	8	7	31.2	41.913	2.11E-50	416830000
171191_MH_MC	6	8	7	31.2	41.913	2.11E-50	416830000
27206_MH_MC	1	1	1	8.3	12.701	0.012896	0
44594_MH_MC	4	2	2	10.3	35.83	1.96E-11	59866000
27760_MH_MC	4	2	2	10.3	35.83	1.96E-11	59866000
104829_MH_MC	4	2	2	10.3	35.83	1.96E-11	59866000
18983_MH_MC	4	2	2	10.3	35.83	1.96E-11	59866000
27876_MH_MC	8	30	30	19.5	204.41	1.04E-100	2221900000
19076_MH_MC	8	30	30	19.5	204.41	1.04E-100	2221900000
60775_MH_MC	8	30	30	19.5	204.41	1.04E-100	2221900000
31154_MH_MC	8	30	30	19.5	204.41	1.04E-100	2221900000
1491_MH_MC	8	30	30	19.5	204.41	1.04E-100	2221900000
31152_MH_MC	8	30	30	19.5	204.41	1.04E-100	2221900000
19077_MH_MC	8	30	30	19.5	204.41	1.04E-100	2221900000
60776_MH_MC	8	30	30	19.5	204.41	1.04E-100	2221900000
27883_MH_MC	1	2	2	13.2	17.341	3.13E-06	100920000
2790_MH_MC	2	1	1	11.1	16.001	0.0025822	22901000
2791_MH_MC	2	1	1	11.1	16.001	0.0025822	22901000
35619_MH_MC	4	1	1	3.7	39.407	1.18E-08	18585000
27962_MH_MC	4	1	1	3.7	39.407	1.18E-08	18585000
70579_MH_MC	4	1	1	3.7	39.407	1.18E-08	18585000
35618_MH_MC	4	1	1	3.7	39.407	1.18E-08	18585000
44578_MH_MC	4	5	5	16.3	41.258	3.01E-13	133210000
28021_MH_MC	4	5	5	16.3	41.258	3.01E-13	133210000
19200_MH_MC	4	5	5	16.3	41.258	3.01E-13	133210000
19199_MH_MC	4	5	5	16.3	41.258	3.01E-13	133210000
28051_MH_MC	5	2	2	9.5	36.225	2.17E-13	44192000
22394_MH_MC	5	2	2	9.5	36.225	2.17E-13	44192000
55904_MH_MC	5	2	2	9.5	36.225	2.17E-13	44192000
172629_MH_MC	5	2	2	9.5	36.225	2.17E-13	44192000
19219_MH_MC	5	2	2	9.5	36.225	2.17E-13	44192000
41468_MH_MC	2	2	2	6.7	43.299	2.54E-05	44091000
28096_MH_MC	2	2	2	6.7	43.299	2.54E-05	44091000
28136_MH_MC	2	2	2	4.8	62.984	4.08E-05	17887000
85224_MH_MC	2	2	2	4.8	62.984	4.08E-05	17887000
28236_MH_MC	2	5	1	18.1	39.819	3.62E-14	174930000
19346_MH_MC	2	5	1	18.1	39.819	3.62E-14	174930000
28275_MH_MC	1	2	2	9.1	26.894	0.00022391	203370000
28331_MH_MC	4	2	2	8.2	29.647	0.0012064	12253000
28332_MH_MC	4	2	2	8.2	29.647	0.0012064	12253000
28333_MH_MC	4	2	2	8.2	29.647	0.0012064	12253000
133528_MH_MC	4	2	2	8.2	29.647	0.0012064	12253000
39_MH_MC	10	2	2	4.7	55.397	0.00029936	47983000
28341_MH_MC	10	2	2	4.7	55.397	0.00029936	47983000
28336_MH_MC	10	2	2	4.7	55.397	0.00029936	47983000
28337_MH_MC	10	2	2	4.7	55.397	0.00029936	47983000
28338_MH_MC	10	2	2	4.7	55.397	0.00029936	47983000
28339_MH_MC	10	2	2	4.7	55.397	0.00029936	47983000
28340_MH_MC	10	2	2	4.7	55.397	0.00029936	47983000
41_MH_MC	10	2	2	4.7	55.397	0.00029936	47983000
24168_MH_MC	10	2	2	4.7	55.397	0.00029936	47983000
68817_MH_MC	10	2	2	4.7	55.397	0.00029936	47983000
28416_MH_MC	3	4	4	14.8	36.89	1.37E-09	104460000
97_MH_MC	3	4	4	14.8	36.89	1.37E-09	104460000
13554_MH_MC	3	4	4	14.8	36.89	1.37E-09	104460000
33980_MH_MC	2	1	1	1.2	129.43	9.70E-06	0
2844_MH_MC	2	1	1	1.2	129.43	9.70E-06	0
28471_MH_MC	7	23	23	42.3	82.103	2.29E-193	3284600000
130_MH_MC	7	23	23	42.3	82.103	2.29E-193	3284600000
20792_MH_MC	7	23	23	42.3	82.103	2.29E-193	3284600000
13634_MH_MC	7	23	23	42.3	82.103	2.29E-193	3284600000
23332_MH_MC	7	23	23	42.3	82.103	2.29E-193	3284600000
127413_MH_MC	7	23	23	42.3	82.103	2.29E-193	3284600000
127463_MH_MC	7	23	23	42.3	82.103	2.29E-193	3284600000
28565_MH_MC	1	1	1	13.2	14.917	6.65E-10	20100000
28603_MH_MC	2	1	1	2.8	56.943	0.00078429	57768000
28602_MH_MC	2	1	1	2.8	56.943	0.00078429	57768000
28679_MH_MC	2	1	1	7.1	23.374	0.0050272	9538200
28678_MH_MC	2	1	1	7.1	23.374	0.0050272	9538200
28708_MH_MC	2	2	2	28.1	18.043	2.35E-35	78082000
28709_MH_MC	2	2	2	28.1	18.043	2.35E-35	78082000
34023_MH_MC	8	3	3	6.4	61.137	4.99E-08	216650000
2875_MH_MC	8	3	3	6.4	61.137	4.99E-08	216650000
2876_MH_MC	8	3	3	6.4	61.137	4.99E-08	216650000
2874_MH_MC	8	3	3	6.4	61.137	4.99E-08	216650000
24450_MH_MC	8	3	3	6.4	61.137	4.99E-08	216650000
61769_MH_MC	8	3	3	6.4	61.137	4.99E-08	216650000
2873_MH_MC	8	3	3	6.4	61.137	4.99E-08	216650000
16605_MH_MC	8	3	3	6.4	61.137	4.99E-08	216650000
28760_MH_MC	1	3	1	27.5	14.321	6.37E-10	92923000
28840_MH_MC	5	4	4	19	41.677	6.14E-23	40229000
14121_MH_MC	5	4	4	19	41.677	6.14E-23	40229000
21262_MH_MC	5	4	4	19	41.677	6.14E-23	40229000
119987_MH_MC	5	4	4	19	41.677	6.14E-23	40229000
28839_MH_MC	5	4	4	19	41.677	6.14E-23	40229000
28864_MH_MC	5	6	4	31.1	20.136	5.54E-44	4075000000
307_MH_MC	5	6	4	31.1	20.136	5.54E-44	4075000000
308_MH_MC	5	6	4	31.1	20.136	5.54E-44	4075000000
21735_MH_MC	5	6	4	31.1	20.136	5.54E-44	4075000000
51348_MH_MC	5	6	4	31.1	20.136	5.54E-44	4075000000
28875_MH_MC	4	4	4	10.5	60.691	1.98E-10	146130000
5562_MH_MC	4	4	4	10.5	60.691	1.98E-10	146130000
28873_MH_MC	4	4	4	10.5	60.691	1.98E-10	146130000
10355_MH_MC	4	4	4	10.5	60.691	1.98E-10	146130000
28918_MH_MC	4	11	11	15.9	106.01	1.55E-58	337130000
325_MH_MC	4	11	11	15.9	106.01	1.55E-58	337130000
28917_MH_MC	4	11	11	15.9	106.01	1.55E-58	337130000
324_MH_MC	4	11	11	15.9	106.01	1.55E-58	337130000
55944_MH_MC	3	3	3	16.8	25.978	2.30E-30	102800000
28953_MH_MC	3	3	3	16.8	25.978	2.30E-30	102800000
22064_MH_MC	3	3	3	16.8	25.978	2.30E-30	102800000
28998_MH_MC	3	3	3	8.2	50.482	1.43E-07	20348000
169235_MH_MC	3	3	3	8.2	50.482	1.43E-07	20348000
157429_MH_MC	3	3	3	8.2	50.482	1.43E-07	20348000
29038_MH_MC	2	1	1	4.3	32.56	0.00053459	0
29037_MH_MC	2	1	1	4.3	32.56	0.00053459	0
29083_MH_MC	1	2	2	6.6	59.745	6.27E-09	24590000
29108_MH_MC	3	3	3	18.5	21.294	2.69E-06	116110000
29111_MH_MC	3	3	3	18.5	21.294	2.69E-06	116110000
4210_MH_MC	3	3	3	18.5	21.294	2.69E-06	116110000
29138_MH_MC	2	3	3	29.8	18.335	3.04E-07	272170000
502_MH_MC	2	3	3	29.8	18.335	3.04E-07	272170000
29244_MH_MC	2	1	1	4	32.189	0.005413	25923000
29245_MH_MC	2	1	1	4	32.189	0.005413	25923000
29345_MH_MC	1	2	2	3.1	82.065	0.00021364	60821000
29366_MH_MC	4	1	1	5.3	29.965	0.0039959	0
591_MH_MC	4	1	1	5.3	29.965	0.0039959	0
29368_MH_MC	4	1	1	5.3	29.965	0.0039959	0
592_MH_MC	4	1	1	5.3	29.965	0.0039959	0
29457_MH_MC	6	4	4	12.2	50.219	6.52E-16	65469000
29458_MH_MC	6	4	4	12.2	50.219	6.52E-16	65469000
637_MH_MC	6	4	4	12.2	50.219	6.52E-16	65469000
56326_MH_MC	6	4	4	12.2	50.219	6.52E-16	65469000
28231_MH_MC	6	4	4	12.2	50.219	6.52E-16	65469000
19342_MH_MC	6	4	4	12.2	50.219	6.52E-16	65469000
691_MH_MC	5	4	4	9.5	61.632	1.24E-10	70226000
29504_MH_MC	5	4	4	9.5	61.632	1.24E-10	70226000
692_MH_MC	5	4	4	9.5	61.632	1.24E-10	70226000
111936_MH_MC	5	4	4	9.5	61.632	1.24E-10	70226000
690_MH_MC	5	4	4	9.5	61.632	1.24E-10	70226000
29548_MH_MC	1	3	3	6.7	60.443	2.89E-08	139430000
2958_MH_MC	7	1	1	1.8	72.085	0.0016765	18954000
2962_MH_MC	7	1	1	1.8	72.085	0.0016765	18954000
2959_MH_MC	7	1	1	1.8	72.085	0.0016765	18954000
2963_MH_MC	7	1	1	1.8	72.085	0.0016765	18954000
72283_MH_MC	7	1	1	1.8	72.085	0.0016765	18954000
2960_MH_MC	7	1	1	1.8	72.085	0.0016765	18954000
2961_MH_MC	7	1	1	1.8	72.085	0.0016765	18954000
29594_MH_MC	2	3	3	13.6	30.533	9.84E-09	118030000
29592_MH_MC	2	3	3	13.6	30.533	9.84E-09	118030000
29725_MH_MC	5	8	7	26.5	37.775	8.75E-36	2140000000
110246_MH_MC	5	8	7	26.5	37.775	8.75E-36	2140000000
16449_MH_MC	5	8	7	26.5	37.775	8.75E-36	2140000000
166251_MH_MC	5	8	7	26.5	37.775	8.75E-36	2140000000
166252_MH_MC	5	8	7	26.5	37.775	8.75E-36	2140000000
29769_MH_MC	3	4	2	9.6	52.805	1.09E-15	180180000
113268_MH_MC	3	4	2	9.6	52.805	1.09E-15	180180000
129731_MH_MC	3	4	2	9.6	52.805	1.09E-15	180180000
29793_MH_MC	3	10	1	27.7	43.181	1.51E-69	19422000
54155_MH_MC	3	10	1	27.7	43.181	1.51E-69	19422000
54154_MH_MC	3	10	1	27.7	43.181	1.51E-69	19422000
29794_MH_MC	1	11	1	33.1	43.206	4.98E-76	607030000
29875_MH_MC	8	3	3	11.6	43.158	3.56E-14	34107000
969_MH_MC	8	3	3	11.6	43.158	3.56E-14	34107000
968_MH_MC	8	3	3	11.6	43.158	3.56E-14	34107000
966_MH_MC	8	3	3	11.6	43.158	3.56E-14	34107000
967_MH_MC	8	3	3	11.6	43.158	3.56E-14	34107000
965_MH_MC	8	3	3	11.6	43.158	3.56E-14	34107000
29874_MH_MC	8	3	3	11.6	43.158	3.56E-14	34107000
129061_MH_MC	8	3	3	11.6	43.158	3.56E-14	34107000
29975_MH_MC	1	1	1	14.9	8.2151	0.0050509	32310000
30008_MH_MC	1	5	5	2.4	294.02	2.39E-11	93434000
30035_MH_MC	9	3	3	4.2	99.938	7.40E-59	153230000
30037_MH_MC	9	3	3	4.2	99.938	7.40E-59	153230000
30032_MH_MC	9	3	3	4.2	99.938	7.40E-59	153230000
30031_MH_MC	9	3	3	4.2	99.938	7.40E-59	153230000
30040_MH_MC	9	3	3	4.2	99.938	7.40E-59	153230000
30039_MH_MC	9	3	3	4.2	99.938	7.40E-59	153230000
113967_MH_MC	9	3	3	4.2	99.938	7.40E-59	153230000
21555_MH_MC	9	3	3	4.2	99.938	7.40E-59	153230000
14435_MH_MC	9	3	3	4.2	99.938	7.40E-59	153230000
30108_MH_MC	3	1	1	6.5	22.628	0.020603	9788200
964_MH_MC	3	1	1	6.5	22.628	0.020603	9788200
85920_MH_MC	3	1	1	6.5	22.628	0.020603	9788200
30149_MH_MC	11	5	5	12.3	49.924	3.94E-10	366220000
30148_MH_MC	11	5	5	12.3	49.924	3.94E-10	366220000
30147_MH_MC	11	5	5	12.3	49.924	3.94E-10	366220000
94719_MH_MC	11	5	5	12.3	49.924	3.94E-10	366220000
23975_MH_MC	11	5	5	12.3	49.924	3.94E-10	366220000
16263_MH_MC	11	5	5	12.3	49.924	3.94E-10	366220000
21350_MH_MC	11	5	5	12.3	49.924	3.94E-10	366220000
114522_MH_MC	11	5	5	12.3	49.924	3.94E-10	366220000
8956_MH_MC	11	5	5	12.3	49.924	3.94E-10	366220000
998_MH_MC	11	5	5	12.3	49.924	3.94E-10	366220000
997_MH_MC	11	5	5	12.3	49.924	3.94E-10	366220000
3016_MH_MC	5	4	4	34.1	20.137	7.03E-52	148180000
22532_MH_MC	5	4	4	34.1	20.137	7.03E-52	148180000
34263_MH_MC	5	4	4	34.1	20.137	7.03E-52	148180000
66487_MH_MC	5	4	4	34.1	20.137	7.03E-52	148180000
3015_MH_MC	5	4	4	34.1	20.137	7.03E-52	148180000
30165_MH_MC	2	1	1	6.2	23.989	0.00052257	0
30166_MH_MC	2	1	1	6.2	23.989	0.00052257	0
3022_MH_MC	5	1	1	10.1	18.029	6.35E-08	35408000
3018_MH_MC	5	1	1	10.1	18.029	6.35E-08	35408000
3017_MH_MC	5	1	1	10.1	18.029	6.35E-08	35408000
34273_MH_MC	5	1	1	10.1	18.029	6.35E-08	35408000
3020_MH_MC	5	1	1	10.1	18.029	6.35E-08	35408000
30230_MH_MC	3	4	4	15	36.274	1.05E-08	204840000
30231_MH_MC	3	4	4	15	36.274	1.05E-08	204840000
138643_MH_MC	3	4	4	15	36.274	1.05E-08	204840000
30275_MH_MC	1	1	1	1.3	88.796	0.0049939	0
30325_MH_MC	1	4	4	14.2	44.585	5.46E-14	218340000
30380_MH_MC	1	1	1	8.2	17.451	6.47E-06	43814000
30443_MH_MC	6	12	12	25.6	59.596	3.71E-80	567490000
30442_MH_MC	6	12	12	25.6	59.596	3.71E-80	567490000
14234_MH_MC	6	12	12	25.6	59.596	3.71E-80	567490000
21353_MH_MC	6	12	12	25.6	59.596	3.71E-80	567490000
114458_MH_MC	6	12	12	25.6	59.596	3.71E-80	567490000
80485_MH_MC	6	12	12	25.6	59.596	3.71E-80	567490000
30476_MH_MC	6	3	3	27.3	16.682	2.52E-08	358400000
27804_MH_MC	6	3	3	27.3	16.682	2.52E-08	358400000
114575_MH_MC	6	3	3	27.3	16.682	2.52E-08	358400000
42239_MH_MC	6	3	3	27.3	16.682	2.52E-08	358400000
135148_MH_MC	6	3	3	27.3	16.682	2.52E-08	358400000
30475_MH_MC	6	3	3	27.3	16.682	2.52E-08	358400000
30598_MH_MC	1	1	1	12.1	13.457	0.002205	12726000
30616_MH_MC	1	1	1	1.6	114.06	1.78E-17	0
30656_MH_MC	3	1	1	5.6	28.749	0.0014476	28809000
40908_MH_MC	3	1	1	5.6	28.749	0.0014476	28809000
30657_MH_MC	3	1	1	5.6	28.749	0.0014476	28809000
30771_MH_MC	2	3	3	20	20.034	1.82E-11	158040000
13422_MH_MC	2	3	3	20	20.034	1.82E-11	158040000
30773_MH_MC	1	5	5	16	53.813	6.04E-30	84919000
30802_MH_MC	2	1	1	3.1	50.459	0.00035961	0
30801_MH_MC	2	1	1	3.1	50.459	0.00035961	0
30894_MH_MC	5	4	4	4.1	112.3	6.03E-12	235290000
27011_MH_MC	5	4	4	4.1	112.3	6.03E-12	235290000
170881_MH_MC	5	4	4	4.1	112.3	6.03E-12	235290000
101931_MH_MC	5	4	4	4.1	112.3	6.03E-12	235290000
18413_MH_MC	5	4	4	4.1	112.3	6.03E-12	235290000
30920_MH_MC	2	2	2	9	31.087	0.00012393	170490000
30921_MH_MC	2	2	2	9	31.087	0.00012393	170490000
31016_MH_MC	3	1	1	1.7	105.07	8.03E-05	0
31012_MH_MC	3	1	1	1.7	105.07	8.03E-05	0
31015_MH_MC	3	1	1	1.7	105.07	8.03E-05	0
31046_MH_MC	1	1	1	7.3	18.328	0.00431	0
31061_MH_MC	1	1	1	9.6	19.289	0.0037335	23755000
31082_MH_MC	1	2	2	31.8	7.6809	2.22E-22	686620000
31112_MH_MC	4	1	1	2.6	51.036	0.00010715	8003000
31115_MH_MC	4	1	1	2.6	51.036	0.00010715	8003000
95990_MH_MC	4	1	1	2.6	51.036	0.00010715	8003000
31113_MH_MC	4	1	1	2.6	51.036	0.00010715	8003000
31237_MH_MC	3	2	2	14.9	15.969	0.00050811	134750000
31238_MH_MC	3	2	2	14.9	15.969	0.00050811	134750000
14740_MH_MC	3	2	2	14.9	15.969	0.00050811	134750000
31239_MH_MC	1	1	1	22.7	8.7548	0.0041879	9129800
31241_MH_MC	2	5	5	54.7	11.091	1.40E-10	1809400000
93446_MH_MC	2	5	5	54.7	11.091	1.40E-10	1809400000
31339_MH_MC	3	6	6	31.1	32.09	5.10E-37	194550000
26758_MH_MC	3	6	6	31.1	32.09	5.10E-37	194550000
127573_MH_MC	3	6	6	31.1	32.09	5.10E-37	194550000
31387_MH_MC	1	1	1	6.5	25.871	0.00033495	21558000
31441_MH_MC	2	13	13	42.4	33.913	1.32E-66	4196800000
6871_MH_MC	2	13	13	42.4	33.913	1.32E-66	4196800000
31454_MH_MC	1	2	2	17.3	13.333	4.44E-05	64506000
31469_MH_MC	7	6	6	5.4	165.13	3.24E-39	45862000
31474_MH_MC	7	6	6	5.4	165.13	3.24E-39	45862000
167984_MH_MC	7	6	6	5.4	165.13	3.24E-39	45862000
25279_MH_MC	7	6	6	5.4	165.13	3.24E-39	45862000
17189_MH_MC	7	6	6	5.4	165.13	3.24E-39	45862000
120944_MH_MC	7	6	6	5.4	165.13	3.24E-39	45862000
99248_MH_MC	7	6	6	5.4	165.13	3.24E-39	45862000
31506_MH_MC	6	9	9	11.1	110.94	9.19E-39	533890000
79519_MH_MC	6	9	9	11.1	110.94	9.19E-39	533890000
1646_MH_MC	6	9	9	11.1	110.94	9.19E-39	533890000
27502_MH_MC	6	9	9	11.1	110.94	9.19E-39	533890000
18783_MH_MC	6	9	9	11.1	110.94	9.19E-39	533890000
31507_MH_MC	6	9	9	11.1	110.94	9.19E-39	533890000
31610_MH_MC	3	6	6	41.1	22.804	1.25E-34	410110000
137149_MH_MC	3	6	6	41.1	22.804	1.25E-34	410110000
31609_MH_MC	3	6	6	41.1	22.804	1.25E-34	410110000
31613_MH_MC	3	4	4	33.1	19.303	5.74E-22	382160000
31614_MH_MC	3	4	4	33.1	19.303	5.74E-22	382160000
27392_MH_MC	3	4	4	33.1	19.303	5.74E-22	382160000
31639_MH_MC	2	1	1	1.5	65.251	0.008233	15410000
31638_MH_MC	2	1	1	1.5	65.251	0.008233	15410000
41160_MH_MC	2	5	2	48.8	19.247	8.66E-48	242980000
31654_MH_MC	2	5	2	48.8	19.247	8.66E-48	242980000
31710_MH_MC	3	10	10	39	27.667	2.82E-48	2560400000
31711_MH_MC	3	10	10	39	27.667	2.82E-48	2560400000
31714_MH_MC	3	10	10	39	27.667	2.82E-48	2560400000
31713_MH_MC	1	3	3	43.6	8.6559	9.97E-10	122890000
31784_MH_MC	3	6	6	30.5	27.117	2.70E-36	1082700000
1781_MH_MC	3	6	6	30.5	27.117	2.70E-36	1082700000
31785_MH_MC	3	6	6	30.5	27.117	2.70E-36	1082700000
31799_MH_MC	2	2	2	9.6	29.438	9.52E-06	11123000
31798_MH_MC	2	2	2	9.6	29.438	9.52E-06	11123000
31834_MH_MC	4	7	5	20.4	42.521	1.54E-17	463240000
31833_MH_MC	4	7	5	20.4	42.521	1.54E-17	463240000
19433_MH_MC	4	7	5	20.4	42.521	1.54E-17	463240000
134491_MH_MC	4	7	5	20.4	42.521	1.54E-17	463240000
31918_MH_MC	3	7	7	29.1	25.317	2.01E-15	8403700000
31917_MH_MC	3	7	7	29.1	25.317	2.01E-15	8403700000
137737_MH_MC	3	7	7	29.1	25.317	2.01E-15	8403700000
34515_MH_MC	9	4	4	11.1	77.401	3.14E-19	36759000
3205_MH_MC	9	4	4	11.1	77.401	3.14E-19	36759000
34516_MH_MC	9	4	4	11.1	77.401	3.14E-19	36759000
34518_MH_MC	9	4	4	11.1	77.401	3.14E-19	36759000
34517_MH_MC	9	4	4	11.1	77.401	3.14E-19	36759000
159634_MH_MC	9	4	4	11.1	77.401	3.14E-19	36759000
12815_MH_MC	9	4	4	11.1	77.401	3.14E-19	36759000
12406_MH_MC	9	4	4	11.1	77.401	3.14E-19	36759000
134103_MH_MC	9	4	4	11.1	77.401	3.14E-19	36759000
32112_MH_MC	6	2	2	3.5	77.368	0.0017012	0
24787_MH_MC	6	2	2	3.5	77.368	0.0017012	0
16842_MH_MC	6	2	2	3.5	77.368	0.0017012	0
81508_MH_MC	6	2	2	3.5	77.368	0.0017012	0
11091_MH_MC	6	2	2	3.5	77.368	0.0017012	0
138417_MH_MC	6	2	2	3.5	77.368	0.0017012	0
32259_MH_MC	2	4	4	10.1	45.621	4.35E-08	131930000
32258_MH_MC	2	4	4	10.1	45.621	4.35E-08	131930000
32284_MH_MC	6	4	4	34.3	14.417	2.47E-21	1096500000
32286_MH_MC	6	4	4	34.3	14.417	2.47E-21	1096500000
32285_MH_MC	6	4	4	34.3	14.417	2.47E-21	1096500000
44996_MH_MC	6	4	4	34.3	14.417	2.47E-21	1096500000
30184_MH_MC	6	4	4	34.3	14.417	2.47E-21	1096500000
36836_MH_MC	6	4	4	34.3	14.417	2.47E-21	1096500000
32371_MH_MC	2	1	1	2.8	35.704	0.0037699	29386000
32373_MH_MC	2	1	1	2.8	35.704	0.0037699	29386000
32547_MH_MC	4	9	9	33	41.181	3.15E-25	1057500000
18166_MH_MC	4	9	9	33	41.181	3.15E-25	1057500000
26673_MH_MC	4	9	9	33	41.181	3.15E-25	1057500000
70717_MH_MC	4	9	9	33	41.181	3.15E-25	1057500000
32613_MH_MC	8	8	8	12.2	98.412	1.15E-28	268140000
32615_MH_MC	8	8	8	12.2	98.412	1.15E-28	268140000
32612_MH_MC	8	8	8	12.2	98.412	1.15E-28	268140000
24362_MH_MC	8	8	8	12.2	98.412	1.15E-28	268140000
16546_MH_MC	8	8	8	12.2	98.412	1.15E-28	268140000
24361_MH_MC	8	8	8	12.2	98.412	1.15E-28	268140000
16547_MH_MC	8	8	8	12.2	98.412	1.15E-28	268140000
54317_MH_MC	8	8	8	12.2	98.412	1.15E-28	268140000
32637_MH_MC	3	2	2	9	35.229	9.70E-17	318140000
32636_MH_MC	3	2	2	9	35.229	9.70E-17	318140000
170456_MH_MC	3	2	2	9	35.229	9.70E-17	318140000
32642_MH_MC	2	2	2	13	30.367	3.04E-13	45114000
128254_MH_MC	2	2	2	13	30.367	3.04E-13	45114000
32692_MH_MC	4	2	2	9.9	26.322	0.00010405	102300000
20154_MH_MC	4	2	2	9.9	26.322	0.00010405	102300000
130939_MH_MC	4	2	2	9.9	26.322	0.00010405	102300000
13037_MH_MC	4	2	2	9.9	26.322	0.00010405	102300000
32703_MH_MC	1	1	1	6.7	23.381	9.63E-19	0
32762_MH_MC	4	2	2	9.1	39.354	4.71E-05	50657000
128719_MH_MC	4	2	2	9.1	39.354	4.71E-05	50657000
20597_MH_MC	4	2	2	9.1	39.354	4.71E-05	50657000
160470_MH_MC	4	2	2	9.1	39.354	4.71E-05	50657000
32914_MH_MC	8	4	4	8.2	79.876	7.43E-54	88299000
32913_MH_MC	8	4	4	8.2	79.876	7.43E-54	88299000
124340_MH_MC	8	4	4	8.2	79.876	7.43E-54	88299000
21078_MH_MC	8	4	4	8.2	79.876	7.43E-54	88299000
13912_MH_MC	8	4	4	8.2	79.876	7.43E-54	88299000
161098_MH_MC	8	4	4	8.2	79.876	7.43E-54	88299000
129480_MH_MC	8	4	4	8.2	79.876	7.43E-54	88299000
13320_MH_MC	8	4	4	8.2	79.876	7.43E-54	88299000
32969_MH_MC	1	2	2	4.5	60.323	6.12E-07	52363000
32992_MH_MC	2	1	1	4	42.35	0.00054395	12732000
32993_MH_MC	2	1	1	4	42.35	0.00054395	12732000
33022_MH_MC	1	1	1	0.7	139.87	0.0014114	15853000
33051_MH_MC	1	2	2	1.7	107.24	1.21E-07	21475000
33084_MH_MC	2	1	1	4	39.752	3.77E-19	26424000
33083_MH_MC	2	1	1	4	39.752	3.77E-19	26424000
33120_MH_MC	2	3	3	8.8	48.051	3.82E-10	65433000
33122_MH_MC	2	3	3	8.8	48.051	3.82E-10	65433000
33144_MH_MC	3	2	2	2.2	103.41	0.0013612	38837000
33143_MH_MC	3	2	2	2.2	103.41	0.0013612	38837000
24719_MH_MC	3	2	2	2.2	103.41	0.0013612	38837000
33180_MH_MC	1	1	1	3.7	24.798	6.81E-05	72533000
33216_MH_MC	4	6	6	24.5	31.61	3.89E-30	373720000
33215_MH_MC	4	6	6	24.5	31.61	3.89E-30	373720000
131196_MH_MC	4	6	6	24.5	31.61	3.89E-30	373720000
2489_MH_MC	4	6	6	24.5	31.61	3.89E-30	373720000
33237_MH_MC	6	4	4	23.7	18.64	2.73E-11	285710000
32033_MH_MC	6	4	4	23.7	18.64	2.73E-11	285710000
137069_MH_MC	6	4	4	23.7	18.64	2.73E-11	285710000
32032_MH_MC	6	4	4	23.7	18.64	2.73E-11	285710000
2491_MH_MC	6	4	4	23.7	18.64	2.73E-11	285710000
1886_MH_MC	6	4	4	23.7	18.64	2.73E-11	285710000
33243_MH_MC	5	4	4	10.9	50.184	9.65E-09	48493000
33242_MH_MC	5	4	4	10.9	50.184	9.65E-09	48493000
21270_MH_MC	5	4	4	10.9	50.184	9.65E-09	48493000
119554_MH_MC	5	4	4	10.9	50.184	9.65E-09	48493000
25975_MH_MC	5	4	4	10.9	50.184	9.65E-09	48493000
33362_MH_MC	2	2	2	2	111.27	2.66E-06	657490000
33363_MH_MC	2	2	2	2	111.27	2.66E-06	657490000
33364_MH_MC	3	4	4	22.3	30.294	2.23E-68	681970000
19380_MH_MC	3	4	4	22.3	30.294	2.23E-68	681970000
28268_MH_MC	3	4	4	22.3	30.294	2.23E-68	681970000
33370_MH_MC	3	2	2	16.3	16.72	0.00063267	48991000
33373_MH_MC	3	2	2	16.3	16.72	0.00063267	48991000
10419_MH_MC	3	2	2	16.3	16.72	0.00063267	48991000
33523_MH_MC	3	4	3	17.5	35.423	5.03E-51	201080000
33522_MH_MC	3	4	3	17.5	35.423	5.03E-51	201080000
138533_MH_MC	3	4	3	17.5	35.423	5.03E-51	201080000
33654_MH_MC	3	14	12	23	68.275	5.02E-35	1082000000
59639_MH_MC	3	14	12	23	68.275	5.02E-35	1082000000
26303_MH_MC	3	14	12	23	68.275	5.02E-35	1082000000
33716_MH_MC	1	1	1	3.1	38.714	0.00029755	49511000
33765_MH_MC	2	1	1	10.7	17.428	5.41E-11	130330000
33763_MH_MC	2	1	1	10.7	17.428	5.41E-11	130330000
33788_MH_MC	1	2	2	7.6	31.844	0.00040698	34545000
33843_MH_MC	1	1	1	7.6	12.029	0.010936	36030000
33876_MH_MC	1	2	1	18	15.482	3.55E-06	129350000
33891_MH_MC	1	1	1	9.4	15.593	0.00011628	22428000
33952_MH_MC	11	4	4	8.3	76.598	4.64E-41	41675000
2828_MH_MC	11	4	4	8.3	76.598	4.64E-41	41675000
2827_MH_MC	11	4	4	8.3	76.598	4.64E-41	41675000
116581_MH_MC	11	4	4	8.3	76.598	4.64E-41	41675000
21325_MH_MC	11	4	4	8.3	76.598	4.64E-41	41675000
161436_MH_MC	11	4	4	8.3	76.598	4.64E-41	41675000
14203_MH_MC	11	4	4	8.3	76.598	4.64E-41	41675000
40837_MH_MC	11	4	4	8.3	76.598	4.64E-41	41675000
12823_MH_MC	11	4	4	8.3	76.598	4.64E-41	41675000
161437_MH_MC	11	4	4	8.3	76.598	4.64E-41	41675000
132151_MH_MC	11	4	4	8.3	76.598	4.64E-41	41675000
34084_MH_MC	1	1	1	5.7	37.898	1.38E-05	9449000
34200_MH_MC	2	1	1	4.1	45.522	0.014101	0
34202_MH_MC	2	1	1	4.1	45.522	0.014101	0
34488_MH_MC	1	4	3	9.1	56.749	2.30E-20	67245000
34525_MH_MC	4	7	7	30	31.141	3.47E-29	492640000
24712_MH_MC	4	7	7	30	31.141	3.47E-29	492640000
74536_MH_MC	4	7	7	30	31.141	3.47E-29	492640000
34524_MH_MC	4	7	7	30	31.141	3.47E-29	492640000
34539_MH_MC	2	2	2	17.9	16.413	0.00016377	76578000
34540_MH_MC	2	2	2	17.9	16.413	0.00016377	76578000
34800_MH_MC	1	1	1	4.7	24.499	0.032368	70751000
3494_MH_MC	10	5	5	32.4	15.732	1.15E-21	384820000
34990_MH_MC	10	5	5	32.4	15.732	1.15E-21	384820000
3493_MH_MC	10	5	5	32.4	15.732	1.15E-21	384820000
11517_MH_MC	10	5	5	32.4	15.732	1.15E-21	384820000
165516_MH_MC	10	5	5	32.4	15.732	1.15E-21	384820000
23766_MH_MC	10	5	5	32.4	15.732	1.15E-21	384820000
157962_MH_MC	10	5	5	32.4	15.732	1.15E-21	384820000
155090_MH_MC	10	5	5	32.4	15.732	1.15E-21	384820000
45664_MH_MC	10	5	5	32.4	15.732	1.15E-21	384820000
87954_MH_MC	10	5	5	32.4	15.732	1.15E-21	384820000
34963_MH_MC	3	4	4	20	22.83	3.64E-21	343860000
34962_MH_MC	3	4	4	20	22.83	3.64E-21	343860000
21860_MH_MC	3	4	4	20	22.83	3.64E-21	343860000
35000_MH_MC	5	3	2	6.3	46.689	1.80E-05	139400000
108672_MH_MC	5	3	2	6.3	46.689	1.80E-05	139400000
43945_MH_MC	5	3	2	6.3	46.689	1.80E-05	139400000
20035_MH_MC	5	3	2	6.3	46.689	1.80E-05	139400000
12932_MH_MC	5	3	2	6.3	46.689	1.80E-05	139400000
35040_MH_MC	1	4	4	8.1	42.247	1.89E-12	847720000
35050_MH_MC	8	4	4	12.1	41.942	3.29E-12	393640000
35051_MH_MC	8	4	4	12.1	41.942	3.29E-12	393640000
3543_MH_MC	8	4	4	12.1	41.942	3.29E-12	393640000
138823_MH_MC	8	4	4	12.1	41.942	3.29E-12	393640000
169780_MH_MC	8	4	4	12.1	41.942	3.29E-12	393640000
26345_MH_MC	8	4	4	12.1	41.942	3.29E-12	393640000
81528_MH_MC	8	4	4	12.1	41.942	3.29E-12	393640000
17930_MH_MC	8	4	4	12.1	41.942	3.29E-12	393640000
35145_MH_MC	7	5	5	27.2	23.355	1.60E-11	233220000
3567_MH_MC	7	5	5	27.2	23.355	1.60E-11	233220000
3566_MH_MC	7	5	5	27.2	23.355	1.60E-11	233220000
3565_MH_MC	7	5	5	27.2	23.355	1.60E-11	233220000
3564_MH_MC	7	5	5	27.2	23.355	1.60E-11	233220000
3563_MH_MC	7	5	5	27.2	23.355	1.60E-11	233220000
164640_MH_MC	7	5	5	27.2	23.355	1.60E-11	233220000
35191_MH_MC	2	2	2	8.4	41.848	2.87E-12	15835000
35192_MH_MC	2	2	2	8.4	41.848	2.87E-12	15835000
35254_MH_MC	5	26	13	32	98.428	1.81E-201	12978000000
35251_MH_MC	5	26	13	32	98.428	1.81E-201	12978000000
35257_MH_MC	5	26	13	32	98.428	1.81E-201	12978000000
35253_MH_MC	5	26	13	32	98.428	1.81E-201	12978000000
35255_MH_MC	5	26	13	32	98.428	1.81E-201	12978000000
35291_MH_MC	5	3	3	10.1	54.845	1.54E-10	43729000
3631_MH_MC	5	3	3	10.1	54.845	1.54E-10	43729000
3632_MH_MC	5	3	3	10.1	54.845	1.54E-10	43729000
35294_MH_MC	5	3	3	10.1	54.845	1.54E-10	43729000
21517_MH_MC	5	3	3	10.1	54.845	1.54E-10	43729000
35312_MH_MC	12	6	6	11.2	67.155	2.33E-14	76873000
35316_MH_MC	12	6	6	11.2	67.155	2.33E-14	76873000
3646_MH_MC	12	6	6	11.2	67.155	2.33E-14	76873000
35314_MH_MC	12	6	6	11.2	67.155	2.33E-14	76873000
3644_MH_MC	12	6	6	11.2	67.155	2.33E-14	76873000
35313_MH_MC	12	6	6	11.2	67.155	2.33E-14	76873000
3645_MH_MC	12	6	6	11.2	67.155	2.33E-14	76873000
35315_MH_MC	12	6	6	11.2	67.155	2.33E-14	76873000
131303_MH_MC	12	6	6	11.2	67.155	2.33E-14	76873000
11603_MH_MC	12	6	6	11.2	67.155	2.33E-14	76873000
136559_MH_MC	12	6	6	11.2	67.155	2.33E-14	76873000
11692_MH_MC	12	6	6	11.2	67.155	2.33E-14	76873000
3699_MH_MC	7	2	2	12.3	24.445	4.87E-06	51474000
3698_MH_MC	7	2	2	12.3	24.445	4.87E-06	51474000
35419_MH_MC	7	2	2	12.3	24.445	4.87E-06	51474000
3697_MH_MC	7	2	2	12.3	24.445	4.87E-06	51474000
3696_MH_MC	7	2	2	12.3	24.445	4.87E-06	51474000
3695_MH_MC	7	2	2	12.3	24.445	4.87E-06	51474000
3700_MH_MC	7	2	2	12.3	24.445	4.87E-06	51474000
35454_MH_MC	1	2	2	7.8	36.482	6.30E-06	37397000
35511_MH_MC	2	1	1	6	30.538	0.012051	32532000
35512_MH_MC	2	1	1	6	30.538	0.012051	32532000
35688_MH_MC	3	2	2	11.2	25.271	1.74E-05	56329000
3906_MH_MC	3	2	2	11.2	25.271	1.74E-05	56329000
11972_MH_MC	3	2	2	11.2	25.271	1.74E-05	56329000
3958_MH_MC	3	5	5	26.1	25.641	1.60E-20	2082300000
35772_MH_MC	3	5	5	26.1	25.641	1.60E-20	2082300000
12201_MH_MC	3	5	5	26.1	25.641	1.60E-20	2082300000
36032_MH_MC	1	1	1	6	23.546	0.001468	37895000
36114_MH_MC	1	3	1	14.1	34.756	1.02E-93	0
36542_MH_MC	1	1	1	5.5	18.581	0.011065	0
36566_MH_MC	8	8	8	12	95.012	1.37E-25	204310000
97059_MH_MC	8	8	8	12	95.012	1.37E-25	204310000
24161_MH_MC	8	8	8	12	95.012	1.37E-25	204310000
126941_MH_MC	8	8	8	12	95.012	1.37E-25	204310000
20859_MH_MC	8	8	8	12	95.012	1.37E-25	204310000
16403_MH_MC	8	8	8	12	95.012	1.37E-25	204310000
160795_MH_MC	8	8	8	12	95.012	1.37E-25	204310000
160796_MH_MC	8	8	8	12	95.012	1.37E-25	204310000
36590_MH_MC	1	2	2	25.8	10.541	1.27E-05	136650000
36708_MH_MC	1	4	4	59.7	8.3465	4.06E-30	511740000
36727_MH_MC	2	7	7	34.9	29.942	1.74E-42	1424900000
131152_MH_MC	2	7	7	34.9	29.942	1.74E-42	1424900000
36749_MH_MC	1	1	1	5.4	43.067	1.09E-10	0
36757_MH_MC	1	1	1	4	39.714	0.006577	20037000
36810_MH_MC	3	8	8	27.4	36.277	4.61E-31	1675700000
122170_MH_MC	3	8	8	27.4	36.277	4.61E-31	1675700000
21192_MH_MC	3	8	8	27.4	36.277	4.61E-31	1675700000
36825_MH_MC	2	5	5	21.3	34.61	6.35E-14	108140000
4712_MH_MC	2	5	5	21.3	34.61	6.35E-14	108140000
36835_MH_MC	2	1	1	4.8	27.287	0.020717	22126000
4717_MH_MC	2	1	1	4.8	27.287	0.020717	22126000
36881_MH_MC	3	3	3	6.4	48.239	1.90E-06	33086000
127960_MH_MC	3	3	3	6.4	48.239	1.90E-06	33086000
26700_MH_MC	3	3	3	6.4	48.239	1.90E-06	33086000
3692_MH_MC	6	11	3	36.1	50.093	4.30E-98	304400000
3693_MH_MC	6	11	3	36.1	50.093	4.30E-98	304400000
80397_MH_MC	6	11	3	36.1	50.093	4.30E-98	304400000
18152_MH_MC	6	11	3	36.1	50.093	4.30E-98	304400000
170305_MH_MC	6	11	3	36.1	50.093	4.30E-98	304400000
108002_MH_MC	6	11	3	36.1	50.093	4.30E-98	304400000
36984_MH_MC	5	5	5	22.2	29.874	6.90E-14	309100000
4838_MH_MC	5	5	5	22.2	29.874	6.90E-14	309100000
71107_MH_MC	5	5	5	22.2	29.874	6.90E-14	309100000
159396_MH_MC	5	5	5	22.2	29.874	6.90E-14	309100000
4300_MH_MC	5	5	5	22.2	29.874	6.90E-14	309100000
37069_MH_MC	1	1	1	23.3	8.569	0.016302	13156000
37130_MH_MC	1	1	1	1.5	85.88	0.0031146	45332000
37163_MH_MC	6	7	7	21.2	54.546	1.05E-50	338200000
12627_MH_MC	6	7	7	21.2	54.546	1.05E-50	338200000
133159_MH_MC	6	7	7	21.2	54.546	1.05E-50	338200000
19752_MH_MC	6	7	7	21.2	54.546	1.05E-50	338200000
96603_MH_MC	6	7	7	21.2	54.546	1.05E-50	338200000
24841_MH_MC	6	7	7	21.2	54.546	1.05E-50	338200000
37181_MH_MC	1	2	2	7.7	56.627	1.72E-07	14907000
37214_MH_MC	1	4	4	17.8	35.547	9.09E-92	247240000
37225_MH_MC	2	2	2	2.4	87.588	3.61E-06	84269000
16165_MH_MC	2	2	2	2.4	87.588	3.61E-06	84269000
37289_MH_MC	1	1	1	1.5	104.53	6.74E-05	0
3729_MH_MC	1	1	1	1.5	89.184	0.0093672	11723000
37312_MH_MC	1	2	2	27.2	10.734	0.00048282	53229000
37313_MH_MC	3	3	3	4.5	106.07	8.90E-07	13341000
13782_MH_MC	3	3	3	4.5	106.07	8.90E-07	13341000
95003_MH_MC	3	3	3	4.5	106.07	8.90E-07	13341000
37350_MH_MC	2	2	2	21.5	9.6123	0.00044101	110860000
135090_MH_MC	2	2	2	21.5	9.6123	0.00044101	110860000
37360_MH_MC	1	4	4	17.6	28.349	4.45E-17	152590000
37365_MH_MC	2	9	9	29.5	35.809	2.50E-40	1967700000
156411_MH_MC	2	9	9	29.5	35.809	2.50E-40	1967700000
37399_MH_MC	1	3	3	10.9	35.174	3.93E-15	83936000
37404_MH_MC	1	2	2	7.7	36.059	7.44E-06	52663000
37448_MH_MC	2	7	7	59.3	12.206	2.57E-23	1379900000
103921_MH_MC	2	7	7	59.3	12.206	2.57E-23	1379900000
37507_MH_MC	5	4	4	18.9	38.893	2.91E-12	328540000
130504_MH_MC	5	4	4	18.9	38.893	2.91E-12	328540000
20249_MH_MC	5	4	4	18.9	38.893	2.91E-12	328540000
13125_MH_MC	5	4	4	18.9	38.893	2.91E-12	328540000
160046_MH_MC	5	4	4	18.9	38.893	2.91E-12	328540000
37577_MH_MC	4	3	3	37.8	14.526	4.46E-30	87679000
11856_MH_MC	4	3	3	37.8	14.526	4.46E-30	87679000
136016_MH_MC	4	3	3	37.8	14.526	4.46E-30	87679000
158450_MH_MC	4	3	3	37.8	14.526	4.46E-30	87679000
37676_MH_MC	2	2	2	11.6	20.289	0.0010527	48089000
138393_MH_MC	2	2	2	11.6	20.289	0.0010527	48089000
37689_MH_MC	1	1	1	7.2	18.437	0.0015154	20789000
37707_MH_MC	1	2	2	26.7	10.118	0.0002378	144400000
37742_MH_MC	1	1	1	7.1	16.539	0.0075722	23063000
37917_MH_MC	1	2	2	15.7	15.326	5.86E-05	193810000
38002_MH_MC	2	2	2	10.2	26.338	1.38E-06	7703700
14450_MH_MC	2	2	2	10.2	26.338	1.38E-06	7703700
38177_MH_MC	1	1	1	9	16.906	0.0010227	0
38203_MH_MC	1	1	1	14.3	17.028	9.21E-16	14141000
38227_MH_MC	1	5	5	40.4	18.188	1.07E-69	1135100000
38391_MH_MC	2	2	2	1	240.5	0.00036701	5096800
18387_MH_MC	2	2	2	1	240.5	0.00036701	5096800
38613_MH_MC	1	6	5	28.5	26.188	7.40E-27	1261400000
38620_MH_MC	1	3	2	11.6	23.943	1.37E-05	63259000
38647_MH_MC	1	6	6	20.4	33.981	2.33E-18	1067300000
38674_MH_MC	1	7	4	34.4	34.972	3.27E-103	2328800000
38688_MH_MC	4	17	7	55	44.462	3.63E-110	13375000000
131053_MH_MC	4	17	7	55	44.462	3.63E-110	13375000000
20126_MH_MC	4	17	7	55	44.462	3.63E-110	13375000000
13012_MH_MC	4	17	7	55	44.462	3.63E-110	13375000000
38693_MH_MC	2	4	4	6	70.191	1.83E-12	100490000
155375_MH_MC	2	4	4	6	70.191	1.83E-12	100490000
3873_MH_MC	7	2	2	12.3	22.22	0.00053038	52295000
27359_MH_MC	7	2	2	12.3	22.22	0.00053038	52295000
65348_MH_MC	7	2	2	12.3	22.22	0.00053038	52295000
4847_MH_MC	7	2	2	12.3	22.22	0.00053038	52295000
35654_MH_MC	7	2	2	12.3	22.22	0.00053038	52295000
35653_MH_MC	7	2	2	12.3	22.22	0.00053038	52295000
18684_MH_MC	7	2	2	12.3	22.22	0.00053038	52295000
38837_MH_MC	1	6	6	25.6	22.686	3.20E-19	2698900000
39034_MH_MC	1	1	1	4	23.224	0.033993	37404000
39278_MH_MC	1	1	1	16.1	9.738	0.00032278	52513000
39353_MH_MC	1	4	3	24	24.44	1.53E-08	191570000
39470_MH_MC	1	1	1	7.4	15.735	0.008195	0
39491_MH_MC	2	2	2	8.4	31.718	5.06E-06	9880800
6732_MH_MC	2	2	2	8.4	31.718	5.06E-06	9880800
39554_MH_MC	1	4	4	49.3	8.4507	1.13E-08	203170000
39587_MH_MC	1	1	1	15.8	8.6352	0.00077799	31539000
8401_MH_MC	2	1	1	2.1	48.871	0.0031889	194580000
39604_MH_MC	2	1	1	2.1	48.871	0.0031889	194580000
39681_MH_MC	2	2	2	20.9	12.859	1.17E-05	72814000
25649_MH_MC	2	2	2	20.9	12.859	1.17E-05	72814000
40096_MH_MC	1	6	0	34.1	30.672	7.03E-96	1968300000
40097_MH_MC	3	6	1	20.9	41.014	5.34E-50	1519200000
41158_MH_MC	3	6	1	20.9	41.014	5.34E-50	1519200000
41155_MH_MC	3	6	1	20.9	41.014	5.34E-50	1519200000
40218_MH_MC	1	1	1	8.9	17.937	0.011725	0
40223_MH_MC	1	1	1	11.7	8.7139	0.0012972	275170000
40246_MH_MC	2	4	4	25.7	30.678	2.80E-46	171280000
12244_MH_MC	2	4	4	25.7	30.678	2.80E-46	171280000
40268_MH_MC	5	5	5	18.1	44.609	2.70E-34	169210000
163018_MH_MC	5	5	5	18.1	44.609	2.70E-34	169210000
108618_MH_MC	5	5	5	18.1	44.609	2.70E-34	169210000
22252_MH_MC	5	5	5	18.1	44.609	2.70E-34	169210000
129230_MH_MC	5	5	5	18.1	44.609	2.70E-34	169210000
40270_MH_MC	1	1	1	2.3	49.205	0.0018902	19107000
40297_MH_MC	1	1	1	2.9	31.423	0.03898	35465000
40303_MH_MC	4	7	7	32.7	29.136	3.09E-29	283630000
121422_MH_MC	4	7	7	32.7	29.136	3.09E-29	283630000
22890_MH_MC	4	7	7	32.7	29.136	3.09E-29	283630000
15472_MH_MC	4	7	7	32.7	29.136	3.09E-29	283630000
40306_MH_MC	1	1	1	6.2	18.202	0.00038752	21174000
40307_MH_MC	1	3	2	15.8	24.778	6.27E-21	166340000
40316_MH_MC	3	1	1	3.8	52.283	8.02E-09	71404000
7309_MH_MC	3	1	1	3.8	52.283	8.02E-09	71404000
93252_MH_MC	3	1	1	3.8	52.283	8.02E-09	71404000
40322_MH_MC	3	2	2	4	50	0.00012367	57263000
7312_MH_MC	3	2	2	4	50	0.00012367	57263000
139949_MH_MC	3	2	2	4	50	0.00012367	57263000
40329_MH_MC	2	2	2	3.3	90.8	2.15E-09	10838000
81051_MH_MC	2	2	2	3.3	90.8	2.15E-09	10838000
40332_MH_MC	4	3	3	1.8	188.66	4.76E-08	114490000
23841_MH_MC	4	3	3	1.8	188.66	4.76E-08	114490000
90391_MH_MC	4	3	3	1.8	188.66	4.76E-08	114490000
16184_MH_MC	4	3	3	1.8	188.66	4.76E-08	114490000
40337_MH_MC	5	3	3	4.2	111.58	6.81E-21	64264000
171723_MH_MC	5	3	3	4.2	111.58	6.81E-21	64264000
27469_MH_MC	5	3	3	4.2	111.58	6.81E-21	64264000
18763_MH_MC	5	3	3	4.2	111.58	6.81E-21	64264000
96228_MH_MC	5	3	3	4.2	111.58	6.81E-21	64264000
40338_MH_MC	3	3	3	2.6	144.24	5.74E-08	149150000
15844_MH_MC	3	3	3	2.6	144.24	5.74E-08	149150000
120950_MH_MC	3	3	3	2.6	144.24	5.74E-08	149150000
40349_MH_MC	3	5	5	7.6	100.73	2.32E-18	43813000
131083_MH_MC	3	5	5	7.6	100.73	2.32E-18	43813000
134388_MH_MC	3	5	5	7.6	100.73	2.32E-18	43813000
40363_MH_MC	2	4	4	17.8	39.817	2.57E-14	129760000
138655_MH_MC	2	4	4	17.8	39.817	2.57E-14	129760000
40364_MH_MC	2	4	4	14.8	37.036	1.39E-08	42266000
160255_MH_MC	2	4	4	14.8	37.036	1.39E-08	42266000
40370_MH_MC	2	21	21	62.3	52.853	5.32E-243	2079200000
43124_MH_MC	2	21	21	62.3	52.853	5.32E-243	2079200000
40377_MH_MC	1	1	1	2.3	47.504	0.0043871	0
40385_MH_MC	2	6	6	15.1	58.086	8.45E-30	259280000
4494_MH_MC	2	6	6	15.1	58.086	8.45E-30	259280000
40389_MH_MC	2	3	3	28.9	15.546	2.99E-29	76048000
134172_MH_MC	2	3	3	28.9	15.546	2.99E-29	76048000
40451_MH_MC	1	7	3	27	28.224	3.27E-16	691420000
40475_MH_MC	1	1	1	5.2	19.604	1.06E-05	574910000
40481_MH_MC	1	4	4	23.3	22.907	1.38E-08	111100000
40483_MH_MC	1	1	1	7.1	28.417	0.002451	8715200
7328_MH_MC	2	1	1	8.6	15.522	0.0029006	31840000
40487_MH_MC	2	1	1	8.6	15.522	0.0029006	31840000
40496_MH_MC	1	2	2	11.2	26.576	4.96E-06	10396000
40497_MH_MC	1	1	1	9.9	19.505	0.0048552	15127000
40502_MH_MC	2	3	3	15.9	18.564	5.34E-09	295590000
REV__55828_MH_MC	2	3	3	15.9	18.564	5.34E-09	295590000
40541_MH_MC	4	12	8	40.1	51.281	1.26E-53	630270000
167626_MH_MC	4	12	8	40.1	51.281	1.26E-53	630270000
25067_MH_MC	4	12	8	40.1	51.281	1.26E-53	630270000
167625_MH_MC	4	12	8	40.1	51.281	1.26E-53	630270000
7364_MH_MC	2	1	1	5.2	25.472	0.022502	0
40546_MH_MC	2	1	1	5.2	25.472	0.022502	0
40554_MH_MC	5	8	8	21.9	47.833	1.23E-25	382820000
20930_MH_MC	5	8	8	21.9	47.833	1.23E-25	382820000
126222_MH_MC	5	8	8	21.9	47.833	1.23E-25	382820000
159601_MH_MC	5	8	8	21.9	47.833	1.23E-25	382820000
12785_MH_MC	5	8	8	21.9	47.833	1.23E-25	382820000
40564_MH_MC	1	1	1	8.9	20.15	0.0038508	9588400
40570_MH_MC	1	3	1	11.7	25.711	1.00E-06	45472000
40587_MH_MC	2	1	1	0.9	134.78	0.00038752	13682000
81469_MH_MC	2	1	1	0.9	134.78	0.00038752	13682000
40606_MH_MC	7	6	6	26.3	36.988	1.03E-102	357670000
22091_MH_MC	7	6	6	26.3	36.988	1.03E-102	357670000
23384_MH_MC	7	6	6	26.3	36.988	1.03E-102	357670000
122846_MH_MC	7	6	6	26.3	36.988	1.03E-102	357670000
123772_MH_MC	7	6	6	26.3	36.988	1.03E-102	357670000
136558_MH_MC	7	6	6	26.3	36.988	1.03E-102	357670000
158204_MH_MC	7	6	6	26.3	36.988	1.03E-102	357670000
40608_MH_MC	3	7	4	16.9	64.93	1.81E-88	704210000
128387_MH_MC	3	7	4	16.9	64.93	1.81E-88	704210000
134860_MH_MC	3	7	4	16.9	64.93	1.81E-88	704210000
40624_MH_MC	3	7	7	21.6	41.214	1.21E-37	962520000
81965_MH_MC	3	7	7	21.6	41.214	1.21E-37	962520000
65301_MH_MC	3	7	7	21.6	41.214	1.21E-37	962520000
40637_MH_MC	1	3	3	28.9	21.24	2.87E-43	746110000
40638_MH_MC	2	2	2	2.1	148.65	1.49E-08	0
171365_MH_MC	2	2	2	2.1	148.65	1.49E-08	0
40665_MH_MC	1	1	1	1.7	68.945	0.020143	15333000
40743_MH_MC	1	1	1	20.8	8.1524	6.38E-06	118260000
40876_MH_MC	5	7	7	24.9	43.204	3.64E-19	276640000
22454_MH_MC	5	7	7	24.9	43.204	3.64E-19	276640000
87228_MH_MC	5	7	7	24.9	43.204	3.64E-19	276640000
15134_MH_MC	5	7	7	24.9	43.204	3.64E-19	276640000
131430_MH_MC	5	7	7	24.9	43.204	3.64E-19	276640000
40881_MH_MC	1	3	3	12.1	31.645	8.32E-07	56410000
40902_MH_MC	3	8	8	19	45.643	1.53E-18	563400000
22598_MH_MC	3	8	8	19	45.643	1.53E-18	563400000
132500_MH_MC	3	8	8	19	45.643	1.53E-18	563400000
40905_MH_MC	3	5	5	16.9	46.558	6.93E-13	171820000
18370_MH_MC	3	5	5	16.9	46.558	6.93E-13	171820000
26961_MH_MC	3	5	5	16.9	46.558	6.93E-13	171820000
40909_MH_MC	1	1	1	7.5	27.055	7.17E-06	0
40912_MH_MC	1	1	1	3.6	26.169	0.016042	75575000
40922_MH_MC	2	2	2	6.5	33.699	0.00018742	13443000
131939_MH_MC	2	2	2	6.5	33.699	0.00018742	13443000
40926_MH_MC	1	1	1	9.7	11.691	5.83E-05	64249000
40934_MH_MC	3	6	6	32.9	24.53	1.54E-19	808160000
27088_MH_MC	3	6	6	32.9	24.53	1.54E-19	808160000
127025_MH_MC	3	6	6	32.9	24.53	1.54E-19	808160000
40937_MH_MC	2	2	2	9.6	33.246	0.00012559	36190000
12041_MH_MC	2	2	2	9.6	33.246	0.00012559	36190000
40939_MH_MC	1	1	1	1.7	80.863	0.015034	0
40946_MH_MC	2	3	3	4.3	87.517	2.30E-07	114530000
6469_MH_MC	2	3	3	4.3	87.517	2.30E-07	114530000
7495_MH_MC	2	1	1	2	67.676	0.0016523	11530000
40947_MH_MC	2	1	1	2	67.676	0.0016523	11530000
40958_MH_MC	1	1	1	1	130.18	0.0033945	24714000
40964_MH_MC	1	1	1	1.3	111.92	0.0015233	33515000
40982_MH_MC	1	1	1	2.6	48.982	0.0041215	13529000
40984_MH_MC	3	7	7	25.1	39.461	1.98E-27	305580000
137406_MH_MC	3	7	7	25.1	39.461	1.98E-27	305580000
11437_MH_MC	3	7	7	25.1	39.461	1.98E-27	305580000
40986_MH_MC	1	1	1	3.7	30.788	0.0044539	0
40992_MH_MC	1	1	1	4.7	36.137	0.0014124	53449000
40999_MH_MC	3	5	5	18.7	36.128	1.21E-12	42329000
7507_MH_MC	3	5	5	18.7	36.128	1.21E-12	42329000
137642_MH_MC	3	5	5	18.7	36.128	1.21E-12	42329000
41000_MH_MC	1	1	1	2.1	65.438	0.0020363	9167400
41003_MH_MC	1	1	1	1.9	61.99	0.014291	0
41009_MH_MC	2	1	1	2.5	54.111	0.0038836	88819000
7510_MH_MC	2	1	1	2.5	54.111	0.0038836	88819000
41027_MH_MC	1	3	1	23.7	20.118	2.84E-13	65923000
41032_MH_MC	4	2	2	13	15.816	0.00010682	87471000
20612_MH_MC	4	2	2	13	15.816	0.00010682	87471000
128631_MH_MC	4	2	2	13	15.816	0.00010682	87471000
13457_MH_MC	4	2	2	13	15.816	0.00010682	87471000
41071_MH_MC	1	9	6	70.3	17.154	2.65E-39	1331600000
41076_MH_MC	1	1	1	7.4	17.455	0.015133	0
41104_MH_MC	1	6	6	37.5	19.134	3.14E-21	134480000
41112_MH_MC	1	2	2	15.1	22.08	4.68E-18	95340000
41154_MH_MC	1	6	0	35.3	34.786	1.04E-63	134720000
41156_MH_MC	1	4	1	29.8	28.797	2.94E-83	31301000
412_MH_MC	4	3	2	21.1	20.112	3.31E-07	74917000
101877_MH_MC	4	3	2	21.1	20.112	3.31E-07	74917000
172037_MH_MC	4	3	2	21.1	20.112	3.31E-07	74917000
27677_MH_MC	4	3	2	21.1	20.112	3.31E-07	74917000
41205_MH_MC	1	7	1	37.7	24.318	2.30E-30	784200000
41220_MH_MC	4	12	12	24.1	63.884	1.66E-160	1172700000
19161_MH_MC	4	12	12	24.1	63.884	1.66E-160	1172700000
27966_MH_MC	4	12	12	24.1	63.884	1.66E-160	1172700000
70319_MH_MC	4	12	12	24.1	63.884	1.66E-160	1172700000
41239_MH_MC	1	2	2	3.2	80.3	3.79E-05	20419000
41246_MH_MC	3	8	8	10.5	100.09	5.27E-23	162590000
14264_MH_MC	3	8	8	10.5	100.09	5.27E-23	162590000
111914_MH_MC	3	8	8	10.5	100.09	5.27E-23	162590000
41247_MH_MC	1	1	1	7.1	18.784	0.0011388	6813900
41289_MH_MC	6	7	7	8.6	99.461	2.17E-19	133180000
21107_MH_MC	6	7	7	8.6	99.461	2.17E-19	133180000
123837_MH_MC	6	7	7	8.6	99.461	2.17E-19	133180000
13945_MH_MC	6	7	7	8.6	99.461	2.17E-19	133180000
25466_MH_MC	6	7	7	8.6	99.461	2.17E-19	133180000
17316_MH_MC	6	7	7	8.6	99.461	2.17E-19	133180000
41302_MH_MC	1	1	1	11.9	10.008	4.20E-05	37568000
41374_MH_MC	1	1	1	19.2	8.4978	0.014461	0
41434_MH_MC	5	11	11	25	79.523	6.61E-91	2276200000
24694_MH_MC	5	11	11	25	79.523	6.61E-91	2276200000
100783_MH_MC	5	11	11	25	79.523	6.61E-91	2276200000
16783_MH_MC	5	11	11	25	79.523	6.61E-91	2276200000
167072_MH_MC	5	11	11	25	79.523	6.61E-91	2276200000
41455_MH_MC	1	1	1	6.7	17.247	0.01714	26417000
41474_MH_MC	4	9	9	26.6	44.203	2.18E-53	1005800000
26965_MH_MC	4	9	9	26.6	44.203	2.18E-53	1005800000
95085_MH_MC	4	9	9	26.6	44.203	2.18E-53	1005800000
18380_MH_MC	4	9	9	26.6	44.203	2.18E-53	1005800000
41484_MH_MC	1	1	1	4.3	33.645	0.0016574	17814000
41506_MH_MC	1	4	4	9.9	47.341	3.05E-09	144340000
41508_MH_MC	2	2	2	6.2	46.576	2.17E-08	41290000
158563_MH_MC	2	2	2	6.2	46.576	2.17E-08	41290000
41528_MH_MC	2	5	5	22.5	29.916	2.56E-24	358660000
138945_MH_MC	2	5	5	22.5	29.916	2.56E-24	358660000
41530_MH_MC	3	2	2	9	34.881	3.09E-13	78728000
20200_MH_MC	3	2	2	9	34.881	3.09E-13	78728000
130732_MH_MC	3	2	2	9	34.881	3.09E-13	78728000
41543_MH_MC	2	10	10	15.3	74.941	1.89E-19	452600000
137374_MH_MC	2	10	10	15.3	74.941	1.89E-19	452600000
41547_MH_MC	1	1	1	2	82.667	3.37E-09	29321000
41548_MH_MC	2	1	1	2.1	62.612	0.021217	14917000
7673_MH_MC	2	1	1	2.1	62.612	0.021217	14917000
41559_MH_MC	2	9	8	25.7	48.978	1.88E-71	948960000
7675_MH_MC	2	9	8	25.7	48.978	1.88E-71	948960000
41573_MH_MC	5	3	3	3.9	130.15	1.04E-12	11447000
7680_MH_MC	5	3	3	3.9	130.15	1.04E-12	11447000
84504_MH_MC	5	3	3	3.9	130.15	1.04E-12	11447000
22462_MH_MC	5	3	3	3.9	130.15	1.04E-12	11447000
15143_MH_MC	5	3	3	3.9	130.15	1.04E-12	11447000
82124_MH_MC	3	9	9	7.4	155.76	1.07E-22	397090000
46933_MH_MC	3	9	9	7.4	155.76	1.07E-22	397090000
41577_MH_MC	3	9	9	7.4	155.76	1.07E-22	397090000
41584_MH_MC	5	7	7	12	98.749	3.50E-35	258010000
21840_MH_MC	5	7	7	12	98.749	3.50E-35	258010000
14675_MH_MC	5	7	7	12	98.749	3.50E-35	258010000
90248_MH_MC	5	7	7	12	98.749	3.50E-35	258010000
6007_MH_MC	5	7	7	12	98.749	3.50E-35	258010000
41602_MH_MC	1	4	4	14.5	35.068	2.12E-19	320180000
41628_MH_MC	1	1	1	11.7	14.352	0.0073818	0
41641_MH_MC	1	3	3	20.6	19.133	4.17E-07	64971000
41642_MH_MC	2	4	4	34.4	17.182	1.69E-22	823270000
108415_MH_MC	2	4	4	34.4	17.182	1.69E-22	823270000
41676_MH_MC	1	1	1	10.5	11.437	0.00044	38148000
41694_MH_MC	1	3	3	27	17.096	1.87E-10	491450000
41704_MH_MC	1	1	1	5	23.017	0.0057096	37697000
41705_MH_MC	1	2	2	15.9	17.648	4.24E-07	323180000
41723_MH_MC	1	3	3	16.3	23.208	1.09E-07	197110000
41736_MH_MC	4	4	4	31.5	16.519	4.78E-09	151380000
13097_MH_MC	4	4	4	31.5	16.519	4.78E-09	151380000
130633_MH_MC	4	4	4	31.5	16.519	4.78E-09	151380000
20221_MH_MC	4	4	4	31.5	16.519	4.78E-09	151380000
41741_MH_MC	5	7	7	46.5	18.073	2.39E-82	881060000
7719_MH_MC	5	7	7	46.5	18.073	2.39E-82	881060000
136197_MH_MC	5	7	7	46.5	18.073	2.39E-82	881060000
11800_MH_MC	5	7	7	46.5	18.073	2.39E-82	881060000
158371_MH_MC	5	7	7	46.5	18.073	2.39E-82	881060000
41782_MH_MC	1	1	1	4.9	30.891	0.001638	8711300
41784_MH_MC	5	5	5	4.6	131.77	7.36E-14	41788000
25375_MH_MC	5	5	5	4.6	131.77	7.36E-14	41788000
93782_MH_MC	5	5	5	4.6	131.77	7.36E-14	41788000
17257_MH_MC	5	5	5	4.6	131.77	7.36E-14	41788000
159983_MH_MC	5	5	5	4.6	131.77	7.36E-14	41788000
41867_MH_MC	5	8	8	15.1	74.552	1.05E-30	279440000
26893_MH_MC	5	8	8	15.1	74.552	1.05E-30	279440000
126665_MH_MC	5	8	8	15.1	74.552	1.05E-30	279440000
121244_MH_MC	5	8	8	15.1	74.552	1.05E-30	279440000
18330_MH_MC	5	8	8	15.1	74.552	1.05E-30	279440000
41882_MH_MC	3	2	2	4.7	43.686	2.71E-05	131410000
21841_MH_MC	3	2	2	4.7	43.686	2.71E-05	131410000
123667_MH_MC	3	2	2	4.7	43.686	2.71E-05	131410000
41946_MH_MC	1	1	1	35	9.3769	5.44E-06	105200000
41976_MH_MC	1	2	2	10.2	31.778	9.31E-09	49323000
41996_MH_MC	1	1	1	12	13.832	2.37E-09	30128000
42054_MH_MC	1	1	1	11.8	16.392	1.75E-07	0
42061_MH_MC	1	1	1	8.4	10.751	0.019123	695860000
42088_MH_MC	2	7	7	27.9	37.453	4.43E-22	408210000
45967_MH_MC	2	7	7	27.9	37.453	4.43E-22	408210000
42089_MH_MC	2	14	11	50.1	39.923	6.99E-129	2618500000
125026_MH_MC	2	14	11	50.1	39.923	6.99E-129	2618500000
42101_MH_MC	3	2	2	5.9	45.677	7.26E-09	21926000
26670_MH_MC	3	2	2	5.9	45.677	7.26E-09	21926000
170340_MH_MC	3	2	2	5.9	45.677	7.26E-09	21926000
42125_MH_MC	1	2	2	15.8	22.923	4.78E-19	170550000
7856_MH_MC	4	3	3	15.9	33.035	4.01E-29	191050000
42138_MH_MC	4	3	3	15.9	33.035	4.01E-29	191050000
122991_MH_MC	4	3	3	15.9	33.035	4.01E-29	191050000
18147_MH_MC	4	3	3	15.9	33.035	4.01E-29	191050000
42143_MH_MC	1	2	2	7.7	30.152	0.00078828	28352000
42175_MH_MC	1	1	1	3.9	57.151	0.014554	9797000
7863_MH_MC	2	2	2	6.2	47.939	2.53E-08	125100000
42178_MH_MC	2	2	2	6.2	47.939	2.53E-08	125100000
42181_MH_MC	6	21	21	26.3	113.93	5.31E-101	1301600000
54338_MH_MC	6	21	21	26.3	113.93	5.31E-101	1301600000
28198_MH_MC	6	21	21	26.3	113.93	5.31E-101	1301600000
19322_MH_MC	6	21	21	26.3	113.93	5.31E-101	1301600000
19321_MH_MC	6	21	21	26.3	113.93	5.31E-101	1301600000
19323_MH_MC	6	21	21	26.3	113.93	5.31E-101	1301600000
42183_MH_MC	3	3	3	3.9	90.587	6.57E-07	36452000
20400_MH_MC	3	3	3	3.9	90.587	6.57E-07	36452000
113938_MH_MC	3	3	3	3.9	90.587	6.57E-07	36452000
42189_MH_MC	3	3	3	4.7	73.768	1.63E-21	77045000
130465_MH_MC	3	3	3	4.7	73.768	1.63E-21	77045000
20936_MH_MC	3	3	3	4.7	73.768	1.63E-21	77045000
42194_MH_MC	2	9	9	13.2	97.321	1.99E-32	243060000
131245_MH_MC	2	9	9	13.2	97.321	1.99E-32	243060000
42199_MH_MC	2	4	4	17.2	41.27	1.47E-13	358140000
19075_MH_MC	2	4	4	17.2	41.27	1.47E-13	358140000
42300_MH_MC	2	5	5	41.1	18.352	4.05E-21	622010000
21441_MH_MC	2	5	5	41.1	18.352	4.05E-21	622010000
42303_MH_MC	1	1	1	7.3	23.199	6.33E-05	0
42357_MH_MC	1	4	1	26	25.966	5.63E-17	66755000
42368_MH_MC	2	4	4	29.4	18.44	3.98E-10	275450000
10457_MH_MC	2	4	4	29.4	18.44	3.98E-10	275450000
42393_MH_MC	2	2	2	5.3	49.653	1.49E-16	92754000
26778_MH_MC	2	2	2	5.3	49.653	1.49E-16	92754000
42417_MH_MC	3	5	5	25.2	17.26	3.35E-24	1975600000
7929_MH_MC	3	5	5	25.2	17.26	3.35E-24	1975600000
7930_MH_MC	3	5	5	25.2	17.26	3.35E-24	1975600000
42461_MH_MC	2	7	2	18.1	39.883	1.13E-20	2109400000
62881_MH_MC	2	7	2	18.1	39.883	1.13E-20	2109400000
42479_MH_MC	1	1	1	1.9	65.718	0.0093894	0
42486_MH_MC	1	1	1	2.4	61.927	1.49E-07	5879300
42510_MH_MC	1	1	1	1.1	132.35	0.019162	11850000
42542_MH_MC	1	1	1	11.6	11.262	0.00082561	23468000
42549_MH_MC	2	5	4	19.6	33.585	1.01E-12	389920000
13681_MH_MC	2	5	4	19.6	33.585	1.01E-12	389920000
42550_MH_MC	1	5	5	51.1	10.562	8.42E-16	176540000
42582_MH_MC	1	7	2	30.8	23.977	5.01E-21	2833700000
42589_MH_MC	1	3	3	37.1	10.702	2.65E-06	249850000
42637_MH_MC	3	5	5	14.7	45.369	4.00E-25	531560000
113813_MH_MC	3	5	5	14.7	45.369	4.00E-25	531560000
156041_MH_MC	3	5	5	14.7	45.369	4.00E-25	531560000
42657_MH_MC	1	3	3	7.7	44.293	1.72E-05	25070000
42693_MH_MC	1	1	1	4.9	29.909	0.018942	0
42716_MH_MC	1	13	13	49.9	43.711	1.06E-106	2425400000
42723_MH_MC	1	1	1	3.2	35.62	0.019791	14895000
42724_MH_MC	1	2	2	6.3	44.289	4.12E-06	18944000
42745_MH_MC	1	3	3	17.5	29.734	3.44E-38	241120000
42754_MH_MC	4	11	11	61.2	25.237	8.37E-58	1698400000
8033_MH_MC	4	11	11	61.2	25.237	8.37E-58	1698400000
8032_MH_MC	4	11	11	61.2	25.237	8.37E-58	1698400000
16359_MH_MC	4	11	11	61.2	25.237	8.37E-58	1698400000
42762_MH_MC	1	2	2	9.4	32.29	1.02E-08	93456000
8036_MH_MC	3	5	5	21.8	30.295	7.44E-12	222220000
42764_MH_MC	3	5	5	21.8	30.295	7.44E-12	222220000
138662_MH_MC	3	5	5	21.8	30.295	7.44E-12	222220000
42768_MH_MC	4	15	15	64	30.581	2.68E-74	3414400000
20057_MH_MC	4	15	15	64	30.581	2.68E-74	3414400000
131421_MH_MC	4	15	15	64	30.581	2.68E-74	3414400000
12951_MH_MC	4	15	15	64	30.581	2.68E-74	3414400000
42770_MH_MC	3	3	3	11.8	30.768	3.91E-19	120490000
46914_MH_MC	3	3	3	11.8	30.768	3.91E-19	120490000
98719_MH_MC	3	3	3	11.8	30.768	3.91E-19	120490000
42776_MH_MC	6	10	10	20.7	73.306	3.41E-102	811580000
21324_MH_MC	6	10	10	20.7	73.306	3.41E-102	811580000
116598_MH_MC	6	10	10	20.7	73.306	3.41E-102	811580000
17328_MH_MC	6	10	10	20.7	73.306	3.41E-102	811580000
168301_MH_MC	6	10	10	20.7	73.306	3.41E-102	811580000
90862_MH_MC	6	10	10	20.7	73.306	3.41E-102	811580000
42777_MH_MC	3	7	4	12	81.746	5.16E-31	1010700000
120972_MH_MC	3	7	4	12	81.746	5.16E-31	1010700000
6489_MH_MC	3	7	4	12	81.746	5.16E-31	1010700000
42781_MH_MC	1	2	2	3.2	75.38	2.27E-07	92639000
42795_MH_MC	5	5	5	6.3	129.38	2.33E-20	68712000
27534_MH_MC	5	5	5	6.3	129.38	2.33E-20	68712000
18814_MH_MC	5	5	5	6.3	129.38	2.33E-20	68712000
15316_MH_MC	5	5	5	6.3	129.38	2.33E-20	68712000
18813_MH_MC	5	5	5	6.3	129.38	2.33E-20	68712000
42820_MH_MC	1	1	1	4.1	33.542	0.0021777	56213000
42823_MH_MC	1	2	2	6.8	36.675	2.80E-14	190250000
42825_MH_MC	2	1	1	2.2	46.969	0.01627	50738000
45546_MH_MC	2	1	1	2.2	46.969	0.01627	50738000
42839_MH_MC	2	7	7	25	50.11	3.91E-47	278110000
97343_MH_MC	2	7	7	25	50.11	3.91E-47	278110000
42873_MH_MC	2	10	4	30.4	42.918	8.23E-33	2897700000
254_MH_MC	2	10	4	30.4	42.918	8.23E-33	2897700000
42884_MH_MC	1	1	1	12.7	13.867	3.01E-05	51510000
42893_MH_MC	2	7	7	26.1	48.594	1.97E-22	148020000
138961_MH_MC	2	7	7	26.1	48.594	1.97E-22	148020000
42907_MH_MC	1	1	1	7	18.498	0.0078191	18919000
42924_MH_MC	2	2	2	18.2	15.877	1.18E-14	27885000
132253_MH_MC	2	2	2	18.2	15.877	1.18E-14	27885000
42925_MH_MC	1	1	1	3.8	23.035	0.0042004	757280000
42940_MH_MC	3	3	3	13.7	32.35	3.80E-55	1189400000
11600_MH_MC	3	3	3	13.7	32.35	3.80E-55	1189400000
136871_MH_MC	3	3	3	13.7	32.35	3.80E-55	1189400000
42974_MH_MC	1	2	2	14.6	20.555	3.41E-07	64747000
43034_MH_MC	1	7	1	32.9	26.735	7.29E-31	543400000
43045_MH_MC	1	1	1	10.2	15.477	1.70E-05	162310000
8130_MH_MC	4	2	2	4.2	62.681	4.09E-05	30003000
43048_MH_MC	4	2	2	4.2	62.681	4.09E-05	30003000
160550_MH_MC	4	2	2	4.2	62.681	4.09E-05	30003000
13500_MH_MC	4	2	2	4.2	62.681	4.09E-05	30003000
43086_MH_MC	3	3	3	7.6	54.589	1.82E-05	59725000
119709_MH_MC	3	3	3	7.6	54.589	1.82E-05	59725000
131808_MH_MC	3	3	3	7.6	54.589	1.82E-05	59725000
43093_MH_MC	5	3	1	2.7	128.71	5.58E-07	33927000
17785_MH_MC	5	3	1	2.7	128.71	5.58E-07	33927000
75230_MH_MC	5	3	1	2.7	128.71	5.58E-07	33927000
11479_MH_MC	5	3	1	2.7	128.71	5.58E-07	33927000
137265_MH_MC	5	3	1	2.7	128.71	5.58E-07	33927000
43101_MH_MC	4	2	2	11.4	31.574	0.000206	59828000
139072_MH_MC	4	2	2	11.4	31.574	0.000206	59828000
158169_MH_MC	4	2	2	11.4	31.574	0.000206	59828000
156950_MH_MC	4	2	2	11.4	31.574	0.000206	59828000
43119_MH_MC	2	5	5	29	28.05	1.51E-27	298420000
12754_MH_MC	2	5	5	29	28.05	1.51E-27	298420000
43138_MH_MC	2	2	2	8.5	28.796	0.00023086	72889000
130680_MH_MC	2	2	2	8.5	28.796	0.00023086	72889000
43151_MH_MC	1	1	1	25	8.6312	0.00011708	119480000
43153_MH_MC	1	1	1	7.7	19.32	0.0072802	21106000
43157_MH_MC	1	2	2	15.7	24.669	2.61E-09	13962000
43162_MH_MC	1	2	2	19	9.3238	0.0021393	120230000
43235_MH_MC	1	2	1	37.8	8.2844	1.63E-07	0
43266_MH_MC	1	5	1	54.3	15.528	1.02E-55	115080000
43283_MH_MC	2	9	2	37.6	30.426	2.36E-49	1444200000
12346_MH_MC	2	9	2	37.6	30.426	2.36E-49	1444200000
43301_MH_MC	1	1	1	9.5	12.384	0.017408	0
43314_MH_MC	2	3	3	9	44.601	1.55E-08	246960000
137740_MH_MC	2	3	3	9	44.601	1.55E-08	246960000
43316_MH_MC	3	3	3	9.1	42.483	1.51E-23	155840000
12312_MH_MC	3	3	3	9.1	42.483	1.51E-23	155840000
155713_MH_MC	3	3	3	9.1	42.483	1.51E-23	155840000
43330_MH_MC	5	12	9	34.4	53.043	1.45E-87	1779600000
105035_MH_MC	5	12	9	34.4	53.043	1.45E-87	1779600000
17634_MH_MC	5	12	9	34.4	53.043	1.45E-87	1779600000
106342_MH_MC	5	12	9	34.4	53.043	1.45E-87	1779600000
106341_MH_MC	5	12	9	34.4	53.043	1.45E-87	1779600000
43336_MH_MC	2	3	3	9.5	36.381	2.90E-06	89936000
73974_MH_MC	2	3	3	9.5	36.381	2.90E-06	89936000
43340_MH_MC	4	9	9	25.6	48.623	2.18E-25	306870000
26787_MH_MC	4	9	9	25.6	48.623	2.18E-25	306870000
100831_MH_MC	4	9	9	25.6	48.623	2.18E-25	306870000
18249_MH_MC	4	9	9	25.6	48.623	2.18E-25	306870000
43346_MH_MC	2	3	3	15.4	30.965	2.03E-05	57638000
18896_MH_MC	2	3	3	15.4	30.965	2.03E-05	57638000
43383_MH_MC	1	5	5	23.8	23.716	5.44E-17	714200000
43385_MH_MC	1	2	2	7.2	33.743	3.91E-05	32679000
43394_MH_MC	1	1	1	1.2	70.398	0.022413	77617000
43395_MH_MC	1	2	2	3.2	77.228	8.77E-06	105060000
43400_MH_MC	3	2	2	3.1	81.302	3.49E-05	31245000
25278_MH_MC	3	2	2	3.1	81.302	3.49E-05	31245000
134970_MH_MC	3	2	2	3.1	81.302	3.49E-05	31245000
43409_MH_MC	6	4	4	9.2	51.914	1.01E-08	67168000
23560_MH_MC	6	4	4	9.2	51.914	1.01E-08	67168000
105933_MH_MC	6	4	4	9.2	51.914	1.01E-08	67168000
165215_MH_MC	6	4	4	9.2	51.914	1.01E-08	67168000
15966_MH_MC	6	4	4	9.2	51.914	1.01E-08	67168000
165217_MH_MC	6	4	4	9.2	51.914	1.01E-08	67168000
8253_MH_MC	6	2	2	2.7	116.22	0.00061155	12697000
43413_MH_MC	6	2	2	2.7	116.22	0.00061155	12697000
24758_MH_MC	6	2	2	2.7	116.22	0.00061155	12697000
16828_MH_MC	6	2	2	2.7	116.22	0.00061155	12697000
108503_MH_MC	6	2	2	2.7	116.22	0.00061155	12697000
156226_MH_MC	6	2	2	2.7	116.22	0.00061155	12697000
43416_MH_MC	3	3	3	4.8	87.714	4.12E-09	44573000
20810_MH_MC	3	3	3	4.8	87.714	4.12E-09	44573000
127304_MH_MC	3	3	3	4.8	87.714	4.12E-09	44573000
43420_MH_MC	4	18	18	12.8	192.58	3.76E-104	605360000
18365_MH_MC	4	18	18	12.8	192.58	3.76E-104	605360000
26950_MH_MC	4	18	18	12.8	192.58	3.76E-104	605360000
83215_MH_MC	4	18	18	12.8	192.58	3.76E-104	605360000
43452_MH_MC	1	4	4	10.6	61.136	1.20E-15	6888300
43453_MH_MC	1	2	2	4.5	51.299	1.62E-05	12882000
43455_MH_MC	1	1	1	2.7	51.573	6.73E-59	39404000
43457_MH_MC	5	2	2	3.3	80.905	9.20E-07	21176000
19584_MH_MC	5	2	2	3.3	80.905	9.20E-07	21176000
133845_MH_MC	5	2	2	3.3	80.905	9.20E-07	21176000
157503_MH_MC	5	2	2	3.3	80.905	9.20E-07	21176000
138119_MH_MC	5	2	2	3.3	80.905	9.20E-07	21176000
8271_MH_MC	4	3	3	8.7	53.332	1.82E-08	68927000
43459_MH_MC	4	3	3	8.7	53.332	1.82E-08	68927000
127666_MH_MC	4	3	3	8.7	53.332	1.82E-08	68927000
138460_MH_MC	4	3	3	8.7	53.332	1.82E-08	68927000
43513_MH_MC	2	1	1	12.3	17.949	1.20E-08	0
8275_MH_MC	2	1	1	12.3	17.949	1.20E-08	0
43524_MH_MC	5	6	6	6.9	146.45	4.54E-28	335640000
27872_MH_MC	5	6	6	6.9	146.45	4.54E-28	335640000
75147_MH_MC	5	6	6	6.9	146.45	4.54E-28	335640000
19073_MH_MC	5	6	6	6.9	146.45	4.54E-28	335640000
172347_MH_MC	5	6	6	6.9	146.45	4.54E-28	335640000
43540_MH_MC	2	2	2	23.6	14.458	7.22E-06	40844000
167591_MH_MC	2	2	2	23.6	14.458	7.22E-06	40844000
43568_MH_MC	1	2	2	12	21.385	1.79E-05	27179000
43573_MH_MC	1	3	3	27.4	18.248	3.29E-16	132660000
43581_MH_MC	1	1	1	4.2	24.677	0.0080496	28210000
43582_MH_MC	1	1	1	1.8	79.641	0.0037911	0
43588_MH_MC	1	3	3	18.4	22.307	2.06E-14	30632000
43605_MH_MC	1	1	1	16.3	10.378	0.00027346	35085000
43611_MH_MC	1	1	1	1.8	106.01	0.00035188	0
43640_MH_MC	1	1	1	2.7	47.872	0.019631	31579000
43651_MH_MC	1	1	1	2.2	66.137	0.012626	0
43673_MH_MC	1	1	1	5.5	39.341	1.07E-06	0
43683_MH_MC	3	1	1	3.4	40.428	0.02309	6906800
8354_MH_MC	3	1	1	3.4	40.428	0.02309	6906800
8353_MH_MC	3	1	1	3.4	40.428	0.02309	6906800
43694_MH_MC	1	6	6	11.9	59.08	2.68E-20	342830000
43702_MH_MC	4	6	6	40.6	22.244	8.77E-63	569090000
159851_MH_MC	4	6	6	40.6	22.244	8.77E-63	569090000
12981_MH_MC	4	6	6	40.6	22.244	8.77E-63	569090000
131252_MH_MC	4	6	6	40.6	22.244	8.77E-63	569090000
43723_MH_MC	1	1	1	3.1	44.88	0.0059055	0
43750_MH_MC	4	7	7	16.9	56.725	3.31E-19	322470000
170029_MH_MC	4	7	7	16.9	56.725	3.31E-19	322470000
26516_MH_MC	4	7	7	16.9	56.725	3.31E-19	322470000
4049_MH_MC	4	7	7	16.9	56.725	3.31E-19	322470000
43779_MH_MC	2	3	3	7.7	56.969	5.98E-06	73663000
17190_MH_MC	2	3	3	7.7	56.969	5.98E-06	73663000
43786_MH_MC	5	5	5	10.5	63.984	1.52E-10	91123000
127398_MH_MC	5	5	5	10.5	63.984	1.52E-10	91123000
13641_MH_MC	5	5	5	10.5	63.984	1.52E-10	91123000
133050_MH_MC	5	5	5	10.5	63.984	1.52E-10	91123000
14480_MH_MC	5	5	5	10.5	63.984	1.52E-10	91123000
43793_MH_MC	1	1	1	3.3	47.021	0.0093988	13125000
43796_MH_MC	1	1	1	10.6	11.063	0.00021808	112530000
43836_MH_MC	1	2	2	5.5	40.029	0.00033732	51936000
43838_MH_MC	1	2	1	29.3	15.284	3.66E-19	166910000
43841_MH_MC	1	1	1	3.2	55.72	0.00010731	34842000
43852_MH_MC	4	7	7	16.8	60.074	2.87E-21	182320000
13830_MH_MC	4	7	7	16.8	60.074	2.87E-21	182320000
125430_MH_MC	4	7	7	16.8	60.074	2.87E-21	182320000
124176_MH_MC	4	7	7	16.8	60.074	2.87E-21	182320000
43926_MH_MC	3	2	2	13.6	25.129	7.17E-08	15443000
27127_MH_MC	3	2	2	13.6	25.129	7.17E-08	15443000
171121_MH_MC	3	2	2	13.6	25.129	7.17E-08	15443000
43958_MH_MC	1	1	1	4.6	42.833	0.0014362	24208000
43959_MH_MC	3	4	4	11.4	50.046	2.69E-16	77518000
28081_MH_MC	3	4	4	11.4	50.046	2.69E-16	77518000
66354_MH_MC	3	4	4	11.4	50.046	2.69E-16	77518000
43965_MH_MC	1	8	8	23.8	48.097	1.11E-17	230450000
43968_MH_MC	2	1	1	13.2	12.698	0.0056636	33841000
8460_MH_MC	2	1	1	13.2	12.698	0.0056636	33841000
43970_MH_MC	3	4	4	11.2	46.026	2.13E-17	92554000
79809_MH_MC	3	4	4	11.2	46.026	2.13E-17	92554000
26658_MH_MC	3	4	4	11.2	46.026	2.13E-17	92554000
43980_MH_MC	1	2	2	7.6	28.006	0.00012623	60249000
44018_MH_MC	1	4	4	21.5	31.93	5.08E-17	149670000
44028_MH_MC	1	6	6	15.7	69.939	1.35E-18	66236000
44040_MH_MC	4	3	3	3.5	118.17	1.80E-07	19470000
137003_MH_MC	4	3	3	3.5	118.17	1.80E-07	19470000
14295_MH_MC	4	3	3	3.5	118.17	1.80E-07	19470000
106460_MH_MC	4	3	3	3.5	118.17	1.80E-07	19470000
44041_MH_MC	5	3	3	3.3	114.04	8.20E-08	37163000
24518_MH_MC	5	3	3	3.3	114.04	8.20E-08	37163000
16657_MH_MC	5	3	3	3.3	114.04	8.20E-08	37163000
166796_MH_MC	5	3	3	3.3	114.04	8.20E-08	37163000
65247_MH_MC	5	3	3	3.3	114.04	8.20E-08	37163000
44043_MH_MC	10	11	11	9.9	136.94	1.22E-21	321800000
28202_MH_MC	10	11	11	9.9	136.94	1.22E-21	321800000
19331_MH_MC	10	11	11	9.9	136.94	1.22E-21	321800000
53601_MH_MC	10	11	11	9.9	136.94	1.22E-21	321800000
53600_MH_MC	10	11	11	9.9	136.94	1.22E-21	321800000
53598_MH_MC	10	11	11	9.9	136.94	1.22E-21	321800000
172874_MH_MC	10	11	11	9.9	136.94	1.22E-21	321800000
172871_MH_MC	10	11	11	9.9	136.94	1.22E-21	321800000
53599_MH_MC	10	11	11	9.9	136.94	1.22E-21	321800000
172872_MH_MC	10	11	11	9.9	136.94	1.22E-21	321800000
44045_MH_MC	4	4	4	5.2	113.59	5.61E-16	83922000
18104_MH_MC	4	4	4	5.2	113.59	5.61E-16	83922000
26586_MH_MC	4	4	4	5.2	113.59	5.61E-16	83922000
98849_MH_MC	4	4	4	5.2	113.59	5.61E-16	83922000
44049_MH_MC	1	1	1	1.7	81.264	0.0041306	24474000
44052_MH_MC	7	11	11	15.6	100.13	8.74E-31	639490000
165923_MH_MC	7	11	11	15.6	100.13	8.74E-31	639490000
87216_MH_MC	7	11	11	15.6	100.13	8.74E-31	639490000
16318_MH_MC	7	11	11	15.6	100.13	8.74E-31	639490000
24057_MH_MC	7	11	11	15.6	100.13	8.74E-31	639490000
24058_MH_MC	7	11	11	15.6	100.13	8.74E-31	639490000
6116_MH_MC	7	11	11	15.6	100.13	8.74E-31	639490000
44053_MH_MC	1	1	1	1.7	85.849	0.022393	9327200
44056_MH_MC	1	2	2	6.1	41.058	0.00010356	37576000
44063_MH_MC	2	11	11	45.7	41.217	8.54E-98	1098200000
64086_MH_MC	2	11	11	45.7	41.217	8.54E-98	1098200000
44072_MH_MC	1	13	13	45.6	37.428	2.04E-126	8919700000
44074_MH_MC	4	6	6	22.9	36.646	5.23E-20	145610000
76191_MH_MC	4	6	6	22.9	36.646	5.23E-20	145610000
14666_MH_MC	4	6	6	22.9	36.646	5.23E-20	145610000
21832_MH_MC	4	6	6	22.9	36.646	5.23E-20	145610000
44084_MH_MC	1	2	2	6.1	49.898	0.00036543	8206900
44093_MH_MC	5	15	15	33.6	58.5	1.19E-79	1347800000
134450_MH_MC	5	15	15	33.6	58.5	1.19E-79	1347800000
19477_MH_MC	5	15	15	33.6	58.5	1.19E-79	1347800000
12356_MH_MC	5	15	15	33.6	58.5	1.19E-79	1347800000
134294_MH_MC	5	15	15	33.6	58.5	1.19E-79	1347800000
44097_MH_MC	1	2	2	19.4	16.895	5.40E-28	907640000
44122_MH_MC	1	3	3	19.5	19.797	4.69E-11	369440000
8491_MH_MC	3	2	2	15	17.022	9.09E-05	59710000
44137_MH_MC	3	2	2	15	17.022	9.09E-05	59710000
121821_MH_MC	3	2	2	15	17.022	9.09E-05	59710000
44141_MH_MC	1	2	2	33.3	9.4528	0.00049736	97926000
44160_MH_MC	1	1	1	7.2	17.476	1.14E-05	24232000
44183_MH_MC	2	2	2	7.4	28.286	8.41E-05	15906000
124902_MH_MC	2	2	2	7.4	28.286	8.41E-05	15906000
44186_MH_MC	2	6	6	36.3	23.339	3.52E-48	1327700000
156183_MH_MC	2	6	6	36.3	23.339	3.52E-48	1327700000
44195_MH_MC	3	1	1	6.5	21.412	0.0040396	54698000
8508_MH_MC	3	1	1	6.5	21.412	0.0040396	54698000
8509_MH_MC	3	1	1	6.5	21.412	0.0040396	54698000
44196_MH_MC	1	8	8	52	21.717	9.75E-79	780150000
44197_MH_MC	1	2	2	10.8	23.195	0.000327	36296000
44208_MH_MC	1	1	1	4	25.334	0.015681	0
44224_MH_MC	2	3	3	22.3	17.132	2.17E-07	181440000
10035_MH_MC	2	3	3	22.3	17.132	2.17E-07	181440000
44234_MH_MC	3	3	3	12.1	21.898	2.54E-11	596770000
13028_MH_MC	3	3	3	12.1	21.898	2.54E-11	596770000
130969_MH_MC	3	3	3	12.1	21.898	2.54E-11	596770000
44240_MH_MC	1	3	3	15.2	19.933	3.74E-06	179640000
44261_MH_MC	7	7	7	5.4	203.1	6.40E-19	209970000
8532_MH_MC	7	7	7	5.4	203.1	6.40E-19	209970000
75586_MH_MC	7	7	7	5.4	203.1	6.40E-19	209970000
27256_MH_MC	7	7	7	5.4	203.1	6.40E-19	209970000
75585_MH_MC	7	7	7	5.4	203.1	6.40E-19	209970000
18594_MH_MC	7	7	7	5.4	203.1	6.40E-19	209970000
8531_MH_MC	7	7	7	5.4	203.1	6.40E-19	209970000
44277_MH_MC	4	2	2	2.1	121.03	9.73E-05	44789000
171789_MH_MC	4	2	2	2.1	121.03	9.73E-05	44789000
27517_MH_MC	4	2	2	2.1	121.03	9.73E-05	44789000
112881_MH_MC	4	2	2	2.1	121.03	9.73E-05	44789000
44473_MH_MC	1	1	1	11.2	11.262	0.00017675	19069000
44518_MH_MC	1	1	1	9.9	14.24	0.01013	0
44559_MH_MC	2	5	5	24.6	24.254	6.23E-18	385510000
8615_MH_MC	2	5	5	24.6	24.254	6.23E-18	385510000
44583_MH_MC	1	1	1	4.4	41.388	0.017355	0
44587_MH_MC	2	18	18	64.2	43.432	8.46E-135	3797900000
133228_MH_MC	2	18	18	64.2	43.432	8.46E-135	3797900000
44588_MH_MC	3	14	14	51.1	41.58	1.41E-135	1722500000
137592_MH_MC	3	14	14	51.1	41.58	1.41E-135	1722500000
12170_MH_MC	3	14	14	51.1	41.58	1.41E-135	1722500000
44628_MH_MC	1	8	4	74.7	19.616	2.80E-44	1637500000
44633_MH_MC	1	4	4	24.3	25.744	1.44E-29	604720000
44652_MH_MC	4	5	5	35.3	20.938	2.20E-10	365520000
20181_MH_MC	4	5	5	35.3	20.938	2.20E-10	365520000
130775_MH_MC	4	5	5	35.3	20.938	2.20E-10	365520000
13072_MH_MC	4	5	5	35.3	20.938	2.20E-10	365520000
44675_MH_MC	3	12	12	34.9	52.538	5.64E-55	1329800000
138103_MH_MC	3	12	12	34.9	52.538	5.64E-55	1329800000
158699_MH_MC	3	12	12	34.9	52.538	5.64E-55	1329800000
44679_MH_MC	4	10	10	29.5	56.302	1.34E-40	536340000
121970_MH_MC	4	10	10	29.5	56.302	1.34E-40	536340000
11953_MH_MC	4	10	10	29.5	56.302	1.34E-40	536340000
135703_MH_MC	4	10	10	29.5	56.302	1.34E-40	536340000
44681_MH_MC	1	7	7	18.1	53.954	1.91E-17	397850000
44691_MH_MC	8	44	44	31.6	184.12	4.49E-284	5579600000
24935_MH_MC	8	44	44	31.6	184.12	4.49E-284	5579600000
88448_MH_MC	8	44	44	31.6	184.12	4.49E-284	5579600000
16937_MH_MC	8	44	44	31.6	184.12	4.49E-284	5579600000
32781_MH_MC	8	44	44	31.6	184.12	4.49E-284	5579600000
69553_MH_MC	8	44	44	31.6	184.12	4.49E-284	5579600000
22000_MH_MC	8	44	44	31.6	184.12	4.49E-284	5579600000
14799_MH_MC	8	44	44	31.6	184.12	4.49E-284	5579600000
44692_MH_MC	6	7	7	2.8	303.14	2.15E-16	113340000
92132_MH_MC	6	7	7	2.8	303.14	2.15E-16	113340000
170360_MH_MC	6	7	7	2.8	303.14	2.15E-16	113340000
18170_MH_MC	6	7	7	2.8	303.14	2.15E-16	113340000
26681_MH_MC	6	7	7	2.8	303.14	2.15E-16	113340000
92131_MH_MC	6	7	7	2.8	303.14	2.15E-16	113340000
44694_MH_MC	2	4	4	4.1	116.66	1.64E-08	54592000
12939_MH_MC	2	4	4	4.1	116.66	1.64E-08	54592000
44700_MH_MC	1	1	1	3	74.631	0.00075293	46089000
44709_MH_MC	3	3	3	19	26.164	7.57E-17	36033000
104841_MH_MC	3	3	3	19	26.164	7.57E-17	36033000
169813_MH_MC	3	3	3	19	26.164	7.57E-17	36033000
44717_MH_MC	5	11	11	39.2	42.667	8.77E-78	907500000
24128_MH_MC	5	11	11	39.2	42.667	8.77E-78	907500000
55282_MH_MC	5	11	11	39.2	42.667	8.77E-78	907500000
16372_MH_MC	5	11	11	39.2	42.667	8.77E-78	907500000
55283_MH_MC	5	11	11	39.2	42.667	8.77E-78	907500000
44727_MH_MC	3	9	9	17	60.456	1.88E-22	265020000
14078_MH_MC	3	9	9	17	60.456	1.88E-22	265020000
121291_MH_MC	3	9	9	17	60.456	1.88E-22	265020000
44729_MH_MC	2	9	8	23.1	58.875	2.45E-26	361680000
126775_MH_MC	2	9	8	23.1	58.875	2.45E-26	361680000
44737_MH_MC	2	3	3	6	63.705	5.37E-06	34674000
89404_MH_MC	2	3	3	6	63.705	5.37E-06	34674000
44753_MH_MC	1	1	1	5.3	19.47	0.014918	69880000
44774_MH_MC	3	2	2	25.6	17.484	4.82E-08	22305000
137400_MH_MC	3	2	2	25.6	17.484	4.82E-08	22305000
11434_MH_MC	3	2	2	25.6	17.484	4.82E-08	22305000
44788_MH_MC	1	1	1	8.7	13.775	0.012904	24654000
44816_MH_MC	1	2	2	13.3	22	4.49E-06	110290000
44817_MH_MC	2	2	2	12.5	22.905	1.48E-22	457200000
15222_MH_MC	2	2	2	12.5	22.905	1.48E-22	457200000
44844_MH_MC	4	4	4	23.8	25.082	5.03E-28	885100000
107088_MH_MC	4	4	4	23.8	25.082	5.03E-28	885100000
162709_MH_MC	4	4	4	23.8	25.082	5.03E-28	885100000
139109_MH_MC	4	4	4	23.8	25.082	5.03E-28	885100000
44849_MH_MC	3	3	3	15.7	22.016	4.93E-14	324830000
13129_MH_MC	3	3	3	15.7	22.016	4.93E-14	324830000
20251_MH_MC	3	3	3	15.7	22.016	4.93E-14	324830000
44852_MH_MC	2	4	4	37.7	18.048	1.08E-29	2163600000
127940_MH_MC	2	4	4	37.7	18.048	1.08E-29	2163600000
44863_MH_MC	1	3	3	23.4	17.894	1.30E-10	152130000
44866_MH_MC	2	8	8	86.8	13.679	4.15E-48	1190400000
137560_MH_MC	2	8	8	86.8	13.679	4.15E-48	1190400000
44879_MH_MC	1	2	2	15.9	21.015	1.68E-10	61374000
44884_MH_MC	1	2	2	11.9	17.913	2.86E-05	73073000
44904_MH_MC	1	4	4	25.3	20.453	2.01E-10	223570000
45079_MH_MC	1	19	0	25.4	95.396	1.72E-163	2547000000
45092_MH_MC	6	4	4	11.9	49.252	3.50E-24	870300000
27048_MH_MC	6	4	4	11.9	49.252	3.50E-24	870300000
170940_MH_MC	6	4	4	11.9	49.252	3.50E-24	870300000
133232_MH_MC	6	4	4	11.9	49.252	3.50E-24	870300000
18440_MH_MC	6	4	4	11.9	49.252	3.50E-24	870300000
94394_MH_MC	6	4	4	11.9	49.252	3.50E-24	870300000
45117_MH_MC	2	4	4	8.7	57.377	9.59E-10	85374000
12144_MH_MC	2	4	4	8.7	57.377	9.59E-10	85374000
45126_MH_MC	2	4	2	31	13.89	1.12E-23	671210000
8942_MH_MC	2	4	2	31	13.89	1.12E-23	671210000
45190_MH_MC	2	4	3	34.4	18.474	1.98E-19	134730000
5191_MH_MC	2	4	3	34.4	18.474	1.98E-19	134730000
45257_MH_MC	1	11	3	31.7	47.253	4.63E-67	2182500000
45297_MH_MC	1	1	1	1.3	94.118	0.013244	23413000
45346_MH_MC	1	1	1	12.1	10.519	0.019004	13462000
45347_MH_MC	1	1	1	23.3	8.723	2.02E-08	48658000
45407_MH_MC	1	3	3	25.1	18.968	1.73E-08	138410000
45497_MH_MC	1	3	3	19.6	19.488	1.02E-09	129660000
45627_MH_MC	1	1	1	14.1	9.6613	0.00027124	119720000
45694_MH_MC	2	4	4	28.3	17.251	2.08E-17	1895300000
26858_MH_MC	2	4	4	28.3	17.251	2.08E-17	1895300000
45762_MH_MC	1	1	1	11.8	18.985	2.18E-09	5767400
45828_MH_MC	1	1	1	14.8	12.72	0.00063268	90164000
45837_MH_MC	3	13	13	64.9	27.663	8.04E-125	16232000000
106419_MH_MC	3	13	13	64.9	27.663	8.04E-125	16232000000
162673_MH_MC	3	13	13	64.9	27.663	8.04E-125	16232000000
45856_MH_MC	1	2	2	20.4	12.933	4.21E-06	90861000
4588_MH_MC	1	1	1	9.1	14.005	0.017436	41590000
45892_MH_MC	3	2	2	57.4	7.5334	1.19E-48	239660000
10531_MH_MC	3	2	2	57.4	7.5334	1.19E-48	239660000
156367_MH_MC	3	2	2	57.4	7.5334	1.19E-48	239660000
45927_MH_MC	2	3	2	31.7	9.8785	4.13E-06	176960000
139141_MH_MC	2	3	2	31.7	9.8785	4.13E-06	176960000
45950_MH_MC	2	2	2	11.9	38.897	1.56E-14	33736000
12115_MH_MC	2	2	2	11.9	38.897	1.56E-14	33736000
45974_MH_MC	1	1	1	15.6	11.628	0.016012	28925000
46020_MH_MC	1	1	1	0.6	138.91	0.0084985	1087300000
46116_MH_MC	1	5	1	31.4	27.248	1.48E-20	0
46239_MH_MC	1	1	1	1.5	109.29	0.00010699	212290000
4658_MH_MC	2	3	3	12.9	42.456	3.10E-17	98196000
99482_MH_MC	2	3	3	12.9	42.456	3.10E-17	98196000
46789_MH_MC	2	3	3	32.4	13.142	3.97E-09	200960000
134647_MH_MC	2	3	3	32.4	13.142	3.97E-09	200960000
46849_MH_MC	6	4	4	16	34.729	5.00E-13	70809000
14287_MH_MC	6	4	4	16	34.729	5.00E-13	70809000
42811_MH_MC	6	4	4	16	34.729	5.00E-13	70809000
8044_MH_MC	6	4	4	16	34.729	5.00E-13	70809000
161549_MH_MC	6	4	4	16	34.729	5.00E-13	70809000
161548_MH_MC	6	4	4	16	34.729	5.00E-13	70809000
48817_MH_MC	1	1	1	20.3	7.6373	0.0080018	335360000
49426_MH_MC	1	1	1	8.7	12.932	0.019392	0
5056_MH_MC	4	5	5	10.4	94.53	1.67E-24	116220000
128752_MH_MC	4	5	5	10.4	94.53	1.67E-24	116220000
134541_MH_MC	4	5	5	10.4	94.53	1.67E-24	116220000
131949_MH_MC	4	5	5	10.4	94.53	1.67E-24	116220000
53048_MH_MC	1	1	1	12.3	7.9544	0.0090389	0
5317_MH_MC	1	1	1	14.5	9.6045	0.0021342	22322000
54135_MH_MC	1	1	1	8.9	9.526	0.016355	71111000
542_MH_MC	1	3	3	8.3	67.95	3.42E-12	14947000
5516_MH_MC	1	1	1	6.1	15.317	0.016765	15757000
5667_MH_MC	1	1	1	6.8	24.863	1.95E-13	59048000
5697_MH_MC	8	2	2	15.1	21.533	6.56E-06	75636000
23724_MH_MC	8	2	2	15.1	21.533	6.56E-06	75636000
25791_MH_MC	8	2	2	15.1	21.533	6.56E-06	75636000
102793_MH_MC	8	2	2	15.1	21.533	6.56E-06	75636000
9313_MH_MC	8	2	2	15.1	21.533	6.56E-06	75636000
9314_MH_MC	8	2	2	15.1	21.533	6.56E-06	75636000
8200_MH_MC	8	2	2	15.1	21.533	6.56E-06	75636000
4996_MH_MC	8	2	2	15.1	21.533	6.56E-06	75636000
57026_MH_MC	1	1	1	4	41.817	0.02077	110040000
5703_MH_MC	1	2	2	12.4	24.193	8.49E-06	21668000
5827_MH_MC	1	5	4	37.6	21.362	1.27E-29	1234200000
5955_MH_MC	1	1	1	1.9	57.157	0.011835	32133000
6017_MH_MC	4	4	4	45.8	12.397	3.34E-15	139100000
6016_MH_MC	4	4	4	45.8	12.397	3.34E-15	139100000
10130_MH_MC	4	4	4	45.8	12.397	3.34E-15	139100000
12028_MH_MC	4	4	4	45.8	12.397	3.34E-15	139100000
6170_MH_MC	1	1	1	9.7	17.477	0.00024498	16075000
6288_MH_MC	1	1	1	18.6	10.757	2.76E-13	20877000
6397_MH_MC	1	1	1	16.2	8.5341	0.0020656	12664000
6471_MH_MC	1	1	1	10.8	14.748	0.0029937	16112000
65404_MH_MC	1	1	1	8.6	12.585	0.012896	0
6804_MH_MC	2	1	1	3.7	30.475	0.011419	11720000
6803_MH_MC	2	1	1	3.7	30.475	0.011419	11720000
68055_MH_MC	1	1	1	14.5	8.7662	0.0027755	20452000
6813_MH_MC	1	1	1	13.1	10.943	0.00044155	139860000
69163_MH_MC	1	1	1	2.8	38.173	0.02027	33624000
69850_MH_MC	1	1	1	11.9	7.0224	0.017851	37473000
71719_MH_MC	1	6	6	35.1	21.792	6.72E-18	1016800000
7327_MH_MC	1	2	2	13.1	23.92	4.80E-08	186080000
7426_MH_MC	2	3	3	21.6	17.781	7.06E-08	73435000
114029_MH_MC	2	3	3	21.6	17.781	7.06E-08	73435000
7482_MH_MC	4	7	7	29.8	29.427	2.23E-121	1624700000
129960_MH_MC	4	7	7	29.8	29.427	2.23E-121	1624700000
20366_MH_MC	4	7	7	29.8	29.427	2.23E-121	1624700000
13226_MH_MC	4	7	7	29.8	29.427	2.23E-121	1624700000
7500_MH_MC	4	6	6	14.6	51.975	4.63E-39	1913600000
7499_MH_MC	4	6	6	14.6	51.975	4.63E-39	1913600000
5330_MH_MC	4	6	6	14.6	51.975	4.63E-39	1913600000
160244_MH_MC	4	6	6	14.6	51.975	4.63E-39	1913600000
7512_MH_MC	1	3	3	22.2	18.026	5.89E-07	51717000
7531_MH_MC	5	2	2	10.9	23.38	3.28E-07	68675000
59270_MH_MC	5	2	2	10.9	23.38	3.28E-07	68675000
21866_MH_MC	5	2	2	10.9	23.38	3.28E-07	68675000
21867_MH_MC	5	2	2	10.9	23.38	3.28E-07	68675000
14692_MH_MC	5	2	2	10.9	23.38	3.28E-07	68675000
7543_MH_MC	2	2	2	15.3	12.185	0.00022326	112100000
7544_MH_MC	2	2	2	15.3	12.185	0.00022326	112100000
7562_MH_MC	1	1	1	3.2	42.375	0.0021667	112440000
7571_MH_MC	4	2	2	25	14.64	8.20E-09	7845300
13057_MH_MC	4	2	2	25	14.64	8.20E-09	7845300
20167_MH_MC	4	2	2	25	14.64	8.20E-09	7845300
130869_MH_MC	4	2	2	25	14.64	8.20E-09	7845300
7572_MH_MC	1	1	1	4.9	37.546	0.00070924	0
7581_MH_MC	1	1	1	5.7	20.339	0.02242	0
7849_MH_MC	2	3	3	7.1	48.605	1.74E-05	413420000
16175_MH_MC	2	3	3	7.1	48.605	1.74E-05	413420000
78712_MH_MC	1	2	2	9	28.125	2.81E-06	659070000
7874_MH_MC	3	1	1	14.8	15.895	1.48E-07	31108000
7875_MH_MC	3	1	1	14.8	15.895	1.48E-07	31108000
7873_MH_MC	3	1	1	14.8	15.895	1.48E-07	31108000
7882_MH_MC	1	7	7	32.8	23.132	2.45E-21	691060000
7909_MH_MC	3	4	4	9.3	54.468	1.16E-13	300950000
7910_MH_MC	3	4	4	9.3	54.468	1.16E-13	300950000
12132_MH_MC	3	4	4	9.3	54.468	1.16E-13	300950000
79093_MH_MC	1	1	1	10	9.6764	0.018351	26575000
79388_MH_MC	1	1	1	10.9	7.9776	0.029797	65591000
7999_MH_MC	1	6	6	41.3	16.04	2.35E-31	430420000
8027_MH_MC	4	8	8	24.8	48.261	4.30E-51	409390000
161097_MH_MC	4	8	8	24.8	48.261	4.30E-51	409390000
13910_MH_MC	4	8	8	24.8	48.261	4.30E-51	409390000
124356_MH_MC	4	8	8	24.8	48.261	4.30E-51	409390000
8030_MH_MC	5	3	3	15.3	27.481	1.62E-06	61686000
100876_MH_MC	5	3	3	15.3	27.481	1.62E-06	61686000
19055_MH_MC	5	3	3	15.3	27.481	1.62E-06	61686000
15864_MH_MC	5	3	3	15.3	27.481	1.62E-06	61686000
164764_MH_MC	5	3	3	15.3	27.481	1.62E-06	61686000
8043_MH_MC	4	15	15	33.2	67.565	1.18E-100	1238400000
26887_MH_MC	4	15	15	33.2	67.565	1.18E-100	1238400000
170705_MH_MC	4	15	15	33.2	67.565	1.18E-100	1238400000
95609_MH_MC	4	15	15	33.2	67.565	1.18E-100	1238400000
8047_MH_MC	2	19	14	35.7	70.2	1.35E-125	5668600000
19949_MH_MC	2	19	14	35.7	70.2	1.35E-125	5668600000
8050_MH_MC	4	8	8	33.8	40.019	5.47E-28	172170000
28259_MH_MC	4	8	8	33.8	40.019	5.47E-28	172170000
172980_MH_MC	4	8	8	33.8	40.019	5.47E-28	172170000
19370_MH_MC	4	8	8	33.8	40.019	5.47E-28	172170000
80931_MH_MC	1	1	1	21.2	9.3428	1.34E-22	124080000
8127_MH_MC	2	1	1	3.2	49.089	0.016047	0
8126_MH_MC	2	1	1	3.2	49.089	0.016047	0
8141_MH_MC	4	2	2	10	37.58	1.07E-07	13994000
27170_MH_MC	4	2	2	10	37.58	1.07E-07	13994000
18533_MH_MC	4	2	2	10	37.58	1.07E-07	13994000
171182_MH_MC	4	2	2	10	37.58	1.07E-07	13994000
8142_MH_MC	3	5	5	23.7	28.321	4.78E-10	160990000
136318_MH_MC	3	5	5	23.7	28.321	4.78E-10	160990000
163679_MH_MC	3	5	5	23.7	28.321	4.78E-10	160990000
8248_MH_MC	4	8	8	37.3	24.294	1.19E-57	1964900000
21022_MH_MC	4	8	8	37.3	24.294	1.19E-57	1964900000
8247_MH_MC	4	8	8	37.3	24.294	1.19E-57	1964900000
13847_MH_MC	4	8	8	37.3	24.294	1.19E-57	1964900000
8269_MH_MC	2	1	1	2.1	50.326	0.016755	0
8270_MH_MC	2	1	1	2.1	50.326	0.016755	0
8298_MH_MC	1	1	1	1.9	64.963	0.0068003	0
83484_MH_MC	1	1	1	13.6	10.747	0.0095833	15466000
8469_MH_MC	1	8	8	32.8	28.259	5.37E-71	1726300000
8485_MH_MC	5	3	3	12.3	35.403	4.10E-08	170320000
8486_MH_MC	5	3	3	12.3	35.403	4.10E-08	170320000
15833_MH_MC	5	3	3	12.3	35.403	4.10E-08	170320000
61879_MH_MC	5	3	3	12.3	35.403	4.10E-08	170320000
23389_MH_MC	5	3	3	12.3	35.403	4.10E-08	170320000
8488_MH_MC	6	12	9	37.1	50.67	8.46E-160	1010800000
8487_MH_MC	6	12	9	37.1	50.67	8.46E-160	1010800000
22023_MH_MC	6	12	9	37.1	50.67	8.46E-160	1010800000
162603_MH_MC	6	12	9	37.1	50.67	8.46E-160	1010800000
14808_MH_MC	6	12	9	37.1	50.67	8.46E-160	1010800000
117212_MH_MC	6	12	9	37.1	50.67	8.46E-160	1010800000
8504_MH_MC	1	4	4	26.7	19.655	5.12E-21	31617000
8516_MH_MC	1	3	3	31.2	18.969	1.45E-05	64355000
8544_MH_MC	3	5	5	26.4	29.913	4.98E-13	93701000
165675_MH_MC	3	5	5	26.4	29.913	4.98E-13	93701000
107437_MH_MC	3	5	5	26.4	29.913	4.98E-13	93701000
8547_MH_MC	2	1	1	6.9	14.913	0.013396	44628000
8546_MH_MC	2	1	1	6.9	14.913	0.013396	44628000
8634_MH_MC	5	6	6	31.4	31.409	9.32E-22	360210000
8635_MH_MC	5	6	6	31.4	31.409	9.32E-22	360210000
65325_MH_MC	5	6	6	31.4	31.409	9.32E-22	360210000
14687_MH_MC	5	6	6	31.4	31.409	9.32E-22	360210000
36488_MH_MC	5	6	6	31.4	31.409	9.32E-22	360210000
8642_MH_MC	9	8	8	15.8	74.41	1.07E-24	258570000
9195_MH_MC	9	8	8	15.8	74.41	1.07E-24	258570000
5014_MH_MC	9	8	8	15.8	74.41	1.07E-24	258570000
5013_MH_MC	9	8	8	15.8	74.41	1.07E-24	258570000
20532_MH_MC	9	8	8	15.8	74.41	1.07E-24	258570000
13388_MH_MC	9	8	8	15.8	74.41	1.07E-24	258570000
9220_MH_MC	9	8	8	15.8	74.41	1.07E-24	258570000
4628_MH_MC	9	8	8	15.8	74.41	1.07E-24	258570000
37911_MH_MC	9	8	8	15.8	74.41	1.07E-24	258570000
8693_MH_MC	1	2	2	11.1	26.026	1.63E-16	166630000
8712_MH_MC	1	1	1	10.3	8.0993	0.032118	49087000
8757_MH_MC	3	2	2	11.8	21.851	6.75E-05	78534000
91737_MH_MC	3	2	2	11.8	21.851	6.75E-05	78534000
23268_MH_MC	3	2	2	11.8	21.851	6.75E-05	78534000
889_MH_MC	2	4	4	33	21.922	2.74E-40	1669500000
156335_MH_MC	2	4	4	33	21.922	2.74E-40	1669500000
90957_MH_MC	1	1	1	12.4	10.492	0.0021686	6808100
9136_MH_MC	1	4	1	47.9	13.858	1.17E-10	99408000
91476_MH_MC	1	1	1	4.9	28.121	0.00031006	18926000
93633_MH_MC	5	2	2	6.8	45.135	4.29E-05	41025000
45251_MH_MC	5	2	2	6.8	45.135	4.29E-05	41025000
24210_MH_MC	5	2	2	6.8	45.135	4.29E-05	41025000
16432_MH_MC	5	2	2	6.8	45.135	4.29E-05	41025000
166210_MH_MC	5	2	2	6.8	45.135	4.29E-05	41025000
95910_MH_MC	1	1	1	13.6	7.0822	0.047413	8247600
9670_MH_MC	2	4	4	34.9	19.128	1.69E-38	2205400000
10482_MH_MC	2	4	4	34.9	19.128	1.69E-38	2205400000
9791_MH_MC	1	1	1	21.6	10.094	8.39E-07	19834000
99279_MH_MC	3	6	1	34.8	18.894	5.48E-18	0
28077_MH_MC	3	6	1	34.8	18.894	5.48E-18	0
19237_MH_MC	3	6	1	34.8	18.894	5.48E-18	0
99426_MH_MC	1	1	1	11	18.298	1.10E-13	0
CON__P00761	1	4	4	25.1	24.409	1.44E-82	3317000000
CON__P02533	7	9	5	23.1	51.621	6.87E-36	137290000
CON__Q6IFX2	7	9	5	23.1	51.621	6.87E-36	137290000
CON__Q9QWL7	7	9	5	23.1	51.621	6.87E-36	137290000
CON__Q04695	7	9	5	23.1	51.621	6.87E-36	137290000
CON__A2A4G1	7	9	5	23.1	51.621	6.87E-36	137290000
CON__Q7Z3Y9	7	9	5	23.1	51.621	6.87E-36	137290000
CON__P19012	7	9	5	23.1	51.621	6.87E-36	137290000
CON__P02538	22	15	2	25.4	60.044	3.60E-67	374950000
CON__P04259	22	15	2	25.4	60.044	3.60E-67	374950000
CON__P48668	22	15	2	25.4	60.044	3.60E-67	374950000
CON__Q8VED5	22	15	2	25.4	60.044	3.60E-67	374950000
CON__O95678	22	15	2	25.4	60.044	3.60E-67	374950000
CON__P05787	22	15	2	25.4	60.044	3.60E-67	374950000
37766_MH_MC	22	15	2	25.4	60.044	3.60E-67	374950000
CON__H-INV:HIT000016045	22	15	2	25.4	60.044	3.60E-67	374950000
CON__P19013	22	15	2	25.4	60.044	3.60E-67	374950000
CON__P07744	22	15	2	25.4	60.044	3.60E-67	374950000
CON__Q9H552	22	15	2	25.4	60.044	3.60E-67	374950000
CON__H-INV:HIT000292931	22	15	2	25.4	60.044	3.60E-67	374950000
CON__Q6ISB0	22	15	2	25.4	60.044	3.60E-67	374950000
CON__Q9NSB2	22	15	2	25.4	60.044	3.60E-67	374950000
CON__Q32MB2	22	15	2	25.4	60.044	3.60E-67	374950000
CON__Q7RTS7	22	15	2	25.4	60.044	3.60E-67	374950000
CON__Q3SY84	22	15	2	25.4	60.044	3.60E-67	374950000
CON__Q6IME9	22	15	2	25.4	60.044	3.60E-67	374950000
CON__Q14CN4-1	22	15	2	25.4	60.044	3.60E-67	374950000
CON__P08729	22	15	2	25.4	60.044	3.60E-67	374950000
CON__Q3KNV1	22	15	2	25.4	60.044	3.60E-67	374950000
CON__Q9DCV7	22	15	2	25.4	60.044	3.60E-67	374950000
CON__P02676	1	1	1	2	56.44	0.0019389	205780000
CON__P04264	1	26	18	51.6	66.017	0	7834700000
CON__P19001	4	2	1	4.5	44.541	0.00032936	35357000
CON__P08727	4	2	1	4.5	44.541	0.00032936	35357000
36872_MH_MC	4	2	1	4.5	44.541	0.00032936	35357000
CON__P05784	4	2	1	4.5	44.541	0.00032936	35357000
CON__P08779	3	10	6	26.4	51.267	4.21E-26	299840000
CON__Q3ZAW8	3	10	6	26.4	51.267	4.21E-26	299840000
CON__Q9Z2K1	3	10	6	26.4	51.267	4.21E-26	299840000
CON__P13645	10	17	16	42.8	59.51	1.84E-257	3173800000
CON__P02535-1	10	17	16	42.8	59.51	1.84E-257	3173800000
CON__Q7Z3Y8	10	17	16	42.8	59.51	1.84E-257	3173800000
CON__Q7Z3Y7	10	17	16	42.8	59.51	1.84E-257	3173800000
CON__Q148H6	10	17	16	42.8	59.51	1.84E-257	3173800000
CON__Q7Z3Z0	10	17	16	42.8	59.51	1.84E-257	3173800000
CON__Q2M2I5	10	17	16	42.8	59.51	1.84E-257	3173800000
CON__P13646-1	10	17	16	42.8	59.51	1.84E-257	3173800000
CON__P08730-1	10	17	16	42.8	59.51	1.84E-257	3173800000
CON__ENSEMBL:ENSP00000377550	10	17	16	42.8	59.51	1.84E-257	3173800000
CON__P13647	1	14	2	22.9	62.378	2.13E-62	145330000
CON__P35527	1	21	21	48.8	62.129	0	3836200000
CON__P35908	4	18	9	32.6	65.865	3.23E-75	1271900000
CON__Q7Z794	4	18	9	32.6	65.865	3.23E-75	1271900000
CON__Q6NXH9	4	18	9	32.6	65.865	3.23E-75	1271900000
CON__Q9R0H5	4	18	9	32.6	65.865	3.23E-75	1271900000
CON__Q5XKE5	1	5	1	11	57.809	1.76E-11	48436000
CON__Q86YZ3	1	1	1	0.8	282.39	7.87E-15	0
REV__124630_MH_MC	1	1	1	9.2	11.37	0.016526	28603000
REV__44093_MH_MC	2	1	1	2.3	58.5	0.0019503	38665000
REV__134450_MH_MC	2	1	1	2.3	58.5	0.0019503	38665000
REV__136357_MH_MC	1	1	1	16.7	7.5969	0.0089929	15820000
REV__30770_MH_MC	1	1	1	22.7	5.3682	0.020946	109590000
REV__36846_MH_MC	1	1	1	2	46.876	0.023725	10478000
REV__44295_MH_MC	1	1	1	3.9	44.501	0.027106	81091000
REV__9044_MH_MC	2	1	1	8.1	12.598	0.013686	26082000
REV__45319_MH_MC	2	1	1	8.1	12.598	0.013686	26082000
REV__55215_MH_MC	1	1	1	10	10.864	0.021927	20690000
REV__70004_MH_MC	1	1	1	6.2	15.13	0.01208	9891000
REV__9395_MH_MC	1	1	1	5.7	29.145	0.018166	0
REV__CON__P08730-1	1	1	1	3.4	47.754	0.013741	93044000
