12297_WL_MC	4	2	2	14.5	13.697	0.00049681	33660000
100183_WL_MC	4	2	2	14.5	13.697	0.00049681	33660000
12296_WL_MC	4	2	2	14.5	13.697	0.00049681	33660000
166543_WL_MC	4	2	2	14.5	13.697	0.00049681	33660000
100693_WL_MC	1	1	1	14.9	8.7745	0.0049591	13621000
25868_WL_MC	4	5	5	27	24.81	2.71E-36	367930000
51015_WL_MC	4	5	5	27	24.81	2.71E-36	367930000
10080_WL_MC	4	5	5	27	24.81	2.71E-36	367930000
10081_WL_MC	4	5	5	27	24.81	2.71E-36	367930000
130529_WL_MC	3	1	1	11.4	12.271	0.014355	0
17747_WL_MC	3	1	1	11.4	12.271	0.014355	0
100857_WL_MC	3	1	1	11.4	12.271	0.014355	0
51088_WL_MC	7	3	3	7.4	63.313	1.21E-05	9586800
10135_WL_MC	7	3	3	7.4	63.313	1.21E-05	9586800
51087_WL_MC	7	3	3	7.4	63.313	1.21E-05	9586800
29162_WL_MC	7	3	3	7.4	63.313	1.21E-05	9586800
151689_WL_MC	7	3	3	7.4	63.313	1.21E-05	9586800
142405_WL_MC	7	3	3	7.4	63.313	1.21E-05	9586800
67375_WL_MC	7	3	3	7.4	63.313	1.21E-05	9586800
CON__ENSEMBL:ENSBTAP00000016242	4	1	1	2	50.179	0.0081812	12017000
2472_WL_MC	4	1	1	2	50.179	0.0081812	12017000
101586_WL_MC	4	1	1	2	50.179	0.0081812	12017000
130937_WL_MC	4	1	1	2	50.179	0.0081812	12017000
30496_WL_MC	4	2	2	12.8	20.311	9.24E-08	34333000
18052_WL_MC	4	2	2	12.8	20.311	9.24E-08	34333000
101839_WL_MC	4	2	2	12.8	20.311	9.24E-08	34333000
50227_WL_MC	4	2	2	12.8	20.311	9.24E-08	34333000
30602_WL_MC	5	1	1	11.8	15.916	4.68E-05	0
166522_WL_MC	5	1	1	11.8	15.916	4.68E-05	0
53339_WL_MC	5	1	1	11.8	15.916	4.68E-05	0
102243_WL_MC	5	1	1	11.8	15.916	4.68E-05	0
166523_WL_MC	5	1	1	11.8	15.916	4.68E-05	0
43293_WL_MC	4	2	2	11.8	18.718	3.62E-13	10342000
21129_WL_MC	4	2	2	11.8	18.718	3.62E-13	10342000
56485_WL_MC	4	2	2	11.8	18.718	3.62E-13	10342000
102341_WL_MC	4	2	2	11.8	18.718	3.62E-13	10342000
15243_WL_MC	11	1	1	1.9	79.85	0.0013367	10941000
15242_WL_MC	11	1	1	1.9	79.85	0.0013367	10941000
15247_WL_MC	11	1	1	1.9	79.85	0.0013367	10941000
15248_WL_MC	11	1	1	1.9	79.85	0.0013367	10941000
15246_WL_MC	11	1	1	1.9	79.85	0.0013367	10941000
45498_WL_MC	11	1	1	1.9	79.85	0.0013367	10941000
45501_WL_MC	11	1	1	1.9	79.85	0.0013367	10941000
15245_WL_MC	11	1	1	1.9	79.85	0.0013367	10941000
45500_WL_MC	11	1	1	1.9	79.85	0.0013367	10941000
45499_WL_MC	11	1	1	1.9	79.85	0.0013367	10941000
103370_WL_MC	11	1	1	1.9	79.85	0.0013367	10941000
53700_WL_MC	3	1	1	4.8	24.272	0.01024	12090000
18992_WL_MC	3	1	1	4.8	24.272	0.01024	12090000
104378_WL_MC	3	1	1	4.8	24.272	0.01024	12090000
11303_WL_MC	4	1	1	6.5	31.995	0.00054465	0
53701_WL_MC	4	1	1	6.5	31.995	0.00054465	0
19006_WL_MC	4	1	1	6.5	31.995	0.00054465	0
104419_WL_MC	4	1	1	6.5	31.995	0.00054465	0
50669_WL_MC	10	1	1	4	32.368	0.011345	6656000
50670_WL_MC	10	1	1	4	32.368	0.011345	6656000
50666_WL_MC	10	1	1	4	32.368	0.011345	6656000
50665_WL_MC	10	1	1	4	32.368	0.011345	6656000
104525_WL_MC	10	1	1	4	32.368	0.011345	6656000
50668_WL_MC	10	1	1	4	32.368	0.011345	6656000
50667_WL_MC	10	1	1	4	32.368	0.011345	6656000
163352_WL_MC	10	1	1	4	32.368	0.011345	6656000
163353_WL_MC	10	1	1	4	32.368	0.011345	6656000
163354_WL_MC	10	1	1	4	32.368	0.011345	6656000
162780_WL_MC	6	1	1	4.8	23.94	0.0051557	45655000
162781_WL_MC	6	1	1	4.8	23.94	0.0051557	45655000
31474_WL_MC	6	1	1	4.8	23.94	0.0051557	45655000
162784_WL_MC	6	1	1	4.8	23.94	0.0051557	45655000
9204_WL_MC	6	1	1	4.8	23.94	0.0051557	45655000
104626_WL_MC	6	1	1	4.8	23.94	0.0051557	45655000
104820_WL_MC	1	2	2	24.8	11.562	2.18E-06	47609000
19189_WL_MC	8	2	2	8.8	30.092	1.88E-12	650600000
104903_WL_MC	8	2	2	8.8	30.092	1.88E-12	650600000
31586_WL_MC	8	2	2	8.8	30.092	1.88E-12	650600000
48448_WL_MC	8	2	2	8.8	30.092	1.88E-12	650600000
42555_WL_MC	8	2	2	8.8	30.092	1.88E-12	650600000
48450_WL_MC	8	2	2	8.8	30.092	1.88E-12	650600000
48451_WL_MC	8	2	2	8.8	30.092	1.88E-12	650600000
154861_WL_MC	8	2	2	8.8	30.092	1.88E-12	650600000
31596_WL_MC	5	1	1	3.2	46.555	5.40E-05	0
19202_WL_MC	5	1	1	3.2	46.555	5.40E-05	0
104938_WL_MC	5	1	1	3.2	46.555	5.40E-05	0
158493_WL_MC	5	1	1	3.2	46.555	5.40E-05	0
47444_WL_MC	5	1	1	3.2	46.555	5.40E-05	0
7354_WL_MC	3	2	2	6.3	57.825	0.00064405	0
19216_WL_MC	3	2	2	6.3	57.825	0.00064405	0
104979_WL_MC	3	2	2	6.3	57.825	0.00064405	0
19241_WL_MC	5	6	6	18.4	44.17	1.20E-11	57265000
105048_WL_MC	5	6	6	18.4	44.17	1.20E-11	57265000
48405_WL_MC	5	6	6	18.4	44.17	1.20E-11	57265000
48404_WL_MC	5	6	6	18.4	44.17	1.20E-11	57265000
159754_WL_MC	5	6	6	18.4	44.17	1.20E-11	57265000
161783_WL_MC	8	1	1	1.7	55.386	2.34E-05	0
161781_WL_MC	8	1	1	1.7	55.386	2.34E-05	0
31650_WL_MC	8	1	1	1.7	55.386	2.34E-05	0
19255_WL_MC	8	1	1	1.7	55.386	2.34E-05	0
161782_WL_MC	8	1	1	1.7	55.386	2.34E-05	0
2383_WL_MC	8	1	1	1.7	55.386	2.34E-05	0
161784_WL_MC	8	1	1	1.7	55.386	2.34E-05	0
105083_WL_MC	8	1	1	1.7	55.386	2.34E-05	0
51855_WL_MC	7	1	1	1.8	57.386	0.0082597	15413000
11238_WL_MC	7	1	1	1.8	57.386	0.0082597	15413000
11239_WL_MC	7	1	1	1.8	57.386	0.0082597	15413000
105128_WL_MC	7	1	1	1.8	57.386	0.0082597	15413000
31667_WL_MC	7	1	1	1.8	57.386	0.0082597	15413000
19268_WL_MC	7	1	1	1.8	57.386	0.0082597	15413000
132950_WL_MC	7	1	1	1.8	57.386	0.0082597	15413000
11894_WL_MC	3	1	1	1.8	48.843	0.005338	6161800
11893_WL_MC	3	1	1	1.8	48.843	0.005338	6161800
105259_WL_MC	3	1	1	1.8	48.843	0.005338	6161800
105403_WL_MC	2	5	5	30.7	22.283	1.66E-15	136420000
19389_WL_MC	2	5	5	30.7	22.283	1.66E-15	136420000
105588_WL_MC	2	1	1	4.2	27.319	0.004967	172440000
31863_WL_MC	2	1	1	4.2	27.319	0.004967	172440000
105606_WL_MC	3	2	2	17.9	15.871	2.74E-07	392660000
19488_WL_MC	3	2	2	17.9	15.871	2.74E-07	392660000
157567_WL_MC	3	2	2	17.9	15.871	2.74E-07	392660000
52854_WL_MC	5	1	1	5.2	35.13	3.29E-07	29250000
52853_WL_MC	5	1	1	5.2	35.13	3.29E-07	29250000
105676_WL_MC	5	1	1	5.2	35.13	3.29E-07	29250000
133279_WL_MC	5	1	1	5.2	35.13	3.29E-07	29250000
19518_WL_MC	5	1	1	5.2	35.13	3.29E-07	29250000
106010_WL_MC	14	5	5	18.2	43.458	2.35E-12	53990000
32031_WL_MC	14	5	5	18.2	43.458	2.35E-12	53990000
163517_WL_MC	14	5	5	18.2	43.458	2.35E-12	53990000
9728_WL_MC	14	5	5	18.2	43.458	2.35E-12	53990000
9729_WL_MC	14	5	5	18.2	43.458	2.35E-12	53990000
9730_WL_MC	14	5	5	18.2	43.458	2.35E-12	53990000
9731_WL_MC	14	5	5	18.2	43.458	2.35E-12	53990000
133470_WL_MC	14	5	5	18.2	43.458	2.35E-12	53990000
64486_WL_MC	14	5	5	18.2	43.458	2.35E-12	53990000
41072_WL_MC	14	5	5	18.2	43.458	2.35E-12	53990000
9726_WL_MC	14	5	5	18.2	43.458	2.35E-12	53990000
9727_WL_MC	14	5	5	18.2	43.458	2.35E-12	53990000
133468_WL_MC	14	5	5	18.2	43.458	2.35E-12	53990000
133469_WL_MC	14	5	5	18.2	43.458	2.35E-12	53990000
106080_WL_MC	3	2	2	8.5	51.261	6.93E-15	16540000
50124_WL_MC	3	2	2	8.5	51.261	6.93E-15	16540000
19662_WL_MC	3	2	2	8.5	51.261	6.93E-15	16540000
34725_WL_MC	3	1	1	6.6	25.02	0.0040042	8798500
81465_WL_MC	3	1	1	6.6	25.02	0.0040042	8798500
106273_WL_MC	3	1	1	6.6	25.02	0.0040042	8798500
944_WL_MC	5	1	1	7.8	17.598	0.023281	4502600
945_WL_MC	5	1	1	7.8	17.598	0.023281	4502600
989_WL_MC	5	1	1	7.8	17.598	0.023281	4502600
990_WL_MC	5	1	1	7.8	17.598	0.023281	4502600
10702_WL_MC	5	1	1	7.8	17.598	0.023281	4502600
51458_WL_MC	3	3	3	20.5	17.394	1.06E-13	557030000
10729_WL_MC	3	3	3	20.5	17.394	1.06E-13	557030000
131570_WL_MC	3	3	3	20.5	17.394	1.06E-13	557030000
33701_WL_MC	5	1	1	8	11.887	0.017814	29918000
21291_WL_MC	5	1	1	8	11.887	0.017814	29918000
153203_WL_MC	5	1	1	8	11.887	0.017814	29918000
64963_WL_MC	5	1	1	8	11.887	0.017814	29918000
107963_WL_MC	5	1	1	8	11.887	0.017814	29918000
164780_WL_MC	26	1	1	2.1	58.633	0.011882	13509000
10834_WL_MC	26	1	1	2.1	58.633	0.011882	13509000
33140_WL_MC	26	1	1	2.1	58.633	0.011882	13509000
10833_WL_MC	26	1	1	2.1	58.633	0.011882	13509000
10839_WL_MC	26	1	1	2.1	58.633	0.011882	13509000
10838_WL_MC	26	1	1	2.1	58.633	0.011882	13509000
164770_WL_MC	26	1	1	2.1	58.633	0.011882	13509000
10840_WL_MC	26	1	1	2.1	58.633	0.011882	13509000
164775_WL_MC	26	1	1	2.1	58.633	0.011882	13509000
164779_WL_MC	26	1	1	2.1	58.633	0.011882	13509000
164778_WL_MC	26	1	1	2.1	58.633	0.011882	13509000
164777_WL_MC	26	1	1	2.1	58.633	0.011882	13509000
10832_WL_MC	26	1	1	2.1	58.633	0.011882	13509000
53889_WL_MC	26	1	1	2.1	58.633	0.011882	13509000
53890_WL_MC	26	1	1	2.1	58.633	0.011882	13509000
10843_WL_MC	26	1	1	2.1	58.633	0.011882	13509000
164774_WL_MC	26	1	1	2.1	58.633	0.011882	13509000
53888_WL_MC	26	1	1	2.1	58.633	0.011882	13509000
10841_WL_MC	26	1	1	2.1	58.633	0.011882	13509000
164773_WL_MC	26	1	1	2.1	58.633	0.011882	13509000
868_WL_MC	26	1	1	2.1	58.633	0.011882	13509000
53891_WL_MC	26	1	1	2.1	58.633	0.011882	13509000
164781_WL_MC	26	1	1	2.1	58.633	0.011882	13509000
10837_WL_MC	26	1	1	2.1	58.633	0.011882	13509000
53887_WL_MC	26	1	1	2.1	58.633	0.011882	13509000
51554_WL_MC	26	1	1	2.1	58.633	0.011882	13509000
11047_WL_MC	1	1	1	7.6	22.47	0.018739	204220000
110928_WL_MC	1	1	1	17.1	5.1387	0.014111	3447600
24008_WL_MC	5	18	18	13.8	187.59	1.30E-79	340370000
51586_WL_MC	5	18	18	13.8	187.59	1.30E-79	340370000
88504_WL_MC	5	18	18	13.8	187.59	1.30E-79	340370000
51585_WL_MC	5	18	18	13.8	187.59	1.30E-79	340370000
1115_WL_MC	5	18	18	13.8	187.59	1.30E-79	340370000
11290_WL_MC	1	1	1	7	16.42	0.003794	38325000
11404_WL_MC	9	4	4	17	31.475	5.01E-11	85081000
11403_WL_MC	9	4	4	17	31.475	5.01E-11	85081000
165529_WL_MC	9	4	4	17	31.475	5.01E-11	85081000
84450_WL_MC	9	4	4	17	31.475	5.01E-11	85081000
35493_WL_MC	9	4	4	17	31.475	5.01E-11	85081000
165528_WL_MC	9	4	4	17	31.475	5.01E-11	85081000
165530_WL_MC	9	4	4	17	31.475	5.01E-11	85081000
11405_WL_MC	9	4	4	17	31.475	5.01E-11	85081000
165527_WL_MC	9	4	4	17	31.475	5.01E-11	85081000
114184_WL_MC	1	1	1	20.4	11.223	0.011761	0
11453_WL_MC	11	2	2	5.1	68.945	2.47E-06	17908000
11466_WL_MC	11	2	2	5.1	68.945	2.47E-06	17908000
11458_WL_MC	11	2	2	5.1	68.945	2.47E-06	17908000
44220_WL_MC	11	2	2	5.1	68.945	2.47E-06	17908000
11461_WL_MC	11	2	2	5.1	68.945	2.47E-06	17908000
44221_WL_MC	11	2	2	5.1	68.945	2.47E-06	17908000
29452_WL_MC	11	2	2	5.1	68.945	2.47E-06	17908000
31313_WL_MC	11	2	2	5.1	68.945	2.47E-06	17908000
18930_WL_MC	11	2	2	5.1	68.945	2.47E-06	17908000
104196_WL_MC	11	2	2	5.1	68.945	2.47E-06	17908000
132440_WL_MC	11	2	2	5.1	68.945	2.47E-06	17908000
1169_WL_MC	1	31	0	44.9	100.34	1.95E-296	153880000
79114_WL_MC	7	1	1	9.6	18.198	0.016112	8257300
34086_WL_MC	7	1	1	9.6	18.198	0.016112	8257300
137782_WL_MC	7	1	1	9.6	18.198	0.016112	8257300
165939_WL_MC	7	1	1	9.6	18.198	0.016112	8257300
165938_WL_MC	7	1	1	9.6	18.198	0.016112	8257300
11800_WL_MC	7	1	1	9.6	18.198	0.016112	8257300
11801_WL_MC	7	1	1	9.6	18.198	0.016112	8257300
118275_WL_MC	1	1	1	12.5	11.737	0.024146	0
118347_WL_MC	1	1	1	15.2	5.3844	0.0018497	10564000
118798_WL_MC	1	1	1	71.1	4.4715	0.018874	0
12048_WL_MC	3	4	4	13.3	33.027	4.41E-09	82434000
12049_WL_MC	3	4	4	13.3	33.027	4.41E-09	82434000
52444_WL_MC	3	4	4	13.3	33.027	4.41E-09	82434000
166265_WL_MC	8	2	2	6.7	49.572	1.31E-10	26369000
12051_WL_MC	8	2	2	6.7	49.572	1.31E-10	26369000
12052_WL_MC	8	2	2	6.7	49.572	1.31E-10	26369000
166267_WL_MC	8	2	2	6.7	49.572	1.31E-10	26369000
166266_WL_MC	8	2	2	6.7	49.572	1.31E-10	26369000
12050_WL_MC	8	2	2	6.7	49.572	1.31E-10	26369000
166264_WL_MC	8	2	2	6.7	49.572	1.31E-10	26369000
77567_WL_MC	8	2	2	6.7	49.572	1.31E-10	26369000
12170_WL_MC	4	3	3	7.9	45.288	2.84E-07	23815000
12169_WL_MC	4	3	3	7.9	45.288	2.84E-07	23815000
18975_WL_MC	4	3	3	7.9	45.288	2.84E-07	23815000
104334_WL_MC	4	3	3	7.9	45.288	2.84E-07	23815000
12254_WL_MC	3	1	1	11	11.654	3.37E-05	9528200
153305_WL_MC	3	1	1	11	11.654	3.37E-05	9528200
12252_WL_MC	3	1	1	11	11.654	3.37E-05	9528200
12261_WL_MC	4	1	1	2	73.24	0.0015836	0
145374_WL_MC	4	1	1	2	73.24	0.0015836	0
26104_WL_MC	4	1	1	2	73.24	0.0015836	0
96310_WL_MC	4	1	1	2	73.24	0.0015836	0
123_WL_MC	12	3	1	45	21.566	1.12E-08	0
125_WL_MC	12	3	1	45	21.566	1.12E-08	0
13396_WL_MC	12	3	1	45	21.566	1.12E-08	0
155419_WL_MC	12	3	1	45	21.566	1.12E-08	0
124_WL_MC	12	3	1	45	21.566	1.12E-08	0
8366_WL_MC	12	3	1	45	21.566	1.12E-08	0
8360_WL_MC	12	3	1	45	21.566	1.12E-08	0
8363_WL_MC	12	3	1	45	21.566	1.12E-08	0
8364_WL_MC	12	3	1	45	21.566	1.12E-08	0
8365_WL_MC	12	3	1	45	21.566	1.12E-08	0
26775_WL_MC	12	3	1	45	21.566	1.12E-08	0
8420_WL_MC	12	3	1	45	21.566	1.12E-08	0
12355_WL_MC	4	5	3	13.1	40.278	1.02E-09	73460000
26229_WL_MC	4	5	3	13.1	40.278	1.02E-09	73460000
96663_WL_MC	4	5	3	13.1	40.278	1.02E-09	73460000
63742_WL_MC	4	5	3	13.1	40.278	1.02E-09	73460000
12386_WL_MC	23	3	3	12.3	27.439	8.97E-07	59495000
12387_WL_MC	23	3	3	12.3	27.439	8.97E-07	59495000
12389_WL_MC	23	3	3	12.3	27.439	8.97E-07	59495000
12388_WL_MC	23	3	3	12.3	27.439	8.97E-07	59495000
52708_WL_MC	23	3	3	12.3	27.439	8.97E-07	59495000
12390_WL_MC	23	3	3	12.3	27.439	8.97E-07	59495000
12391_WL_MC	23	3	3	12.3	27.439	8.97E-07	59495000
12393_WL_MC	23	3	3	12.3	27.439	8.97E-07	59495000
12394_WL_MC	23	3	3	12.3	27.439	8.97E-07	59495000
12395_WL_MC	23	3	3	12.3	27.439	8.97E-07	59495000
12396_WL_MC	23	3	3	12.3	27.439	8.97E-07	59495000
12397_WL_MC	23	3	3	12.3	27.439	8.97E-07	59495000
12404_WL_MC	23	3	3	12.3	27.439	8.97E-07	59495000
12405_WL_MC	23	3	3	12.3	27.439	8.97E-07	59495000
12402_WL_MC	23	3	3	12.3	27.439	8.97E-07	59495000
12399_WL_MC	23	3	3	12.3	27.439	8.97E-07	59495000
12403_WL_MC	23	3	3	12.3	27.439	8.97E-07	59495000
12401_WL_MC	23	3	3	12.3	27.439	8.97E-07	59495000
166663_WL_MC	23	3	3	12.3	27.439	8.97E-07	59495000
37371_WL_MC	23	3	3	12.3	27.439	8.97E-07	59495000
12398_WL_MC	23	3	3	12.3	27.439	8.97E-07	59495000
12400_WL_MC	23	3	3	12.3	27.439	8.97E-07	59495000
174_WL_MC	23	3	3	12.3	27.439	8.97E-07	59495000
167485_WL_MC	4	1	1	6.9	25.623	0.00042679	32296000
167484_WL_MC	4	1	1	6.9	25.623	0.00042679	32296000
94871_WL_MC	4	1	1	6.9	25.623	0.00042679	32296000
125696_WL_MC	4	1	1	6.9	25.623	0.00042679	32296000
128398_WL_MC	1	1	1	78	4.7355	0.019155	0
1291_WL_MC	1	12	1	44.5	36.768	8.57E-50	43253000
42986_WL_MC	6	1	1	5.1	29.495	5.07E-05	0
42994_WL_MC	6	1	1	5.1	29.495	5.07E-05	0
37959_WL_MC	6	1	1	5.1	29.495	5.07E-05	0
884_WL_MC	6	1	1	5.1	29.495	5.07E-05	0
1294_WL_MC	6	1	1	5.1	29.495	5.07E-05	0
42990_WL_MC	6	1	1	5.1	29.495	5.07E-05	0
167342_WL_MC	4	1	1	1.3	125.08	0.0050861	9471300
13024_WL_MC	4	1	1	1.3	125.08	0.0050861	9471300
167344_WL_MC	4	1	1	1.3	125.08	0.0050861	9471300
96247_WL_MC	4	1	1	1.3	125.08	0.0050861	9471300
167418_WL_MC	3	1	1	6.5	23.049	0.0042678	5758300
167415_WL_MC	3	1	1	6.5	23.049	0.0042678	5758300
13093_WL_MC	3	1	1	6.5	23.049	0.0042678	5758300
13101_WL_MC	4	8	8	57.1	18.999	7.13E-28	784210000
31144_WL_MC	4	8	8	57.1	18.999	7.13E-28	784210000
132213_WL_MC	4	8	8	57.1	18.999	7.13E-28	784210000
167441_WL_MC	4	8	8	57.1	18.999	7.13E-28	784210000
131939_WL_MC	1	3	2	23	14.579	1.65E-07	127020000
3127_WL_MC	3	1	1	1.4	78.063	0.0029874	0
3142_WL_MC	3	1	1	1.4	78.063	0.0029874	0
132668_WL_MC	3	1	1	1.4	78.063	0.0029874	0
44363_WL_MC	5	3	3	6	52.724	2.79E-07	65913000
37441_WL_MC	5	3	3	6	52.724	2.79E-07	65913000
24843_WL_MC	5	3	3	6	52.724	2.79E-07	65913000
91775_WL_MC	5	3	3	6	52.724	2.79E-07	65913000
13388_WL_MC	5	3	3	6	52.724	2.79E-07	65913000
54057_WL_MC	6	1	1	7.5	17.043	0.0092201	13473000
28536_WL_MC	6	1	1	7.5	17.043	0.0092201	13473000
167824_WL_MC	6	1	1	7.5	17.043	0.0092201	13473000
54054_WL_MC	6	1	1	7.5	17.043	0.0092201	13473000
41218_WL_MC	6	1	1	7.5	17.043	0.0092201	13473000
13391_WL_MC	6	1	1	7.5	17.043	0.0092201	13473000
152758_WL_MC	2	1	1	10.8	16.628	0.012545	0
135836_WL_MC	2	1	1	10.8	16.628	0.012545	0
50360_WL_MC	4	4	4	31.4	21.469	8.41E-15	51480000
33739_WL_MC	4	4	4	31.4	21.469	8.41E-15	51480000
21329_WL_MC	4	4	4	31.4	21.469	8.41E-15	51480000
137055_WL_MC	4	4	4	31.4	21.469	8.41E-15	51480000
137183_WL_MC	1	6	1	29.4	18.14	1.27E-15	57412000
13745_WL_MC	1	1	1	6.6	22.375	0.0025918	8618100
161375_WL_MC	6	1	1	5.1	25.384	0.012874	28111000
33951_WL_MC	6	1	1	5.1	25.384	0.012874	28111000
21538_WL_MC	6	1	1	5.1	25.384	0.012874	28111000
137487_WL_MC	6	1	1	5.1	25.384	0.012874	28111000
53957_WL_MC	6	1	1	5.1	25.384	0.012874	28111000
78578_WL_MC	6	1	1	5.1	25.384	0.012874	28111000
13779_WL_MC	9	2	2	15.7	22.473	5.26E-05	119840000
13780_WL_MC	9	2	2	15.7	22.473	5.26E-05	119840000
13781_WL_MC	9	2	2	15.7	22.473	5.26E-05	119840000
13776_WL_MC	9	2	2	15.7	22.473	5.26E-05	119840000
13777_WL_MC	9	2	2	15.7	22.473	5.26E-05	119840000
13782_WL_MC	9	2	2	15.7	22.473	5.26E-05	119840000
13778_WL_MC	9	2	2	15.7	22.473	5.26E-05	119840000
28234_WL_MC	9	2	2	15.7	22.473	5.26E-05	119840000
40906_WL_MC	9	2	2	15.7	22.473	5.26E-05	119840000
7726_WL_MC	5	1	1	4.1	37.29	0.00058772	2819900
161019_WL_MC	5	1	1	4.1	37.29	0.00058772	2819900
7725_WL_MC	5	1	1	4.1	37.29	0.00058772	2819900
79506_WL_MC	5	1	1	4.1	37.29	0.00058772	2819900
137970_WL_MC	5	1	1	4.1	37.29	0.00058772	2819900
13807_WL_MC	4	9	1	36.9	33.127	2.23E-25	16513000
53637_WL_MC	4	9	1	36.9	33.127	2.23E-25	16513000
13806_WL_MC	4	9	1	36.9	33.127	2.23E-25	16513000
53638_WL_MC	4	9	1	36.9	33.127	2.23E-25	16513000
13832_WL_MC	11	3	3	11.2	31.561	7.47E-07	22147000
44566_WL_MC	11	3	3	11.2	31.561	7.47E-07	22147000
13836_WL_MC	11	3	3	11.2	31.561	7.47E-07	22147000
13834_WL_MC	11	3	3	11.2	31.561	7.47E-07	22147000
44569_WL_MC	11	3	3	11.2	31.561	7.47E-07	22147000
13833_WL_MC	11	3	3	11.2	31.561	7.47E-07	22147000
44567_WL_MC	11	3	3	11.2	31.561	7.47E-07	22147000
44568_WL_MC	11	3	3	11.2	31.561	7.47E-07	22147000
168240_WL_MC	11	3	3	11.2	31.561	7.47E-07	22147000
13835_WL_MC	11	3	3	11.2	31.561	7.47E-07	22147000
168238_WL_MC	11	3	3	11.2	31.561	7.47E-07	22147000
138352_WL_MC	3	3	3	40	18.071	1.11E-25	559410000
21934_WL_MC	3	3	3	40	18.071	1.11E-25	559410000
42518_WL_MC	3	3	3	40	18.071	1.11E-25	559410000
49722_WL_MC	6	1	1	1	123.47	0.0011701	0
8488_WL_MC	6	1	1	1	123.47	0.0011701	0
34456_WL_MC	6	1	1	1	123.47	0.0011701	0
138498_WL_MC	6	1	1	1	123.47	0.0011701	0
22007_WL_MC	6	1	1	1	123.47	0.0011701	0
8489_WL_MC	6	1	1	1	123.47	0.0011701	0
35399_WL_MC	3	3	3	27.4	16.674	1.99E-39	887360000
22889_WL_MC	3	3	3	27.4	16.674	1.99E-39	887360000
14_WL_MC	3	3	3	27.4	16.674	1.99E-39	887360000
163181_WL_MC	3	1	1	13.2	16.752	8.78E-65	0
22837_WL_MC	3	1	1	13.2	16.752	8.78E-65	0
140139_WL_MC	3	1	1	13.2	16.752	8.78E-65	0
140428_WL_MC	2	2	2	13.2	16.774	0.00087638	104980000
84487_WL_MC	2	2	2	13.2	16.774	0.00087638	104980000
44735_WL_MC	22	11	11	28	41.596	1.29E-27	595720000
14206_WL_MC	22	11	11	28	41.596	1.29E-27	595720000
14207_WL_MC	22	11	11	28	41.596	1.29E-27	595720000
14203_WL_MC	22	11	11	28	41.596	1.29E-27	595720000
14208_WL_MC	22	11	11	28	41.596	1.29E-27	595720000
14212_WL_MC	22	11	11	28	41.596	1.29E-27	595720000
44734_WL_MC	22	11	11	28	41.596	1.29E-27	595720000
14209_WL_MC	22	11	11	28	41.596	1.29E-27	595720000
14210_WL_MC	22	11	11	28	41.596	1.29E-27	595720000
14211_WL_MC	22	11	11	28	41.596	1.29E-27	595720000
14213_WL_MC	22	11	11	28	41.596	1.29E-27	595720000
14215_WL_MC	22	11	11	28	41.596	1.29E-27	595720000
14214_WL_MC	22	11	11	28	41.596	1.29E-27	595720000
44732_WL_MC	22	11	11	28	41.596	1.29E-27	595720000
14204_WL_MC	22	11	11	28	41.596	1.29E-27	595720000
44733_WL_MC	22	11	11	28	41.596	1.29E-27	595720000
14205_WL_MC	22	11	11	28	41.596	1.29E-27	595720000
44731_WL_MC	22	11	11	28	41.596	1.29E-27	595720000
168594_WL_MC	22	11	11	28	41.596	1.29E-27	595720000
168592_WL_MC	22	11	11	28	41.596	1.29E-27	595720000
112233_WL_MC	22	11	11	28	41.596	1.29E-27	595720000
168591_WL_MC	22	11	11	28	41.596	1.29E-27	595720000
5019_WL_MC	4	2	2	3.4	71.627	3.03E-09	10576000
5016_WL_MC	4	2	2	3.4	71.627	3.03E-09	10576000
142363_WL_MC	4	2	2	3.4	71.627	3.03E-09	10576000
36644_WL_MC	4	2	2	3.4	71.627	3.03E-09	10576000
142735_WL_MC	1	10	1	33.7	38.642	1.14E-36	420760000
142740_WL_MC	2	1	1	8.5	14.009	0.0039232	22819000
24312_WL_MC	2	1	1	8.5	14.009	0.0039232	22819000
14308_WL_MC	3	4	4	19.8	27.184	1.25E-71	856780000
43516_WL_MC	3	4	4	19.8	27.184	1.25E-71	856780000
14307_WL_MC	3	4	4	19.8	27.184	1.25E-71	856780000
24811_WL_MC	4	1	1	2.4	75.611	1.35E-05	0
37400_WL_MC	4	1	1	2.4	75.611	1.35E-05	0
91611_WL_MC	4	1	1	2.4	75.611	1.35E-05	0
143524_WL_MC	4	1	1	2.4	75.611	1.35E-05	0
161466_WL_MC	3	6	6	15.3	57.144	3.55E-16	222850000
143789_WL_MC	3	6	6	15.3	57.144	3.55E-16	222850000
54331_WL_MC	3	6	6	15.3	57.144	3.55E-16	222850000
14443_WL_MC	6	1	1	0.7	110.25	0.0099262	0
44899_WL_MC	6	1	1	0.7	110.25	0.0099262	0
14442_WL_MC	6	1	1	0.7	110.25	0.0099262	0
32843_WL_MC	6	1	1	0.7	110.25	0.0099262	0
20455_WL_MC	6	1	1	0.7	110.25	0.0099262	0
74116_WL_MC	6	1	1	0.7	110.25	0.0099262	0
14616_WL_MC	3	2	2	8.4	48.558	8.74E-06	12170000
14615_WL_MC	3	2	2	8.4	48.558	8.74E-06	12170000
66328_WL_MC	3	2	2	8.4	48.558	8.74E-06	12170000
1600_WL_MC	5	3	1	26.5	33.329	6.19E-14	146820000
146460_WL_MC	5	3	1	26.5	33.329	6.19E-14	146820000
8419_WL_MC	5	3	1	26.5	33.329	6.19E-14	146820000
49672_WL_MC	5	3	1	26.5	33.329	6.19E-14	146820000
8418_WL_MC	5	3	1	26.5	33.329	6.19E-14	146820000
4861_WL_MC	6	1	1	2.5	54.228	0.0091671	11262000
4859_WL_MC	6	1	1	2.5	54.228	0.0091671	11262000
157991_WL_MC	6	1	1	2.5	54.228	0.0091671	11262000
27372_WL_MC	6	1	1	2.5	54.228	0.0091671	11262000
157993_WL_MC	6	1	1	2.5	54.228	0.0091671	11262000
147813_WL_MC	6	1	1	2.5	54.228	0.0091671	11262000
148998_WL_MC	3	1	1	8.3	13.859	0.012294	11627000
1526_WL_MC	3	1	1	8.3	13.859	0.012294	11627000
27906_WL_MC	3	1	1	8.3	13.859	0.012294	11627000
35611_WL_MC	4	9	9	38.6	25.861	1.11E-28	1267500000
23105_WL_MC	4	9	9	38.6	25.861	1.11E-28	1267500000
15194_WL_MC	4	9	9	38.6	25.861	1.11E-28	1267500000
169719_WL_MC	4	9	9	38.6	25.861	1.11E-28	1267500000
15199_WL_MC	3	2	2	18.3	11.432	1.87E-05	7277000
45463_WL_MC	3	2	2	18.3	11.432	1.87E-05	7277000
15200_WL_MC	3	2	2	18.3	11.432	1.87E-05	7277000
15223_WL_MC	1	5	5	18.8	39.562	1.17E-12	54466000
43592_WL_MC	6	6	6	13.1	55.687	1.83E-12	142470000
15230_WL_MC	6	6	6	13.1	55.687	1.83E-12	142470000
15229_WL_MC	6	6	6	13.1	55.687	1.83E-12	142470000
15228_WL_MC	6	6	6	13.1	55.687	1.83E-12	142470000
135765_WL_MC	6	6	6	13.1	55.687	1.83E-12	142470000
75179_WL_MC	6	6	6	13.1	55.687	1.83E-12	142470000
152400_WL_MC	16	27	1	42.3	80.635	4.25E-121	2962900000
66_WL_MC	16	27	1	42.3	80.635	4.25E-121	2962900000
152402_WL_MC	16	27	1	42.3	80.635	4.25E-121	2962900000
30309_WL_MC	16	27	1	42.3	80.635	4.25E-121	2962900000
77979_WL_MC	16	27	1	42.3	80.635	4.25E-121	2962900000
137202_WL_MC	16	27	1	42.3	80.635	4.25E-121	2962900000
12031_WL_MC	16	27	1	42.3	80.635	4.25E-121	2962900000
101273_WL_MC	16	27	1	42.3	80.635	4.25E-121	2962900000
95519_WL_MC	16	27	1	42.3	80.635	4.25E-121	2962900000
30284_WL_MC	16	27	1	42.3	80.635	4.25E-121	2962900000
104040_WL_MC	16	27	1	42.3	80.635	4.25E-121	2962900000
17859_WL_MC	16	27	1	42.3	80.635	4.25E-121	2962900000
152399_WL_MC	16	27	1	42.3	80.635	4.25E-121	2962900000
101180_WL_MC	16	27	1	42.3	80.635	4.25E-121	2962900000
166246_WL_MC	16	27	1	42.3	80.635	4.25E-121	2962900000
152398_WL_MC	16	27	1	42.3	80.635	4.25E-121	2962900000
152404_WL_MC	1	1	1	37.5	4.3711	5.32E-07	13456000
22593_WL_MC	7	2	2	8.7	40.706	4.15E-06	2822400
45512_WL_MC	7	2	2	8.7	40.706	4.15E-06	2822400
15253_WL_MC	7	2	2	8.7	40.706	4.15E-06	2822400
35081_WL_MC	7	2	2	8.7	40.706	4.15E-06	2822400
45511_WL_MC	7	2	2	8.7	40.706	4.15E-06	2822400
45513_WL_MC	7	2	2	8.7	40.706	4.15E-06	2822400
82883_WL_MC	7	2	2	8.7	40.706	4.15E-06	2822400
152537_WL_MC	2	2	2	26.9	8.8183	8.95E-07	13010000
9249_WL_MC	2	2	2	26.9	8.8183	8.95E-07	13010000
42490_WL_MC	3	1	1	8.6	21.216	0.015937	7884500
34856_WL_MC	3	1	1	8.6	21.216	0.015937	7884500
152680_WL_MC	3	1	1	8.6	21.216	0.015937	7884500
152698_WL_MC	1	4	4	35.9	17.387	9.04E-10	69112000
152700_WL_MC	1	1	1	13	8.3768	0.035386	306810000
152767_WL_MC	2	2	2	15.6	15.144	2.65E-14	11826000
159939_WL_MC	2	2	2	15.6	15.144	2.65E-14	11826000
152798_WL_MC	2	1	1	11.3	15.37	0.00084105	22784000
164627_WL_MC	2	1	1	11.3	15.37	0.00084105	22784000
8084_WL_MC	4	2	2	16.4	11.997	1.99E-05	89157000
153016_WL_MC	4	2	2	16.4	11.997	1.99E-05	89157000
548_WL_MC	4	2	2	16.4	11.997	1.99E-05	89157000
8083_WL_MC	4	2	2	16.4	11.997	1.99E-05	89157000
153161_WL_MC	3	9	9	18.7	55.495	1.75E-22	124330000
24234_WL_MC	3	9	9	18.7	55.495	1.75E-22	124330000
635_WL_MC	3	9	9	18.7	55.495	1.75E-22	124330000
153723_WL_MC	2	3	3	5.7	52.868	7.73E-07	159410000
96470_WL_MC	2	3	3	5.7	52.868	7.73E-07	159410000
153786_WL_MC	2	2	2	5.8	64.696	6.85E-06	2515600
19640_WL_MC	2	2	2	5.8	64.696	6.85E-06	2515600
153981_WL_MC	5	3	3	14.8	21.229	1.26E-05	48412000
164607_WL_MC	5	3	3	14.8	21.229	1.26E-05	48412000
10750_WL_MC	5	3	3	14.8	21.229	1.26E-05	48412000
126870_WL_MC	5	3	3	14.8	21.229	1.26E-05	48412000
10748_WL_MC	5	3	3	14.8	21.229	1.26E-05	48412000
153993_WL_MC	2	6	1	11.7	70.982	1.02E-16	93654000
160638_WL_MC	2	6	1	11.7	70.982	1.02E-16	93654000
154178_WL_MC	2	6	6	15.8	45.099	3.07E-11	125420000
1540_WL_MC	2	6	6	15.8	45.099	3.07E-11	125420000
154259_WL_MC	1	5	5	34.6	15.365	6.12E-14	375310000
154261_WL_MC	1	1	1	7.6	15.732	0.00083818	0
52530_WL_MC	2	1	1	7.3	22.613	0.0028757	10223000
154331_WL_MC	2	1	1	7.3	22.613	0.0028757	10223000
20041_WL_MC	5	3	3	12.3	28.959	1.31E-05	49741000
154633_WL_MC	5	3	3	12.3	28.959	1.31E-05	49741000
157104_WL_MC	5	3	3	12.3	28.959	1.31E-05	49741000
72449_WL_MC	5	3	3	12.3	28.959	1.31E-05	49741000
154632_WL_MC	5	3	3	12.3	28.959	1.31E-05	49741000
154805_WL_MC	8	5	2	23.3	35.13	5.66E-17	104800000
35285_WL_MC	8	5	2	23.3	35.13	5.66E-17	104800000
35265_WL_MC	8	5	2	23.3	35.13	5.66E-17	104800000
22779_WL_MC	8	5	2	23.3	35.13	5.66E-17	104800000
83637_WL_MC	8	5	2	23.3	35.13	5.66E-17	104800000
22763_WL_MC	8	5	2	23.3	35.13	5.66E-17	104800000
154804_WL_MC	8	5	2	23.3	35.13	5.66E-17	104800000
83567_WL_MC	8	5	2	23.3	35.13	5.66E-17	104800000
155028_WL_MC	1	2	2	8.9	22.562	0.00024427	20422000
63297_WL_MC	3	1	1	4.8	19.169	6.05E-15	53325000
155107_WL_MC	3	1	1	4.8	19.169	6.05E-15	53325000
167946_WL_MC	3	1	1	4.8	19.169	6.05E-15	53325000
9112_WL_MC	2	2	2	9.7	30.484	2.15E-05	13916000
155387_WL_MC	2	2	2	9.7	30.484	2.15E-05	13916000
155432_WL_MC	2	1	1	4.4	31.985	0.0056808	13587000
27894_WL_MC	2	1	1	4.4	31.985	0.0056808	13587000
15546_WL_MC	1	3	3	13	28.13	7.48E-07	48773000
2692_WL_MC	2	1	1	9.4	15.166	6.07E-05	37634000
155495_WL_MC	2	1	1	9.4	15.166	6.07E-05	37634000
15570_WL_MC	3	1	1	6.3	23.326	0.0063126	10081000
15566_WL_MC	3	1	1	6.3	23.326	0.0063126	10081000
15569_WL_MC	3	1	1	6.3	23.326	0.0063126	10081000
45736_WL_MC	11	2	2	3.2	96.032	1.02E-05	12537000
45737_WL_MC	11	2	2	3.2	96.032	1.02E-05	12537000
45735_WL_MC	11	2	2	3.2	96.032	1.02E-05	12537000
15573_WL_MC	11	2	2	3.2	96.032	1.02E-05	12537000
25913_WL_MC	11	2	2	3.2	96.032	1.02E-05	12537000
38593_WL_MC	11	2	2	3.2	96.032	1.02E-05	12537000
95660_WL_MC	11	2	2	3.2	96.032	1.02E-05	12537000
15574_WL_MC	11	2	2	3.2	96.032	1.02E-05	12537000
15576_WL_MC	11	2	2	3.2	96.032	1.02E-05	12537000
15575_WL_MC	11	2	2	3.2	96.032	1.02E-05	12537000
99375_WL_MC	11	2	2	3.2	96.032	1.02E-05	12537000
155758_WL_MC	1	1	1	6.4	23.727	0.00057527	0
15578_WL_MC	3	8	6	19.1	42.719	2.50E-34	1898300000
45738_WL_MC	3	8	6	19.1	42.719	2.50E-34	1898300000
79979_WL_MC	3	8	6	19.1	42.719	2.50E-34	1898300000
155864_WL_MC	3	1	1	5	42.439	0.0010393	15736000
155871_WL_MC	3	1	1	5	42.439	0.0010393	15736000
88088_WL_MC	3	1	1	5	42.439	0.0010393	15736000
156192_WL_MC	2	4	4	6.4	75.261	8.75E-08	60302000
19390_WL_MC	2	4	4	6.4	75.261	8.75E-08	60302000
156292_WL_MC	3	4	4	13.7	49.112	1.27E-16	34264000
156291_WL_MC	3	4	4	13.7	49.112	1.27E-16	34264000
33307_WL_MC	3	4	4	13.7	49.112	1.27E-16	34264000
15632_WL_MC	1	11	2	68	18.655	1.28E-133	696900000
170282_WL_MC	3	1	1	5.1	32.105	0.00039813	0
15669_WL_MC	3	1	1	5.1	32.105	0.00039813	0
15668_WL_MC	3	1	1	5.1	32.105	0.00039813	0
46611_WL_MC	14	4	4	11.8	43.257	1.15E-16	243150000
46609_WL_MC	14	4	4	11.8	43.257	1.15E-16	243150000
46613_WL_MC	14	4	4	11.8	43.257	1.15E-16	243150000
156946_WL_MC	14	4	4	11.8	43.257	1.15E-16	243150000
156947_WL_MC	14	4	4	11.8	43.257	1.15E-16	243150000
156948_WL_MC	14	4	4	11.8	43.257	1.15E-16	243150000
93663_WL_MC	14	4	4	11.8	43.257	1.15E-16	243150000
25342_WL_MC	14	4	4	11.8	43.257	1.15E-16	243150000
46612_WL_MC	14	4	4	11.8	43.257	1.15E-16	243150000
46607_WL_MC	14	4	4	11.8	43.257	1.15E-16	243150000
46608_WL_MC	14	4	4	11.8	43.257	1.15E-16	243150000
54373_WL_MC	14	4	4	11.8	43.257	1.15E-16	243150000
46610_WL_MC	14	4	4	11.8	43.257	1.15E-16	243150000
156950_WL_MC	14	4	4	11.8	43.257	1.15E-16	243150000
157107_WL_MC	8	7	4	21.6	50.347	4.83E-20	167780000
157105_WL_MC	8	7	4	21.6	50.347	4.83E-20	167780000
30815_WL_MC	8	7	4	21.6	50.347	4.83E-20	167780000
102909_WL_MC	8	7	4	21.6	50.347	4.83E-20	167780000
157106_WL_MC	8	7	4	21.6	50.347	4.83E-20	167780000
18412_WL_MC	8	7	4	21.6	50.347	4.83E-20	167780000
4126_WL_MC	8	7	4	21.6	50.347	4.83E-20	167780000
131674_WL_MC	8	7	4	21.6	50.347	4.83E-20	167780000
157239_WL_MC	1	1	1	40	6.7417	0.018569	0
157271_WL_MC	1	1	1	25.8	12.699	3.10E-35	75240000
61216_WL_MC	3	3	3	13.2	32.115	1.92E-48	9096400000
157321_WL_MC	3	3	3	13.2	32.115	1.92E-48	9096400000
53506_WL_MC	3	3	3	13.2	32.115	1.92E-48	9096400000
157524_WL_MC	1	1	1	9.8	18.112	0.0014046	13101000
157568_WL_MC	2	1	1	6.9	24.654	0.00089716	9074100
46985_WL_MC	2	1	1	6.9	24.654	0.00089716	9074100
157587_WL_MC	4	1	1	6.9	25.014	0.0032841	21067000
4510_WL_MC	4	1	1	6.9	25.014	0.0032841	21067000
157584_WL_MC	4	1	1	6.9	25.014	0.0032841	21067000
157586_WL_MC	4	1	1	6.9	25.014	0.0032841	21067000
157614_WL_MC	7	13	0	14.4	62.013	1.55E-252	87737000
157612_WL_MC	7	13	0	14.4	62.013	1.55E-252	87737000
CON__P02538	7	13	0	14.4	62.013	1.55E-252	87737000
CON__P04259	7	13	0	14.4	62.013	1.55E-252	87737000
CON__P48668	7	13	0	14.4	62.013	1.55E-252	87737000
CON__Q8VED5	7	13	0	14.4	62.013	1.55E-252	87737000
CON__O95678	7	13	0	14.4	62.013	1.55E-252	87737000
157745_WL_MC	5	5	5	28.5	24.262	5.65E-12	44691000
4661_WL_MC	5	5	5	28.5	24.262	5.65E-12	44691000
38731_WL_MC	5	5	5	28.5	24.262	5.65E-12	44691000
4660_WL_MC	5	5	5	28.5	24.262	5.65E-12	44691000
44094_WL_MC	5	5	5	28.5	24.262	5.65E-12	44691000
157965_WL_MC	13	3	3	9.6	47.211	6.28E-07	14935000
22852_WL_MC	13	3	3	9.6	47.211	6.28E-07	14935000
35357_WL_MC	13	3	3	9.6	47.211	6.28E-07	14935000
157973_WL_MC	13	3	3	9.6	47.211	6.28E-07	14935000
157970_WL_MC	13	3	3	9.6	47.211	6.28E-07	14935000
157971_WL_MC	13	3	3	9.6	47.211	6.28E-07	14935000
157963_WL_MC	13	3	3	9.6	47.211	6.28E-07	14935000
157969_WL_MC	13	3	3	9.6	47.211	6.28E-07	14935000
47163_WL_MC	13	3	3	9.6	47.211	6.28E-07	14935000
157962_WL_MC	13	3	3	9.6	47.211	6.28E-07	14935000
157964_WL_MC	13	3	3	9.6	47.211	6.28E-07	14935000
47162_WL_MC	13	3	3	9.6	47.211	6.28E-07	14935000
83911_WL_MC	13	3	3	9.6	47.211	6.28E-07	14935000
157975_WL_MC	8	12	12	16.2	107.95	4.04E-53	701020000
36214_WL_MC	8	12	12	16.2	107.95	4.04E-53	701020000
23689_WL_MC	8	12	12	16.2	107.95	4.04E-53	701020000
47164_WL_MC	8	12	12	16.2	107.95	4.04E-53	701020000
31287_WL_MC	8	12	12	16.2	107.95	4.04E-53	701020000
104125_WL_MC	8	12	12	16.2	107.95	4.04E-53	701020000
87172_WL_MC	8	12	12	16.2	107.95	4.04E-53	701020000
18903_WL_MC	8	12	12	16.2	107.95	4.04E-53	701020000
157978_WL_MC	3	1	1	6.1	25.824	0.0012297	8091500
4845_WL_MC	3	1	1	6.1	25.824	0.0012297	8091500
4844_WL_MC	3	1	1	6.1	25.824	0.0012297	8091500
158111_WL_MC	19	73	41	32.1	263.67	0	1.4319E+11
158113_WL_MC	19	73	41	32.1	263.67	0	1.4319E+11
158112_WL_MC	19	73	41	32.1	263.67	0	1.4319E+11
158114_WL_MC	19	73	41	32.1	263.67	0	1.4319E+11
158110_WL_MC	19	73	41	32.1	263.67	0	1.4319E+11
26362_WL_MC	19	73	41	32.1	263.67	0	1.4319E+11
47246_WL_MC	19	73	41	32.1	263.67	0	1.4319E+11
26186_WL_MC	19	73	41	32.1	263.67	0	1.4319E+11
96545_WL_MC	19	73	41	32.1	263.67	0	1.4319E+11
47247_WL_MC	19	73	41	32.1	263.67	0	1.4319E+11
53401_WL_MC	19	73	41	32.1	263.67	0	1.4319E+11
145714_WL_MC	19	73	41	32.1	263.67	0	1.4319E+11
98984_WL_MC	19	73	41	32.1	263.67	0	1.4319E+11
145715_WL_MC	19	73	41	32.1	263.67	0	1.4319E+11
53402_WL_MC	19	73	41	32.1	263.67	0	1.4319E+11
145716_WL_MC	19	73	41	32.1	263.67	0	1.4319E+11
20722_WL_MC	19	73	41	32.1	263.67	0	1.4319E+11
75193_WL_MC	19	73	41	32.1	263.67	0	1.4319E+11
33126_WL_MC	19	73	41	32.1	263.67	0	1.4319E+11
5022_WL_MC	8	1	1	1.1	83.643	0.0065938	0
5021_WL_MC	8	1	1	1.1	83.643	0.0065938	0
158153_WL_MC	8	1	1	1.1	83.643	0.0065938	0
158158_WL_MC	8	1	1	1.1	83.643	0.0065938	0
5023_WL_MC	8	1	1	1.1	83.643	0.0065938	0
96928_WL_MC	8	1	1	1.1	83.643	0.0065938	0
38972_WL_MC	8	1	1	1.1	83.643	0.0065938	0
158157_WL_MC	8	1	1	1.1	83.643	0.0065938	0
158171_WL_MC	2	2	2	5.6	54.35	2.61E-06	0
158170_WL_MC	2	2	2	5.6	54.35	2.61E-06	0
158260_WL_MC	2	1	1	1	147.41	6.17E-06	14004000
158259_WL_MC	2	1	1	1	147.41	6.17E-06	14004000
5401_WL_MC	28	12	12	35	49.157	6.63E-47	530050000
158565_WL_MC	28	12	12	35	49.157	6.63E-47	530050000
5413_WL_MC	28	12	12	35	49.157	6.63E-47	530050000
555_WL_MC	28	12	12	35	49.157	6.63E-47	530050000
153022_WL_MC	28	12	12	35	49.157	6.63E-47	530050000
158569_WL_MC	28	12	12	35	49.157	6.63E-47	530050000
31482_WL_MC	28	12	12	35	49.157	6.63E-47	530050000
5399_WL_MC	28	12	12	35	49.157	6.63E-47	530050000
5400_WL_MC	28	12	12	35	49.157	6.63E-47	530050000
5406_WL_MC	28	12	12	35	49.157	6.63E-47	530050000
5407_WL_MC	28	12	12	35	49.157	6.63E-47	530050000
104657_WL_MC	28	12	12	35	49.157	6.63E-47	530050000
5405_WL_MC	28	12	12	35	49.157	6.63E-47	530050000
5410_WL_MC	28	12	12	35	49.157	6.63E-47	530050000
5411_WL_MC	28	12	12	35	49.157	6.63E-47	530050000
5409_WL_MC	28	12	12	35	49.157	6.63E-47	530050000
5404_WL_MC	28	12	12	35	49.157	6.63E-47	530050000
47532_WL_MC	28	12	12	35	49.157	6.63E-47	530050000
5408_WL_MC	28	12	12	35	49.157	6.63E-47	530050000
47531_WL_MC	28	12	12	35	49.157	6.63E-47	530050000
38047_WL_MC	28	12	12	35	49.157	6.63E-47	530050000
25409_WL_MC	28	12	12	35	49.157	6.63E-47	530050000
5402_WL_MC	28	12	12	35	49.157	6.63E-47	530050000
5412_WL_MC	28	12	12	35	49.157	6.63E-47	530050000
132705_WL_MC	28	12	12	35	49.157	6.63E-47	530050000
132704_WL_MC	28	12	12	35	49.157	6.63E-47	530050000
5403_WL_MC	28	12	12	35	49.157	6.63E-47	530050000
93900_WL_MC	28	12	12	35	49.157	6.63E-47	530050000
158566_WL_MC	10	9	9	23	68.026	7.06E-54	321440000
105032_WL_MC	10	9	9	23	68.026	7.06E-54	321440000
153024_WL_MC	10	9	9	23	68.026	7.06E-54	321440000
557_WL_MC	10	9	9	23	68.026	7.06E-54	321440000
558_WL_MC	10	9	9	23	68.026	7.06E-54	321440000
556_WL_MC	10	9	9	23	68.026	7.06E-54	321440000
132888_WL_MC	10	9	9	23	68.026	7.06E-54	321440000
153025_WL_MC	10	9	9	23	68.026	7.06E-54	321440000
93901_WL_MC	10	9	9	23	68.026	7.06E-54	321440000
559_WL_MC	10	9	9	23	68.026	7.06E-54	321440000
158733_WL_MC	9	3	3	2.7	145.14	1.12E-05	4773500
41650_WL_MC	9	3	3	2.7	145.14	1.12E-05	4773500
28997_WL_MC	9	3	3	2.7	145.14	1.12E-05	4773500
158729_WL_MC	9	3	3	2.7	145.14	1.12E-05	4773500
158727_WL_MC	9	3	3	2.7	145.14	1.12E-05	4773500
158730_WL_MC	9	3	3	2.7	145.14	1.12E-05	4773500
42461_WL_MC	9	3	3	2.7	145.14	1.12E-05	4773500
66738_WL_MC	9	3	3	2.7	145.14	1.12E-05	4773500
66742_WL_MC	9	3	3	2.7	145.14	1.12E-05	4773500
158754_WL_MC	9	21	21	46.1	60.133	2.03E-154	5991800000
47666_WL_MC	9	21	21	46.1	60.133	2.03E-154	5991800000
37460_WL_MC	9	21	21	46.1	60.133	2.03E-154	5991800000
24866_WL_MC	9	21	21	46.1	60.133	2.03E-154	5991800000
91863_WL_MC	9	21	21	46.1	60.133	2.03E-154	5991800000
5608_WL_MC	9	21	21	46.1	60.133	2.03E-154	5991800000
143637_WL_MC	9	21	21	46.1	60.133	2.03E-154	5991800000
143635_WL_MC	9	21	21	46.1	60.133	2.03E-154	5991800000
143638_WL_MC	9	21	21	46.1	60.133	2.03E-154	5991800000
158762_WL_MC	1	2	2	11.3	24.572	1.85E-05	19513000
159006_WL_MC	9	13	13	34	52.549	9.27E-66	883440000
158985_WL_MC	9	13	13	34	52.549	9.27E-66	883440000
37002_WL_MC	9	13	13	34	52.549	9.27E-66	883440000
5779_WL_MC	9	13	13	34	52.549	9.27E-66	883440000
24424_WL_MC	9	13	13	34	52.549	9.27E-66	883440000
37268_WL_MC	9	13	13	34	52.549	9.27E-66	883440000
143326_WL_MC	9	13	13	34	52.549	9.27E-66	883440000
5776_WL_MC	9	13	13	34	52.549	9.27E-66	883440000
24423_WL_MC	9	13	13	34	52.549	9.27E-66	883440000
159216_WL_MC	1	2	2	4.9	59.65	9.77E-10	10844000
48018_WL_MC	9	1	1	2.8	45.019	0.0080179	18539000
48020_WL_MC	9	1	1	2.8	45.019	0.0080179	18539000
159248_WL_MC	9	1	1	2.8	45.019	0.0080179	18539000
48022_WL_MC	9	1	1	2.8	45.019	0.0080179	18539000
43400_WL_MC	9	1	1	2.8	45.019	0.0080179	18539000
48023_WL_MC	9	1	1	2.8	45.019	0.0080179	18539000
48017_WL_MC	9	1	1	2.8	45.019	0.0080179	18539000
48021_WL_MC	9	1	1	2.8	45.019	0.0080179	18539000
159250_WL_MC	9	1	1	2.8	45.019	0.0080179	18539000
159278_WL_MC	4	1	1	2.6	45.393	0.005975	4419200
159282_WL_MC	4	1	1	2.6	45.393	0.005975	4419200
159281_WL_MC	4	1	1	2.6	45.393	0.005975	4419200
159279_WL_MC	4	1	1	2.6	45.393	0.005975	4419200
159404_WL_MC	2	4	4	40.4	12.65	2.35E-16	185570000
18970_WL_MC	2	4	4	40.4	12.65	2.35E-16	185570000
159429_WL_MC	1	1	1	1.8	81.257	0.0041876	7470300
159445_WL_MC	3	5	5	7.4	72.066	1.71E-10	81090000
155868_WL_MC	3	5	5	7.4	72.066	1.71E-10	81090000
155869_WL_MC	3	5	5	7.4	72.066	1.71E-10	81090000
46397_WL_MC	3	3	3	12.7	30.936	8.25E-11	34060000
15989_WL_MC	3	3	3	12.7	30.936	8.25E-11	34060000
29534_WL_MC	3	3	3	12.7	30.936	8.25E-11	34060000
159974_WL_MC	9	1	1	1.7	83.247	0.0059264	0
159977_WL_MC	9	1	1	1.7	83.247	0.0059264	0
159978_WL_MC	9	1	1	1.7	83.247	0.0059264	0
35510_WL_MC	9	1	1	1.7	83.247	0.0059264	0
159972_WL_MC	9	1	1	1.7	83.247	0.0059264	0
22996_WL_MC	9	1	1	1.7	83.247	0.0059264	0
159975_WL_MC	9	1	1	1.7	83.247	0.0059264	0
159967_WL_MC	9	1	1	1.7	83.247	0.0059264	0
84522_WL_MC	9	1	1	1.7	83.247	0.0059264	0
15998_WL_MC	3	1	1	5.8	22.24	0.013666	6158200
160642_WL_MC	3	1	1	5.8	22.24	0.013666	6158200
7446_WL_MC	3	1	1	5.8	22.24	0.013666	6158200
28604_WL_MC	2	1	1	10.3	11.526	0.0094499	74517000
160158_WL_MC	2	1	1	10.3	11.526	0.0094499	74517000
1602_WL_MC	2	2	2	27.4	12.938	0.00095075	22325000
154257_WL_MC	2	2	2	27.4	12.938	0.00095075	22325000
160200_WL_MC	4	3	3	16.1	25.649	2.11E-09	38088000
56689_WL_MC	4	3	3	16.1	25.649	2.11E-09	38088000
34233_WL_MC	4	3	3	16.1	25.649	2.11E-09	38088000
21804_WL_MC	4	3	3	16.1	25.649	2.11E-09	38088000
160287_WL_MC	6	2	2	3.7	53.702	0.00043788	33928000
6972_WL_MC	6	2	2	3.7	53.702	0.00043788	33928000
6971_WL_MC	6	2	2	3.7	53.702	0.00043788	33928000
160288_WL_MC	6	2	2	3.7	53.702	0.00043788	33928000
6973_WL_MC	6	2	2	3.7	53.702	0.00043788	33928000
133239_WL_MC	6	2	2	3.7	53.702	0.00043788	33928000
46130_WL_MC	4	2	2	10.9	22.87	5.01E-06	118600000
54127_WL_MC	4	2	2	10.9	22.87	5.01E-06	118600000
16030_WL_MC	4	2	2	10.9	22.87	5.01E-06	118600000
68845_WL_MC	4	2	2	10.9	22.87	5.01E-06	118600000
160367_WL_MC	11	4	4	4.9	108.4	4.23E-14	30025000
160366_WL_MC	11	4	4	4.9	108.4	4.23E-14	30025000
160363_WL_MC	11	4	4	4.9	108.4	4.23E-14	30025000
160365_WL_MC	11	4	4	4.9	108.4	4.23E-14	30025000
34811_WL_MC	11	4	4	4.9	108.4	4.23E-14	30025000
81832_WL_MC	11	4	4	4.9	108.4	4.23E-14	30025000
38815_WL_MC	11	4	4	4.9	108.4	4.23E-14	30025000
26152_WL_MC	11	4	4	4.9	108.4	4.23E-14	30025000
160362_WL_MC	11	4	4	4.9	108.4	4.23E-14	30025000
160364_WL_MC	11	4	4	4.9	108.4	4.23E-14	30025000
96440_WL_MC	11	4	4	4.9	108.4	4.23E-14	30025000
160413_WL_MC	3	1	1	4.2	32.594	2.48E-05	14216000
97164_WL_MC	3	1	1	4.2	32.594	2.48E-05	14216000
48840_WL_MC	3	1	1	4.2	32.594	2.48E-05	14216000
160414_WL_MC	3	1	1	1.1	102.99	0.0049711	2484100
24915_WL_MC	3	1	1	1.1	102.99	0.0049711	2484100
54322_WL_MC	3	1	1	1.1	102.99	0.0049711	2484100
160462_WL_MC	2	9	9	30.7	34.443	2.44E-28	195150000
20197_WL_MC	2	9	9	30.7	34.443	2.44E-28	195150000
160510_WL_MC	1	1	1	26.5	6.2587	0.019072	0
160574_WL_MC	3	4	4	13.8	29.403	2.34E-14	142410000
31284_WL_MC	3	4	4	13.8	29.403	2.34E-14	142410000
53692_WL_MC	3	4	4	13.8	29.403	2.34E-14	142410000
160928_WL_MC	1	2	2	5.8	43.088	5.29E-06	56077000
160939_WL_MC	3	2	2	3.6	51.173	0.00037476	21256000
84100_WL_MC	3	2	2	3.6	51.173	0.00037476	21256000
22893_WL_MC	3	2	2	3.6	51.173	0.00037476	21256000
80686_WL_MC	5	1	1	2.5	46.291	0.01024	10523000
22057_WL_MC	5	1	1	2.5	46.291	0.01024	10523000
49199_WL_MC	5	1	1	2.5	46.291	0.01024	10523000
54017_WL_MC	5	1	1	2.5	46.291	0.01024	10523000
161029_WL_MC	5	1	1	2.5	46.291	0.01024	10523000
161077_WL_MC	1	1	1	15.5	6.6698	0.034394	157950000
24336_WL_MC	2	1	1	5	22.586	0.0019486	62947000
161149_WL_MC	2	1	1	5	22.586	0.0019486	62947000
9012_WL_MC	5	1	1	2.5	57.066	0.0067134	47543000
9011_WL_MC	5	1	1	2.5	57.066	0.0067134	47543000
9010_WL_MC	5	1	1	2.5	57.066	0.0067134	47543000
9009_WL_MC	5	1	1	2.5	57.066	0.0067134	47543000
1613_WL_MC	5	1	1	2.5	57.066	0.0067134	47543000
161303_WL_MC	1	2	2	18.9	14.156	0.00022617	55142000
161790_WL_MC	5	4	4	7.6	83.867	2.93E-10	48331000
8357_WL_MC	5	4	4	7.6	83.867	2.93E-10	48331000
8358_WL_MC	5	4	4	7.6	83.867	2.93E-10	48331000
8359_WL_MC	5	4	4	7.6	83.867	2.93E-10	48331000
161789_WL_MC	5	4	4	7.6	83.867	2.93E-10	48331000
161924_WL_MC	4	1	1	3	41.268	0.0036896	0
161927_WL_MC	4	1	1	3	41.268	0.0036896	0
8455_WL_MC	4	1	1	3	41.268	0.0036896	0
8456_WL_MC	4	1	1	3	41.268	0.0036896	0
162050_WL_MC	4	1	1	2.6	55.944	0.016425	7907000
22483_WL_MC	4	1	1	2.6	55.944	0.016425	7907000
162049_WL_MC	4	1	1	2.6	55.944	0.016425	7907000
82367_WL_MC	4	1	1	2.6	55.944	0.016425	7907000
162066_WL_MC	1	1	1	4.3	36.96	0.0021248	10759000
28558_WL_MC	2	1	1	2.5	50.561	0.0023423	4239900
162127_WL_MC	2	1	1	2.5	50.561	0.0023423	4239900
162185_WL_MC	6	4	4	16.2	36.842	1.31E-09	39444000
8694_WL_MC	6	4	4	16.2	36.842	1.31E-09	39444000
162186_WL_MC	6	4	4	16.2	36.842	1.31E-09	39444000
8695_WL_MC	6	4	4	16.2	36.842	1.31E-09	39444000
39919_WL_MC	6	4	4	16.2	36.842	1.31E-09	39444000
27286_WL_MC	6	4	4	16.2	36.842	1.31E-09	39444000
162347_WL_MC	1	1	1	6.7	27.3	0.0002009	5756500
162418_WL_MC	3	13	2	53.4	32.92	8.48E-52	2304100000
36490_WL_MC	3	13	2	53.4	32.92	8.48E-52	2304100000
88241_WL_MC	3	13	2	53.4	32.92	8.48E-52	2304100000
162600_WL_MC	7	4	4	6.5	93.326	5.86E-17	27617000
39257_WL_MC	7	4	4	6.5	93.326	5.86E-17	27617000
26614_WL_MC	7	4	4	6.5	93.326	5.86E-17	27617000
131385_WL_MC	7	4	4	6.5	93.326	5.86E-17	27617000
30798_WL_MC	7	4	4	6.5	93.326	5.86E-17	27617000
102859_WL_MC	7	4	4	6.5	93.326	5.86E-17	27617000
18390_WL_MC	7	4	4	6.5	93.326	5.86E-17	27617000
162662_WL_MC	1	1	1	5.1	29.9	1.71E-05	13889000
9124_WL_MC	5	2	2	7.7	40.99	2.31E-06	95791000
71614_WL_MC	5	2	2	7.7	40.99	2.31E-06	95791000
32210_WL_MC	5	2	2	7.7	40.99	2.31E-06	95791000
19827_WL_MC	5	2	2	7.7	40.99	2.31E-06	95791000
162689_WL_MC	5	2	2	7.7	40.99	2.31E-06	95791000
162743_WL_MC	2	1	1	4.5	18.078	0.0014628	12680000
162742_WL_MC	2	1	1	4.5	18.078	0.0014628	12680000
162871_WL_MC	3	1	1	6	24.809	2.69E-05	23712000
162872_WL_MC	3	1	1	6	24.809	2.69E-05	23712000
31982_WL_MC	3	1	1	6	24.809	2.69E-05	23712000
162951_WL_MC	9	5	5	15.4	41.973	1.07E-10	210300000
54413_WL_MC	9	5	5	15.4	41.973	1.07E-10	210300000
162953_WL_MC	9	5	5	15.4	41.973	1.07E-10	210300000
54414_WL_MC	9	5	5	15.4	41.973	1.07E-10	210300000
162950_WL_MC	9	5	5	15.4	41.973	1.07E-10	210300000
54412_WL_MC	9	5	5	15.4	41.973	1.07E-10	210300000
94943_WL_MC	9	5	5	15.4	41.973	1.07E-10	210300000
162954_WL_MC	9	5	5	15.4	41.973	1.07E-10	210300000
54416_WL_MC	9	5	5	15.4	41.973	1.07E-10	210300000
163024_WL_MC	4	6	6	24.4	35.951	8.93E-14	146890000
9408_WL_MC	4	6	6	24.4	35.951	8.93E-14	146890000
163023_WL_MC	4	6	6	24.4	35.951	8.93E-14	146890000
129326_WL_MC	4	6	6	24.4	35.951	8.93E-14	146890000
17245_WL_MC	3	2	2	22.8	19.75	6.05E-06	92559000
163114_WL_MC	3	2	2	22.8	19.75	6.05E-06	92559000
54036_WL_MC	3	2	2	22.8	19.75	6.05E-06	92559000
163145_WL_MC	1	1	1	3.1	45.984	0.015919	14602000
163149_WL_MC	2	2	2	14.6	17.703	1.24E-09	47011000
27542_WL_MC	2	2	2	14.6	17.703	1.24E-09	47011000
163202_WL_MC	2	1	1	2.1	54.084	0.011848	25360000
9489_WL_MC	2	1	1	2.1	54.084	0.011848	25360000
50647_WL_MC	8	1	1	2.5	46.853	0.0070729	0
36866_WL_MC	8	1	1	2.5	46.853	0.0070729	0
50645_WL_MC	8	1	1	2.5	46.853	0.0070729	0
89714_WL_MC	8	1	1	2.5	46.853	0.0070729	0
50644_WL_MC	8	1	1	2.5	46.853	0.0070729	0
24293_WL_MC	8	1	1	2.5	46.853	0.0070729	0
9569_WL_MC	8	1	1	2.5	46.853	0.0070729	0
163325_WL_MC	8	1	1	2.5	46.853	0.0070729	0
163432_WL_MC	3	3	3	25.5	22.327	8.67E-11	20975000
144982_WL_MC	3	3	3	25.5	22.327	8.67E-11	20975000
57636_WL_MC	3	3	3	25.5	22.327	8.67E-11	20975000
163502_WL_MC	3	1	1	4.2	45.119	0.011856	0
163499_WL_MC	3	1	1	4.2	45.119	0.011856	0
163501_WL_MC	3	1	1	4.2	45.119	0.011856	0
163518_WL_MC	3	1	1	4.9	37.087	0.0024035	9985200
22556_WL_MC	3	1	1	4.9	37.087	0.0024035	9985200
35036_WL_MC	3	1	1	4.9	37.087	0.0024035	9985200
163594_WL_MC	3	1	1	2.3	47.045	0.0062378	7744700
163595_WL_MC	3	1	1	2.3	47.045	0.0062378	7744700
99421_WL_MC	3	1	1	2.3	47.045	0.0062378	7744700
163678_WL_MC	3	1	1	4.9	32.646	0.0034201	8225400
20127_WL_MC	3	1	1	4.9	32.646	0.0034201	8225400
72788_WL_MC	3	1	1	4.9	32.646	0.0034201	8225400
163868_WL_MC	4	1	1	3.8	43.57	3.35E-06	0
163870_WL_MC	4	1	1	3.8	43.57	3.35E-06	0
163872_WL_MC	4	1	1	3.8	43.57	3.35E-06	0
9979_WL_MC	4	1	1	3.8	43.57	3.35E-06	0
164029_WL_MC	1	1	1	4.5	21.31	0.0049772	0
164537_WL_MC	3	1	1	4	28.71	0.0063779	9227100
93615_WL_MC	3	1	1	4	28.71	0.0063779	9227100
2308_WL_MC	3	1	1	4	28.71	0.0063779	9227100
66921_WL_MC	3	4	4	19.5	25.146	1.96E-10	75032000
165224_WL_MC	3	4	4	19.5	25.146	1.96E-10	75032000
29044_WL_MC	3	4	4	19.5	25.146	1.96E-10	75032000
165240_WL_MC	6	3	2	9.9	44.467	3.06E-08	9526400
51831_WL_MC	6	3	2	9.9	44.467	3.06E-08	9526400
26532_WL_MC	6	3	2	9.9	44.467	3.06E-08	9526400
39161_WL_MC	6	3	2	9.9	44.467	3.06E-08	9526400
97520_WL_MC	6	3	2	9.9	44.467	3.06E-08	9526400
51830_WL_MC	6	3	2	9.9	44.467	3.06E-08	9526400
165302_WL_MC	4	2	2	10.5	23.256	2.83E-05	6452900
11251_WL_MC	4	2	2	10.5	23.256	2.83E-05	6452900
51884_WL_MC	4	2	2	10.5	23.256	2.83E-05	6452900
11250_WL_MC	4	2	2	10.5	23.256	2.83E-05	6452900
165303_WL_MC	2	8	8	56.3	24.131	6.63E-33	855870000
93394_WL_MC	2	8	8	56.3	24.131	6.63E-33	855870000
165499_WL_MC	3	1	1	11.9	9.8464	0.0013541	0
54619_WL_MC	3	1	1	11.9	9.8464	0.0013541	0
165500_WL_MC	3	1	1	11.9	9.8464	0.0013541	0
165554_WL_MC	3	2	2	20.5	14.161	1.18E-05	21371000
165553_WL_MC	3	2	2	20.5	14.161	1.18E-05	21371000
11417_WL_MC	3	2	2	20.5	14.161	1.18E-05	21371000
165574_WL_MC	2	4	4	24.5	23.355	2.35E-10	270750000
98817_WL_MC	2	4	4	24.5	23.355	2.35E-10	270750000
165577_WL_MC	1	1	1	4.8	19.531	0.011848	9950900
39323_WL_MC	9	3	3	4.9	97.814	3.47E-10	43804000
165661_WL_MC	9	3	3	4.9	97.814	3.47E-10	43804000
26687_WL_MC	9	3	3	4.9	97.814	3.47E-10	43804000
152875_WL_MC	9	3	3	4.9	97.814	3.47E-10	43804000
52080_WL_MC	9	3	3	4.9	97.814	3.47E-10	43804000
165660_WL_MC	9	3	3	4.9	97.814	3.47E-10	43804000
54845_WL_MC	9	3	3	4.9	97.814	3.47E-10	43804000
165659_WL_MC	9	3	3	4.9	97.814	3.47E-10	43804000
54844_WL_MC	9	3	3	4.9	97.814	3.47E-10	43804000
165877_WL_MC	16	4	4	5.4	110.36	5.83E-09	58745000
165882_WL_MC	16	4	4	5.4	110.36	5.83E-09	58745000
165875_WL_MC	16	4	4	5.4	110.36	5.83E-09	58745000
165876_WL_MC	16	4	4	5.4	110.36	5.83E-09	58745000
39085_WL_MC	16	4	4	5.4	110.36	5.83E-09	58745000
165881_WL_MC	16	4	4	5.4	110.36	5.83E-09	58745000
165880_WL_MC	16	4	4	5.4	110.36	5.83E-09	58745000
97277_WL_MC	16	4	4	5.4	110.36	5.83E-09	58745000
165883_WL_MC	16	4	4	5.4	110.36	5.83E-09	58745000
38442_WL_MC	16	4	4	5.4	110.36	5.83E-09	58745000
25768_WL_MC	16	4	4	5.4	110.36	5.83E-09	58745000
165878_WL_MC	16	4	4	5.4	110.36	5.83E-09	58745000
26444_WL_MC	16	4	4	5.4	110.36	5.83E-09	58745000
165873_WL_MC	16	4	4	5.4	110.36	5.83E-09	58745000
165879_WL_MC	16	4	4	5.4	110.36	5.83E-09	58745000
97278_WL_MC	16	4	4	5.4	110.36	5.83E-09	58745000
166428_WL_MC	1	2	2	10.6	27.11	3.88E-05	78065000
166471_WL_MC	11	13	13	52.8	36.04	3.39E-67	5127000000
35252_WL_MC	11	13	13	52.8	36.04	3.39E-67	5127000000
22753_WL_MC	11	13	13	52.8	36.04	3.39E-67	5127000000
83535_WL_MC	11	13	13	52.8	36.04	3.39E-67	5127000000
52600_WL_MC	11	13	13	52.8	36.04	3.39E-67	5127000000
52601_WL_MC	11	13	13	52.8	36.04	3.39E-67	5127000000
12269_WL_MC	11	13	13	52.8	36.04	3.39E-67	5127000000
12267_WL_MC	11	13	13	52.8	36.04	3.39E-67	5127000000
12268_WL_MC	11	13	13	52.8	36.04	3.39E-67	5127000000
12266_WL_MC	11	13	13	52.8	36.04	3.39E-67	5127000000
166472_WL_MC	11	13	13	52.8	36.04	3.39E-67	5127000000
166587_WL_MC	1	1	1	8.4	13.797	0.013372	5946800
166616_WL_MC	3	4	4	14	34.572	6.00E-12	47938000
37427_WL_MC	3	4	4	14	34.572	6.00E-12	47938000
96997_WL_MC	3	4	4	14	34.572	6.00E-12	47938000
166622_WL_MC	2	2	2	5.2	39.511	0.00058417	66790000
166621_WL_MC	2	2	2	5.2	39.511	0.00058417	66790000
166624_WL_MC	22	7	3	36.2	25.437	2.32E-18	226050000
49165_WL_MC	22	7	3	36.2	25.437	2.32E-18	226050000
53721_WL_MC	22	7	3	36.2	25.437	2.32E-18	226050000
49166_WL_MC	22	7	3	36.2	25.437	2.32E-18	226050000
53722_WL_MC	22	7	3	36.2	25.437	2.32E-18	226050000
104915_WL_MC	22	7	3	36.2	25.437	2.32E-18	226050000
53558_WL_MC	22	7	3	36.2	25.437	2.32E-18	226050000
53559_WL_MC	22	7	3	36.2	25.437	2.32E-18	226050000
28341_WL_MC	22	7	3	36.2	25.437	2.32E-18	226050000
55057_WL_MC	22	7	3	36.2	25.437	2.32E-18	226050000
39853_WL_MC	22	7	3	36.2	25.437	2.32E-18	226050000
41023_WL_MC	22	7	3	36.2	25.437	2.32E-18	226050000
53580_WL_MC	22	7	3	36.2	25.437	2.32E-18	226050000
39174_WL_MC	22	7	3	36.2	25.437	2.32E-18	226050000
50871_WL_MC	22	7	3	36.2	25.437	2.32E-18	226050000
26548_WL_MC	22	7	3	36.2	25.437	2.32E-18	226050000
7698_WL_MC	22	7	3	36.2	25.437	2.32E-18	226050000
53579_WL_MC	22	7	3	36.2	25.437	2.32E-18	226050000
13116_WL_MC	22	7	3	36.2	25.437	2.32E-18	226050000
50872_WL_MC	22	7	3	36.2	25.437	2.32E-18	226050000
52680_WL_MC	22	7	3	36.2	25.437	2.32E-18	226050000
101237_WL_MC	22	7	3	36.2	25.437	2.32E-18	226050000
166782_WL_MC	12	8	1	34.8	22.592	4.30E-20	1434700000
12507_WL_MC	12	8	1	34.8	22.592	4.30E-20	1434700000
166780_WL_MC	12	8	1	34.8	22.592	4.30E-20	1434700000
12509_WL_MC	12	8	1	34.8	22.592	4.30E-20	1434700000
53965_WL_MC	12	8	1	34.8	22.592	4.30E-20	1434700000
53964_WL_MC	12	8	1	34.8	22.592	4.30E-20	1434700000
2151_WL_MC	12	8	1	34.8	22.592	4.30E-20	1434700000
12505_WL_MC	12	8	1	34.8	22.592	4.30E-20	1434700000
12508_WL_MC	12	8	1	34.8	22.592	4.30E-20	1434700000
2150_WL_MC	12	8	1	34.8	22.592	4.30E-20	1434700000
12511_WL_MC	12	8	1	34.8	22.592	4.30E-20	1434700000
12510_WL_MC	12	8	1	34.8	22.592	4.30E-20	1434700000
166855_WL_MC	2	2	2	7.8	23.735	0.00045863	27112000
18456_WL_MC	2	2	2	7.8	23.735	0.00045863	27112000
166980_WL_MC	2	4	3	17	36.005	1.77E-09	102420000
99908_WL_MC	2	4	3	17	36.005	1.77E-09	102420000
167116_WL_MC	2	9	9	17.4	72.459	4.43E-29	316370000
102526_WL_MC	2	9	9	17.4	72.459	4.43E-29	316370000
167462_WL_MC	3	7	7	22.1	39.779	7.35E-27	555210000
43428_WL_MC	3	7	7	22.1	39.779	7.35E-27	555210000
45386_WL_MC	3	7	7	22.1	39.779	7.35E-27	555210000
167463_WL_MC	1	2	2	15	18.701	1.88E-06	31754000
53204_WL_MC	3	4	4	13.7	29.077	9.70E-19	139730000
167483_WL_MC	3	4	4	13.7	29.077	9.70E-19	139730000
56473_WL_MC	3	4	4	13.7	29.077	9.70E-19	139730000
167805_WL_MC	6	7	7	24.4	28.471	9.70E-22	601220000
89866_WL_MC	6	7	7	24.4	28.471	9.70E-22	601220000
24049_WL_MC	6	7	7	24.4	28.471	9.70E-22	601220000
88693_WL_MC	6	7	7	24.4	28.471	9.70E-22	601220000
24404_WL_MC	6	7	7	24.4	28.471	9.70E-22	601220000
43461_WL_MC	6	7	7	24.4	28.471	9.70E-22	601220000
38138_WL_MC	2	2	2	25.2	13.77	1.34E-07	65134000
167854_WL_MC	2	2	2	25.2	13.77	1.34E-07	65134000
16798_WL_MC	2	4	3	13.4	46.106	1.61E-39	41541000
45361_WL_MC	2	4	3	13.4	46.106	1.61E-39	41541000
168213_WL_MC	3	7	7	17.8	55.7	2.19E-18	141050000
104290_WL_MC	3	7	7	17.8	55.7	2.19E-18	141050000
149530_WL_MC	3	7	7	17.8	55.7	2.19E-18	141050000
168259_WL_MC	4	2	2	8.6	36.945	9.54E-05	3624500
168260_WL_MC	4	2	2	8.6	36.945	9.54E-05	3624500
13859_WL_MC	4	2	2	8.6	36.945	9.54E-05	3624500
13861_WL_MC	4	2	2	8.6	36.945	9.54E-05	3624500
168493_WL_MC	2	1	1	5.6	18.556	0.0081269	15952000
33385_WL_MC	2	1	1	5.6	18.556	0.0081269	15952000
168717_WL_MC	1	9	9	26.1	48.954	2.48E-21	160130000
28197_WL_MC	6	5	5	16.7	41.242	4.61E-10	65107000
169018_WL_MC	6	5	5	16.7	41.242	4.61E-10	65107000
63791_WL_MC	6	5	5	16.7	41.242	4.61E-10	65107000
40863_WL_MC	6	5	5	16.7	41.242	4.61E-10	65107000
169017_WL_MC	6	5	5	16.7	41.242	4.61E-10	65107000
169016_WL_MC	6	5	5	16.7	41.242	4.61E-10	65107000
169408_WL_MC	3	2	2	8.6	22.511	0.00012157	118110000
95484_WL_MC	3	2	2	8.6	22.511	0.00012157	118110000
25866_WL_MC	3	2	2	8.6	22.511	0.00012157	118110000
169802_WL_MC	1	4	4	33.5	17.638	1.31E-27	270550000
169951_WL_MC	2	3	3	16.8	20.425	1.62E-16	29582000
21044_WL_MC	2	3	3	16.8	20.425	1.62E-16	29582000
45776_WL_MC	3	1	1	8.3	18.187	0.0026937	6934100
45777_WL_MC	3	1	1	8.3	18.187	0.0026937	6934100
170242_WL_MC	3	1	1	8.3	18.187	0.0026937	6934100
170329_WL_MC	1	1	1	64.2	6.6688	0.019355	0
170332_WL_MC	1	1	1	7.4	26.692	1.07E-26	8796100
1741_WL_MC	6	4	4	25.3	17.764	3.38E-07	88788000
27885_WL_MC	6	4	4	25.3	17.764	3.38E-07	88788000
40543_WL_MC	6	4	4	25.3	17.764	3.38E-07	88788000
62600_WL_MC	6	4	4	25.3	17.764	3.38E-07	88788000
148959_WL_MC	6	4	4	25.3	17.764	3.38E-07	88788000
148960_WL_MC	6	4	4	25.3	17.764	3.38E-07	88788000
43212_WL_MC	2	2	2	16.6	17.678	0.00018722	22156000
17612_WL_MC	2	2	2	16.6	17.678	0.00018722	22156000
17629_WL_MC	1	5	1	32.9	16.629	1.43E-09	17837000
17849_WL_MC	3	2	1	14	19.498	9.88E-06	14730000
46259_WL_MC	3	2	1	14	19.498	9.88E-06	14730000
156257_WL_MC	3	2	1	14	19.498	9.88E-06	14730000
18058_WL_MC	1	2	2	12.1	20.269	1.10E-21	254110000
18068_WL_MC	3	2	2	12.8	20.877	8.74E-05	24000000
47245_WL_MC	3	2	2	12.8	20.877	8.74E-05	24000000
101890_WL_MC	3	2	2	12.8	20.877	8.74E-05	24000000
50232_WL_MC	2	1	1	2.7	60.164	0.0055684	17033000
18222_WL_MC	2	1	1	2.7	60.164	0.0055684	17033000
52568_WL_MC	3	1	1	2	50.967	0.019633	15359000
70872_WL_MC	3	1	1	2	50.967	0.019633	15359000
18461_WL_MC	3	1	1	2	50.967	0.019633	15359000
18778_WL_MC	3	1	1	4.7	29.463	0.0051441	19019000
53686_WL_MC	3	1	1	4.7	29.463	0.0051441	19019000
42778_WL_MC	3	1	1	4.7	29.463	0.0051441	19019000
19027_WL_MC	7	8	8	31.7	30.974	1.34E-40	691180000
31410_WL_MC	7	8	8	31.7	30.974	1.34E-40	691180000
51627_WL_MC	7	8	8	31.7	30.974	1.34E-40	691180000
51625_WL_MC	7	8	8	31.7	30.974	1.34E-40	691180000
51626_WL_MC	7	8	8	31.7	30.974	1.34E-40	691180000
104462_WL_MC	7	8	8	31.7	30.974	1.34E-40	691180000
53703_WL_MC	7	8	8	31.7	30.974	1.34E-40	691180000
19404_WL_MC	2	4	1	12.3	48.539	1.36E-10	0
105438_WL_MC	2	4	1	12.3	48.539	1.36E-10	0
19552_WL_MC	2	12	12	38.4	44.653	5.48E-105	5923500000
105763_WL_MC	2	12	12	38.4	44.653	5.48E-105	5923500000
19575_WL_MC	6	3	2	7.7	56.571	3.65E-16	56113000
11937_WL_MC	6	3	2	7.7	56.571	3.65E-16	56113000
105822_WL_MC	6	3	2	7.7	56.571	3.65E-16	56113000
2343_WL_MC	6	3	2	7.7	56.571	3.65E-16	56113000
42219_WL_MC	6	3	2	7.7	56.571	3.65E-16	56113000
42218_WL_MC	6	3	2	7.7	56.571	3.65E-16	56113000
19623_WL_MC	2	1	1	5.6	46.723	0.0063059	24689000
32016_WL_MC	2	1	1	5.6	46.723	0.0063059	24689000
19665_WL_MC	5	6	6	12.6	66.929	1.72E-14	22298000
3515_WL_MC	5	6	6	12.6	66.929	1.72E-14	22298000
3516_WL_MC	5	6	6	12.6	66.929	1.72E-14	22298000
53794_WL_MC	5	6	6	12.6	66.929	1.72E-14	22298000
53793_WL_MC	5	6	6	12.6	66.929	1.72E-14	22298000
44384_WL_MC	4	1	1	2.2	56.1	0.017016	21476000
32253_WL_MC	4	1	1	2.2	56.1	0.017016	21476000
19871_WL_MC	4	1	1	2.2	56.1	0.017016	21476000
71789_WL_MC	4	1	1	2.2	56.1	0.017016	21476000
44337_WL_MC	2	1	1	11.9	12.482	0.0016436	8117600
20173_WL_MC	2	1	1	11.9	12.482	0.0016436	8117600
73386_WL_MC	4	1	1	2.9	53.466	0.0055689	0
44359_WL_MC	4	1	1	2.9	53.466	0.0055689	0
32658_WL_MC	4	1	1	2.9	53.466	0.0055689	0
20267_WL_MC	4	1	1	2.9	53.466	0.0055689	0
20358_WL_MC	9	8	8	40.2	37.816	1.89E-180	5088000000
32744_WL_MC	9	8	8	40.2	37.816	1.89E-180	5088000000
73747_WL_MC	9	8	8	40.2	37.816	1.89E-180	5088000000
4602_WL_MC	9	8	8	40.2	37.816	1.89E-180	5088000000
4603_WL_MC	9	8	8	40.2	37.816	1.89E-180	5088000000
4604_WL_MC	9	8	8	40.2	37.816	1.89E-180	5088000000
4606_WL_MC	9	8	8	40.2	37.816	1.89E-180	5088000000
4605_WL_MC	9	8	8	40.2	37.816	1.89E-180	5088000000
47048_WL_MC	9	8	8	40.2	37.816	1.89E-180	5088000000
20359_WL_MC	3	3	3	13.2	38.637	1.40E-21	79500000
73748_WL_MC	3	3	3	13.2	38.637	1.40E-21	79500000
2691_WL_MC	3	3	3	13.2	38.637	1.40E-21	79500000
736_WL_MC	4	2	2	14.5	22.674	2.48E-22	207010000
53880_WL_MC	4	2	2	14.5	22.674	2.48E-22	207010000
33074_WL_MC	4	2	2	14.5	22.674	2.48E-22	207010000
20662_WL_MC	4	2	2	14.5	22.674	2.48E-22	207010000
20836_WL_MC	3	2	2	3.8	70.085	2.97E-05	9312200
75638_WL_MC	3	2	2	3.8	70.085	2.97E-05	9312200
46083_WL_MC	3	2	2	3.8	70.085	2.97E-05	9312200
76514_WL_MC	3	1	1	7.2	21.481	0.0059932	4815000
33444_WL_MC	3	1	1	7.2	21.481	0.0059932	4815000
21047_WL_MC	3	1	1	7.2	21.481	0.0059932	4815000
76535_WL_MC	3	1	1	4	36.367	0.00070149	9196400
21053_WL_MC	3	1	1	4	36.367	0.00070149	9196400
4843_WL_MC	3	1	1	4	36.367	0.00070149	9196400
21109_WL_MC	7	10	10	21	58.466	6.60E-49	958710000
4685_WL_MC	7	10	10	21	58.466	6.60E-49	958710000
47086_WL_MC	7	10	10	21	58.466	6.60E-49	958710000
33516_WL_MC	7	10	10	21	58.466	6.60E-49	958710000
47085_WL_MC	7	10	10	21	58.466	6.60E-49	958710000
76796_WL_MC	7	10	10	21	58.466	6.60E-49	958710000
76795_WL_MC	7	10	10	21	58.466	6.60E-49	958710000
77345_WL_MC	2	1	1	3.9	32.268	0.0057128	22796000
21234_WL_MC	2	1	1	3.9	32.268	0.0057128	22796000
77604_WL_MC	3	1	1	7.5	15.164	0.004571	39199000
45418_WL_MC	3	1	1	7.5	15.164	0.004571	39199000
21296_WL_MC	3	1	1	7.5	15.164	0.004571	39199000
33728_WL_MC	3	2	1	5.8	40.887	4.34E-06	33458000
77656_WL_MC	3	2	1	5.8	40.887	4.34E-06	33458000
21311_WL_MC	3	2	1	5.8	40.887	4.34E-06	33458000
33888_WL_MC	7	12	12	15.5	78.046	4.32E-216	5708400000
21471_WL_MC	7	12	12	15.5	78.046	4.32E-216	5708400000
49500_WL_MC	7	12	12	15.5	78.046	4.32E-216	5708400000
78294_WL_MC	7	12	12	15.5	78.046	4.32E-216	5708400000
49499_WL_MC	7	12	12	15.5	78.046	4.32E-216	5708400000
78295_WL_MC	7	12	12	15.5	78.046	4.32E-216	5708400000
49498_WL_MC	7	12	12	15.5	78.046	4.32E-216	5708400000
78649_WL_MC	4	7	7	21.9	43.895	3.12E-32	284820000
21557_WL_MC	4	7	7	21.9	43.895	3.12E-32	284820000
137527_WL_MC	4	7	7	21.9	43.895	3.12E-32	284820000
33970_WL_MC	4	7	7	21.9	43.895	3.12E-32	284820000
21660_WL_MC	19	7	0	27	22.507	1.58E-13	15390000
REV__51206_WL_MC	19	7	0	27	22.507	1.58E-13	15390000
REV__51205_WL_MC	19	7	0	27	22.507	1.58E-13	15390000
REV__51204_WL_MC	19	7	0	27	22.507	1.58E-13	15390000
REV__51202_WL_MC	19	7	0	27	22.507	1.58E-13	15390000
REV__51200_WL_MC	19	7	0	27	22.507	1.58E-13	15390000
REV__51198_WL_MC	19	7	0	27	22.507	1.58E-13	15390000
REV__51203_WL_MC	19	7	0	27	22.507	1.58E-13	15390000
REV__51197_WL_MC	19	7	0	27	22.507	1.58E-13	15390000
REV__40673_WL_MC	19	7	0	27	22.507	1.58E-13	15390000
REV__164195_WL_MC	19	7	0	27	22.507	1.58E-13	15390000
REV__164190_WL_MC	19	7	0	27	22.507	1.58E-13	15390000
REV__164196_WL_MC	19	7	0	27	22.507	1.58E-13	15390000
REV__164191_WL_MC	19	7	0	27	22.507	1.58E-13	15390000
REV__51201_WL_MC	19	7	0	27	22.507	1.58E-13	15390000
REV__51199_WL_MC	19	7	0	27	22.507	1.58E-13	15390000
REV__51207_WL_MC	19	7	0	27	22.507	1.58E-13	15390000
3498_WL_MC	19	7	0	27	22.507	1.58E-13	15390000
REV__10281_WL_MC	19	7	0	27	22.507	1.58E-13	15390000
34249_WL_MC	5	2	2	7.5	37.286	3.77E-06	12207000
79744_WL_MC	5	2	2	7.5	37.286	3.77E-06	12207000
21823_WL_MC	5	2	2	7.5	37.286	3.77E-06	12207000
47169_WL_MC	5	2	2	7.5	37.286	3.77E-06	12207000
138089_WL_MC	5	2	2	7.5	37.286	3.77E-06	12207000
21851_WL_MC	3	7	7	32.3	42.67	8.43E-40	323510000
34282_WL_MC	3	7	7	32.3	42.67	8.43E-40	323510000
79859_WL_MC	3	7	7	32.3	42.67	8.43E-40	323510000
42706_WL_MC	2	1	1	4.8	23.792	0.0050191	0
22152_WL_MC	2	1	1	4.8	23.792	0.0050191	0
22236_WL_MC	2	3	3	23.5	18.745	1.58E-11	237640000
45365_WL_MC	2	3	3	23.5	18.745	1.58E-11	237640000
51854_WL_MC	2	1	1	4.9	36.981	7.85E-06	0
22513_WL_MC	2	1	1	4.9	36.981	7.85E-06	0
22921_WL_MC	1	4	1	34.8	17.262	4.99E-23	17718000
44291_WL_MC	3	2	0	4	50.992	0.00017813	10720000
35431_WL_MC	3	2	0	4	50.992	0.00017813	10720000
22922_WL_MC	3	2	0	4	50.992	0.00017813	10720000
23381_WL_MC	2	7	6	23.5	43.761	1.56E-18	79197000
85977_WL_MC	2	7	6	23.5	43.761	1.56E-18	79197000
45953_WL_MC	5	2	2	9.5	37.953	1.03E-07	19662000
45954_WL_MC	5	2	2	9.5	37.953	1.03E-07	19662000
23387_WL_MC	5	2	2	9.5	37.953	1.03E-07	19662000
85996_WL_MC	5	2	2	9.5	37.953	1.03E-07	19662000
155746_WL_MC	5	2	2	9.5	37.953	1.03E-07	19662000
46211_WL_MC	5	1	1	2.6	36.827	0.00084423	0
46209_WL_MC	5	1	1	2.6	36.827	0.00084423	0
46210_WL_MC	5	1	1	2.6	36.827	0.00084423	0
23391_WL_MC	5	1	1	2.6	36.827	0.00084423	0
86008_WL_MC	5	1	1	2.6	36.827	0.00084423	0
23393_WL_MC	5	2	2	7.4	36.742	2.17E-07	25523000
42974_WL_MC	5	2	2	7.4	36.742	2.17E-07	25523000
859_WL_MC	5	2	2	7.4	36.742	2.17E-07	25523000
86013_WL_MC	5	2	2	7.4	36.742	2.17E-07	25523000
141126_WL_MC	5	2	2	7.4	36.742	2.17E-07	25523000
2344_WL_MC	3	2	1	9.4	34.523	1.67E-12	0
2346_WL_MC	3	2	1	9.4	34.523	1.67E-12	0
133362_WL_MC	3	2	1	9.4	34.523	1.67E-12	0
53146_WL_MC	6	1	1	7.5	39.335	3.22E-19	0
53145_WL_MC	6	1	1	7.5	39.335	3.22E-19	0
53144_WL_MC	6	1	1	7.5	39.335	3.22E-19	0
35997_WL_MC	6	1	1	7.5	39.335	3.22E-19	0
23491_WL_MC	6	1	1	7.5	39.335	3.22E-19	0
86399_WL_MC	6	1	1	7.5	39.335	3.22E-19	0
23648_WL_MC	2	1	1	1.3	73.299	0.01993	8461200
87001_WL_MC	2	1	1	1.3	73.299	0.01993	8461200
23695_WL_MC	5	6	4	11.5	52.413	5.02E-13	228450000
87180_WL_MC	5	6	4	11.5	52.413	5.02E-13	228450000
170196_WL_MC	5	6	4	11.5	52.413	5.02E-13	228450000
36216_WL_MC	5	6	4	11.5	52.413	5.02E-13	228450000
141666_WL_MC	5	6	4	11.5	52.413	5.02E-13	228450000
23729_WL_MC	1	2	2	11.6	16.162	5.39E-06	186530000
23789_WL_MC	2	5	5	22.9	29.714	7.95E-86	10581000000
87631_WL_MC	2	5	5	22.9	29.714	7.95E-86	10581000000
23790_WL_MC	4	9	9	32.6	28.632	3.90E-54	2034500000
87632_WL_MC	4	9	9	32.6	28.632	3.90E-54	2034500000
9641_WL_MC	4	9	9	32.6	28.632	3.90E-54	2034500000
50694_WL_MC	4	9	9	32.6	28.632	3.90E-54	2034500000
87835_WL_MC	3	1	1	3.5	40.584	0.0077401	7835000
23845_WL_MC	3	1	1	3.5	40.584	0.0077401	7835000
45366_WL_MC	3	1	1	3.5	40.584	0.0077401	7835000
49887_WL_MC	2	2	2	9.8	16.478	0.00061867	841650000
24004_WL_MC	2	2	2	9.8	16.478	0.00061867	841650000
36619_WL_MC	6	5	5	13.7	36.03	4.23E-09	145890000
24052_WL_MC	6	5	5	13.7	36.03	4.23E-09	145890000
88704_WL_MC	6	5	5	13.7	36.03	4.23E-09	145890000
50800_WL_MC	6	5	5	13.7	36.03	4.23E-09	145890000
20045_WL_MC	6	5	5	13.7	36.03	4.23E-09	145890000
72473_WL_MC	6	5	5	13.7	36.03	4.23E-09	145890000
43104_WL_MC	3	2	2	1.6	148.47	0.00047163	45059000
24209_WL_MC	3	2	2	1.6	148.47	0.00047163	45059000
89336_WL_MC	3	2	2	1.6	148.47	0.00047163	45059000
24310_WL_MC	2	3	2	16.1	22.099	2.49E-07	84033000
36876_WL_MC	2	3	2	16.1	22.099	2.49E-07	84033000
36993_WL_MC	4	2	2	9	37.802	0.00031039	16790000
24413_WL_MC	4	2	2	9	37.802	0.00031039	16790000
90217_WL_MC	4	2	2	9	37.802	0.00031039	16790000
154622_WL_MC	4	2	2	9	37.802	0.00031039	16790000
37235_WL_MC	7	14	14	29.4	75.725	3.29E-164	7011000000
24646_WL_MC	7	14	14	29.4	75.725	3.29E-164	7011000000
51507_WL_MC	7	14	14	29.4	75.725	3.29E-164	7011000000
51508_WL_MC	7	14	14	29.4	75.725	3.29E-164	7011000000
54280_WL_MC	7	14	14	29.4	75.725	3.29E-164	7011000000
91045_WL_MC	7	14	14	29.4	75.725	3.29E-164	7011000000
10775_WL_MC	7	14	14	29.4	75.725	3.29E-164	7011000000
24660_WL_MC	3	7	5	26.9	41.823	2.80E-13	113980000
91107_WL_MC	3	7	5	26.9	41.823	2.80E-13	113980000
154803_WL_MC	3	7	5	26.9	41.823	2.80E-13	113980000
46260_WL_MC	2	9	9	25.1	43.61	5.00E-21	173940000
24662_WL_MC	2	9	9	25.1	43.61	5.00E-21	173940000
37637_WL_MC	3	2	2	6.6	34.158	3.31E-05	66009000
25018_WL_MC	3	2	2	6.6	34.158	3.31E-05	66009000
49573_WL_MC	3	2	2	6.6	34.158	3.31E-05	66009000
37662_WL_MC	3	10	10	50.5	24.732	2.45E-53	1130800000
25038_WL_MC	3	10	10	50.5	24.732	2.45E-53	1130800000
92522_WL_MC	3	10	10	50.5	24.732	2.45E-53	1130800000
25129_WL_MC	4	1	1	2.9	39.79	0.013129	5879600
37750_WL_MC	4	1	1	2.9	39.79	0.013129	5879600
92861_WL_MC	4	1	1	2.9	39.79	0.013129	5879600
50093_WL_MC	4	1	1	2.9	39.79	0.013129	5879600
49853_WL_MC	10	3	3	6.9	54.051	9.41E-12	664430000
49856_WL_MC	10	3	3	6.9	54.051	9.41E-12	664430000
49854_WL_MC	10	3	3	6.9	54.051	9.41E-12	664430000
37826_WL_MC	10	3	3	6.9	54.051	9.41E-12	664430000
54354_WL_MC	10	3	3	6.9	54.051	9.41E-12	664430000
54356_WL_MC	10	3	3	6.9	54.051	9.41E-12	664430000
49855_WL_MC	10	3	3	6.9	54.051	9.41E-12	664430000
54355_WL_MC	10	3	3	6.9	54.051	9.41E-12	664430000
25204_WL_MC	10	3	3	6.9	54.051	9.41E-12	664430000
93102_WL_MC	10	3	3	6.9	54.051	9.41E-12	664430000
37832_WL_MC	2	1	1	3.9	49.616	4.89E-05	42953000
25209_WL_MC	2	1	1	3.9	49.616	4.89E-05	42953000
25231_WL_MC	1	1	1	2.2	42.139	0.005246	159030000
25255_WL_MC	5	4	4	17.7	36.966	2.91E-42	583680000
93300_WL_MC	5	4	4	17.7	36.966	2.91E-42	583680000
14545_WL_MC	5	4	4	17.7	36.966	2.91E-42	583680000
144254_WL_MC	5	4	4	17.7	36.966	2.91E-42	583680000
14544_WL_MC	5	4	4	17.7	36.966	2.91E-42	583680000
25273_WL_MC	3	3	3	17.7	27.426	5.48E-08	23498000
43353_WL_MC	3	3	3	17.7	27.426	5.48E-08	23498000
93379_WL_MC	3	3	3	17.7	27.426	5.48E-08	23498000
94576_WL_MC	3	1	1	6.3	19.866	0.0038038	12858000
38260_WL_MC	3	1	1	6.3	19.866	0.0038038	12858000
25587_WL_MC	3	1	1	6.3	19.866	0.0038038	12858000
25986_WL_MC	1	1	1	3.9	25.399	0.0086645	15607000
95941_WL_MC	3	1	1	5.2	32.972	0.0059792	14775000
45417_WL_MC	3	1	1	5.2	32.972	0.0059792	14775000
26000_WL_MC	3	1	1	5.2	32.972	0.0059792	14775000
26062_WL_MC	6	6	6	20.2	43.656	4.00E-12	74478000
44531_WL_MC	6	6	6	20.2	43.656	4.00E-12	74478000
44533_WL_MC	6	6	6	20.2	43.656	4.00E-12	74478000
53335_WL_MC	6	6	6	20.2	43.656	4.00E-12	74478000
44532_WL_MC	6	6	6	20.2	43.656	4.00E-12	74478000
168197_WL_MC	6	6	6	20.2	43.656	4.00E-12	74478000
48321_WL_MC	3	1	1	0.9	156.41	0.0011519	12366000
48320_WL_MC	3	1	1	0.9	156.41	0.0011519	12366000
26227_WL_MC	3	1	1	0.9	156.41	0.0011519	12366000
38947_WL_MC	5	4	3	9.4	70.045	1.01E-12	54669000
26298_WL_MC	5	4	3	9.4	70.045	1.01E-12	54669000
50705_WL_MC	5	4	3	9.4	70.045	1.01E-12	54669000
96840_WL_MC	5	4	3	9.4	70.045	1.01E-12	54669000
96838_WL_MC	5	4	3	9.4	70.045	1.01E-12	54669000
26310_WL_MC	8	2	2	12.8	33.492	4.24E-06	63535000
49079_WL_MC	8	2	2	12.8	33.492	4.24E-06	63535000
38956_WL_MC	8	2	2	12.8	33.492	4.24E-06	63535000
96875_WL_MC	8	2	2	12.8	33.492	4.24E-06	63535000
49077_WL_MC	8	2	2	12.8	33.492	4.24E-06	63535000
53379_WL_MC	8	2	2	12.8	33.492	4.24E-06	63535000
7609_WL_MC	8	2	2	12.8	33.492	4.24E-06	63535000
7608_WL_MC	8	2	2	12.8	33.492	4.24E-06	63535000
50748_WL_MC	6	1	1	2.4	43.803	0.017878	6886900
26316_WL_MC	6	1	1	2.4	43.803	0.017878	6886900
38962_WL_MC	6	1	1	2.4	43.803	0.017878	6886900
9723_WL_MC	6	1	1	2.4	43.803	0.017878	6886900
9724_WL_MC	6	1	1	2.4	43.803	0.017878	6886900
50749_WL_MC	6	1	1	2.4	43.803	0.017878	6886900
26323_WL_MC	3	1	1	2.1	61.781	0.0015478	6144300
48628_WL_MC	3	1	1	2.1	61.781	0.0015478	6144300
96904_WL_MC	3	1	1	2.1	61.781	0.0015478	6144300
26336_WL_MC	13	1	1	0.4	451.49	0.0031009	18516000
48818_WL_MC	13	1	1	0.4	451.49	0.0031009	18516000
48821_WL_MC	13	1	1	0.4	451.49	0.0031009	18516000
53390_WL_MC	13	1	1	0.4	451.49	0.0031009	18516000
53393_WL_MC	13	1	1	0.4	451.49	0.0031009	18516000
48816_WL_MC	13	1	1	0.4	451.49	0.0031009	18516000
48819_WL_MC	13	1	1	0.4	451.49	0.0031009	18516000
48820_WL_MC	13	1	1	0.4	451.49	0.0031009	18516000
53388_WL_MC	13	1	1	0.4	451.49	0.0031009	18516000
53391_WL_MC	13	1	1	0.4	451.49	0.0031009	18516000
53392_WL_MC	13	1	1	0.4	451.49	0.0031009	18516000
48817_WL_MC	13	1	1	0.4	451.49	0.0031009	18516000
53389_WL_MC	13	1	1	0.4	451.49	0.0031009	18516000
26359_WL_MC	3	4	4	13.3	44.012	7.05E-20	125930000
43826_WL_MC	3	4	4	13.3	44.012	7.05E-20	125930000
97026_WL_MC	3	4	4	13.3	44.012	7.05E-20	125930000
42993_WL_MC	5	2	2	6.8	41.524	1.58E-06	40931000
97156_WL_MC	5	2	2	6.8	41.524	1.58E-06	40931000
39040_WL_MC	5	2	2	6.8	41.524	1.58E-06	40931000
26405_WL_MC	5	2	2	6.8	41.524	1.58E-06	40931000
85175_WL_MC	5	2	2	6.8	41.524	1.58E-06	40931000
45596_WL_MC	5	1	1	4.4	45.11	0.0092275	5516100
26471_WL_MC	5	1	1	4.4	45.11	0.0092275	5516100
39108_WL_MC	5	1	1	4.4	45.11	0.0092275	5516100
45595_WL_MC	5	1	1	4.4	45.11	0.0092275	5516100
45594_WL_MC	5	1	1	4.4	45.11	0.0092275	5516100
7093_WL_MC	9	1	1	1.9	88.52	0.0013745	0
7083_WL_MC	9	1	1	1.9	88.52	0.0013745	0
7090_WL_MC	9	1	1	1.9	88.52	0.0013745	0
7086_WL_MC	9	1	1	1.9	88.52	0.0013745	0
7088_WL_MC	9	1	1	1.9	88.52	0.0013745	0
7087_WL_MC	9	1	1	1.9	88.52	0.0013745	0
97464_WL_MC	9	1	1	1.9	88.52	0.0013745	0
26513_WL_MC	9	1	1	1.9	88.52	0.0013745	0
39142_WL_MC	9	1	1	1.9	88.52	0.0013745	0
26901_WL_MC	6	21	0	47.9	57.822	9.82E-242	78439000
9467_WL_MC	6	21	0	47.9	57.822	9.82E-242	78439000
146754_WL_MC	6	21	0	47.9	57.822	9.82E-242	78439000
146755_WL_MC	6	21	0	47.9	57.822	9.82E-242	78439000
152476_WL_MC	6	21	0	47.9	57.822	9.82E-242	78439000
163126_WL_MC	6	21	0	47.9	57.822	9.82E-242	78439000
27042_WL_MC	1	1	1	27	14.641	0.019279	0
39851_WL_MC	5	3	3	16.2	24.851	9.20E-14	286700000
27223_WL_MC	5	3	3	16.2	24.851	9.20E-14	286700000
47780_WL_MC	5	3	3	16.2	24.851	9.20E-14	286700000
53489_WL_MC	5	3	3	16.2	24.851	9.20E-14	286700000
60125_WL_MC	5	3	3	16.2	24.851	9.20E-14	286700000
43510_WL_MC	4	1	1	3.7	41.822	0.00024425	21558000
39933_WL_MC	4	1	1	3.7	41.822	0.00024425	21558000
60384_WL_MC	4	1	1	3.7	41.822	0.00024425	21558000
27296_WL_MC	4	1	1	3.7	41.822	0.00024425	21558000
40158_WL_MC	3	2	2	12.6	26.684	1.61E-44	2221600000
27527_WL_MC	3	2	2	12.6	26.684	1.61E-44	2221600000
61214_WL_MC	3	2	2	12.6	26.684	1.61E-44	2221600000
27584_WL_MC	4	6	1	11.9	69.514	1.54E-14	10758000
40222_WL_MC	4	6	1	11.9	69.514	1.54E-14	10758000
61437_WL_MC	4	6	1	11.9	69.514	1.54E-14	10758000
53517_WL_MC	4	6	1	11.9	69.514	1.54E-14	10758000
27950_WL_MC	2	1	1	5	31.53	5.66E-06	13877000
62837_WL_MC	2	1	1	5	31.53	5.66E-06	13877000
40866_WL_MC	15	5	5	11	61.753	4.63E-12	21116000
28200_WL_MC	15	5	5	11	61.753	4.63E-12	21116000
63801_WL_MC	15	5	5	11	61.753	4.63E-12	21116000
158240_WL_MC	15	5	5	11	61.753	4.63E-12	21116000
2474_WL_MC	15	5	5	11	61.753	4.63E-12	21116000
5092_WL_MC	15	5	5	11	61.753	4.63E-12	21116000
47307_WL_MC	15	5	5	11	61.753	4.63E-12	21116000
47308_WL_MC	15	5	5	11	61.753	4.63E-12	21116000
2473_WL_MC	15	5	5	11	61.753	4.63E-12	21116000
5093_WL_MC	15	5	5	11	61.753	4.63E-12	21116000
47311_WL_MC	15	5	5	11	61.753	4.63E-12	21116000
5100_WL_MC	15	5	5	11	61.753	4.63E-12	21116000
5096_WL_MC	15	5	5	11	61.753	4.63E-12	21116000
47305_WL_MC	15	5	5	11	61.753	4.63E-12	21116000
155229_WL_MC	15	5	5	11	61.753	4.63E-12	21116000
51908_WL_MC	11	8	8	27.1	44.229	1.32E-44	711620000
28241_WL_MC	11	8	8	27.1	44.229	1.32E-44	711620000
40914_WL_MC	11	8	8	27.1	44.229	1.32E-44	711620000
51905_WL_MC	11	8	8	27.1	44.229	1.32E-44	711620000
51907_WL_MC	11	8	8	27.1	44.229	1.32E-44	711620000
51903_WL_MC	11	8	8	27.1	44.229	1.32E-44	711620000
51906_WL_MC	11	8	8	27.1	44.229	1.32E-44	711620000
63957_WL_MC	11	8	8	27.1	44.229	1.32E-44	711620000
63958_WL_MC	11	8	8	27.1	44.229	1.32E-44	711620000
51904_WL_MC	11	8	8	27.1	44.229	1.32E-44	711620000
165318_WL_MC	11	8	8	27.1	44.229	1.32E-44	711620000
41596_WL_MC	3	4	4	10.8	41.847	5.23E-12	116590000
28939_WL_MC	3	4	4	10.8	41.847	5.23E-12	116590000
53203_WL_MC	3	4	4	10.8	41.847	5.23E-12	116590000
29801_WL_MC	1	1	1	7.3	23.034	0.0060053	61135000
3046_WL_MC	5	11	11	66.5	23.499	1.11E-37	2611800000
19196_WL_MC	5	11	11	66.5	23.499	1.11E-37	2611800000
46099_WL_MC	5	11	11	66.5	23.499	1.11E-37	2611800000
3047_WL_MC	5	11	11	66.5	23.499	1.11E-37	2611800000
3048_WL_MC	5	11	11	66.5	23.499	1.11E-37	2611800000
30775_WL_MC	1	1	1	7.3	20.095	1.94E-17	18103000
5800_WL_MC	5	1	1	4.2	33.525	5.98E-05	7705500
5799_WL_MC	5	1	1	4.2	33.525	5.98E-05	7705500
30851_WL_MC	5	1	1	4.2	33.525	5.98E-05	7705500
5801_WL_MC	5	1	1	4.2	33.525	5.98E-05	7705500
5802_WL_MC	5	1	1	4.2	33.525	5.98E-05	7705500
3100_WL_MC	1	4	4	20	28.374	4.42E-39	111960000
32922_WL_MC	10	6	6	10.5	91.04	3.92E-18	80353000
74470_WL_MC	10	6	6	10.5	91.04	3.92E-18	80353000
49400_WL_MC	10	6	6	10.5	91.04	3.92E-18	80353000
7997_WL_MC	10	6	6	10.5	91.04	3.92E-18	80353000
135376_WL_MC	10	6	6	10.5	91.04	3.92E-18	80353000
20543_WL_MC	10	6	6	10.5	91.04	3.92E-18	80353000
49404_WL_MC	10	6	6	10.5	91.04	3.92E-18	80353000
49401_WL_MC	10	6	6	10.5	91.04	3.92E-18	80353000
53869_WL_MC	10	6	6	10.5	91.04	3.92E-18	80353000
74469_WL_MC	10	6	6	10.5	91.04	3.92E-18	80353000
75892_WL_MC	4	1	1	3.3	41.838	0.0026512	14480000
33288_WL_MC	4	1	1	3.3	41.838	0.0026512	14480000
44808_WL_MC	4	1	1	3.3	41.838	0.0026512	14480000
44806_WL_MC	4	1	1	3.3	41.838	0.0026512	14480000
33593_WL_MC	2	1	1	1.7	60.97	0.0080709	8589000
44355_WL_MC	2	1	1	1.7	60.97	0.0080709	8589000
33994_WL_MC	13	21	21	40.6	75.494	4.04E-112	1819600000
21592_WL_MC	13	21	21	40.6	75.494	4.04E-112	1819600000
46058_WL_MC	13	21	21	40.6	75.494	4.04E-112	1819600000
78803_WL_MC	13	21	21	40.6	75.494	4.04E-112	1819600000
46057_WL_MC	13	21	21	40.6	75.494	4.04E-112	1819600000
2978_WL_MC	13	21	21	40.6	75.494	4.04E-112	1819600000
46060_WL_MC	13	21	21	40.6	75.494	4.04E-112	1819600000
2981_WL_MC	13	21	21	40.6	75.494	4.04E-112	1819600000
2980_WL_MC	13	21	21	40.6	75.494	4.04E-112	1819600000
2979_WL_MC	13	21	21	40.6	75.494	4.04E-112	1819600000
46059_WL_MC	13	21	21	40.6	75.494	4.04E-112	1819600000
78802_WL_MC	13	21	21	40.6	75.494	4.04E-112	1819600000
137601_WL_MC	13	21	21	40.6	75.494	4.04E-112	1819600000
34224_WL_MC	27	14	14	28.2	85.281	6.14E-57	1447000000
11571_WL_MC	27	14	14	28.2	85.281	6.14E-57	1447000000
11570_WL_MC	27	14	14	28.2	85.281	6.14E-57	1447000000
11572_WL_MC	27	14	14	28.2	85.281	6.14E-57	1447000000
79619_WL_MC	27	14	14	28.2	85.281	6.14E-57	1447000000
165720_WL_MC	27	14	14	28.2	85.281	6.14E-57	1447000000
21794_WL_MC	27	14	14	28.2	85.281	6.14E-57	1447000000
165721_WL_MC	27	14	14	28.2	85.281	6.14E-57	1447000000
53977_WL_MC	27	14	14	28.2	85.281	6.14E-57	1447000000
165722_WL_MC	27	14	14	28.2	85.281	6.14E-57	1447000000
165717_WL_MC	27	14	14	28.2	85.281	6.14E-57	1447000000
11568_WL_MC	27	14	14	28.2	85.281	6.14E-57	1447000000
52114_WL_MC	27	14	14	28.2	85.281	6.14E-57	1447000000
53976_WL_MC	27	14	14	28.2	85.281	6.14E-57	1447000000
11564_WL_MC	27	14	14	28.2	85.281	6.14E-57	1447000000
165724_WL_MC	27	14	14	28.2	85.281	6.14E-57	1447000000
53981_WL_MC	27	14	14	28.2	85.281	6.14E-57	1447000000
53980_WL_MC	27	14	14	28.2	85.281	6.14E-57	1447000000
11563_WL_MC	27	14	14	28.2	85.281	6.14E-57	1447000000
53979_WL_MC	27	14	14	28.2	85.281	6.14E-57	1447000000
11566_WL_MC	27	14	14	28.2	85.281	6.14E-57	1447000000
11565_WL_MC	27	14	14	28.2	85.281	6.14E-57	1447000000
11567_WL_MC	27	14	14	28.2	85.281	6.14E-57	1447000000
11569_WL_MC	27	14	14	28.2	85.281	6.14E-57	1447000000
11573_WL_MC	27	14	14	28.2	85.281	6.14E-57	1447000000
53978_WL_MC	27	14	14	28.2	85.281	6.14E-57	1447000000
165723_WL_MC	27	14	14	28.2	85.281	6.14E-57	1447000000
35568_WL_MC	8	4	4	15.6	43.862	4.06E-13	42142000
51407_WL_MC	8	4	4	15.6	43.862	4.06E-13	42142000
51410_WL_MC	8	4	4	15.6	43.862	4.06E-13	42142000
51411_WL_MC	8	4	4	15.6	43.862	4.06E-13	42142000
51409_WL_MC	8	4	4	15.6	43.862	4.06E-13	42142000
51408_WL_MC	8	4	4	15.6	43.862	4.06E-13	42142000
54117_WL_MC	8	4	4	15.6	43.862	4.06E-13	42142000
51406_WL_MC	8	4	4	15.6	43.862	4.06E-13	42142000
49959_WL_MC	3	9	9	26.5	46.503	3.20E-90	2036100000
35825_WL_MC	3	9	9	26.5	46.503	3.20E-90	2036100000
85700_WL_MC	3	9	9	26.5	46.503	3.20E-90	2036100000
35888_WL_MC	3	3	3	21.5	20.021	1.37E-11	525100000
54136_WL_MC	3	3	3	21.5	20.021	1.37E-11	525100000
85955_WL_MC	3	3	3	21.5	20.021	1.37E-11	525100000
42821_WL_MC	2	1	1	2.5	46.234	0.017106	7232000
360_WL_MC	2	1	1	2.5	46.234	0.017106	7232000
88314_WL_MC	3	1	1	6.2	20.782	0.0069635	30075000
50408_WL_MC	3	1	1	6.2	20.782	0.0069635	30075000
36511_WL_MC	3	1	1	6.2	20.782	0.0069635	30075000
88521_WL_MC	7	2	2	6.9	44.855	7.08E-05	8498900
36567_WL_MC	7	2	2	6.9	44.855	7.08E-05	8498900
48491_WL_MC	7	2	2	6.9	44.855	7.08E-05	8498900
48492_WL_MC	7	2	2	6.9	44.855	7.08E-05	8498900
24012_WL_MC	7	2	2	6.9	44.855	7.08E-05	8498900
159903_WL_MC	7	2	2	6.9	44.855	7.08E-05	8498900
159909_WL_MC	7	2	2	6.9	44.855	7.08E-05	8498900
90231_WL_MC	5	2	2	16.5	20.693	3.57E-05	43520000
49839_WL_MC	5	2	2	16.5	20.693	3.57E-05	43520000
36994_WL_MC	5	2	2	16.5	20.693	3.57E-05	43520000
24416_WL_MC	5	2	2	16.5	20.693	3.57E-05	43520000
49838_WL_MC	5	2	2	16.5	20.693	3.57E-05	43520000
3700_WL_MC	6	5	5	15.6	50.328	1.16E-19	105600000
46503_WL_MC	6	5	5	15.6	50.328	1.16E-19	105600000
3701_WL_MC	6	5	5	15.6	50.328	1.16E-19	105600000
3702_WL_MC	6	5	5	15.6	50.328	1.16E-19	105600000
19163_WL_MC	6	5	5	15.6	50.328	1.16E-19	105600000
104832_WL_MC	6	5	5	15.6	50.328	1.16E-19	105600000
3703_WL_MC	4	4	4	12	42.661	2.21E-13	147350000
165838_WL_MC	4	4	4	12	42.661	2.21E-13	147350000
CON__P60712	4	4	4	12	42.661	2.21E-13	147350000
11679_WL_MC	4	4	4	12	42.661	2.21E-13	147350000
37112_WL_MC	6	27	27	22.4	173.22	1.16E-131	2650700000
24529_WL_MC	6	27	27	22.4	173.22	1.16E-131	2650700000
166590_WL_MC	6	27	27	22.4	173.22	1.16E-131	2650700000
90626_WL_MC	6	27	27	22.4	173.22	1.16E-131	2650700000
46376_WL_MC	6	27	27	22.4	173.22	1.16E-131	2650700000
90625_WL_MC	6	27	27	22.4	173.22	1.16E-131	2650700000
3777_WL_MC	7	6	6	37.8	26.109	1.28E-36	162790000
3778_WL_MC	7	6	6	37.8	26.109	1.28E-36	162790000
30711_WL_MC	7	6	6	37.8	26.109	1.28E-36	162790000
18273_WL_MC	7	6	6	37.8	26.109	1.28E-36	162790000
102539_WL_MC	7	6	6	37.8	26.109	1.28E-36	162790000
3779_WL_MC	7	6	6	37.8	26.109	1.28E-36	162790000
46544_WL_MC	7	6	6	37.8	26.109	1.28E-36	162790000
37911_WL_MC	1	1	1	7.7	23.442	0.017457	0
94708_WL_MC	2	2	2	14.8	18.726	0.00024282	88815000
38299_WL_MC	2	2	2	14.8	18.726	0.00024282	88815000
39031_WL_MC	3	2	2	2.2	119.74	6.48E-07	6003700
154864_WL_MC	3	2	2	2.2	119.74	6.48E-07	6003700
154867_WL_MC	3	2	2	2.2	119.74	6.48E-07	6003700
39054_WL_MC	2	1	1	1.3	81.145	0.018708	44640000
97206_WL_MC	2	1	1	1.3	81.145	0.018708	44640000
97214_WL_MC	5	15	15	15.9	129.28	9.34E-53	483710000
39059_WL_MC	5	15	15	15.9	129.28	9.34E-53	483710000
145790_WL_MC	5	15	15	15.9	129.28	9.34E-53	483710000
145791_WL_MC	5	15	15	15.9	129.28	9.34E-53	483710000
1612_WL_MC	5	15	15	15.9	129.28	9.34E-53	483710000
39151_WL_MC	3	4	2	31.1	21.832	3.71E-36	196660000
26523_WL_MC	3	4	2	31.1	21.832	3.71E-36	196660000
153781_WL_MC	3	4	2	31.1	21.832	3.71E-36	196660000
39531_WL_MC	2	22	0	53.5	55.384	2.88E-284	11691000000
117_WL_MC	2	22	0	53.5	55.384	2.88E-284	11691000000
39611_WL_MC	3	1	1	7.5	13.811	0.0082056	7842300
9452_WL_MC	3	1	1	7.5	13.811	0.0082056	7842300
9449_WL_MC	3	1	1	7.5	13.811	0.0082056	7842300
50147_WL_MC	3	1	1	3	34.216	0.016666	13204000
39718_WL_MC	3	1	1	3	34.216	0.016666	13204000
59653_WL_MC	3	1	1	3	34.216	0.016666	13204000
42381_WL_MC	7	6	6	17.3	50.612	5.15E-20	89802000
46697_WL_MC	7	6	6	17.3	50.612	5.15E-20	89802000
53849_WL_MC	7	6	6	17.3	50.612	5.15E-20	89802000
4049_WL_MC	7	6	6	17.3	50.612	5.15E-20	89802000
73383_WL_MC	7	6	6	17.3	50.612	5.15E-20	89802000
4048_WL_MC	7	6	6	17.3	50.612	5.15E-20	89802000
4047_WL_MC	7	6	6	17.3	50.612	5.15E-20	89802000
4050_WL_MC	3	1	1	0.6	189.76	0.0049662	7599100
46698_WL_MC	3	1	1	0.6	189.76	0.0049662	7599100
63183_WL_MC	3	1	1	0.6	189.76	0.0049662	7599100
4122_WL_MC	3	4	0	21.4	26.403	5.07E-15	57518000
4125_WL_MC	3	4	0	21.4	26.403	5.07E-15	57518000
17007_WL_MC	3	4	0	21.4	26.403	5.07E-15	57518000
53262_WL_MC	6	3	3	11.8	36.651	3.64E-08	40814000
41292_WL_MC	6	3	3	11.8	36.651	3.64E-08	40814000
53265_WL_MC	6	3	3	11.8	36.651	3.64E-08	40814000
53264_WL_MC	6	3	3	11.8	36.651	3.64E-08	40814000
65409_WL_MC	6	3	3	11.8	36.651	3.64E-08	40814000
13187_WL_MC	6	3	3	11.8	36.651	3.64E-08	40814000
41586_WL_MC	3	12	4	34.4	46.572	2.93E-49	516390000
53639_WL_MC	3	12	4	34.4	46.572	2.93E-49	516390000
168214_WL_MC	3	12	4	34.4	46.572	2.93E-49	516390000
49316_WL_MC	3	1	1	12.1	16.447	0.007406	8310400
41635_WL_MC	3	1	1	12.1	16.447	0.007406	8310400
66684_WL_MC	3	1	1	12.1	16.447	0.007406	8310400
41713_WL_MC	1	1	1	3.8	40.543	0.0033139	179900000
46458_WL_MC	6	6	6	19.9	44.388	1.03E-143	678640000
46456_WL_MC	6	6	6	19.9	44.388	1.03E-143	678640000
41922_WL_MC	6	6	6	19.9	44.388	1.03E-143	678640000
46455_WL_MC	6	6	6	19.9	44.388	1.03E-143	678640000
53658_WL_MC	6	6	6	19.9	44.388	1.03E-143	678640000
46457_WL_MC	6	6	6	19.9	44.388	1.03E-143	678640000
42312_WL_MC	5	4	4	13.2	50.127	1.25E-12	105790000
42313_WL_MC	5	4	4	13.2	50.127	1.25E-12	105790000
152913_WL_MC	5	4	4	13.2	50.127	1.25E-12	105790000
10474_WL_MC	5	4	4	13.2	50.127	1.25E-12	105790000
10475_WL_MC	5	4	4	13.2	50.127	1.25E-12	105790000
52394_WL_MC	2	1	1	5	25.381	0.015504	3194400
42374_WL_MC	2	1	1	5	25.381	0.015504	3194400
42412_WL_MC	5	3	3	12.2	34.394	1.80E-07	53975000
33206_WL_MC	5	3	3	12.2	34.394	1.80E-07	53975000
75516_WL_MC	5	3	3	12.2	34.394	1.80E-07	53975000
20800_WL_MC	5	3	3	12.2	34.394	1.80E-07	53975000
42411_WL_MC	5	3	3	12.2	34.394	1.80E-07	53975000
42416_WL_MC	4	1	1	2.8	41.975	0.0086749	42784000
55447_WL_MC	4	1	1	2.8	41.975	0.0086749	42784000
6891_WL_MC	4	1	1	2.8	41.975	0.0086749	42784000
6890_WL_MC	4	1	1	2.8	41.975	0.0086749	42784000
42570_WL_MC	6	5	5	16	52.022	5.84E-59	539720000
47136_WL_MC	6	5	5	16	52.022	5.84E-59	539720000
22382_WL_MC	6	5	5	16	52.022	5.84E-59	539720000
34841_WL_MC	6	5	5	16	52.022	5.84E-59	539720000
81950_WL_MC	6	5	5	16	52.022	5.84E-59	539720000
73041_WL_MC	6	5	5	16	52.022	5.84E-59	539720000
42610_WL_MC	1	4	4	21.1	16.741	4.71E-17	307920000
42781_WL_MC	3	2	2	21.6	11.468	2.77E-06	38396000
1549_WL_MC	3	2	2	21.6	11.468	2.77E-06	38396000
1550_WL_MC	3	2	2	21.6	11.468	2.77E-06	38396000
42899_WL_MC	2	2	1	6.6	48.596	9.15E-08	37395000
94577_WL_MC	2	2	1	6.6	48.596	9.15E-08	37395000
42980_WL_MC	4	1	1	3.7	33.398	0.0037134	8220200
43008_WL_MC	4	1	1	3.7	33.398	0.0037134	8220200
908_WL_MC	4	1	1	3.7	33.398	0.0037134	8220200
55747_WL_MC	4	1	1	3.7	33.398	0.0037134	8220200
43018_WL_MC	1	6	6	48.1	20.917	4.56E-20	165690000
43061_WL_MC	4	2	2	5.2	52.503	9.80E-06	39985000
32731_WL_MC	4	2	2	5.2	52.503	9.80E-06	39985000
73701_WL_MC	4	2	2	5.2	52.503	9.80E-06	39985000
20343_WL_MC	4	2	2	5.2	52.503	9.80E-06	39985000
43074_WL_MC	17	12	12	20.9	83.202	4.00E-63	2214200000
47000_WL_MC	17	12	12	20.9	83.202	4.00E-63	2214200000
46999_WL_MC	17	12	12	20.9	83.202	4.00E-63	2214200000
46998_WL_MC	17	12	12	20.9	83.202	4.00E-63	2214200000
43051_WL_MC	17	12	12	20.9	83.202	4.00E-63	2214200000
30589_WL_MC	17	12	12	20.9	83.202	4.00E-63	2214200000
102201_WL_MC	17	12	12	20.9	83.202	4.00E-63	2214200000
131279_WL_MC	17	12	12	20.9	83.202	4.00E-63	2214200000
98195_WL_MC	17	12	12	20.9	83.202	4.00E-63	2214200000
16767_WL_MC	17	12	12	20.9	83.202	4.00E-63	2214200000
23559_WL_MC	17	12	12	20.9	83.202	4.00E-63	2214200000
23500_WL_MC	17	12	12	20.9	83.202	4.00E-63	2214200000
106221_WL_MC	17	12	12	20.9	83.202	4.00E-63	2214200000
15827_WL_MC	17	12	12	20.9	83.202	4.00E-63	2214200000
98012_WL_MC	17	12	12	20.9	83.202	4.00E-63	2214200000
21745_WL_MC	17	12	12	20.9	83.202	4.00E-63	2214200000
79430_WL_MC	17	12	12	20.9	83.202	4.00E-63	2214200000
43116_WL_MC	10	49	20	44.4	161.69	0	49190000000
41498_WL_MC	10	49	20	44.4	161.69	0	49190000000
28835_WL_MC	10	49	20	44.4	161.69	0	49190000000
43109_WL_MC	10	49	20	44.4	161.69	0	49190000000
66162_WL_MC	10	49	20	44.4	161.69	0	49190000000
1168_WL_MC	10	49	20	44.4	161.69	0	49190000000
1174_WL_MC	10	49	20	44.4	161.69	0	49190000000
153790_WL_MC	10	49	20	44.4	161.69	0	49190000000
66161_WL_MC	10	49	20	44.4	161.69	0	49190000000
153780_WL_MC	10	49	20	44.4	161.69	0	49190000000
43321_WL_MC	1	2	2	2.9	88.092	1.43E-05	17293000
43323_WL_MC	1	12	12	31.8	35.778	9.47E-61	1736200000
43535_WL_MC	5	2	2	11.9	30.814	1.76E-11	25580000
43534_WL_MC	5	2	2	11.9	30.814	1.76E-11	25580000
43536_WL_MC	5	2	2	11.9	30.814	1.76E-11	25580000
29379_WL_MC	5	2	2	11.9	30.814	1.76E-11	25580000
68190_WL_MC	5	2	2	11.9	30.814	1.76E-11	25580000
43555_WL_MC	3	1	1	6.9	20.909	0.002607	6095300
95699_WL_MC	3	1	1	6.9	20.909	0.002607	6095300
43554_WL_MC	3	1	1	6.9	20.909	0.002607	6095300
43716_WL_MC	5	13	13	35.4	40.256	2.43E-31	1242000000
43715_WL_MC	5	13	13	35.4	40.256	2.43E-31	1242000000
21526_WL_MC	5	13	13	35.4	40.256	2.43E-31	1242000000
78531_WL_MC	5	13	13	35.4	40.256	2.43E-31	1242000000
137467_WL_MC	5	13	13	35.4	40.256	2.43E-31	1242000000
43874_WL_MC	4	14	14	47.8	33.452	4.07E-84	4738100000
47132_WL_MC	4	14	14	47.8	33.452	4.07E-84	4738100000
47133_WL_MC	4	14	14	47.8	33.452	4.07E-84	4738100000
157873_WL_MC	4	14	14	47.8	33.452	4.07E-84	4738100000
43875_WL_MC	11	6	6	21.2	35.778	2.92E-13	159530000
6405_WL_MC	11	6	6	21.2	35.778	2.92E-13	159530000
6384_WL_MC	11	6	6	21.2	35.778	2.92E-13	159530000
6374_WL_MC	11	6	6	21.2	35.778	2.92E-13	159530000
6375_WL_MC	11	6	6	21.2	35.778	2.92E-13	159530000
159615_WL_MC	11	6	6	21.2	35.778	2.92E-13	159530000
6398_WL_MC	11	6	6	21.2	35.778	2.92E-13	159530000
6396_WL_MC	11	6	6	21.2	35.778	2.92E-13	159530000
64608_WL_MC	11	6	6	21.2	35.778	2.92E-13	159530000
150120_WL_MC	11	6	6	21.2	35.778	2.92E-13	159530000
150123_WL_MC	11	6	6	21.2	35.778	2.92E-13	159530000
43929_WL_MC	16	5	5	12.4	41.508	2.68E-09	167460000
6976_WL_MC	16	5	5	12.4	41.508	2.68E-09	167460000
6969_WL_MC	16	5	5	12.4	41.508	2.68E-09	167460000
6962_WL_MC	16	5	5	12.4	41.508	2.68E-09	167460000
160306_WL_MC	16	5	5	12.4	41.508	2.68E-09	167460000
39024_WL_MC	16	5	5	12.4	41.508	2.68E-09	167460000
97092_WL_MC	16	5	5	12.4	41.508	2.68E-09	167460000
160305_WL_MC	16	5	5	12.4	41.508	2.68E-09	167460000
26385_WL_MC	16	5	5	12.4	41.508	2.68E-09	167460000
43928_WL_MC	16	5	5	12.4	41.508	2.68E-09	167460000
97093_WL_MC	16	5	5	12.4	41.508	2.68E-09	167460000
6985_WL_MC	16	5	5	12.4	41.508	2.68E-09	167460000
6975_WL_MC	16	5	5	12.4	41.508	2.68E-09	167460000
145738_WL_MC	16	5	5	12.4	41.508	2.68E-09	167460000
160285_WL_MC	16	5	5	12.4	41.508	2.68E-09	167460000
145736_WL_MC	16	5	5	12.4	41.508	2.68E-09	167460000
43991_WL_MC	1	1	1	3.6	42.363	0.0055748	4742900
44341_WL_MC	1	3	3	8.4	49.136	5.40E-08	44376000
44360_WL_MC	2	3	3	11.5	30.015	2.37E-08	158000000
133643_WL_MC	2	3	3	11.5	30.015	2.37E-08	158000000
44829_WL_MC	2	3	3	26.4	14.266	4.27E-22	135710000
94411_WL_MC	2	3	3	26.4	14.266	4.27E-22	135710000
44926_WL_MC	3	4	4	19.9	23.527	3.50E-09	211780000
44927_WL_MC	3	4	4	19.9	23.527	3.50E-09	211780000
86076_WL_MC	3	4	4	19.9	23.527	3.50E-09	211780000
44930_WL_MC	3	6	3	17.7	50.199	1.73E-40	592960000
18937_WL_MC	3	6	3	17.7	50.199	1.73E-40	592960000
104208_WL_MC	3	6	3	17.7	50.199	1.73E-40	592960000
45023_WL_MC	1	2	2	2.8	59.9	1.92E-05	53548000
45372_WL_MC	3	3	3	16	20.747	2.77E-18	396840000
45373_WL_MC	3	3	3	16	20.747	2.77E-18	396840000
131559_WL_MC	3	3	3	16	20.747	2.77E-18	396840000
45428_WL_MC	2	1	1	6.3	33.825	0.0026657	9646700
53590_WL_MC	2	1	1	6.3	33.825	0.0026657	9646700
45480_WL_MC	1	1	1	9.8	17.989	6.32E-07	19449000
45481_WL_MC	1	1	1	9.3	12.757	0.0047534	13758000
45517_WL_MC	2	2	2	13.4	16.766	5.03E-05	393620000
19919_WL_MC	2	2	2	13.4	16.766	5.03E-05	393620000
45825_WL_MC	3	2	2	17	16.548	5.70E-06	39609000
31253_WL_MC	3	2	2	17	16.548	5.70E-06	39609000
104053_WL_MC	3	2	2	17	16.548	5.70E-06	39609000
46087_WL_MC	1	3	3	38.4	11.224	3.33E-09	42635000
46182_WL_MC	3	2	2	17.6	18.054	0.00017697	9366900
24131_WL_MC	3	2	2	17.6	18.054	0.00017697	9366900
156139_WL_MC	3	2	2	17.6	18.054	0.00017697	9366900
46261_WL_MC	2	3	1	18.6	16.282	4.76E-06	37015000
101138_WL_MC	2	3	1	18.6	16.282	4.76E-06	37015000
46265_WL_MC	8	3	3	3.7	107.36	1.27E-07	53172000
46263_WL_MC	8	3	3	3.7	107.36	1.27E-07	53172000
46264_WL_MC	8	3	3	3.7	107.36	1.27E-07	53172000
46262_WL_MC	8	3	3	3.7	107.36	1.27E-07	53172000
22864_WL_MC	8	3	3	3.7	107.36	1.27E-07	53172000
35377_WL_MC	8	3	3	3.7	107.36	1.27E-07	53172000
38427_WL_MC	8	3	3	3.7	107.36	1.27E-07	53172000
95162_WL_MC	8	3	3	3.7	107.36	1.27E-07	53172000
46368_WL_MC	2	7	7	45.5	19.994	5.87E-18	382750000
18849_WL_MC	2	7	7	45.5	19.994	5.87E-18	382750000
46392_WL_MC	1	2	2	11.6	27.126	6.83E-05	17502000
46495_WL_MC	1	3	3	21.3	17.46	4.54E-13	90211000
46708_WL_MC	1	2	1	12.2	28.693	3.44E-09	8942500
46709_WL_MC	1	4	3	20.6	24.205	3.52E-13	90488000
46725_WL_MC	2	6	6	23.5	38.802	5.79E-22	209700000
46726_WL_MC	2	6	6	23.5	38.802	5.79E-22	209700000
4680_WL_MC	9	12	12	26.6	66.471	1.87E-43	551630000
4679_WL_MC	9	12	12	26.6	66.471	1.87E-43	551630000
4678_WL_MC	9	12	12	26.6	66.471	1.87E-43	551630000
47078_WL_MC	9	12	12	26.6	66.471	1.87E-43	551630000
87209_WL_MC	9	12	12	26.6	66.471	1.87E-43	551630000
19618_WL_MC	9	12	12	26.6	66.471	1.87E-43	551630000
133444_WL_MC	9	12	12	26.6	66.471	1.87E-43	551630000
87208_WL_MC	9	12	12	26.6	66.471	1.87E-43	551630000
105960_WL_MC	9	12	12	26.6	66.471	1.87E-43	551630000
46847_WL_MC	2	4	4	31.2	19.234	3.62E-09	62540000
53515_WL_MC	2	4	4	31.2	19.234	3.62E-09	62540000
46883_WL_MC	2	2	2	12	28.851	1.31E-13	102430000
53727_WL_MC	2	2	2	12	28.851	1.31E-13	102430000
46909_WL_MC	3	2	2	12.2	20.871	6.53E-05	7781500
36452_WL_MC	3	2	2	12.2	20.871	6.53E-05	7781500
88097_WL_MC	3	2	2	12.2	20.871	6.53E-05	7781500
46974_WL_MC	6	5	5	15.6	33.485	3.81E-22	699780000
103635_WL_MC	6	5	5	15.6	33.485	3.81E-22	699780000
4498_WL_MC	6	5	5	15.6	33.485	3.81E-22	699780000
4499_WL_MC	6	5	5	15.6	33.485	3.81E-22	699780000
157544_WL_MC	6	5	5	15.6	33.485	3.81E-22	699780000
157545_WL_MC	6	5	5	15.6	33.485	3.81E-22	699780000
47282_WL_MC	34	13	13	24	78.238	4.58E-85	542260000
5043_WL_MC	34	13	13	24	78.238	4.58E-85	542260000
5053_WL_MC	34	13	13	24	78.238	4.58E-85	542260000
35367_WL_MC	34	13	13	24	78.238	4.58E-85	542260000
83928_WL_MC	34	13	13	24	78.238	4.58E-85	542260000
22858_WL_MC	34	13	13	24	78.238	4.58E-85	542260000
5048_WL_MC	34	13	13	24	78.238	4.58E-85	542260000
5030_WL_MC	34	13	13	24	78.238	4.58E-85	542260000
47283_WL_MC	34	13	13	24	78.238	4.58E-85	542260000
5044_WL_MC	34	13	13	24	78.238	4.58E-85	542260000
5045_WL_MC	34	13	13	24	78.238	4.58E-85	542260000
5046_WL_MC	34	13	13	24	78.238	4.58E-85	542260000
5042_WL_MC	34	13	13	24	78.238	4.58E-85	542260000
5032_WL_MC	34	13	13	24	78.238	4.58E-85	542260000
5049_WL_MC	34	13	13	24	78.238	4.58E-85	542260000
5031_WL_MC	34	13	13	24	78.238	4.58E-85	542260000
158168_WL_MC	34	13	13	24	78.238	4.58E-85	542260000
5054_WL_MC	34	13	13	24	78.238	4.58E-85	542260000
5029_WL_MC	34	13	13	24	78.238	4.58E-85	542260000
5047_WL_MC	34	13	13	24	78.238	4.58E-85	542260000
5041_WL_MC	34	13	13	24	78.238	4.58E-85	542260000
5052_WL_MC	34	13	13	24	78.238	4.58E-85	542260000
5038_WL_MC	34	13	13	24	78.238	4.58E-85	542260000
5037_WL_MC	34	13	13	24	78.238	4.58E-85	542260000
158169_WL_MC	34	13	13	24	78.238	4.58E-85	542260000
5051_WL_MC	34	13	13	24	78.238	4.58E-85	542260000
5036_WL_MC	34	13	13	24	78.238	4.58E-85	542260000
54094_WL_MC	34	13	13	24	78.238	4.58E-85	542260000
5039_WL_MC	34	13	13	24	78.238	4.58E-85	542260000
5033_WL_MC	34	13	13	24	78.238	4.58E-85	542260000
5040_WL_MC	34	13	13	24	78.238	4.58E-85	542260000
153816_WL_MC	34	13	13	24	78.238	4.58E-85	542260000
1113_WL_MC	34	13	13	24	78.238	4.58E-85	542260000
1114_WL_MC	34	13	13	24	78.238	4.58E-85	542260000
47448_WL_MC	16	2	2	5.6	49.585	8.15E-06	13313000
47452_WL_MC	16	2	2	5.6	49.585	8.15E-06	13313000
47446_WL_MC	16	2	2	5.6	49.585	8.15E-06	13313000
47451_WL_MC	16	2	2	5.6	49.585	8.15E-06	13313000
1197_WL_MC	16	2	2	5.6	49.585	8.15E-06	13313000
47449_WL_MC	16	2	2	5.6	49.585	8.15E-06	13313000
47450_WL_MC	16	2	2	5.6	49.585	8.15E-06	13313000
5274_WL_MC	16	2	2	5.6	49.585	8.15E-06	13313000
5273_WL_MC	16	2	2	5.6	49.585	8.15E-06	13313000
43124_WL_MC	16	2	2	5.6	49.585	8.15E-06	13313000
5278_WL_MC	16	2	2	5.6	49.585	8.15E-06	13313000
5279_WL_MC	16	2	2	5.6	49.585	8.15E-06	13313000
47445_WL_MC	16	2	2	5.6	49.585	8.15E-06	13313000
5280_WL_MC	16	2	2	5.6	49.585	8.15E-06	13313000
158495_WL_MC	16	2	2	5.6	49.585	8.15E-06	13313000
101316_WL_MC	16	2	2	5.6	49.585	8.15E-06	13313000
47724_WL_MC	2	4	4	19.2	24.296	2.03E-09	243540000
77061_WL_MC	2	4	4	19.2	24.296	2.03E-09	243540000
47765_WL_MC	2	2	2	9.8	30.805	0.00049835	13461000
33098_WL_MC	2	2	2	9.8	30.805	0.00049835	13461000
48088_WL_MC	2	1	1	1.6	100	0.014352	6448900
6050_WL_MC	2	1	1	1.6	100	0.014352	6448900
48101_WL_MC	6	3	3	14.3	29.745	4.52E-09	45985000
6067_WL_MC	6	3	3	14.3	29.745	4.52E-09	45985000
26463_WL_MC	6	3	3	14.3	29.745	4.52E-09	45985000
97339_WL_MC	6	3	3	14.3	29.745	4.52E-09	45985000
145845_WL_MC	6	3	3	14.3	29.745	4.52E-09	45985000
39102_WL_MC	6	3	3	14.3	29.745	4.52E-09	45985000
48733_WL_MC	6	5	5	16.9	49.17	1.43E-31	467620000
33242_WL_MC	6	5	5	16.9	49.17	1.43E-31	467620000
48732_WL_MC	6	5	5	16.9	49.17	1.43E-31	467620000
75657_WL_MC	6	5	5	16.9	49.17	1.43E-31	467620000
20845_WL_MC	6	5	5	16.9	49.17	1.43E-31	467620000
29447_WL_MC	6	5	5	16.9	49.17	1.43E-31	467620000
48879_WL_MC	15	2	2	2.8	85.025	9.70E-05	18242000
7261_WL_MC	15	2	2	2.8	85.025	9.70E-05	18242000
7260_WL_MC	15	2	2	2.8	85.025	9.70E-05	18242000
7262_WL_MC	15	2	2	2.8	85.025	9.70E-05	18242000
7263_WL_MC	15	2	2	2.8	85.025	9.70E-05	18242000
7259_WL_MC	15	2	2	2.8	85.025	9.70E-05	18242000
7257_WL_MC	15	2	2	2.8	85.025	9.70E-05	18242000
7258_WL_MC	15	2	2	2.8	85.025	9.70E-05	18242000
48880_WL_MC	15	2	2	2.8	85.025	9.70E-05	18242000
7266_WL_MC	15	2	2	2.8	85.025	9.70E-05	18242000
160472_WL_MC	15	2	2	2.8	85.025	9.70E-05	18242000
68413_WL_MC	15	2	2	2.8	85.025	9.70E-05	18242000
29425_WL_MC	15	2	2	2.8	85.025	9.70E-05	18242000
42087_WL_MC	15	2	2	2.8	85.025	9.70E-05	18242000
23827_WL_MC	15	2	2	2.8	85.025	9.70E-05	18242000
48924_WL_MC	1	7	7	47.4	18.494	2.65E-29	285140000
48930_WL_MC	1	1	1	4.7	27.678	0.0038419	0
49164_WL_MC	4	3	1	7.1	39.988	6.68E-14	20196000
49163_WL_MC	4	3	1	7.1	39.988	6.68E-14	20196000
96556_WL_MC	4	3	1	7.1	39.988	6.68E-14	20196000
7697_WL_MC	4	3	1	7.1	39.988	6.68E-14	20196000
49196_WL_MC	2	2	2	2	116.11	0.00032118	4618600
16358_WL_MC	2	2	2	2	116.11	0.00032118	4618600
54313_WL_MC	7	4	4	13.8	37.373	4.27E-51	388080000
49307_WL_MC	7	4	4	13.8	37.373	4.27E-51	388080000
54314_WL_MC	7	4	4	13.8	37.373	4.27E-51	388080000
49308_WL_MC	7	4	4	13.8	37.373	4.27E-51	388080000
54312_WL_MC	7	4	4	13.8	37.373	4.27E-51	388080000
91755_WL_MC	7	4	4	13.8	37.373	4.27E-51	388080000
143589_WL_MC	7	4	4	13.8	37.373	4.27E-51	388080000
49332_WL_MC	2	6	6	32	18.814	3.16E-18	1230200000
15802_WL_MC	2	6	6	32	18.814	3.16E-18	1230200000
49358_WL_MC	9	7	7	19.8	36.453	4.20E-24	177040000
7944_WL_MC	9	7	7	19.8	36.453	4.20E-24	177040000
30893_WL_MC	9	7	7	19.8	36.453	4.20E-24	177040000
18521_WL_MC	9	7	7	19.8	36.453	4.20E-24	177040000
131821_WL_MC	9	7	7	19.8	36.453	4.20E-24	177040000
161309_WL_MC	9	7	7	19.8	36.453	4.20E-24	177040000
161311_WL_MC	9	7	7	19.8	36.453	4.20E-24	177040000
103184_WL_MC	9	7	7	19.8	36.453	4.20E-24	177040000
17046_WL_MC	9	7	7	19.8	36.453	4.20E-24	177040000
49393_WL_MC	3	1	1	2.4	48.702	0.0091942	7899000
49394_WL_MC	3	1	1	2.4	48.702	0.0091942	7899000
7994_WL_MC	3	1	1	2.4	48.702	0.0091942	7899000
49402_WL_MC	1	1	1	3.2	35.876	0.0047184	0
49460_WL_MC	8	3	3	22.5	22.825	2.41E-11	36046000
7915_WL_MC	8	3	3	22.5	22.825	2.41E-11	36046000
59352_WL_MC	8	3	3	22.5	22.825	2.41E-11	36046000
49322_WL_MC	8	3	3	22.5	22.825	2.41E-11	36046000
49323_WL_MC	8	3	3	22.5	22.825	2.41E-11	36046000
8062_WL_MC	8	3	3	22.5	22.825	2.41E-11	36046000
49321_WL_MC	8	3	3	22.5	22.825	2.41E-11	36046000
19455_WL_MC	8	3	3	22.5	22.825	2.41E-11	36046000
49470_WL_MC	4	2	2	7.1	44.873	2.73E-07	0
49469_WL_MC	4	2	2	7.1	44.873	2.73E-07	0
49468_WL_MC	4	2	2	7.1	44.873	2.73E-07	0
103546_WL_MC	4	2	2	7.1	44.873	2.73E-07	0
49503_WL_MC	2	2	2	11.6	20.541	8.65E-06	17906000
21750_WL_MC	2	2	2	11.6	20.541	8.65E-06	17906000
49809_WL_MC	14	7	7	21.5	43.561	9.95E-37	160410000
49807_WL_MC	14	7	7	21.5	43.561	9.95E-37	160410000
49808_WL_MC	14	7	7	21.5	43.561	9.95E-37	160410000
49805_WL_MC	14	7	7	21.5	43.561	9.95E-37	160410000
49804_WL_MC	14	7	7	21.5	43.561	9.95E-37	160410000
49803_WL_MC	14	7	7	21.5	43.561	9.95E-37	160410000
82707_WL_MC	14	7	7	21.5	43.561	9.95E-37	160410000
35047_WL_MC	14	7	7	21.5	43.561	9.95E-37	160410000
162093_WL_MC	14	7	7	21.5	43.561	9.95E-37	160410000
162094_WL_MC	14	7	7	21.5	43.561	9.95E-37	160410000
22562_WL_MC	14	7	7	21.5	43.561	9.95E-37	160410000
49806_WL_MC	14	7	7	21.5	43.561	9.95E-37	160410000
162095_WL_MC	14	7	7	21.5	43.561	9.95E-37	160410000
21064_WL_MC	14	7	7	21.5	43.561	9.95E-37	160410000
49818_WL_MC	13	21	21	27.2	94.249	5.49E-94	1914800000
8627_WL_MC	13	21	21	27.2	94.249	5.49E-94	1914800000
8622_WL_MC	13	21	21	27.2	94.249	5.49E-94	1914800000
8623_WL_MC	13	21	21	27.2	94.249	5.49E-94	1914800000
31924_WL_MC	13	21	21	27.2	94.249	5.49E-94	1914800000
49817_WL_MC	13	21	21	27.2	94.249	5.49E-94	1914800000
19542_WL_MC	13	21	21	27.2	94.249	5.49E-94	1914800000
8621_WL_MC	13	21	21	27.2	94.249	5.49E-94	1914800000
8624_WL_MC	13	21	21	27.2	94.249	5.49E-94	1914800000
8626_WL_MC	13	21	21	27.2	94.249	5.49E-94	1914800000
8625_WL_MC	13	21	21	27.2	94.249	5.49E-94	1914800000
162105_WL_MC	13	21	21	27.2	94.249	5.49E-94	1914800000
162104_WL_MC	13	21	21	27.2	94.249	5.49E-94	1914800000
49825_WL_MC	2	9	9	37.9	27.243	1.42E-20	710330000
102552_WL_MC	2	9	9	37.9	27.243	1.42E-20	710330000
49831_WL_MC	2	1	1	3.3	28.701	0.015803	11538000
83205_WL_MC	2	1	1	3.3	28.701	0.015803	11538000
49939_WL_MC	6	3	3	28.9	14.559	1.57E-13	152430000
8790_WL_MC	6	3	3	28.9	14.559	1.57E-13	152430000
14471_WL_MC	6	3	3	28.9	14.559	1.57E-13	152430000
168837_WL_MC	6	3	3	28.9	14.559	1.57E-13	152430000
154333_WL_MC	6	3	3	28.9	14.559	1.57E-13	152430000
168838_WL_MC	6	3	3	28.9	14.559	1.57E-13	152430000
49999_WL_MC	3	3	3	12.3	27.841	7.47E-09	214080000
49998_WL_MC	3	3	3	12.3	27.841	7.47E-09	214080000
30783_WL_MC	3	3	3	12.3	27.841	7.47E-09	214080000
50132_WL_MC	1	1	1	2.4	49.424	0.018851	0
50187_WL_MC	4	7	7	18.8	41.842	1.20E-16	268410000
25706_WL_MC	4	7	7	18.8	41.842	1.20E-16	268410000
50186_WL_MC	4	7	7	18.8	41.842	1.20E-16	268410000
54420_WL_MC	4	7	7	18.8	41.842	1.20E-16	268410000
50279_WL_MC	1	1	1	6.9	23.482	0.0031009	24081000
50282_WL_MC	2	5	5	14.7	32.591	5.18E-13	964250000
50283_WL_MC	2	5	5	14.7	32.591	5.18E-13	964250000
50397_WL_MC	1	1	1	1.9	46.607	0.017098	18470000
50510_WL_MC	3	2	2	9.3	22.468	0.00061929	40656000
32476_WL_MC	3	2	2	9.3	22.468	0.00061929	40656000
20097_WL_MC	3	2	2	9.3	22.468	0.00061929	40656000
50534_WL_MC	5	1	1	2.5	43.677	0.018586	5164800
50535_WL_MC	5	1	1	2.5	43.677	0.018586	5164800
50532_WL_MC	5	1	1	2.5	43.677	0.018586	5164800
50533_WL_MC	5	1	1	2.5	43.677	0.018586	5164800
55955_WL_MC	5	1	1	2.5	43.677	0.018586	5164800
94073_WL_MC	14	2	2	10	33.349	6.56E-05	43724000
9492_WL_MC	14	2	2	10	33.349	6.56E-05	43724000
9500_WL_MC	14	2	2	10	33.349	6.56E-05	43724000
9502_WL_MC	14	2	2	10	33.349	6.56E-05	43724000
9496_WL_MC	14	2	2	10	33.349	6.56E-05	43724000
9501_WL_MC	14	2	2	10	33.349	6.56E-05	43724000
9498_WL_MC	14	2	2	10	33.349	6.56E-05	43724000
9495_WL_MC	14	2	2	10	33.349	6.56E-05	43724000
9497_WL_MC	14	2	2	10	33.349	6.56E-05	43724000
50557_WL_MC	14	2	2	10	33.349	6.56E-05	43724000
50559_WL_MC	14	2	2	10	33.349	6.56E-05	43724000
9493_WL_MC	14	2	2	10	33.349	6.56E-05	43724000
25453_WL_MC	14	2	2	10	33.349	6.56E-05	43724000
25452_WL_MC	14	2	2	10	33.349	6.56E-05	43724000
50722_WL_MC	3	2	2	4.9	42.997	0.00059682	31199000
69544_WL_MC	3	2	2	4.9	42.997	0.00059682	31199000
29744_WL_MC	3	2	2	4.9	42.997	0.00059682	31199000
50747_WL_MC	1	5	2	12.2	61.053	5.59E-12	29148000
50762_WL_MC	2	1	1	3	61.097	5.85E-08	133340000
9743_WL_MC	2	1	1	3	61.097	5.85E-08	133340000
50777_WL_MC	11	2	2	4	49.847	0.00011164	32185000
9754_WL_MC	11	2	2	4	49.847	0.00011164	32185000
9753_WL_MC	11	2	2	4	49.847	0.00011164	32185000
50776_WL_MC	11	2	2	4	49.847	0.00011164	32185000
50778_WL_MC	11	2	2	4	49.847	0.00011164	32185000
9756_WL_MC	11	2	2	4	49.847	0.00011164	32185000
31395_WL_MC	11	2	2	4	49.847	0.00011164	32185000
9755_WL_MC	11	2	2	4	49.847	0.00011164	32185000
104428_WL_MC	11	2	2	4	49.847	0.00011164	32185000
132582_WL_MC	11	2	2	4	49.847	0.00011164	32185000
163558_WL_MC	11	2	2	4	49.847	0.00011164	32185000
9780_WL_MC	10	7	7	12.4	70.186	1.09E-31	431790000
50798_WL_MC	10	7	7	12.4	70.186	1.09E-31	431790000
50797_WL_MC	10	7	7	12.4	70.186	1.09E-31	431790000
50796_WL_MC	10	7	7	12.4	70.186	1.09E-31	431790000
50799_WL_MC	10	7	7	12.4	70.186	1.09E-31	431790000
50795_WL_MC	10	7	7	12.4	70.186	1.09E-31	431790000
50794_WL_MC	10	7	7	12.4	70.186	1.09E-31	431790000
145641_WL_MC	10	7	7	12.4	70.186	1.09E-31	431790000
96898_WL_MC	10	7	7	12.4	70.186	1.09E-31	431790000
26322_WL_MC	10	7	7	12.4	70.186	1.09E-31	431790000
50846_WL_MC	2	10	10	54.8	25.34	1.50E-97	1910300000
67132_WL_MC	2	10	10	54.8	25.34	1.50E-97	1910300000
50865_WL_MC	1	1	1	3.7	44.893	0.014611	0
50950_WL_MC	2	3	3	7.3	52.127	4.23E-09	97765000
131167_WL_MC	2	3	3	7.3	52.127	4.23E-09	97765000
51239_WL_MC	2	3	3	9.5	34.869	1.03E-14	240510000
81987_WL_MC	2	3	3	9.5	34.869	1.03E-14	240510000
51511_WL_MC	11	7	7	11.2	90.438	2.14E-21	268190000
51512_WL_MC	11	7	7	11.2	90.438	2.14E-21	268190000
28954_WL_MC	11	7	7	11.2	90.438	2.14E-21	268190000
30876_WL_MC	11	7	7	11.2	90.438	2.14E-21	268190000
18497_WL_MC	11	7	7	11.2	90.438	2.14E-21	268190000
41611_WL_MC	11	7	7	11.2	90.438	2.14E-21	268190000
66592_WL_MC	11	7	7	11.2	90.438	2.14E-21	268190000
18496_WL_MC	11	7	7	11.2	90.438	2.14E-21	268190000
103139_WL_MC	11	7	7	11.2	90.438	2.14E-21	268190000
151264_WL_MC	11	7	7	11.2	90.438	2.14E-21	268190000
151265_WL_MC	11	7	7	11.2	90.438	2.14E-21	268190000
51807_WL_MC	8	23	23	66.1	44.641	6.82E-267	33955000000
51803_WL_MC	8	23	23	66.1	44.641	6.82E-267	33955000000
51806_WL_MC	8	23	23	66.1	44.641	6.82E-267	33955000000
51804_WL_MC	8	23	23	66.1	44.641	6.82E-267	33955000000
51805_WL_MC	8	23	23	66.1	44.641	6.82E-267	33955000000
51802_WL_MC	8	23	23	66.1	44.641	6.82E-267	33955000000
51808_WL_MC	8	23	23	66.1	44.641	6.82E-267	33955000000
165219_WL_MC	8	23	23	66.1	44.641	6.82E-267	33955000000
51814_WL_MC	8	5	5	23.1	31.231	2.33E-19	87698000
96108_WL_MC	8	5	5	23.1	31.231	2.33E-19	87698000
51813_WL_MC	8	5	5	23.1	31.231	2.33E-19	87698000
11212_WL_MC	8	5	5	23.1	31.231	2.33E-19	87698000
11213_WL_MC	8	5	5	23.1	31.231	2.33E-19	87698000
26043_WL_MC	8	5	5	23.1	31.231	2.33E-19	87698000
145287_WL_MC	8	5	5	23.1	31.231	2.33E-19	87698000
145288_WL_MC	8	5	5	23.1	31.231	2.33E-19	87698000
51836_WL_MC	1	5	5	21.1	27.665	3.49E-22	192570000
52393_WL_MC	5	4	4	14.1	31.292	2.31E-08	68693000
29141_WL_MC	5	4	4	14.1	31.292	2.31E-08	68693000
41802_WL_MC	5	4	4	14.1	31.292	2.31E-08	68693000
55740_WL_MC	5	4	4	14.1	31.292	2.31E-08	68693000
124445_WL_MC	5	4	4	14.1	31.292	2.31E-08	68693000
52513_WL_MC	1	4	4	21.3	26.589	1.49E-12	88411000
52531_WL_MC	1	1	1	11	16.045	0.0044933	13743000
86612_WL_MC	2	1	1	3.7	43.941	0.0010101	0
52566_WL_MC	2	1	1	3.7	43.941	0.0010101	0
52881_WL_MC	1	1	1	4.5	35.499	0.00506	34248000
52956_WL_MC	6	9	9	29.6	44.938	1.53E-20	305810000
52957_WL_MC	6	9	9	29.6	44.938	1.53E-20	305810000
52958_WL_MC	6	9	9	29.6	44.938	1.53E-20	305810000
52955_WL_MC	6	9	9	29.6	44.938	1.53E-20	305810000
104259_WL_MC	6	9	9	29.6	44.938	1.53E-20	305810000
86725_WL_MC	6	9	9	29.6	44.938	1.53E-20	305810000
53205_WL_MC	2	2	2	6.3	39.939	3.57E-06	15875000
53356_WL_MC	2	2	2	6.3	39.939	3.57E-06	15875000
53226_WL_MC	1	1	1	1.5	97.489	6.01E-05	0
102502_WL_MC	2	3	3	24.8	16.856	1.01E-07	82578000
53426_WL_MC	2	3	3	24.8	16.856	1.01E-07	82578000
53463_WL_MC	1	1	1	7.3	18.402	0.014018	0
53464_WL_MC	2	2	2	4.4	58.866	0.0001053	3091300
8157_WL_MC	2	2	2	4.4	58.866	0.0001053	3091300
53761_WL_MC	1	5	5	30.2	22.871	2.62E-14	551330000
53840_WL_MC	2	2	2	20.5	14.038	0.0020759	51686000
73091_WL_MC	2	2	2	20.5	14.038	0.0020759	51686000
53848_WL_MC	1	1	1	1.7	52.97	1.53E-05	0
53925_WL_MC	4	2	2	7.7	23.83	1.73E-09	60966000
77394_WL_MC	4	2	2	7.7	23.83	1.73E-09	60966000
136881_WL_MC	4	2	2	7.7	23.83	1.73E-09	60966000
4628_WL_MC	4	2	2	7.7	23.83	1.73E-09	60966000
53943_WL_MC	6	14	5	60.7	30.803	8.64E-199	28313000000
77948_WL_MC	6	14	5	60.7	30.803	8.64E-199	28313000000
15629_WL_MC	6	14	5	60.7	30.803	8.64E-199	28313000000
15630_WL_MC	6	14	5	60.7	30.803	8.64E-199	28313000000
170230_WL_MC	6	14	5	60.7	30.803	8.64E-199	28313000000
15631_WL_MC	6	14	5	60.7	30.803	8.64E-199	28313000000
54095_WL_MC	1	3	3	22	20.804	2.79E-07	50139000
94736_WL_MC	2	3	3	8.6	69.382	5.80E-13	82455000
54405_WL_MC	2	3	3	8.6	69.382	5.80E-13	82455000
5737_WL_MC	1	2	2	8.1	29.231	0.00022866	2508800
58853_WL_MC	1	18	1	52.1	50.626	1.90E-245	112180000
59639_WL_MC	1	1	1	10.6	9.7853	0.0030814	1500000000
6072_WL_MC	2	1	1	3.8	34.622	0.0069699	0
7768_WL_MC	2	1	1	3.8	34.622	0.0069699	0
61174_WL_MC	1	2	2	16.2	16.676	0.00018172	56153000
62253_WL_MC	1	1	1	31.5	11.002	0.019126	0
64835_WL_MC	1	1	1	12.8	20.326	0.019371	0
65_WL_MC	1	26	0	40.9	79.792	1.78E-114	9787500
87494_WL_MC	2	1	1	8.3	10.095	5.08E-05	1518400000
67168_WL_MC	2	1	1	8.3	10.095	5.08E-05	1518400000
72772_WL_MC	1	1	1	32	8.6699	1.11E-16	126330000
7543_WL_MC	1	3	1	23.4	15.635	1.36E-34	7653500
75448_WL_MC	1	1	1	7.6	21.317	0.011543	6018100
7711_WL_MC	3	2	2	10.4	20.969	4.99E-05	65037000
30076_WL_MC	3	2	2	10.4	20.969	4.99E-05	65037000
160997_WL_MC	3	2	2	10.4	20.969	4.99E-05	65037000
774_WL_MC	2	1	1	2.2	45.29	0.00036005	0
773_WL_MC	2	1	1	2.2	45.29	0.00036005	0
78204_WL_MC	1	1	1	15	7.3326	0.028535	196320000
81464_WL_MC	1	1	1	11.4	9.6168	0.0078763	12012000
8676_WL_MC	1	1	1	10.2	31.539	0.018874	0
8863_WL_MC	8	10	10	25.2	68.172	2.70E-47	157270000
28548_WL_MC	8	10	10	25.2	68.172	2.70E-47	157270000
49997_WL_MC	8	10	10	25.2	68.172	2.70E-47	157270000
8864_WL_MC	8	10	10	25.2	68.172	2.70E-47	157270000
65101_WL_MC	8	10	10	25.2	68.172	2.70E-47	157270000
22979_WL_MC	8	10	10	25.2	68.172	2.70E-47	157270000
57037_WL_MC	8	10	10	25.2	68.172	2.70E-47	157270000
8862_WL_MC	8	10	10	25.2	68.172	2.70E-47	157270000
89772_WL_MC	1	10	0	26.7	50.91	7.12E-35	0
9150_WL_MC	2	3	3	15.2	24.727	1.35E-06	33619000
9149_WL_MC	2	3	3	15.2	24.727	1.35E-06	33619000
9286_WL_MC	4	3	3	15.5	23.999	1.83E-08	31938000
87363_WL_MC	4	3	3	15.5	23.999	1.83E-08	31938000
141748_WL_MC	4	3	3	15.5	23.999	1.83E-08	31938000
23734_WL_MC	4	3	3	15.5	23.999	1.83E-08	31938000
9333_WL_MC	5	4	4	9.8	65.789	6.49E-10	503150000
9334_WL_MC	5	4	4	9.8	65.789	6.49E-10	503150000
26108_WL_MC	5	4	4	9.8	65.789	6.49E-10	503150000
93835_WL_MC	5	4	4	9.8	65.789	6.49E-10	503150000
96316_WL_MC	5	4	4	9.8	65.789	6.49E-10	503150000
9456_WL_MC	1	1	1	5.8	21.291	0.00083818	0
97036_WL_MC	1	33	1	37.4	95.961	0	77468000
99425_WL_MC	1	1	1	19.1	8.0924	0.0089412	0
CON__P00761	1	6	6	37.7	24.409	5.53E-121	6153200000
CON__P02533	16	11	3	25.4	51.621	1.02E-35	136970000
157961_WL_MC	16	11	3	25.4	51.621	1.02E-35	136970000
CON__Q6IFX2	16	11	3	25.4	51.621	1.02E-35	136970000
CON__Q04695	16	11	3	25.4	51.621	1.02E-35	136970000
CON__Q3ZAW8	16	11	3	25.4	51.621	1.02E-35	136970000
CON__Q9Z2K1	16	11	3	25.4	51.621	1.02E-35	136970000
CON__A2A4G1	16	11	3	25.4	51.621	1.02E-35	136970000
CON__Q9QWL7	16	11	3	25.4	51.621	1.02E-35	136970000
CON__P19012	16	11	3	25.4	51.621	1.02E-35	136970000
CON__P19001	16	11	3	25.4	51.621	1.02E-35	136970000
CON__P08727	16	11	3	25.4	51.621	1.02E-35	136970000
CON__Q61782	16	11	3	25.4	51.621	1.02E-35	136970000
CON__Q9D312	16	11	3	25.4	51.621	1.02E-35	136970000
CON__P35900	16	11	3	25.4	51.621	1.02E-35	136970000
CON__Q8N1A0	16	11	3	25.4	51.621	1.02E-35	136970000
4613_WL_MC	16	11	3	25.4	51.621	1.02E-35	136970000
CON__P04264	6	33	21	56.4	66.017	0	6188600000
CON__Q6IFZ6	6	33	21	56.4	66.017	0	6188600000
CON__H-INV:HIT000016045	6	33	21	56.4	66.017	0	6188600000
CON__Q7Z794	6	33	21	56.4	66.017	0	6188600000
CON__Q9H552	6	33	21	56.4	66.017	0	6188600000
CON__Q9R0H5	6	33	21	56.4	66.017	0	6188600000
CON__P07477	1	1	1	8.1	26.558	0.0078625	357810000
CON__P08779	1	8	2	18.4	51.267	8.57E-34	34892000
CON__P13645	21	28	24	60	59.51	0	3102900000
CON__P02535-1	21	28	24	60	59.51	0	3102900000
CON__Q7Z3Y7	21	28	24	60	59.51	0	3102900000
CON__Q148H6	21	28	24	60	59.51	0	3102900000
CON__Q7Z3Y8	21	28	24	60	59.51	0	3102900000
CON__Q2M2I5	21	28	24	60	59.51	0	3102900000
CON__Q7Z3Z0	21	28	24	60	59.51	0	3102900000
CON__REFSEQ:XP_986630	21	28	24	60	59.51	0	3102900000
CON__O76014	21	28	24	60	59.51	0	3102900000
CON__Q7Z3Y9	21	28	24	60	59.51	0	3102900000
CON__O76013	21	28	24	60	59.51	0	3102900000
CON__O76015	21	28	24	60	59.51	0	3102900000
CON__Q497I4	21	28	24	60	59.51	0	3102900000
CON__A2AB72	21	28	24	60	59.51	0	3102900000
CON__Q14532	21	28	24	60	59.51	0	3102900000
CON__Q92764	21	28	24	60	59.51	0	3102900000
CON__P05784	21	28	24	60	59.51	0	3102900000
CON__A2A5Y0	21	28	24	60	59.51	0	3102900000
CON__Q15323	21	28	24	60	59.51	0	3102900000
CON__Q9UE12	21	28	24	60	59.51	0	3102900000
CON__Q14525	21	28	24	60	59.51	0	3102900000
CON__P13647	2	13	1	15.9	62.378	2.21E-30	50087000
157610_WL_MC	2	13	1	15.9	62.378	2.21E-30	50087000
CON__P35527	1	24	24	56.7	62.129	2.10E-224	2694600000
CON__P35908	7	27	15	47.3	65.865	0	1230000000
CON__Q6NXH9	7	27	15	47.3	65.865	0	1230000000
CON__P19013	7	27	15	47.3	65.865	0	1230000000
CON__Q32MB2	7	27	15	47.3	65.865	0	1230000000
CON__Q7RTS7	7	27	15	47.3	65.865	0	1230000000
11148_WL_MC	7	27	15	47.3	65.865	0	1230000000
162269_WL_MC	7	27	15	47.3	65.865	0	1230000000
CON__Q5D862	1	1	1	0.5	248.07	0.0019251	0
CON__Q5XQN5	20	13	0	15.3	62.936	3.52E-33	30373000
CON__Q922U2	20	13	0	15.3	62.936	3.52E-33	30373000
157616_WL_MC	20	13	0	15.3	62.936	3.52E-33	30373000
CON__P05787	20	13	0	15.3	62.936	3.52E-33	30373000
CON__H-INV:HIT000292931	20	13	0	15.3	62.936	3.52E-33	30373000
CON__P07744	20	13	0	15.3	62.936	3.52E-33	30373000
CON__Q7RTT2	20	13	0	15.3	62.936	3.52E-33	30373000
CON__Q8N1N4-2	20	13	0	15.3	62.936	3.52E-33	30373000
CON__Q6ISB0	20	13	0	15.3	62.936	3.52E-33	30373000
CON__Q9NSB2	20	13	0	15.3	62.936	3.52E-33	30373000
CON__P78386	20	13	0	15.3	62.936	3.52E-33	30373000
CON__Q14533	20	13	0	15.3	62.936	3.52E-33	30373000
CON__P78385	20	13	0	15.3	62.936	3.52E-33	30373000
CON__Q6NT21	20	13	0	15.3	62.936	3.52E-33	30373000
CON__O43790	20	13	0	15.3	62.936	3.52E-33	30373000
CON__Q61726	20	13	0	15.3	62.936	3.52E-33	30373000
CON__P08729	20	13	0	15.3	62.936	3.52E-33	30373000
CON__Q3KNV1	20	13	0	15.3	62.936	3.52E-33	30373000
CON__Q9DCV7	20	13	0	15.3	62.936	3.52E-33	30373000
1199_WL_MC	20	13	0	15.3	62.936	3.52E-33	30373000
CON__Q86YZ3	1	7	7	9.9	282.39	6.21E-66	86795000
REV__19189_WL_MC	7	1	1	3.3	30.092	0.0075234	35867000
REV__104903_WL_MC	7	1	1	3.3	30.092	0.0075234	35867000
REV__31586_WL_MC	7	1	1	3.3	30.092	0.0075234	35867000
REV__42555_WL_MC	7	1	1	3.3	30.092	0.0075234	35867000
REV__48450_WL_MC	7	1	1	3.3	30.092	0.0075234	35867000
REV__48451_WL_MC	7	1	1	3.3	30.092	0.0075234	35867000
REV__154861_WL_MC	7	1	1	3.3	30.092	0.0075234	35867000
REV__145153_WL_MC	1	1	1	12.9	8.0141	0.0073229	313630000
REV__35664_WL_MC	1	1	1	8.3	13.791	0.0049667	147220000
REV__73307_WL_MC	1	1	1	16.4	7.441	0.036941	120480000
REV__76231_WL_MC	1	1	1	10	8.4922	0.015361	437550000
REV__CON__Q7RTT2	2	1	1	1.5	56.964	0.016096	1205600000
REV__CON__Q8N1N4-2	2	1	1	1.5	56.964	0.016096	1205600000
