12297_WL_MC	4	2	2	14.5	13.697	0.00049681	33660000
100183_WL_MC	4	2	2	14.5	13.697	0.00049681	33660000
12296_WL_MC	4	2	2	14.5	13.697	0.00049681	33660000
166543_WL_MC	4	2	2	14.5	13.697	0.00049681	33660000
100693_WL_MC	1	1	1	14.9	8.7745	0.0049591	13621000
25868_WL_MC	4	5	5	27	24.81	2.71E-36	367930000
51015_WL_MC	4	5	5	27	24.81	2.71E-36	367930000
10080_WL_MC	4	5	5	27	24.81	2.71E-36	367930000
10081_WL_MC	4	5	5	27	24.81	2.71E-36	367930000
130529_WL_MC	3	1	1	11.4	12.271	0.014355	0
17747_WL_MC	3	1	1	11.4	12.271	0.014355	0
100857_WL_MC	3	1	1	11.4	12.271	0.014355	0
51088_WL_MC	7	3	3	7.4	63.313	1.21E-05	9586800
10135_WL_MC	7	3	3	7.4	63.313	1.21E-05	9586800
51087_WL_MC	7	3	3	7.4	63.313	1.21E-05	9586800
29162_WL_MC	7	3	3	7.4	63.313	1.21E-05	9586800
151689_WL_MC	7	3	3	7.4	63.313	1.21E-05	9586800
142405_WL_MC	7	3	3	7.4	63.313	1.21E-05	9586800
67375_WL_MC	7	3	3	7.4	63.313	1.21E-05	9586800
CON__ENSEMBL:ENSBTAP00000016242	4	1	1	2	50.179	0.0081812	12017000
2472_WL_MC	4	1	1	2	50.179	0.0081812	12017000
101586_WL_MC	4	1	1	2	50.179	0.0081812	12017000
130937_WL_MC	4	1	1	2	50.179	0.0081812	12017000
30496_WL_MC	4	2	2	12.8	20.311	9.24E-08	34333000
18052_WL_MC	4	2	2	12.8	20.311	9.24E-08	34333000
101839_WL_MC	4	2	2	12.8	20.311	9.24E-08	34333000
50227_WL_MC	4	2	2	12.8	20.311	9.24E-08	34333000
30602_WL_MC	5	1	1	11.8	15.916	4.68E-05	0
166522_WL_MC	5	1	1	11.8	15.916	4.68E-05	0
53339_WL_MC	5	1	1	11.8	15.916	4.68E-05	0
102243_WL_MC	5	1	1	11.8	15.916	4.68E-05	0
166523_WL_MC	5	1	1	11.8	15.916	4.68E-05	0
43293_WL_MC	4	2	2	11.8	18.718	3.62E-13	10342000
21129_WL_MC	4	2	2	11.8	18.718	3.62E-13	10342000
56485_WL_MC	4	2	2	11.8	18.718	3.62E-13	10342000
102341_WL_MC	4	2	2	11.8	18.718	3.62E-13	10342000
15243_WL_MC	11	1	1	1.9	79.85	0.0013367	10941000
15242_WL_MC	11	1	1	1.9	79.85	0.0013367	10941000
15247_WL_MC	11	1	1	1.9	79.85	0.0013367	10941000
15248_WL_MC	11	1	1	1.9	79.85	0.0013367	10941000
15246_WL_MC	11	1	1	1.9	79.85	0.0013367	10941000
45498_WL_MC	11	1	1	1.9	79.85	0.0013367	10941000
45501_WL_MC	11	1	1	1.9	79.85	0.0013367	10941000
15245_WL_MC	11	1	1	1.9	79.85	0.0013367	10941000
45500_WL_MC	11	1	1	1.9	79.85	0.0013367	10941000
45499_WL_MC	11	1	1	1.9	79.85	0.0013367	10941000
103370_WL_MC	11	1	1	1.9	79.85	0.0013367	10941000
53700_WL_MC	3	1	1	4.8	24.272	0.01024	12090000
18992_WL_MC	3	1	1	4.8	24.272	0.01024	12090000
104378_WL_MC	3	1	1	4.8	24.272	0.01024	12090000
11303_WL_MC	4	1	1	6.5	31.995	0.00054465	0
53701_WL_MC	4	1	1	6.5	31.995	0.00054465	0
19006_WL_MC	4	1	1	6.5	31.995	0.00054465	0
104419_WL_MC	4	1	1	6.5	31.995	0.00054465	0
50669_WL_MC	10	1	1	4	32.368	0.011345	6656000
50670_WL_MC	10	1	1	4	32.368	0.011345	6656000
50666_WL_MC	10	1	1	4	32.368	0.011345	6656000
50665_WL_MC	10	1	1	4	32.368	0.011345	6656000
104525_WL_MC	10	1	1	4	32.368	0.011345	6656000
50668_WL_MC	10	1	1	4	32.368	0.011345	6656000
50667_WL_MC	10	1	1	4	32.368	0.011345	6656000
163352_WL_MC	10	1	1	4	32.368	0.011345	6656000
163353_WL_MC	10	1	1	4	32.368	0.011345	6656000
163354_WL_MC	10	1	1	4	32.368	0.011345	6656000
162780_WL_MC	6	1	1	4.8	23.94	0.0051557	45655000
162781_WL_MC	6	1	1	4.8	23.94	0.0051557	45655000
31474_WL_MC	6	1	1	4.8	23.94	0.0051557	45655000
162784_WL_MC	6	1	1	4.8	23.94	0.0051557	45655000
9204_WL_MC	6	1	1	4.8	23.94	0.0051557	45655000
104626_WL_MC	6	1	1	4.8	23.94	0.0051557	45655000
104820_WL_MC	1	2	2	24.8	11.562	2.18E-06	47609000
19189_WL_MC	8	2	2	8.8	30.092	1.88E-12	650600000
104903_WL_MC	8	2	2	8.8	30.092	1.88E-12	650600000
31586_WL_MC	8	2	2	8.8	30.092	1.88E-12	650600000
48448_WL_MC	8	2	2	8.8	30.092	1.88E-12	650600000
42555_WL_MC	8	2	2	8.8	30.092	1.88E-12	650600000
48450_WL_MC	8	2	2	8.8	30.092	1.88E-12	650600000
48451_WL_MC	8	2	2	8.8	30.092	1.88E-12	650600000
154861_WL_MC	8	2	2	8.8	30.092	1.88E-12	650600000
31596_WL_MC	5	1	1	3.2	46.555	5.40E-05	0
19202_WL_MC	5	1	1	3.2	46.555	5.40E-05	0
104938_WL_MC	5	1	1	3.2	46.555	5.40E-05	0
158493_WL_MC	5	1	1	3.2	46.555	5.40E-05	0
47444_WL_MC	5	1	1	3.2	46.555	5.40E-05	0
7354_WL_MC	3	2	2	6.3	57.825	0.00064405	0
19216_WL_MC	3	2	2	6.3	57.825	0.00064405	0
104979_WL_MC	3	2	2	6.3	57.825	0.00064405	0
19241_WL_MC	5	6	6	18.4	44.17	1.20E-11	57265000
105048_WL_MC	5	6	6	18.4	44.17	1.20E-11	57265000
48405_WL_MC	5	6	6	18.4	44.17	1.20E-11	57265000
48404_WL_MC	5	6	6	18.4	44.17	1.20E-11	57265000
159754_WL_MC	5	6	6	18.4	44.17	1.20E-11	57265000
161783_WL_MC	8	1	1	1.7	55.386	2.34E-05	0
161781_WL_MC	8	1	1	1.7	55.386	2.34E-05	0
31650_WL_MC	8	1	1	1.7	55.386	2.34E-05	0
19255_WL_MC	8	1	1	1.7	55.386	2.34E-05	0
161782_WL_MC	8	1	1	1.7	55.386	2.34E-05	0
2383_WL_MC	8	1	1	1.7	55.386	2.34E-05	0
161784_WL_MC	8	1	1	1.7	55.386	2.34E-05	0
105083_WL_MC	8	1	1	1.7	55.386	2.34E-05	0
51855_WL_MC	7	1	1	1.8	57.386	0.0082597	15413000
11238_WL_MC	7	1	1	1.8	57.386	0.0082597	15413000
11239_WL_MC	7	1	1	1.8	57.386	0.0082597	15413000
105128_WL_MC	7	1	1	1.8	57.386	0.0082597	15413000
31667_WL_MC	7	1	1	1.8	57.386	0.0082597	15413000
19268_WL_MC	7	1	1	1.8	57.386	0.0082597	15413000
132950_WL_MC	7	1	1	1.8	57.386	0.0082597	15413000
11894_WL_MC	3	1	1	1.8	48.843	0.005338	6161800
11893_WL_MC	3	1	1	1.8	48.843	0.005338	6161800
105259_WL_MC	3	1	1	1.8	48.843	0.005338	6161800
105403_WL_MC	2	5	5	30.7	22.283	1.66E-15	136420000
19389_WL_MC	2	5	5	30.7	22.283	1.66E-15	136420000
105588_WL_MC	2	1	1	4.2	27.319	0.004967	172440000
31863_WL_MC	2	1	1	4.2	27.319	0.004967	172440000
105606_WL_MC	3	2	2	17.9	15.871	2.74E-07	392660000
19488_WL_MC	3	2	2	17.9	15.871	2.74E-07	392660000
157567_WL_MC	3	2	2	17.9	15.871	2.74E-07	392660000
52854_WL_MC	5	1	1	5.2	35.13	3.29E-07	29250000
52853_WL_MC	5	1	1	5.2	35.13	3.29E-07	29250000
105676_WL_MC	5	1	1	5.2	35.13	3.29E-07	29250000
133279_WL_MC	5	1	1	5.2	35.13	3.29E-07	29250000
19518_WL_MC	5	1	1	5.2	35.13	3.29E-07	29250000
106010_WL_MC	14	5	5	18.2	43.458	2.35E-12	53990000
32031_WL_MC	14	5	5	18.2	43.458	2.35E-12	53990000
163517_WL_MC	14	5	5	18.2	43.458	2.35E-12	53990000
9728_WL_MC	14	5	5	18.2	43.458	2.35E-12	53990000
9729_WL_MC	14	5	5	18.2	43.458	2.35E-12	53990000
9730_WL_MC	14	5	5	18.2	43.458	2.35E-12	53990000
9731_WL_MC	14	5	5	18.2	43.458	2.35E-12	53990000
133470_WL_MC	14	5	5	18.2	43.458	2.35E-12	53990000
64486_WL_MC	14	5	5	18.2	43.458	2.35E-12	53990000
41072_WL_MC	14	5	5	18.2	43.458	2.35E-12	53990000
9726_WL_MC	14	5	5	18.2	43.458	2.35E-12	53990000
9727_WL_MC	14	5	5	18.2	43.458	2.35E-12	53990000
133468_WL_MC	14	5	5	18.2	43.458	2.35E-12	53990000
133469_WL_MC	14	5	5	18.2	43.458	2.35E-12	53990000
106080_WL_MC	3	2	2	8.5	51.261	6.93E-15	16540000
50124_WL_MC	3	2	2	8.5	51.261	6.93E-15	16540000
19662_WL_MC	3	2	2	8.5	51.261	6.93E-15	16540000
34725_WL_MC	3	1	1	6.6	25.02	0.0040042	8798500
81465_WL_MC	3	1	1	6.6	25.02	0.0040042	8798500
106273_WL_MC	3	1	1	6.6	25.02	0.0040042	8798500
944_WL_MC	5	1	1	7.8	17.598	0.023281	4502600
945_WL_MC	5	1	1	7.8	17.598	0.023281	4502600
989_WL_MC	5	1	1	7.8	17.598	0.023281	4502600
990_WL_MC	5	1	1	7.8	17.598	0.023281	4502600
10702_WL_MC	5	1	1	7.8	17.598	0.023281	4502600
51458_WL_MC	3	3	3	20.5	17.394	1.06E-13	557030000
10729_WL_MC	3	3	3	20.5	17.394	1.06E-13	557030000
131570_WL_MC	3	3	3	20.5	17.394	1.06E-13	557030000
33701_WL_MC	5	1	1	8	11.887	0.017814	29918000
21291_WL_MC	5	1	1	8	11.887	0.017814	29918000
153203_WL_MC	5	1	1	8	11.887	0.017814	29918000
64963_WL_MC	5	1	1	8	11.887	0.017814	29918000
107963_WL_MC	5	1	1	8	11.887	0.017814	29918000
164780_WL_MC	26	1	1	2.1	58.633	0.011882	13509000
10834_WL_MC	26	1	1	2.1	58.633	0.011882	13509000
33140_WL_MC	26	1	1	2.1	58.633	0.011882	13509000
10833_WL_MC	26	1	1	2.1	58.633	0.011882	13509000
10839_WL_MC	26	1	1	2.1	58.633	0.011882	13509000
10838_WL_MC	26	1	1	2.1	58.633	0.011882	13509000
164770_WL_MC	26	1	1	2.1	58.633	0.011882	13509000
10840_WL_MC	26	1	1	2.1	58.633	0.011882	13509000
164775_WL_MC	26	1	1	2.1	58.633	0.011882	13509000
164779_WL_MC	26	1	1	2.1	58.633	0.011882	13509000
164778_WL_MC	26	1	1	2.1	58.633	0.011882	13509000
164777_WL_MC	26	1	1	2.1	58.633	0.011882	13509000
10832_WL_MC	26	1	1	2.1	58.633	0.011882	13509000
53889_WL_MC	26	1	1	2.1	58.633	0.011882	13509000
53890_WL_MC	26	1	1	2.1	58.633	0.011882	13509000
10843_WL_MC	26	1	1	2.1	58.633	0.011882	13509000
164774_WL_MC	26	1	1	2.1	58.633	0.011882	13509000
53888_WL_MC	26	1	1	2.1	58.633	0.011882	13509000
10841_WL_MC	26	1	1	2.1	58.633	0.011882	13509000
164773_WL_MC	26	1	1	2.1	58.633	0.011882	13509000
868_WL_MC	26	1	1	2.1	58.633	0.011882	13509000
53891_WL_MC	26	1	1	2.1	58.633	0.011882	13509000
164781_WL_MC	26	1	1	2.1	58.633	0.011882	13509000
10837_WL_MC	26	1	1	2.1	58.633	0.011882	13509000
53887_WL_MC	26	1	1	2.1	58.633	0.011882	13509000
51554_WL_MC	26	1	1	2.1	58.633	0.011882	13509000
11047_WL_MC	1	1	1	7.6	22.47	0.018739	204220000
110928_WL_MC	1	1	1	17.1	5.1387	0.014111	3447600
24008_WL_MC	5	18	18	13.8	187.59	1.30E-79	340370000
51586_WL_MC	5	18	18	13.8	187.59	1.30E-79	340370000
88504_WL_MC	5	18	18	13.8	187.59	1.30E-79	340370000
51585_WL_MC	5	18	18	13.8	187.59	1.30E-79	340370000
1115_WL_MC	5	18	18	13.8	187.59	1.30E-79	340370000
11290_WL_MC	1	1	1	7	16.42	0.003794	38325000
11404_WL_MC	9	4	4	17	31.475	5.01E-11	85081000
11403_WL_MC	9	4	4	17	31.475	5.01E-11	85081000
165529_WL_MC	9	4	4	17	31.475	5.01E-11	85081000
84450_WL_MC	9	4	4	17	31.475	5.01E-11	85081000
35493_WL_MC	9	4	4	17	31.475	5.01E-11	85081000
165528_WL_MC	9	4	4	17	31.475	5.01E-11	85081000
165530_WL_MC	9	4	4	17	31.475	5.01E-11	85081000
11405_WL_MC	9	4	4	17	31.475	5.01E-11	85081000
165527_WL_MC	9	4	4	17	31.475	5.01E-11	85081000
114184_WL_MC	1	1	1	20.4	11.223	0.011761	0
11453_WL_MC	11	2	2	5.1	68.945	2.47E-06	17908000
11466_WL_MC	11	2	2	5.1	68.945	2.47E-06	17908000
11458_WL_MC	11	2	2	5.1	68.945	2.47E-06	17908000
44220_WL_MC	11	2	2	5.1	68.945	2.47E-06	17908000
11461_WL_MC	11	2	2	5.1	68.945	2.47E-06	17908000
44221_WL_MC	11	2	2	5.1	68.945	2.47E-06	17908000
29452_WL_MC	11	2	2	5.1	68.945	2.47E-06	17908000
31313_WL_MC	11	2	2	5.1	68.945	2.47E-06	17908000
18930_WL_MC	11	2	2	5.1	68.945	2.47E-06	17908000
104196_WL_MC	11	2	2	5.1	68.945	2.47E-06	17908000
132440_WL_MC	11	2	2	5.1	68.945	2.47E-06	17908000
1169_WL_MC	1	31	0	0	100.34	1.95E-296	153880000
79114_WL_MC	7	1	1	9.6	18.198	0.016112	8257300
34086_WL_MC	7	1	1	9.6	18.198	0.016112	8257300
137782_WL_MC	7	1	1	9.6	18.198	0.016112	8257300
165939_WL_MC	7	1	1	9.6	18.198	0.016112	8257300
165938_WL_MC	7	1	1	9.6	18.198	0.016112	8257300
11800_WL_MC	7	1	1	9.6	18.198	0.016112	8257300
11801_WL_MC	7	1	1	9.6	18.198	0.016112	8257300
118275_WL_MC	1	1	1	12.5	11.737	0.024146	0
118347_WL_MC	1	1	1	15.2	5.3844	0.0018497	10564000
118798_WL_MC	1	1	1	71.1	4.4715	0.018874	0
12048_WL_MC	3	4	4	13.3	33.027	4.41E-09	82434000
12049_WL_MC	3	4	4	13.3	33.027	4.41E-09	82434000
52444_WL_MC	3	4	4	13.3	33.027	4.41E-09	82434000
166265_WL_MC	8	2	2	6.7	49.572	1.31E-10	26369000
12051_WL_MC	8	2	2	6.7	49.572	1.31E-10	26369000
12052_WL_MC	8	2	2	6.7	49.572	1.31E-10	26369000
166267_WL_MC	8	2	2	6.7	49.572	1.31E-10	26369000
166266_WL_MC	8	2	2	6.7	49.572	1.31E-10	26369000
12050_WL_MC	8	2	2	6.7	49.572	1.31E-10	26369000
166264_WL_MC	8	2	2	6.7	49.572	1.31E-10	26369000
77567_WL_MC	8	2	2	6.7	49.572	1.31E-10	26369000
12170_WL_MC	4	3	3	7.9	45.288	2.84E-07	23815000
12169_WL_MC	4	3	3	7.9	45.288	2.84E-07	23815000
18975_WL_MC	4	3	3	7.9	45.288	2.84E-07	23815000
104334_WL_MC	4	3	3	7.9	45.288	2.84E-07	23815000
12254_WL_MC	3	1	1	11	11.654	3.37E-05	9528200
153305_WL_MC	3	1	1	11	11.654	3.37E-05	9528200
12252_WL_MC	3	1	1	11	11.654	3.37E-05	9528200
12261_WL_MC	4	1	1	2	73.24	0.0015836	0
145374_WL_MC	4	1	1	2	73.24	0.0015836	0
26104_WL_MC	4	1	1	2	73.24	0.0015836	0
96310_WL_MC	4	1	1	2	73.24	0.0015836	0
123_WL_MC	12	3	1	16.8	21.566	1.12E-08	0
125_WL_MC	12	3	1	16.8	21.566	1.12E-08	0
13396_WL_MC	12	3	1	16.8	21.566	1.12E-08	0
155419_WL_MC	12	3	1	16.8	21.566	1.12E-08	0
124_WL_MC	12	3	1	16.8	21.566	1.12E-08	0
8366_WL_MC	12	3	1	16.8	21.566	1.12E-08	0
8360_WL_MC	12	3	1	16.8	21.566	1.12E-08	0
8363_WL_MC	12	3	1	16.8	21.566	1.12E-08	0
8364_WL_MC	12	3	1	16.8	21.566	1.12E-08	0
8365_WL_MC	12	3	1	16.8	21.566	1.12E-08	0
26775_WL_MC	12	3	1	16.8	21.566	1.12E-08	0
8420_WL_MC	12	3	1	16.8	21.566	1.12E-08	0
12355_WL_MC	4	5	3	8.2	40.278	1.02E-09	73460000
26229_WL_MC	4	5	3	8.2	40.278	1.02E-09	73460000
96663_WL_MC	4	5	3	8.2	40.278	1.02E-09	73460000
63742_WL_MC	4	5	3	8.2	40.278	1.02E-09	73460000
12386_WL_MC	23	3	3	12.3	27.439	8.97E-07	59495000
12387_WL_MC	23	3	3	12.3	27.439	8.97E-07	59495000
12389_WL_MC	23	3	3	12.3	27.439	8.97E-07	59495000
12388_WL_MC	23	3	3	12.3	27.439	8.97E-07	59495000
52708_WL_MC	23	3	3	12.3	27.439	8.97E-07	59495000
12390_WL_MC	23	3	3	12.3	27.439	8.97E-07	59495000
12391_WL_MC	23	3	3	12.3	27.439	8.97E-07	59495000
12393_WL_MC	23	3	3	12.3	27.439	8.97E-07	59495000
12394_WL_MC	23	3	3	12.3	27.439	8.97E-07	59495000
12395_WL_MC	23	3	3	12.3	27.439	8.97E-07	59495000
12396_WL_MC	23	3	3	12.3	27.439	8.97E-07	59495000
12397_WL_MC	23	3	3	12.3	27.439	8.97E-07	59495000
12404_WL_MC	23	3	3	12.3	27.439	8.97E-07	59495000
12405_WL_MC	23	3	3	12.3	27.439	8.97E-07	59495000
12402_WL_MC	23	3	3	12.3	27.439	8.97E-07	59495000
12399_WL_MC	23	3	3	12.3	27.439	8.97E-07	59495000
12403_WL_MC	23	3	3	12.3	27.439	8.97E-07	59495000
12401_WL_MC	23	3	3	12.3	27.439	8.97E-07	59495000
166663_WL_MC	23	3	3	12.3	27.439	8.97E-07	59495000
37371_WL_MC	23	3	3	12.3	27.439	8.97E-07	59495000
12398_WL_MC	23	3	3	12.3	27.439	8.97E-07	59495000
12400_WL_MC	23	3	3	12.3	27.439	8.97E-07	59495000
174_WL_MC	23	3	3	12.3	27.439	8.97E-07	59495000
167485_WL_MC	4	1	1	6.9	25.623	0.00042679	32296000
167484_WL_MC	4	1	1	6.9	25.623	0.00042679	32296000
94871_WL_MC	4	1	1	6.9	25.623	0.00042679	32296000
125696_WL_MC	4	1	1	6.9	25.623	0.00042679	32296000
128398_WL_MC	1	1	1	78	4.7355	0.019155	0
1291_WL_MC	1	12	1	3	36.768	8.57E-50	43253000
42986_WL_MC	6	1	1	5.1	29.495	5.07E-05	0
42994_WL_MC	6	1	1	5.1	29.495	5.07E-05	0
37959_WL_MC	6	1	1	5.1	29.495	5.07E-05	0
884_WL_MC	6	1	1	5.1	29.495	5.07E-05	0
1294_WL_MC	6	1	1	5.1	29.495	5.07E-05	0
42990_WL_MC	6	1	1	5.1	29.495	5.07E-05	0
167342_WL_MC	4	1	1	1.3	125.08	0.0050861	9471300
13024_WL_MC	4	1	1	1.3	125.08	0.0050861	9471300
167344_WL_MC	4	1	1	1.3	125.08	0.0050861	9471300
96247_WL_MC	4	1	1	1.3	125.08	0.0050861	9471300
167418_WL_MC	3	1	1	6.5	23.049	0.0042678	5758300
167415_WL_MC	3	1	1	6.5	23.049	0.0042678	5758300
13093_WL_MC	3	1	1	6.5	23.049	0.0042678	5758300
13101_WL_MC	4	8	8	57.1	18.999	7.13E-28	784210000
31144_WL_MC	4	8	8	57.1	18.999	7.13E-28	784210000
132213_WL_MC	4	8	8	57.1	18.999	7.13E-28	784210000
167441_WL_MC	4	8	8	57.1	18.999	7.13E-28	784210000
131939_WL_MC	1	3	2	11.9	14.579	1.65E-07	127020000
3127_WL_MC	3	1	1	1.4	78.063	0.0029874	0
3142_WL_MC	3	1	1	1.4	78.063	0.0029874	0
132668_WL_MC	3	1	1	1.4	78.063	0.0029874	0
44363_WL_MC	5	3	3	6	52.724	2.79E-07	65913000
37441_WL_MC	5	3	3	6	52.724	2.79E-07	65913000
24843_WL_MC	5	3	3	6	52.724	2.79E-07	65913000
91775_WL_MC	5	3	3	6	52.724	2.79E-07	65913000
13388_WL_MC	5	3	3	6	52.724	2.79E-07	65913000
54057_WL_MC	6	1	1	7.5	17.043	0.0092201	13473000
28536_WL_MC	6	1	1	7.5	17.043	0.0092201	13473000
167824_WL_MC	6	1	1	7.5	17.043	0.0092201	13473000
54054_WL_MC	6	1	1	7.5	17.043	0.0092201	13473000
41218_WL_MC	6	1	1	7.5	17.043	0.0092201	13473000
13391_WL_MC	6	1	1	7.5	17.043	0.0092201	13473000
152758_WL_MC	2	1	1	10.8	16.628	0.012545	0
135836_WL_MC	2	1	1	10.8	16.628	0.012545	0
50360_WL_MC	4	4	4	31.4	21.469	8.41E-15	51480000
33739_WL_MC	4	4	4	31.4	21.469	8.41E-15	51480000
21329_WL_MC	4	4	4	31.4	21.469	8.41E-15	51480000
137055_WL_MC	4	4	4	31.4	21.469	8.41E-15	51480000
137183_WL_MC	1	6	1	6.7	18.14	1.27E-15	57412000
13745_WL_MC	1	1	1	6.6	22.375	0.0025918	8618100
161375_WL_MC	6	1	1	5.1	25.384	0.012874	28111000
33951_WL_MC	6	1	1	5.1	25.384	0.012874	28111000
21538_WL_MC	6	1	1	5.1	25.384	0.012874	28111000
137487_WL_MC	6	1	1	5.1	25.384	0.012874	28111000
53957_WL_MC	6	1	1	5.1	25.384	0.012874	28111000
78578_WL_MC	6	1	1	5.1	25.384	0.012874	28111000
13779_WL_MC	9	2	2	15.7	22.473	5.26E-05	119840000
13780_WL_MC	9	2	2	15.7	22.473	5.26E-05	119840000
13781_WL_MC	9	2	2	15.7	22.473	5.26E-05	119840000
13776_WL_MC	9	2	2	15.7	22.473	5.26E-05	119840000
13777_WL_MC	9	2	2	15.7	22.473	5.26E-05	119840000
13782_WL_MC	9	2	2	15.7	22.473	5.26E-05	119840000
13778_WL_MC	9	2	2	15.7	22.473	5.26E-05	119840000
28234_WL_MC	9	2	2	15.7	22.473	5.26E-05	119840000
40906_WL_MC	9	2	2	15.7	22.473	5.26E-05	119840000
7726_WL_MC	5	1	1	4.1	37.29	0.00058772	2819900
161019_WL_MC	5	1	1	4.1	37.29	0.00058772	2819900
7725_WL_MC	5	1	1	4.1	37.29	0.00058772	2819900
79506_WL_MC	5	1	1	4.1	37.29	0.00058772	2819900
137970_WL_MC	5	1	1	4.1	37.29	0.00058772	2819900
13807_WL_MC	4	9	1	3.1	33.127	2.23E-25	16513000
53637_WL_MC	4	9	1	3.1	33.127	2.23E-25	16513000
13806_WL_MC	4	9	1	3.1	33.127	2.23E-25	16513000
53638_WL_MC	4	9	1	3.1	33.127	2.23E-25	16513000
13832_WL_MC	11	3	3	11.2	31.561	7.47E-07	22147000
44566_WL_MC	11	3	3	11.2	31.561	7.47E-07	22147000
13836_WL_MC	11	3	3	11.2	31.561	7.47E-07	22147000
13834_WL_MC	11	3	3	11.2	31.561	7.47E-07	22147000
44569_WL_MC	11	3	3	11.2	31.561	7.47E-07	22147000
13833_WL_MC	11	3	3	11.2	31.561	7.47E-07	22147000
44567_WL_MC	11	3	3	11.2	31.561	7.47E-07	22147000
44568_WL_MC	11	3	3	11.2	31.561	7.47E-07	22147000
168240_WL_MC	11	3	3	11.2	31.561	7.47E-07	22147000
13835_WL_MC	11	3	3	11.2	31.561	7.47E-07	22147000
168238_WL_MC	11	3	3	11.2	31.561	7.47E-07	22147000
138352_WL_MC	3	3	3	40	18.071	1.11E-25	559410000
21934_WL_MC	3	3	3	40	18.071	1.11E-25	559410000
42518_WL_MC	3	3	3	40	18.071	1.11E-25	559410000
49722_WL_MC	6	1	1	1	123.47	0.0011701	0
8488_WL_MC	6	1	1	1	123.47	0.0011701	0
34456_WL_MC	6	1	1	1	123.47	0.0011701	0
138498_WL_MC	6	1	1	1	123.47	0.0011701	0
22007_WL_MC	6	1	1	1	123.47	0.0011701	0
8489_WL_MC	6	1	1	1	123.47	0.0011701	0
35399_WL_MC	3	3	3	27.4	16.674	1.99E-39	887360000
22889_WL_MC	3	3	3	27.4	16.674	1.99E-39	887360000
14_WL_MC	3	3	3	27.4	16.674	1.99E-39	887360000
163181_WL_MC	3	1	1	13.2	16.752	8.78E-65	0
22837_WL_MC	3	1	1	13.2	16.752	8.78E-65	0
140139_WL_MC	3	1	1	13.2	16.752	8.78E-65	0
140428_WL_MC	2	2	2	13.2	16.774	0.00087638	104980000
84487_WL_MC	2	2	2	13.2	16.774	0.00087638	104980000
44735_WL_MC	22	11	11	28	41.596	1.29E-27	595720000
14206_WL_MC	22	11	11	28	41.596	1.29E-27	595720000
14207_WL_MC	22	11	11	28	41.596	1.29E-27	595720000
14203_WL_MC	22	11	11	28	41.596	1.29E-27	595720000
14208_WL_MC	22	11	11	28	41.596	1.29E-27	595720000
14212_WL_MC	22	11	11	28	41.596	1.29E-27	595720000
44734_WL_MC	22	11	11	28	41.596	1.29E-27	595720000
14209_WL_MC	22	11	11	28	41.596	1.29E-27	595720000
14210_WL_MC	22	11	11	28	41.596	1.29E-27	595720000
14211_WL_MC	22	11	11	28	41.596	1.29E-27	595720000
14213_WL_MC	22	11	11	28	41.596	1.29E-27	595720000
14215_WL_MC	22	11	11	28	41.596	1.29E-27	595720000
14214_WL_MC	22	11	11	28	41.596	1.29E-27	595720000
44732_WL_MC	22	11	11	28	41.596	1.29E-27	595720000
14204_WL_MC	22	11	11	28	41.596	1.29E-27	595720000
44733_WL_MC	22	11	11	28	41.596	1.29E-27	595720000
14205_WL_MC	22	11	11	28	41.596	1.29E-27	595720000
44731_WL_MC	22	11	11	28	41.596	1.29E-27	595720000
168594_WL_MC	22	11	11	28	41.596	1.29E-27	595720000
168592_WL_MC	22	11	11	28	41.596	1.29E-27	595720000
112233_WL_MC	22	11	11	28	41.596	1.29E-27	595720000
168591_WL_MC	22	11	11	28	41.596	1.29E-27	595720000
5019_WL_MC	4	2	2	3.4	71.627	3.03E-09	10576000
5016_WL_MC	4	2	2	3.4	71.627	3.03E-09	10576000
142363_WL_MC	4	2	2	3.4	71.627	3.03E-09	10576000
36644_WL_MC	4	2	2	3.4	71.627	3.03E-09	10576000
142735_WL_MC	1	10	1	2.6	38.642	1.14E-36	420760000
142740_WL_MC	2	1	1	8.5	14.009	0.0039232	22819000
24312_WL_MC	2	1	1	8.5	14.009	0.0039232	22819000
14308_WL_MC	3	4	4	19.8	27.184	1.25E-71	856780000
43516_WL_MC	3	4	4	19.8	27.184	1.25E-71	856780000
14307_WL_MC	3	4	4	19.8	27.184	1.25E-71	856780000
24811_WL_MC	4	1	1	2.4	75.611	1.35E-05	0
37400_WL_MC	4	1	1	2.4	75.611	1.35E-05	0
91611_WL_MC	4	1	1	2.4	75.611	1.35E-05	0
143524_WL_MC	4	1	1	2.4	75.611	1.35E-05	0
161466_WL_MC	3	6	6	15.3	57.144	3.55E-16	222850000
143789_WL_MC	3	6	6	15.3	57.144	3.55E-16	222850000
54331_WL_MC	3	6	6	15.3	57.144	3.55E-16	222850000
14443_WL_MC	6	1	1	0.7	110.25	0.0099262	0
44899_WL_MC	6	1	1	0.7	110.25	0.0099262	0
14442_WL_MC	6	1	1	0.7	110.25	0.0099262	0
32843_WL_MC	6	1	1	0.7	110.25	0.0099262	0
20455_WL_MC	6	1	1	0.7	110.25	0.0099262	0
74116_WL_MC	6	1	1	0.7	110.25	0.0099262	0
14616_WL_MC	3	2	2	8.4	48.558	8.74E-06	12170000
14615_WL_MC	3	2	2	8.4	48.558	8.74E-06	12170000
66328_WL_MC	3	2	2	8.4	48.558	8.74E-06	12170000
1600_WL_MC	5	3	1	5.4	33.329	6.19E-14	146820000
146460_WL_MC	5	3	1	5.4	33.329	6.19E-14	146820000
8419_WL_MC	5	3	1	5.4	33.329	6.19E-14	146820000
49672_WL_MC	5	3	1	5.4	33.329	6.19E-14	146820000
8418_WL_MC	5	3	1	5.4	33.329	6.19E-14	146820000
4861_WL_MC	6	1	1	2.5	54.228	0.0091671	11262000
4859_WL_MC	6	1	1	2.5	54.228	0.0091671	11262000
157991_WL_MC	6	1	1	2.5	54.228	0.0091671	11262000
27372_WL_MC	6	1	1	2.5	54.228	0.0091671	11262000
157993_WL_MC	6	1	1	2.5	54.228	0.0091671	11262000
147813_WL_MC	6	1	1	2.5	54.228	0.0091671	11262000
148998_WL_MC	3	1	1	8.3	13.859	0.012294	11627000
1526_WL_MC	3	1	1	8.3	13.859	0.012294	11627000
27906_WL_MC	3	1	1	8.3	13.859	0.012294	11627000
35611_WL_MC	4	9	9	38.6	25.861	1.11E-28	1267500000
23105_WL_MC	4	9	9	38.6	25.861	1.11E-28	1267500000
15194_WL_MC	4	9	9	38.6	25.861	1.11E-28	1267500000
169719_WL_MC	4	9	9	38.6	25.861	1.11E-28	1267500000
15199_WL_MC	3	2	2	18.3	11.432	1.87E-05	7277000
45463_WL_MC	3	2	2	18.3	11.432	1.87E-05	7277000
15200_WL_MC	3	2	2	18.3	11.432	1.87E-05	7277000
15223_WL_MC	1	5	5	18.8	39.562	1.17E-12	54466000
43592_WL_MC	6	6	6	13.1	55.687	1.83E-12	142470000
15230_WL_MC	6	6	6	13.1	55.687	1.83E-12	142470000
15229_WL_MC	6	6	6	13.1	55.687	1.83E-12	142470000
15228_WL_MC	6	6	6	13.1	55.687	1.83E-12	142470000
135765_WL_MC	6	6	6	13.1	55.687	1.83E-12	142470000
75179_WL_MC	6	6	6	13.1	55.687	1.83E-12	142470000
152400_WL_MC	16	27	1	1.4	80.635	4.25E-121	2962900000
66_WL_MC	16	27	1	1.4	80.635	4.25E-121	2962900000
152402_WL_MC	16	27	1	1.4	80.635	4.25E-121	2962900000
30309_WL_MC	16	27	1	1.4	80.635	4.25E-121	2962900000
77979_WL_MC	16	27	1	1.4	80.635	4.25E-121	2962900000
137202_WL_MC	16	27	1	1.4	80.635	4.25E-121	2962900000
12031_WL_MC	16	27	1	1.4	80.635	4.25E-121	2962900000
101273_WL_MC	16	27	1	1.4	80.635	4.25E-121	2962900000
95519_WL_MC	16	27	1	1.4	80.635	4.25E-121	2962900000
30284_WL_MC	16	27	1	1.4	80.635	4.25E-121	2962900000
104040_WL_MC	16	27	1	1.4	80.635	4.25E-121	2962900000
17859_WL_MC	16	27	1	1.4	80.635	4.25E-121	2962900000
152399_WL_MC	16	27	1	1.4	80.635	4.25E-121	2962900000
101180_WL_MC	16	27	1	1.4	80.635	4.25E-121	2962900000
166246_WL_MC	16	27	1	1.4	80.635	4.25E-121	2962900000
152398_WL_MC	16	27	1	1.4	80.635	4.25E-121	2962900000
152404_WL_MC	1	1	1	37.5	4.3711	5.32E-07	13456000
22593_WL_MC	7	2	2	8.7	40.706	4.15E-06	2822400
45512_WL_MC	7	2	2	8.7	40.706	4.15E-06	2822400
15253_WL_MC	7	2	2	8.7	40.706	4.15E-06	2822400
35081_WL_MC	7	2	2	8.7	40.706	4.15E-06	2822400
45511_WL_MC	7	2	2	8.7	40.706	4.15E-06	2822400
45513_WL_MC	7	2	2	8.7	40.706	4.15E-06	2822400
82883_WL_MC	7	2	2	8.7	40.706	4.15E-06	2822400
152537_WL_MC	2	2	2	26.9	8.8183	8.95E-07	13010000
9249_WL_MC	2	2	2	26.9	8.8183	8.95E-07	13010000
42490_WL_MC	3	1	1	8.6	21.216	0.015937	7884500
34856_WL_MC	3	1	1	8.6	21.216	0.015937	7884500
152680_WL_MC	3	1	1	8.6	21.216	0.015937	7884500
152698_WL_MC	1	4	4	35.9	17.387	9.04E-10	69112000
152700_WL_MC	1	1	1	13	8.3768	0.035386	306810000
152767_WL_MC	2	2	2	15.6	15.144	2.65E-14	11826000
159939_WL_MC	2	2	2	15.6	15.144	2.65E-14	11826000
152798_WL_MC	2	1	1	11.3	15.37	0.00084105	22784000
164627_WL_MC	2	1	1	11.3	15.37	0.00084105	22784000
8084_WL_MC	4	2	2	16.4	11.997	1.99E-05	89157000
153016_WL_MC	4	2	2	16.4	11.997	1.99E-05	89157000
548_WL_MC	4	2	2	16.4	11.997	1.99E-05	89157000
8083_WL_MC	4	2	2	16.4	11.997	1.99E-05	89157000
153161_WL_MC	3	9	9	18.7	55.495	1.75E-22	124330000
24234_WL_MC	3	9	9	18.7	55.495	1.75E-22	124330000
635_WL_MC	3	9	9	18.7	55.495	1.75E-22	124330000
153723_WL_MC	2	3	3	5.7	52.868	7.73E-07	159410000
96470_WL_MC	2	3	3	5.7	52.868	7.73E-07	159410000
153786_WL_MC	2	2	2	5.8	64.696	6.85E-06	2515600
19640_WL_MC	2	2	2	5.8	64.696	6.85E-06	2515600
153981_WL_MC	5	3	3	14.8	21.229	1.26E-05	48412000
164607_WL_MC	5	3	3	14.8	21.229	1.26E-05	48412000
10750_WL_MC	5	3	3	14.8	21.229	1.26E-05	48412000
126870_WL_MC	5	3	3	14.8	21.229	1.26E-05	48412000
10748_WL_MC	5	3	3	14.8	21.229	1.26E-05	48412000
153993_WL_MC	2	6	1	2.2	70.982	1.02E-16	93654000
160638_WL_MC	2	6	1	2.2	70.982	1.02E-16	93654000
154178_WL_MC	2	6	6	15.8	45.099	3.07E-11	125420000
1540_WL_MC	2	6	6	15.8	45.099	3.07E-11	125420000
154259_WL_MC	1	5	5	34.6	15.365	6.12E-14	375310000
154261_WL_MC	1	1	1	7.6	15.732	0.00083818	0
52530_WL_MC	2	1	1	7.3	22.613	0.0028757	10223000
154331_WL_MC	2	1	1	7.3	22.613	0.0028757	10223000
20041_WL_MC	5	3	3	12.3	28.959	1.31E-05	49741000
154633_WL_MC	5	3	3	12.3	28.959	1.31E-05	49741000
157104_WL_MC	5	3	3	12.3	28.959	1.31E-05	49741000
72449_WL_MC	5	3	3	12.3	28.959	1.31E-05	49741000
154632_WL_MC	5	3	3	12.3	28.959	1.31E-05	49741000
154805_WL_MC	8	5	2	10	35.13	5.66E-17	104800000
35285_WL_MC	8	5	2	10	35.13	5.66E-17	104800000
35265_WL_MC	8	5	2	10	35.13	5.66E-17	104800000
22779_WL_MC	8	5	2	10	35.13	5.66E-17	104800000
83637_WL_MC	8	5	2	10	35.13	5.66E-17	104800000
22763_WL_MC	8	5	2	10	35.13	5.66E-17	104800000
154804_WL_MC	8	5	2	10	35.13	5.66E-17	104800000
83567_WL_MC	8	5	2	10	35.13	5.66E-17	104800000
155028_WL_MC	1	2	2	8.9	22.562	0.00024427	20422000
63297_WL_MC	3	1	1	4.8	19.169	6.05E-15	53325000
155107_WL_MC	3	1	1	4.8	19.169	6.05E-15	53325000
167946_WL_MC	3	1	1	4.8	19.169	6.05E-15	53325000
9112_WL_MC	2	2	2	9.7	30.484	2.15E-05	13916000
155387_WL_MC	2	2	2	9.7	30.484	2.15E-05	13916000
155432_WL_MC	2	1	1	4.4	31.985	0.0056808	13587000
27894_WL_MC	2	1	1	4.4	31.985	0.0056808	13587000
15546_WL_MC	1	3	3	13	28.13	7.48E-07	48773000
2692_WL_MC	2	1	1	9.4	15.166	6.07E-05	37634000
155495_WL_MC	2	1	1	9.4	15.166	6.07E-05	37634000
15570_WL_MC	3	1	1	6.3	23.326	0.0063126	10081000
15566_WL_MC	3	1	1	6.3	23.326	0.0063126	10081000
15569_WL_MC	3	1	1	6.3	23.326	0.0063126	10081000
45736_WL_MC	11	2	2	3.2	96.032	1.02E-05	12537000
45737_WL_MC	11	2	2	3.2	96.032	1.02E-05	12537000
45735_WL_MC	11	2	2	3.2	96.032	1.02E-05	12537000
15573_WL_MC	11	2	2	3.2	96.032	1.02E-05	12537000
25913_WL_MC	11	2	2	3.2	96.032	1.02E-05	12537000
38593_WL_MC	11	2	2	3.2	96.032	1.02E-05	12537000
95660_WL_MC	11	2	2	3.2	96.032	1.02E-05	12537000
15574_WL_MC	11	2	2	3.2	96.032	1.02E-05	12537000
15576_WL_MC	11	2	2	3.2	96.032	1.02E-05	12537000
15575_WL_MC	11	2	2	3.2	96.032	1.02E-05	12537000
99375_WL_MC	11	2	2	3.2	96.032	1.02E-05	12537000
155758_WL_MC	1	1	1	6.4	23.727	0.00057527	0
15578_WL_MC	3	8	6	13.8	42.719	2.50E-34	1898300000
45738_WL_MC	3	8	6	13.8	42.719	2.50E-34	1898300000
79979_WL_MC	3	8	6	13.8	42.719	2.50E-34	1898300000
155864_WL_MC	3	1	1	5	42.439	0.0010393	15736000
155871_WL_MC	3	1	1	5	42.439	0.0010393	15736000
88088_WL_MC	3	1	1	5	42.439	0.0010393	15736000
156192_WL_MC	2	4	4	6.4	75.261	8.75E-08	60302000
19390_WL_MC	2	4	4	6.4	75.261	8.75E-08	60302000
156292_WL_MC	3	4	4	13.7	49.112	1.27E-16	34264000
156291_WL_MC	3	4	4	13.7	49.112	1.27E-16	34264000
33307_WL_MC	3	4	4	13.7	49.112	1.27E-16	34264000
15632_WL_MC	1	11	2	8.3	18.655	1.28E-133	696900000
170282_WL_MC	3	1	1	5.1	32.105	0.00039813	0
15669_WL_MC	3	1	1	5.1	32.105	0.00039813	0
15668_WL_MC	3	1	1	5.1	32.105	0.00039813	0
46611_WL_MC	14	4	4	11.8	43.257	1.15E-16	243150000
46609_WL_MC	14	4	4	11.8	43.257	1.15E-16	243150000
46613_WL_MC	14	4	4	11.8	43.257	1.15E-16	243150000
156946_WL_MC	14	4	4	11.8	43.257	1.15E-16	243150000
156947_WL_MC	14	4	4	11.8	43.257	1.15E-16	243150000
156948_WL_MC	14	4	4	11.8	43.257	1.15E-16	243150000
93663_WL_MC	14	4	4	11.8	43.257	1.15E-16	243150000
25342_WL_MC	14	4	4	11.8	43.257	1.15E-16	243150000
46612_WL_MC	14	4	4	11.8	43.257	1.15E-16	243150000
46607_WL_MC	14	4	4	11.8	43.257	1.15E-16	243150000
46608_WL_MC	14	4	4	11.8	43.257	1.15E-16	243150000
54373_WL_MC	14	4	4	11.8	43.257	1.15E-16	243150000
46610_WL_MC	14	4	4	11.8	43.257	1.15E-16	243150000
156950_WL_MC	14	4	4	11.8	43.257	1.15E-16	243150000
157107_WL_MC	8	7	4	13	50.347	4.83E-20	167780000
157105_WL_MC	8	7	4	13	50.347	4.83E-20	167780000
30815_WL_MC	8	7	4	13	50.347	4.83E-20	167780000
102909_WL_MC	8	7	4	13	50.347	4.83E-20	167780000
157106_WL_MC	8	7	4	13	50.347	4.83E-20	167780000
18412_WL_MC	8	7	4	13	50.347	4.83E-20	167780000
4126_WL_MC	8	7	4	13	50.347	4.83E-20	167780000
131674_WL_MC	8	7	4	13	50.347	4.83E-20	167780000
157239_WL_MC	1	1	1	40	6.7417	0.018569	0
157271_WL_MC	1	1	1	25.8	12.699	3.10E-35	75240000
61216_WL_MC	3	3	3	13.2	32.115	1.92E-48	9096400000
157321_WL_MC	3	3	3	13.2	32.115	1.92E-48	9096400000
53506_WL_MC	3	3	3	13.2	32.115	1.92E-48	9096400000
157524_WL_MC	1	1	1	9.8	18.112	0.0014046	13101000
157568_WL_MC	2	1	1	6.9	24.654	0.00089716	9074100
46985_WL_MC	2	1	1	6.9	24.654	0.00089716	9074100
157587_WL_MC	4	1	1	6.9	25.014	0.0032841	21067000
4510_WL_MC	4	1	1	6.9	25.014	0.0032841	21067000
157584_WL_MC	4	1	1	6.9	25.014	0.0032841	21067000
157586_WL_MC	4	1	1	6.9	25.014	0.0032841	21067000
157614_WL_MC	7	13	0	0	62.013	1.55E-252	87737000
157612_WL_MC	7	13	0	0	62.013	1.55E-252	87737000
CON__P02538	7	13	0	0	62.013	1.55E-252	87737000
CON__P04259	7	13	0	0	62.013	1.55E-252	87737000
CON__P48668	7	13	0	0	62.013	1.55E-252	87737000
CON__Q8VED5	7	13	0	0	62.013	1.55E-252	87737000
CON__O95678	7	13	0	0	62.013	1.55E-252	87737000
157745_WL_MC	5	5	5	28.5	24.262	5.65E-12	44691000
4661_WL_MC	5	5	5	28.5	24.262	5.65E-12	44691000
38731_WL_MC	5	5	5	28.5	24.262	5.65E-12	44691000
4660_WL_MC	5	5	5	28.5	24.262	5.65E-12	44691000
44094_WL_MC	5	5	5	28.5	24.262	5.65E-12	44691000
157965_WL_MC	13	3	3	9.6	47.211	6.28E-07	14935000
22852_WL_MC	13	3	3	9.6	47.211	6.28E-07	14935000
35357_WL_MC	13	3	3	9.6	47.211	6.28E-07	14935000
157973_WL_MC	13	3	3	9.6	47.211	6.28E-07	14935000
157970_WL_MC	13	3	3	9.6	47.211	6.28E-07	14935000
157971_WL_MC	13	3	3	9.6	47.211	6.28E-07	14935000
157963_WL_MC	13	3	3	9.6	47.211	6.28E-07	14935000
157969_WL_MC	13	3	3	9.6	47.211	6.28E-07	14935000
47163_WL_MC	13	3	3	9.6	47.211	6.28E-07	14935000
157962_WL_MC	13	3	3	9.6	47.211	6.28E-07	14935000
157964_WL_MC	13	3	3	9.6	47.211	6.28E-07	14935000
47162_WL_MC	13	3	3	9.6	47.211	6.28E-07	14935000
83911_WL_MC	13	3	3	9.6	47.211	6.28E-07	14935000
157975_WL_MC	8	12	12	16.2	107.95	4.04E-53	701020000
36214_WL_MC	8	12	12	16.2	107.95	4.04E-53	701020000
23689_WL_MC	8	12	12	16.2	107.95	4.04E-53	701020000
47164_WL_MC	8	12	12	16.2	107.95	4.04E-53	701020000
31287_WL_MC	8	12	12	16.2	107.95	4.04E-53	701020000
104125_WL_MC	8	12	12	16.2	107.95	4.04E-53	701020000
87172_WL_MC	8	12	12	16.2	107.95	4.04E-53	701020000
18903_WL_MC	8	12	12	16.2	107.95	4.04E-53	701020000
157978_WL_MC	3	1	1	6.1	25.824	0.0012297	8091500
4845_WL_MC	3	1	1	6.1	25.824	0.0012297	8091500
4844_WL_MC	3	1	1	6.1	25.824	0.0012297	8091500
158111_WL_MC	19	73	41	19.3	263.67	0	1.43E+11
158113_WL_MC	19	73	41	19.3	263.67	0	1.43E+11
158112_WL_MC	19	73	41	19.3	263.67	0	1.43E+11
158114_WL_MC	19	73	41	19.3	263.67	0	1.43E+11
158110_WL_MC	19	73	41	19.3	263.67	0	1.43E+11
26362_WL_MC	19	73	41	19.3	263.67	0	1.43E+11
47246_WL_MC	19	73	41	19.3	263.67	0	1.43E+11
26186_WL_MC	19	73	41	19.3	263.67	0	1.43E+11
96545_WL_MC	19	73	41	19.3	263.67	0	1.43E+11
47247_WL_MC	19	73	41	19.3	263.67	0	1.43E+11
53401_WL_MC	19	73	41	19.3	263.67	0	1.43E+11
145714_WL_MC	19	73	41	19.3	263.67	0	1.43E+11
98984_WL_MC	19	73	41	19.3	263.67	0	1.43E+11
145715_WL_MC	19	73	41	19.3	263.67	0	1.43E+11
53402_WL_MC	19	73	41	19.3	263.67	0	1.43E+11
145716_WL_MC	19	73	41	19.3	263.67	0	1.43E+11
20722_WL_MC	19	73	41	19.3	263.67	0	1.43E+11
75193_WL_MC	19	73	41	19.3	263.67	0	1.43E+11
33126_WL_MC	19	73	41	19.3	263.67	0	1.43E+11
5022_WL_MC	8	1	1	1.1	83.643	0.0065938	0
5021_WL_MC	8	1	1	1.1	83.643	0.0065938	0
158153_WL_MC	8	1	1	1.1	83.643	0.0065938	0
158158_WL_MC	8	1	1	1.1	83.643	0.0065938	0
5023_WL_MC	8	1	1	1.1	83.643	0.0065938	0
96928_WL_MC	8	1	1	1.1	83.643	0.0065938	0
38972_WL_MC	8	1	1	1.1	83.643	0.0065938	0
158157_WL_MC	8	1	1	1.1	83.643	0.0065938	0
158171_WL_MC	2	2	2	5.6	54.35	2.61E-06	0
158170_WL_MC	2	2	2	5.6	54.35	2.61E-06	0
158260_WL_MC	2	1	1	1	147.41	6.17E-06	14004000
158259_WL_MC	2	1	1	1	147.41	6.17E-06	14004000
5401_WL_MC	28	12	12	35	49.157	6.63E-47	530050000
158565_WL_MC	28	12	12	35	49.157	6.63E-47	530050000
5413_WL_MC	28	12	12	35	49.157	6.63E-47	530050000
555_WL_MC	28	12	12	35	49.157	6.63E-47	530050000
153022_WL_MC	28	12	12	35	49.157	6.63E-47	530050000
158569_WL_MC	28	12	12	35	49.157	6.63E-47	530050000
31482_WL_MC	28	12	12	35	49.157	6.63E-47	530050000
5399_WL_MC	28	12	12	35	49.157	6.63E-47	530050000
5400_WL_MC	28	12	12	35	49.157	6.63E-47	530050000
5406_WL_MC	28	12	12	35	49.157	6.63E-47	530050000
5407_WL_MC	28	12	12	35	49.157	6.63E-47	530050000
104657_WL_MC	28	12	12	35	49.157	6.63E-47	530050000
5405_WL_MC	28	12	12	35	49.157	6.63E-47	530050000
5410_WL_MC	28	12	12	35	49.157	6.63E-47	530050000
5411_WL_MC	28	12	12	35	49.157	6.63E-47	530050000
5409_WL_MC	28	12	12	35	49.157	6.63E-47	530050000
5404_WL_MC	28	12	12	35	49.157	6.63E-47	530050000
47532_WL_MC	28	12	12	35	49.157	6.63E-47	530050000
5408_WL_MC	28	12	12	35	49.157	6.63E-47	530050000
47531_WL_MC	28	12	12	35	49.157	6.63E-47	530050000
38047_WL_MC	28	12	12	35	49.157	6.63E-47	530050000
25409_WL_MC	28	12	12	35	49.157	6.63E-47	530050000
5402_WL_MC	28	12	12	35	49.157	6.63E-47	530050000
5412_WL_MC	28	12	12	35	49.157	6.63E-47	530050000
132705_WL_MC	28	12	12	35	49.157	6.63E-47	530050000
132704_WL_MC	28	12	12	35	49.157	6.63E-47	530050000
5403_WL_MC	28	12	12	35	49.157	6.63E-47	530050000
93900_WL_MC	28	12	12	35	49.157	6.63E-47	530050000
158566_WL_MC	10	9	9	23	68.026	7.06E-54	321440000
105032_WL_MC	10	9	9	23	68.026	7.06E-54	321440000
153024_WL_MC	10	9	9	23	68.026	7.06E-54	321440000
557_WL_MC	10	9	9	23	68.026	7.06E-54	321440000
558_WL_MC	10	9	9	23	68.026	7.06E-54	321440000
556_WL_MC	10	9	9	23	68.026	7.06E-54	321440000
132888_WL_MC	10	9	9	23	68.026	7.06E-54	321440000
153025_WL_MC	10	9	9	23	68.026	7.06E-54	321440000
93901_WL_MC	10	9	9	23	68.026	7.06E-54	321440000
559_WL_MC	10	9	9	23	68.026	7.06E-54	321440000
158733_WL_MC	9	3	3	2.7	145.14	1.12E-05	4773500
41650_WL_MC	9	3	3	2.7	145.14	1.12E-05	4773500
28997_WL_MC	9	3	3	2.7	145.14	1.12E-05	4773500
158729_WL_MC	9	3	3	2.7	145.14	1.12E-05	4773500
158727_WL_MC	9	3	3	2.7	145.14	1.12E-05	4773500
158730_WL_MC	9	3	3	2.7	145.14	1.12E-05	4773500
42461_WL_MC	9	3	3	2.7	145.14	1.12E-05	4773500
66738_WL_MC	9	3	3	2.7	145.14	1.12E-05	4773500
66742_WL_MC	9	3	3	2.7	145.14	1.12E-05	4773500
158754_WL_MC	9	21	21	46.1	60.133	2.03E-154	5991800000
47666_WL_MC	9	21	21	46.1	60.133	2.03E-154	5991800000
37460_WL_MC	9	21	21	46.1	60.133	2.03E-154	5991800000
24866_WL_MC	9	21	21	46.1	60.133	2.03E-154	5991800000
91863_WL_MC	9	21	21	46.1	60.133	2.03E-154	5991800000
5608_WL_MC	9	21	21	46.1	60.133	2.03E-154	5991800000
143637_WL_MC	9	21	21	46.1	60.133	2.03E-154	5991800000
143635_WL_MC	9	21	21	46.1	60.133	2.03E-154	5991800000
143638_WL_MC	9	21	21	46.1	60.133	2.03E-154	5991800000
158762_WL_MC	1	2	2	11.3	24.572	1.85E-05	19513000
159006_WL_MC	9	13	13	34	52.549	9.27E-66	883440000
158985_WL_MC	9	13	13	34	52.549	9.27E-66	883440000
37002_WL_MC	9	13	13	34	52.549	9.27E-66	883440000
5779_WL_MC	9	13	13	34	52.549	9.27E-66	883440000
24424_WL_MC	9	13	13	34	52.549	9.27E-66	883440000
37268_WL_MC	9	13	13	34	52.549	9.27E-66	883440000
143326_WL_MC	9	13	13	34	52.549	9.27E-66	883440000
5776_WL_MC	9	13	13	34	52.549	9.27E-66	883440000
24423_WL_MC	9	13	13	34	52.549	9.27E-66	883440000
159216_WL_MC	1	2	2	4.9	59.65	9.77E-10	10844000
48018_WL_MC	9	1	1	2.8	45.019	0.0080179	18539000
48020_WL_MC	9	1	1	2.8	45.019	0.0080179	18539000
159248_WL_MC	9	1	1	2.8	45.019	0.0080179	18539000
48022_WL_MC	9	1	1	2.8	45.019	0.0080179	18539000
43400_WL_MC	9	1	1	2.8	45.019	0.0080179	18539000
48023_WL_MC	9	1	1	2.8	45.019	0.0080179	18539000
48017_WL_MC	9	1	1	2.8	45.019	0.0080179	18539000
48021_WL_MC	9	1	1	2.8	45.019	0.0080179	18539000
159250_WL_MC	9	1	1	2.8	45.019	0.0080179	18539000
159278_WL_MC	4	1	1	2.6	45.393	0.005975	4419200
159282_WL_MC	4	1	1	2.6	45.393	0.005975	4419200
159281_WL_MC	4	1	1	2.6	45.393	0.005975	4419200
159279_WL_MC	4	1	1	2.6	45.393	0.005975	4419200
159404_WL_MC	2	4	4	40.4	12.65	2.35E-16	185570000
18970_WL_MC	2	4	4	40.4	12.65	2.35E-16	185570000
159429_WL_MC	1	1	1	1.8	81.257	0.0041876	7470300
159445_WL_MC	3	5	5	7.4	72.066	1.71E-10	81090000
155868_WL_MC	3	5	5	7.4	72.066	1.71E-10	81090000
155869_WL_MC	3	5	5	7.4	72.066	1.71E-10	81090000
46397_WL_MC	3	3	3	12.7	30.936	8.25E-11	34060000
15989_WL_MC	3	3	3	12.7	30.936	8.25E-11	34060000
29534_WL_MC	3	3	3	12.7	30.936	8.25E-11	34060000
159974_WL_MC	9	1	1	1.7	83.247	0.0059264	0
159977_WL_MC	9	1	1	1.7	83.247	0.0059264	0
159978_WL_MC	9	1	1	1.7	83.247	0.0059264	0
35510_WL_MC	9	1	1	1.7	83.247	0.0059264	0
159972_WL_MC	9	1	1	1.7	83.247	0.0059264	0
22996_WL_MC	9	1	1	1.7	83.247	0.0059264	0
159975_WL_MC	9	1	1	1.7	83.247	0.0059264	0
159967_WL_MC	9	1	1	1.7	83.247	0.0059264	0
84522_WL_MC	9	1	1	1.7	83.247	0.0059264	0
15998_WL_MC	3	1	1	5.8	22.24	0.013666	6158200
160642_WL_MC	3	1	1	5.8	22.24	0.013666	6158200
7446_WL_MC	3	1	1	5.8	22.24	0.013666	6158200
28604_WL_MC	2	1	1	10.3	11.526	0.0094499	74517000
160158_WL_MC	2	1	1	10.3	11.526	0.0094499	74517000
1602_WL_MC	2	2	2	27.4	12.938	0.00095075	22325000
154257_WL_MC	2	2	2	27.4	12.938	0.00095075	22325000
160200_WL_MC	4	3	3	16.1	25.649	2.11E-09	38088000
56689_WL_MC	4	3	3	16.1	25.649	2.11E-09	38088000
34233_WL_MC	4	3	3	16.1	25.649	2.11E-09	38088000
21804_WL_MC	4	3	3	16.1	25.649	2.11E-09	38088000
160287_WL_MC	6	2	2	3.7	53.702	0.00043788	33928000
6972_WL_MC	6	2	2	3.7	53.702	0.00043788	33928000
6971_WL_MC	6	2	2	3.7	53.702	0.00043788	33928000
160288_WL_MC	6	2	2	3.7	53.702	0.00043788	33928000
6973_WL_MC	6	2	2	3.7	53.702	0.00043788	33928000
133239_WL_MC	6	2	2	3.7	53.702	0.00043788	33928000
46130_WL_MC	4	2	2	10.9	22.87	5.01E-06	118600000
54127_WL_MC	4	2	2	10.9	22.87	5.01E-06	118600000
16030_WL_MC	4	2	2	10.9	22.87	5.01E-06	118600000
68845_WL_MC	4	2	2	10.9	22.87	5.01E-06	118600000
160367_WL_MC	11	4	4	4.9	108.4	4.23E-14	30025000
160366_WL_MC	11	4	4	4.9	108.4	4.23E-14	30025000
160363_WL_MC	11	4	4	4.9	108.4	4.23E-14	30025000
160365_WL_MC	11	4	4	4.9	108.4	4.23E-14	30025000
34811_WL_MC	11	4	4	4.9	108.4	4.23E-14	30025000
81832_WL_MC	11	4	4	4.9	108.4	4.23E-14	30025000
38815_WL_MC	11	4	4	4.9	108.4	4.23E-14	30025000
26152_WL_MC	11	4	4	4.9	108.4	4.23E-14	30025000
160362_WL_MC	11	4	4	4.9	108.4	4.23E-14	30025000
160364_WL_MC	11	4	4	4.9	108.4	4.23E-14	30025000
96440_WL_MC	11	4	4	4.9	108.4	4.23E-14	30025000
160413_WL_MC	3	1	1	4.2	32.594	2.48E-05	14216000
97164_WL_MC	3	1	1	4.2	32.594	2.48E-05	14216000
48840_WL_MC	3	1	1	4.2	32.594	2.48E-05	14216000
160414_WL_MC	3	1	1	1.1	102.99	0.0049711	2484100
24915_WL_MC	3	1	1	1.1	102.99	0.0049711	2484100
54322_WL_MC	3	1	1	1.1	102.99	0.0049711	2484100
160462_WL_MC	2	9	9	30.7	34.443	2.44E-28	195150000
20197_WL_MC	2	9	9	30.7	34.443	2.44E-28	195150000
160510_WL_MC	1	1	1	26.5	6.2587	0.019072	0
160574_WL_MC	3	4	4	13.8	29.403	2.34E-14	142410000
31284_WL_MC	3	4	4	13.8	29.403	2.34E-14	142410000
53692_WL_MC	3	4	4	13.8	29.403	2.34E-14	142410000
160928_WL_MC	1	2	2	5.8	43.088	5.29E-06	56077000
160939_WL_MC	3	2	2	3.6	51.173	0.00037476	21256000
84100_WL_MC	3	2	2	3.6	51.173	0.00037476	21256000
22893_WL_MC	3	2	2	3.6	51.173	0.00037476	21256000
80686_WL_MC	5	1	1	2.5	46.291	0.01024	10523000
22057_WL_MC	5	1	1	2.5	46.291	0.01024	10523000
49199_WL_MC	5	1	1	2.5	46.291	0.01024	10523000
54017_WL_MC	5	1	1	2.5	46.291	0.01024	10523000
161029_WL_MC	5	1	1	2.5	46.291	0.01024	10523000
161077_WL_MC	1	1	1	15.5	6.6698	0.034394	157950000
24336_WL_MC	2	1	1	5	22.586	0.0019486	62947000
161149_WL_MC	2	1	1	5	22.586	0.0019486	62947000
9012_WL_MC	5	1	1	2.5	57.066	0.0067134	47543000
9011_WL_MC	5	1	1	2.5	57.066	0.0067134	47543000
9010_WL_MC	5	1	1	2.5	57.066	0.0067134	47543000
9009_WL_MC	5	1	1	2.5	57.066	0.0067134	47543000
1613_WL_MC	5	1	1	2.5	57.066	0.0067134	47543000
161303_WL_MC	1	2	2	18.9	14.156	0.00022617	55142000
161790_WL_MC	5	4	4	7.6	83.867	2.93E-10	48331000
8357_WL_MC	5	4	4	7.6	83.867	2.93E-10	48331000
8358_WL_MC	5	4	4	7.6	83.867	2.93E-10	48331000
8359_WL_MC	5	4	4	7.6	83.867	2.93E-10	48331000
161789_WL_MC	5	4	4	7.6	83.867	2.93E-10	48331000
161924_WL_MC	4	1	1	3	41.268	0.0036896	0
161927_WL_MC	4	1	1	3	41.268	0.0036896	0
8455_WL_MC	4	1	1	3	41.268	0.0036896	0
8456_WL_MC	4	1	1	3	41.268	0.0036896	0
162050_WL_MC	4	1	1	2.6	55.944	0.016425	7907000
22483_WL_MC	4	1	1	2.6	55.944	0.016425	7907000
162049_WL_MC	4	1	1	2.6	55.944	0.016425	7907000
82367_WL_MC	4	1	1	2.6	55.944	0.016425	7907000
162066_WL_MC	1	1	1	4.3	36.96	0.0021248	10759000
28558_WL_MC	2	1	1	2.5	50.561	0.0023423	4239900
162127_WL_MC	2	1	1	2.5	50.561	0.0023423	4239900
162185_WL_MC	6	4	4	16.2	36.842	1.31E-09	39444000
8694_WL_MC	6	4	4	16.2	36.842	1.31E-09	39444000
162186_WL_MC	6	4	4	16.2	36.842	1.31E-09	39444000
8695_WL_MC	6	4	4	16.2	36.842	1.31E-09	39444000
39919_WL_MC	6	4	4	16.2	36.842	1.31E-09	39444000
27286_WL_MC	6	4	4	16.2	36.842	1.31E-09	39444000
162347_WL_MC	1	1	1	6.7	27.3	0.0002009	5756500
162418_WL_MC	3	13	2	6.8	32.92	8.48E-52	2304100000
36490_WL_MC	3	13	2	6.8	32.92	8.48E-52	2304100000
88241_WL_MC	3	13	2	6.8	32.92	8.48E-52	2304100000
162600_WL_MC	7	4	4	6.5	93.326	5.86E-17	27617000
39257_WL_MC	7	4	4	6.5	93.326	5.86E-17	27617000
26614_WL_MC	7	4	4	6.5	93.326	5.86E-17	27617000
131385_WL_MC	7	4	4	6.5	93.326	5.86E-17	27617000
30798_WL_MC	7	4	4	6.5	93.326	5.86E-17	27617000
102859_WL_MC	7	4	4	6.5	93.326	5.86E-17	27617000
18390_WL_MC	7	4	4	6.5	93.326	5.86E-17	27617000
162662_WL_MC	1	1	1	5.1	29.9	1.71E-05	13889000
9124_WL_MC	5	2	2	7.7	40.99	2.31E-06	95791000
71614_WL_MC	5	2	2	7.7	40.99	2.31E-06	95791000
32210_WL_MC	5	2	2	7.7	40.99	2.31E-06	95791000
19827_WL_MC	5	2	2	7.7	40.99	2.31E-06	95791000
162689_WL_MC	5	2	2	7.7	40.99	2.31E-06	95791000
162743_WL_MC	2	1	1	4.5	18.078	0.0014628	12680000
162742_WL_MC	2	1	1	4.5	18.078	0.0014628	12680000
162871_WL_MC	3	1	1	6	24.809	2.69E-05	23712000
162872_WL_MC	3	1	1	6	24.809	2.69E-05	23712000
31982_WL_MC	3	1	1	6	24.809	2.69E-05	23712000
162951_WL_MC	9	5	5	15.4	41.973	1.07E-10	210300000
54413_WL_MC	9	5	5	15.4	41.973	1.07E-10	210300000
162953_WL_MC	9	5	5	15.4	41.973	1.07E-10	210300000
54414_WL_MC	9	5	5	15.4	41.973	1.07E-10	210300000
162950_WL_MC	9	5	5	15.4	41.973	1.07E-10	210300000
54412_WL_MC	9	5	5	15.4	41.973	1.07E-10	210300000
94943_WL_MC	9	5	5	15.4	41.973	1.07E-10	210300000
162954_WL_MC	9	5	5	15.4	41.973	1.07E-10	210300000
54416_WL_MC	9	5	5	15.4	41.973	1.07E-10	210300000
163024_WL_MC	4	6	6	24.4	35.951	8.93E-14	146890000
9408_WL_MC	4	6	6	24.4	35.951	8.93E-14	146890000
163023_WL_MC	4	6	6	24.4	35.951	8.93E-14	146890000
129326_WL_MC	4	6	6	24.4	35.951	8.93E-14	146890000
17245_WL_MC	3	2	2	22.8	19.75	6.05E-06	92559000
163114_WL_MC	3	2	2	22.8	19.75	6.05E-06	92559000
54036_WL_MC	3	2	2	22.8	19.75	6.05E-06	92559000
163145_WL_MC	1	1	1	3.1	45.984	0.015919	14602000
163149_WL_MC	2	2	2	14.6	17.703	1.24E-09	47011000
27542_WL_MC	2	2	2	14.6	17.703	1.24E-09	47011000
163202_WL_MC	2	1	1	2.1	54.084	0.011848	25360000
9489_WL_MC	2	1	1	2.1	54.084	0.011848	25360000
50647_WL_MC	8	1	1	2.5	46.853	0.0070729	0
36866_WL_MC	8	1	1	2.5	46.853	0.0070729	0
50645_WL_MC	8	1	1	2.5	46.853	0.0070729	0
89714_WL_MC	8	1	1	2.5	46.853	0.0070729	0
50644_WL_MC	8	1	1	2.5	46.853	0.0070729	0
24293_WL_MC	8	1	1	2.5	46.853	0.0070729	0
9569_WL_MC	8	1	1	2.5	46.853	0.0070729	0
163325_WL_MC	8	1	1	2.5	46.853	0.0070729	0
163432_WL_MC	3	3	3	25.5	22.327	8.67E-11	20975000
144982_WL_MC	3	3	3	25.5	22.327	8.67E-11	20975000
57636_WL_MC	3	3	3	25.5	22.327	8.67E-11	20975000
163502_WL_MC	3	1	1	4.2	45.119	0.011856	0
163499_WL_MC	3	1	1	4.2	45.119	0.011856	0
163501_WL_MC	3	1	1	4.2	45.119	0.011856	0
163518_WL_MC	3	1	1	4.9	37.087	0.0024035	9985200
22556_WL_MC	3	1	1	4.9	37.087	0.0024035	9985200
35036_WL_MC	3	1	1	4.9	37.087	0.0024035	9985200
163594_WL_MC	3	1	1	2.3	47.045	0.0062378	7744700
163595_WL_MC	3	1	1	2.3	47.045	0.0062378	7744700
99421_WL_MC	3	1	1	2.3	47.045	0.0062378	7744700
163678_WL_MC	3	1	1	4.9	32.646	0.0034201	8225400
20127_WL_MC	3	1	1	4.9	32.646	0.0034201	8225400
72788_WL_MC	3	1	1	4.9	32.646	0.0034201	8225400
163868_WL_MC	4	1	1	3.8	43.57	3.35E-06	0
163870_WL_MC	4	1	1	3.8	43.57	3.35E-06	0
163872_WL_MC	4	1	1	3.8	43.57	3.35E-06	0
9979_WL_MC	4	1	1	3.8	43.57	3.35E-06	0
164029_WL_MC	1	1	1	4.5	21.31	0.0049772	0
164537_WL_MC	3	1	1	4	28.71	0.0063779	9227100
93615_WL_MC	3	1	1	4	28.71	0.0063779	9227100
2308_WL_MC	3	1	1	4	28.71	0.0063779	9227100
66921_WL_MC	3	4	4	19.5	25.146	1.96E-10	75032000
165224_WL_MC	3	4	4	19.5	25.146	1.96E-10	75032000
29044_WL_MC	3	4	4	19.5	25.146	1.96E-10	75032000
165240_WL_MC	6	3	2	6.7	44.467	3.06E-08	9526400
51831_WL_MC	6	3	2	6.7	44.467	3.06E-08	9526400
26532_WL_MC	6	3	2	6.7	44.467	3.06E-08	9526400
39161_WL_MC	6	3	2	6.7	44.467	3.06E-08	9526400
97520_WL_MC	6	3	2	6.7	44.467	3.06E-08	9526400
51830_WL_MC	6	3	2	6.7	44.467	3.06E-08	9526400
165302_WL_MC	4	2	2	10.5	23.256	2.83E-05	6452900
11251_WL_MC	4	2	2	10.5	23.256	2.83E-05	6452900
51884_WL_MC	4	2	2	10.5	23.256	2.83E-05	6452900
11250_WL_MC	4	2	2	10.5	23.256	2.83E-05	6452900
165303_WL_MC	2	8	8	56.3	24.131	6.63E-33	855870000
93394_WL_MC	2	8	8	56.3	24.131	6.63E-33	855870000
165499_WL_MC	3	1	1	11.9	9.8464	0.0013541	0
54619_WL_MC	3	1	1	11.9	9.8464	0.0013541	0
165500_WL_MC	3	1	1	11.9	9.8464	0.0013541	0
165554_WL_MC	3	2	2	20.5	14.161	1.18E-05	21371000
165553_WL_MC	3	2	2	20.5	14.161	1.18E-05	21371000
11417_WL_MC	3	2	2	20.5	14.161	1.18E-05	21371000
165574_WL_MC	2	4	4	24.5	23.355	2.35E-10	270750000
98817_WL_MC	2	4	4	24.5	23.355	2.35E-10	270750000
165577_WL_MC	1	1	1	4.8	19.531	0.011848	9950900
39323_WL_MC	9	3	3	4.9	97.814	3.47E-10	43804000
165661_WL_MC	9	3	3	4.9	97.814	3.47E-10	43804000
26687_WL_MC	9	3	3	4.9	97.814	3.47E-10	43804000
152875_WL_MC	9	3	3	4.9	97.814	3.47E-10	43804000
52080_WL_MC	9	3	3	4.9	97.814	3.47E-10	43804000
165660_WL_MC	9	3	3	4.9	97.814	3.47E-10	43804000
54845_WL_MC	9	3	3	4.9	97.814	3.47E-10	43804000
165659_WL_MC	9	3	3	4.9	97.814	3.47E-10	43804000
54844_WL_MC	9	3	3	4.9	97.814	3.47E-10	43804000
165877_WL_MC	16	4	4	5.4	110.36	5.83E-09	58745000
165882_WL_MC	16	4	4	5.4	110.36	5.83E-09	58745000
165875_WL_MC	16	4	4	5.4	110.36	5.83E-09	58745000
165876_WL_MC	16	4	4	5.4	110.36	5.83E-09	58745000
39085_WL_MC	16	4	4	5.4	110.36	5.83E-09	58745000
165881_WL_MC	16	4	4	5.4	110.36	5.83E-09	58745000
165880_WL_MC	16	4	4	5.4	110.36	5.83E-09	58745000
97277_WL_MC	16	4	4	5.4	110.36	5.83E-09	58745000
165883_WL_MC	16	4	4	5.4	110.36	5.83E-09	58745000
38442_WL_MC	16	4	4	5.4	110.36	5.83E-09	58745000
25768_WL_MC	16	4	4	5.4	110.36	5.83E-09	58745000
165878_WL_MC	16	4	4	5.4	110.36	5.83E-09	58745000
26444_WL_MC	16	4	4	5.4	110.36	5.83E-09	58745000
165873_WL_MC	16	4	4	5.4	110.36	5.83E-09	58745000
165879_WL_MC	16	4	4	5.4	110.36	5.83E-09	58745000
97278_WL_MC	16	4	4	5.4	110.36	5.83E-09	58745000
166428_WL_MC	1	2	2	10.6	27.11	3.88E-05	78065000
166471_WL_MC	11	13	13	52.8	36.04	3.39E-67	5127000000
35252_WL_MC	11	13	13	52.8	36.04	3.39E-67	5127000000
22753_WL_MC	11	13	13	52.8	36.04	3.39E-67	5127000000
83535_WL_MC	11	13	13	52.8	36.04	3.39E-67	5127000000
52600_WL_MC	11	13	13	52.8	36.04	3.39E-67	5127000000
52601_WL_MC	11	13	13	52.8	36.04	3.39E-67	5127000000
12269_WL_MC	11	13	13	52.8	36.04	3.39E-67	5127000000
12267_WL_MC	11	13	13	52.8	36.04	3.39E-67	5127000000
12268_WL_MC	11	13	13	52.8	36.04	3.39E-67	5127000000
12266_WL_MC	11	13	13	52.8	36.04	3.39E-67	5127000000
166472_WL_MC	11	13	13	52.8	36.04	3.39E-67	5127000000
166587_WL_MC	1	1	1	8.4	13.797	0.013372	5946800
166616_WL_MC	3	4	4	14	34.572	6.00E-12	47938000
37427_WL_MC	3	4	4	14	34.572	6.00E-12	47938000
96997_WL_MC	3	4	4	14	34.572	6.00E-12	47938000
166622_WL_MC	2	2	2	5.2	39.511	0.00058417	66790000
166621_WL_MC	2	2	2	5.2	39.511	0.00058417	66790000
166624_WL_MC	22	7	3	19.7	25.437	2.32E-18	226050000
49165_WL_MC	22	7	3	19.7	25.437	2.32E-18	226050000
53721_WL_MC	22	7	3	19.7	25.437	2.32E-18	226050000
49166_WL_MC	22	7	3	19.7	25.437	2.32E-18	226050000
53722_WL_MC	22	7	3	19.7	25.437	2.32E-18	226050000
104915_WL_MC	22	7	3	19.7	25.437	2.32E-18	226050000
53558_WL_MC	22	7	3	19.7	25.437	2.32E-18	226050000
53559_WL_MC	22	7	3	19.7	25.437	2.32E-18	226050000
28341_WL_MC	22	7	3	19.7	25.437	2.32E-18	226050000
55057_WL_MC	22	7	3	19.7	25.437	2.32E-18	226050000
39853_WL_MC	22	7	3	19.7	25.437	2.32E-18	226050000
41023_WL_MC	22	7	3	19.7	25.437	2.32E-18	226050000
53580_WL_MC	22	7	3	19.7	25.437	2.32E-18	226050000
39174_WL_MC	22	7	3	19.7	25.437	2.32E-18	226050000
50871_WL_MC	22	7	3	19.7	25.437	2.32E-18	226050000
26548_WL_MC	22	7	3	19.7	25.437	2.32E-18	226050000
7698_WL_MC	22	7	3	19.7	25.437	2.32E-18	226050000
53579_WL_MC	22	7	3	19.7	25.437	2.32E-18	226050000
13116_WL_MC	22	7	3	19.7	25.437	2.32E-18	226050000
50872_WL_MC	22	7	3	19.7	25.437	2.32E-18	226050000
52680_WL_MC	22	7	3	19.7	25.437	2.32E-18	226050000
101237_WL_MC	22	7	3	19.7	25.437	2.32E-18	226050000
166782_WL_MC	12	8	1	5	22.592	4.30E-20	1434700000
12507_WL_MC	12	8	1	5	22.592	4.30E-20	1434700000
166780_WL_MC	12	8	1	5	22.592	4.30E-20	1434700000
12509_WL_MC	12	8	1	5	22.592	4.30E-20	1434700000
53965_WL_MC	12	8	1	5	22.592	4.30E-20	1434700000
53964_WL_MC	12	8	1	5	22.592	4.30E-20	1434700000
2151_WL_MC	12	8	1	5	22.592	4.30E-20	1434700000
12505_WL_MC	12	8	1	5	22.592	4.30E-20	1434700000
12508_WL_MC	12	8	1	5	22.592	4.30E-20	1434700000
2150_WL_MC	12	8	1	5	22.592	4.30E-20	1434700000
12511_WL_MC	12	8	1	5	22.592	4.30E-20	1434700000
12510_WL_MC	12	8	1	5	22.592	4.30E-20	1434700000
166855_WL_MC	2	2	2	7.8	23.735	0.00045863	27112000
18456_WL_MC	2	2	2	7.8	23.735	0.00045863	27112000
166980_WL_MC	2	4	3	14.8	36.005	1.77E-09	102420000
99908_WL_MC	2	4	3	14.8	36.005	1.77E-09	102420000
167116_WL_MC	2	9	9	17.4	72.459	4.43E-29	316370000
102526_WL_MC	2	9	9	17.4	72.459	4.43E-29	316370000
167462_WL_MC	3	7	7	22.1	39.779	7.35E-27	555210000
43428_WL_MC	3	7	7	22.1	39.779	7.35E-27	555210000
45386_WL_MC	3	7	7	22.1	39.779	7.35E-27	555210000
167463_WL_MC	1	2	2	15	18.701	1.88E-06	31754000
53204_WL_MC	3	4	4	13.7	29.077	9.70E-19	139730000
167483_WL_MC	3	4	4	13.7	29.077	9.70E-19	139730000
56473_WL_MC	3	4	4	13.7	29.077	9.70E-19	139730000
167805_WL_MC	6	7	7	24.4	28.471	9.70E-22	601220000
89866_WL_MC	6	7	7	24.4	28.471	9.70E-22	601220000
24049_WL_MC	6	7	7	24.4	28.471	9.70E-22	601220000
88693_WL_MC	6	7	7	24.4	28.471	9.70E-22	601220000
24404_WL_MC	6	7	7	24.4	28.471	9.70E-22	601220000
43461_WL_MC	6	7	7	24.4	28.471	9.70E-22	601220000
38138_WL_MC	2	2	2	25.2	13.77	1.34E-07	65134000
167854_WL_MC	2	2	2	25.2	13.77	1.34E-07	65134000
16798_WL_MC	2	4	3	11.2	46.106	1.61E-39	41541000
45361_WL_MC	2	4	3	11.2	46.106	1.61E-39	41541000
168213_WL_MC	3	7	7	17.8	55.7	2.19E-18	141050000
104290_WL_MC	3	7	7	17.8	55.7	2.19E-18	141050000
149530_WL_MC	3	7	7	17.8	55.7	2.19E-18	141050000
168259_WL_MC	4	2	2	8.6	36.945	9.54E-05	3624500
168260_WL_MC	4	2	2	8.6	36.945	9.54E-05	3624500
13859_WL_MC	4	2	2	8.6	36.945	9.54E-05	3624500
13861_WL_MC	4	2	2	8.6	36.945	9.54E-05	3624500
168493_WL_MC	2	1	1	5.6	18.556	0.0081269	15952000
33385_WL_MC	2	1	1	5.6	18.556	0.0081269	15952000
168717_WL_MC	1	9	9	26.1	48.954	2.48E-21	160130000
28197_WL_MC	6	5	5	16.7	41.242	4.61E-10	65107000
169018_WL_MC	6	5	5	16.7	41.242	4.61E-10	65107000
63791_WL_MC	6	5	5	16.7	41.242	4.61E-10	65107000
40863_WL_MC	6	5	5	16.7	41.242	4.61E-10	65107000
169017_WL_MC	6	5	5	16.7	41.242	4.61E-10	65107000
169016_WL_MC	6	5	5	16.7	41.242	4.61E-10	65107000
169408_WL_MC	3	2	2	8.6	22.511	0.00012157	118110000
95484_WL_MC	3	2	2	8.6	22.511	0.00012157	118110000
25866_WL_MC	3	2	2	8.6	22.511	0.00012157	118110000
169802_WL_MC	1	4	4	33.5	17.638	1.31E-27	270550000
169951_WL_MC	2	3	3	16.8	20.425	1.62E-16	29582000
21044_WL_MC	2	3	3	16.8	20.425	1.62E-16	29582000
45776_WL_MC	3	1	1	8.3	18.187	0.0026937	6934100
45777_WL_MC	3	1	1	8.3	18.187	0.0026937	6934100
170242_WL_MC	3	1	1	8.3	18.187	0.0026937	6934100
170329_WL_MC	1	1	1	64.2	6.6688	0.019355	0
170332_WL_MC	1	1	1	7.4	26.692	1.07E-26	8796100
1741_WL_MC	6	4	4	25.3	17.764	3.38E-07	88788000
27885_WL_MC	6	4	4	25.3	17.764	3.38E-07	88788000
40543_WL_MC	6	4	4	25.3	17.764	3.38E-07	88788000
62600_WL_MC	6	4	4	25.3	17.764	3.38E-07	88788000
148959_WL_MC	6	4	4	25.3	17.764	3.38E-07	88788000
148960_WL_MC	6	4	4	25.3	17.764	3.38E-07	88788000
43212_WL_MC	2	2	2	16.6	17.678	0.00018722	22156000
17612_WL_MC	2	2	2	16.6	17.678	0.00018722	22156000
17629_WL_MC	1	5	1	7.1	16.629	1.43E-09	17837000
17849_WL_MC	3	2	1	7.3	19.498	9.88E-06	14730000
46259_WL_MC	3	2	1	7.3	19.498	9.88E-06	14730000
156257_WL_MC	3	2	1	7.3	19.498	9.88E-06	14730000
18058_WL_MC	1	2	2	12.1	20.269	1.10E-21	254110000
18068_WL_MC	3	2	2	12.8	20.877	8.74E-05	24000000
47245_WL_MC	3	2	2	12.8	20.877	8.74E-05	24000000
101890_WL_MC	3	2	2	12.8	20.877	8.74E-05	24000000
50232_WL_MC	2	1	1	2.7	60.164	0.0055684	17033000
18222_WL_MC	2	1	1	2.7	60.164	0.0055684	17033000
52568_WL_MC	3	1	1	2	50.967	0.019633	15359000
70872_WL_MC	3	1	1	2	50.967	0.019633	15359000
18461_WL_MC	3	1	1	2	50.967	0.019633	15359000
18778_WL_MC	3	1	1	4.7	29.463	0.0051441	19019000
53686_WL_MC	3	1	1	4.7	29.463	0.0051441	19019000
42778_WL_MC	3	1	1	4.7	29.463	0.0051441	19019000
19027_WL_MC	7	8	8	31.7	30.974	1.34E-40	691180000
31410_WL_MC	7	8	8	31.7	30.974	1.34E-40	691180000
51627_WL_MC	7	8	8	31.7	30.974	1.34E-40	691180000
51625_WL_MC	7	8	8	31.7	30.974	1.34E-40	691180000
51626_WL_MC	7	8	8	31.7	30.974	1.34E-40	691180000
104462_WL_MC	7	8	8	31.7	30.974	1.34E-40	691180000
53703_WL_MC	7	8	8	31.7	30.974	1.34E-40	691180000
19404_WL_MC	2	4	1	3.1	48.539	1.36E-10	0
105438_WL_MC	2	4	1	3.1	48.539	1.36E-10	0
19552_WL_MC	2	12	12	38.4	44.653	5.48E-105	5923500000
105763_WL_MC	2	12	12	38.4	44.653	5.48E-105	5923500000
19575_WL_MC	6	3	2	4.3	56.571	3.65E-16	56113000
11937_WL_MC	6	3	2	4.3	56.571	3.65E-16	56113000
105822_WL_MC	6	3	2	4.3	56.571	3.65E-16	56113000
2343_WL_MC	6	3	2	4.3	56.571	3.65E-16	56113000
42219_WL_MC	6	3	2	4.3	56.571	3.65E-16	56113000
42218_WL_MC	6	3	2	4.3	56.571	3.65E-16	56113000
19623_WL_MC	2	1	1	5.6	46.723	0.0063059	24689000
32016_WL_MC	2	1	1	5.6	46.723	0.0063059	24689000
19665_WL_MC	5	6	6	12.6	66.929	1.72E-14	22298000
3515_WL_MC	5	6	6	12.6	66.929	1.72E-14	22298000
3516_WL_MC	5	6	6	12.6	66.929	1.72E-14	22298000
53794_WL_MC	5	6	6	12.6	66.929	1.72E-14	22298000
53793_WL_MC	5	6	6	12.6	66.929	1.72E-14	22298000
44384_WL_MC	4	1	1	2.2	56.1	0.017016	21476000
32253_WL_MC	4	1	1	2.2	56.1	0.017016	21476000
19871_WL_MC	4	1	1	2.2	56.1	0.017016	21476000
71789_WL_MC	4	1	1	2.2	56.1	0.017016	21476000
44337_WL_MC	2	1	1	11.9	12.482	0.0016436	8117600
20173_WL_MC	2	1	1	11.9	12.482	0.0016436	8117600
73386_WL_MC	4	1	1	2.9	53.466	0.0055689	0
44359_WL_MC	4	1	1	2.9	53.466	0.0055689	0
32658_WL_MC	4	1	1	2.9	53.466	0.0055689	0
20267_WL_MC	4	1	1	2.9	53.466	0.0055689	0
20358_WL_MC	9	8	8	40.2	37.816	1.89E-180	5088000000
32744_WL_MC	9	8	8	40.2	37.816	1.89E-180	5088000000
73747_WL_MC	9	8	8	40.2	37.816	1.89E-180	5088000000
4602_WL_MC	9	8	8	40.2	37.816	1.89E-180	5088000000
4603_WL_MC	9	8	8	40.2	37.816	1.89E-180	5088000000
4604_WL_MC	9	8	8	40.2	37.816	1.89E-180	5088000000
4606_WL_MC	9	8	8	40.2	37.816	1.89E-180	5088000000
4605_WL_MC	9	8	8	40.2	37.816	1.89E-180	5088000000
47048_WL_MC	9	8	8	40.2	37.816	1.89E-180	5088000000
20359_WL_MC	3	3	3	13.2	38.637	1.40E-21	79500000
73748_WL_MC	3	3	3	13.2	38.637	1.40E-21	79500000
2691_WL_MC	3	3	3	13.2	38.637	1.40E-21	79500000
736_WL_MC	4	2	2	14.5	22.674	2.48E-22	207010000
53880_WL_MC	4	2	2	14.5	22.674	2.48E-22	207010000
33074_WL_MC	4	2	2	14.5	22.674	2.48E-22	207010000
20662_WL_MC	4	2	2	14.5	22.674	2.48E-22	207010000
20836_WL_MC	3	2	2	3.8	70.085	2.97E-05	9312200
75638_WL_MC	3	2	2	3.8	70.085	2.97E-05	9312200
46083_WL_MC	3	2	2	3.8	70.085	2.97E-05	9312200
76514_WL_MC	3	1	1	7.2	21.481	0.0059932	4815000
33444_WL_MC	3	1	1	7.2	21.481	0.0059932	4815000
21047_WL_MC	3	1	1	7.2	21.481	0.0059932	4815000
76535_WL_MC	3	1	1	4	36.367	0.00070149	9196400
21053_WL_MC	3	1	1	4	36.367	0.00070149	9196400
4843_WL_MC	3	1	1	4	36.367	0.00070149	9196400
21109_WL_MC	7	10	10	21	58.466	6.60E-49	958710000
4685_WL_MC	7	10	10	21	58.466	6.60E-49	958710000
47086_WL_MC	7	10	10	21	58.466	6.60E-49	958710000
33516_WL_MC	7	10	10	21	58.466	6.60E-49	958710000
47085_WL_MC	7	10	10	21	58.466	6.60E-49	958710000
76796_WL_MC	7	10	10	21	58.466	6.60E-49	958710000
76795_WL_MC	7	10	10	21	58.466	6.60E-49	958710000
77345_WL_MC	2	1	1	3.9	32.268	0.0057128	22796000
21234_WL_MC	2	1	1	3.9	32.268	0.0057128	22796000
77604_WL_MC	3	1	1	7.5	15.164	0.004571	39199000
45418_WL_MC	3	1	1	7.5	15.164	0.004571	39199000
21296_WL_MC	3	1	1	7.5	15.164	0.004571	39199000
33728_WL_MC	3	2	1	3.8	40.887	4.34E-06	33458000
77656_WL_MC	3	2	1	3.8	40.887	4.34E-06	33458000
21311_WL_MC	3	2	1	3.8	40.887	4.34E-06	33458000
33888_WL_MC	7	12	12	15.5	78.046	4.32E-216	5708400000
21471_WL_MC	7	12	12	15.5	78.046	4.32E-216	5708400000
49500_WL_MC	7	12	12	15.5	78.046	4.32E-216	5708400000
78294_WL_MC	7	12	12	15.5	78.046	4.32E-216	5708400000
49499_WL_MC	7	12	12	15.5	78.046	4.32E-216	5708400000
78295_WL_MC	7	12	12	15.5	78.046	4.32E-216	5708400000
49498_WL_MC	7	12	12	15.5	78.046	4.32E-216	5708400000
78649_WL_MC	4	7	7	21.9	43.895	3.12E-32	284820000
21557_WL_MC	4	7	7	21.9	43.895	3.12E-32	284820000
137527_WL_MC	4	7	7	21.9	43.895	3.12E-32	284820000
33970_WL_MC	4	7	7	21.9	43.895	3.12E-32	284820000
21660_WL_MC	19	7	0	0	22.507	1.58E-13	15390000
REV__51206_WL_MC	19	7	0	0	22.507	1.58E-13	15390000
REV__51205_WL_MC	19	7	0	0	22.507	1.58E-13	15390000
REV__51204_WL_MC	19	7	0	0	22.507	1.58E-13	15390000
REV__51202_WL_MC	19	7	0	0	22.507	1.58E-13	15390000
REV__51200_WL_MC	19	7	0	0	22.507	1.58E-13	15390000
REV__51198_WL_MC	19	7	0	0	22.507	1.58E-13	15390000
REV__51203_WL_MC	19	7	0	0	22.507	1.58E-13	15390000
REV__51197_WL_MC	19	7	0	0	22.507	1.58E-13	15390000
REV__40673_WL_MC	19	7	0	0	22.507	1.58E-13	15390000
REV__164195_WL_MC	19	7	0	0	22.507	1.58E-13	15390000
REV__164190_WL_MC	19	7	0	0	22.507	1.58E-13	15390000
REV__164196_WL_MC	19	7	0	0	22.507	1.58E-13	15390000
REV__164191_WL_MC	19	7	0	0	22.507	1.58E-13	15390000
REV__51201_WL_MC	19	7	0	0	22.507	1.58E-13	15390000
REV__51199_WL_MC	19	7	0	0	22.507	1.58E-13	15390000
REV__51207_WL_MC	19	7	0	0	22.507	1.58E-13	15390000
3498_WL_MC	19	7	0	0	22.507	1.58E-13	15390000
REV__10281_WL_MC	19	7	0	0	22.507	1.58E-13	15390000
34249_WL_MC	5	2	2	7.5	37.286	3.77E-06	12207000
79744_WL_MC	5	2	2	7.5	37.286	3.77E-06	12207000
21823_WL_MC	5	2	2	7.5	37.286	3.77E-06	12207000
47169_WL_MC	5	2	2	7.5	37.286	3.77E-06	12207000
138089_WL_MC	5	2	2	7.5	37.286	3.77E-06	12207000
21851_WL_MC	3	7	7	32.3	42.67	8.43E-40	323510000
34282_WL_MC	3	7	7	32.3	42.67	8.43E-40	323510000
79859_WL_MC	3	7	7	32.3	42.67	8.43E-40	323510000
42706_WL_MC	2	1	1	4.8	23.792	0.0050191	0
22152_WL_MC	2	1	1	4.8	23.792	0.0050191	0
22236_WL_MC	2	3	3	23.5	18.745	1.58E-11	237640000
45365_WL_MC	2	3	3	23.5	18.745	1.58E-11	237640000
51854_WL_MC	2	1	1	4.9	36.981	7.85E-06	0
22513_WL_MC	2	1	1	4.9	36.981	7.85E-06	0
22921_WL_MC	1	4	1	16.1	17.262	4.99E-23	17718000
44291_WL_MC	3	2	0	0	50.992	0.00017813	10720000
35431_WL_MC	3	2	0	0	50.992	0.00017813	10720000
22922_WL_MC	3	2	0	0	50.992	0.00017813	10720000
23381_WL_MC	2	7	6	20.2	43.761	1.56E-18	79197000
85977_WL_MC	2	7	6	20.2	43.761	1.56E-18	79197000
45953_WL_MC	5	2	2	9.5	37.953	1.03E-07	19662000
45954_WL_MC	5	2	2	9.5	37.953	1.03E-07	19662000
23387_WL_MC	5	2	2	9.5	37.953	1.03E-07	19662000
85996_WL_MC	5	2	2	9.5	37.953	1.03E-07	19662000
155746_WL_MC	5	2	2	9.5	37.953	1.03E-07	19662000
46211_WL_MC	5	1	1	2.6	36.827	0.00084423	0
46209_WL_MC	5	1	1	2.6	36.827	0.00084423	0
46210_WL_MC	5	1	1	2.6	36.827	0.00084423	0
23391_WL_MC	5	1	1	2.6	36.827	0.00084423	0
86008_WL_MC	5	1	1	2.6	36.827	0.00084423	0
23393_WL_MC	5	2	2	7.4	36.742	2.17E-07	25523000
42974_WL_MC	5	2	2	7.4	36.742	2.17E-07	25523000
859_WL_MC	5	2	2	7.4	36.742	2.17E-07	25523000
86013_WL_MC	5	2	2	7.4	36.742	2.17E-07	25523000
141126_WL_MC	5	2	2	7.4	36.742	2.17E-07	25523000
2344_WL_MC	3	2	1	3.9	34.523	1.67E-12	0
2346_WL_MC	3	2	1	3.9	34.523	1.67E-12	0
133362_WL_MC	3	2	1	3.9	34.523	1.67E-12	0
53146_WL_MC	6	1	1	7.5	39.335	3.22E-19	0
53145_WL_MC	6	1	1	7.5	39.335	3.22E-19	0
53144_WL_MC	6	1	1	7.5	39.335	3.22E-19	0
35997_WL_MC	6	1	1	7.5	39.335	3.22E-19	0
23491_WL_MC	6	1	1	7.5	39.335	3.22E-19	0
86399_WL_MC	6	1	1	7.5	39.335	3.22E-19	0
23648_WL_MC	2	1	1	1.3	73.299	0.01993	8461200
87001_WL_MC	2	1	1	1.3	73.299	0.01993	8461200
23695_WL_MC	5	6	4	7.1	52.413	5.02E-13	228450000
87180_WL_MC	5	6	4	7.1	52.413	5.02E-13	228450000
170196_WL_MC	5	6	4	7.1	52.413	5.02E-13	228450000
36216_WL_MC	5	6	4	7.1	52.413	5.02E-13	228450000
141666_WL_MC	5	6	4	7.1	52.413	5.02E-13	228450000
23729_WL_MC	1	2	2	11.6	16.162	5.39E-06	186530000
23789_WL_MC	2	5	5	22.9	29.714	7.95E-86	10581000000
87631_WL_MC	2	5	5	22.9	29.714	7.95E-86	10581000000
23790_WL_MC	4	9	9	32.6	28.632	3.90E-54	2034500000
87632_WL_MC	4	9	9	32.6	28.632	3.90E-54	2034500000
9641_WL_MC	4	9	9	32.6	28.632	3.90E-54	2034500000
50694_WL_MC	4	9	9	32.6	28.632	3.90E-54	2034500000
87835_WL_MC	3	1	1	3.5	40.584	0.0077401	7835000
23845_WL_MC	3	1	1	3.5	40.584	0.0077401	7835000
45366_WL_MC	3	1	1	3.5	40.584	0.0077401	7835000
49887_WL_MC	2	2	2	9.8	16.478	0.00061867	841650000
24004_WL_MC	2	2	2	9.8	16.478	0.00061867	841650000
36619_WL_MC	6	5	5	13.7	36.03	4.23E-09	145890000
24052_WL_MC	6	5	5	13.7	36.03	4.23E-09	145890000
88704_WL_MC	6	5	5	13.7	36.03	4.23E-09	145890000
50800_WL_MC	6	5	5	13.7	36.03	4.23E-09	145890000
20045_WL_MC	6	5	5	13.7	36.03	4.23E-09	145890000
72473_WL_MC	6	5	5	13.7	36.03	4.23E-09	145890000
43104_WL_MC	3	2	2	1.6	148.47	0.00047163	45059000
24209_WL_MC	3	2	2	1.6	148.47	0.00047163	45059000
89336_WL_MC	3	2	2	1.6	148.47	0.00047163	45059000
24310_WL_MC	2	3	2	9.3	22.099	2.49E-07	84033000
36876_WL_MC	2	3	2	9.3	22.099	2.49E-07	84033000
36993_WL_MC	4	2	2	9	37.802	0.00031039	16790000
24413_WL_MC	4	2	2	9	37.802	0.00031039	16790000
90217_WL_MC	4	2	2	9	37.802	0.00031039	16790000
154622_WL_MC	4	2	2	9	37.802	0.00031039	16790000
37235_WL_MC	7	14	14	29.4	75.725	3.29E-164	7011000000
24646_WL_MC	7	14	14	29.4	75.725	3.29E-164	7011000000
51507_WL_MC	7	14	14	29.4	75.725	3.29E-164	7011000000
51508_WL_MC	7	14	14	29.4	75.725	3.29E-164	7011000000
54280_WL_MC	7	14	14	29.4	75.725	3.29E-164	7011000000
91045_WL_MC	7	14	14	29.4	75.725	3.29E-164	7011000000
10775_WL_MC	7	14	14	29.4	75.725	3.29E-164	7011000000
24660_WL_MC	3	7	5	20.5	41.823	2.80E-13	113980000
91107_WL_MC	3	7	5	20.5	41.823	2.80E-13	113980000
154803_WL_MC	3	7	5	20.5	41.823	2.80E-13	113980000
46260_WL_MC	2	9	9	25.1	43.61	5.00E-21	173940000
24662_WL_MC	2	9	9	25.1	43.61	5.00E-21	173940000
37637_WL_MC	3	2	2	6.6	34.158	3.31E-05	66009000
25018_WL_MC	3	2	2	6.6	34.158	3.31E-05	66009000
49573_WL_MC	3	2	2	6.6	34.158	3.31E-05	66009000
37662_WL_MC	3	10	10	50.5	24.732	2.45E-53	1130800000
25038_WL_MC	3	10	10	50.5	24.732	2.45E-53	1130800000
92522_WL_MC	3	10	10	50.5	24.732	2.45E-53	1130800000
25129_WL_MC	4	1	1	2.9	39.79	0.013129	5879600
37750_WL_MC	4	1	1	2.9	39.79	0.013129	5879600
92861_WL_MC	4	1	1	2.9	39.79	0.013129	5879600
50093_WL_MC	4	1	1	2.9	39.79	0.013129	5879600
49853_WL_MC	10	3	3	6.9	54.051	9.41E-12	664430000
49856_WL_MC	10	3	3	6.9	54.051	9.41E-12	664430000
49854_WL_MC	10	3	3	6.9	54.051	9.41E-12	664430000
37826_WL_MC	10	3	3	6.9	54.051	9.41E-12	664430000
54354_WL_MC	10	3	3	6.9	54.051	9.41E-12	664430000
54356_WL_MC	10	3	3	6.9	54.051	9.41E-12	664430000
49855_WL_MC	10	3	3	6.9	54.051	9.41E-12	664430000
54355_WL_MC	10	3	3	6.9	54.051	9.41E-12	664430000
25204_WL_MC	10	3	3	6.9	54.051	9.41E-12	664430000
93102_WL_MC	10	3	3	6.9	54.051	9.41E-12	664430000
37832_WL_MC	2	1	1	3.9	49.616	4.89E-05	42953000
25209_WL_MC	2	1	1	3.9	49.616	4.89E-05	42953000
25231_WL_MC	1	1	1	2.2	42.139	0.005246	159030000
25255_WL_MC	5	4	4	17.7	36.966	2.91E-42	583680000
93300_WL_MC	5	4	4	17.7	36.966	2.91E-42	583680000
14545_WL_MC	5	4	4	17.7	36.966	2.91E-42	583680000
144254_WL_MC	5	4	4	17.7	36.966	2.91E-42	583680000
14544_WL_MC	5	4	4	17.7	36.966	2.91E-42	583680000
25273_WL_MC	3	3	3	17.7	27.426	5.48E-08	23498000
43353_WL_MC	3	3	3	17.7	27.426	5.48E-08	23498000
93379_WL_MC	3	3	3	17.7	27.426	5.48E-08	23498000
94576_WL_MC	3	1	1	6.3	19.866	0.0038038	12858000
38260_WL_MC	3	1	1	6.3	19.866	0.0038038	12858000
25587_WL_MC	3	1	1	6.3	19.866	0.0038038	12858000
25986_WL_MC	1	1	1	3.9	25.399	0.0086645	15607000
95941_WL_MC	3	1	1	5.2	32.972	0.0059792	14775000
45417_WL_MC	3	1	1	5.2	32.972	0.0059792	14775000
26000_WL_MC	3	1	1	5.2	32.972	0.0059792	14775000
26062_WL_MC	6	6	6	20.2	43.656	4.00E-12	74478000
44531_WL_MC	6	6	6	20.2	43.656	4.00E-12	74478000
44533_WL_MC	6	6	6	20.2	43.656	4.00E-12	74478000
53335_WL_MC	6	6	6	20.2	43.656	4.00E-12	74478000
44532_WL_MC	6	6	6	20.2	43.656	4.00E-12	74478000
168197_WL_MC	6	6	6	20.2	43.656	4.00E-12	74478000
48321_WL_MC	3	1	1	0.9	156.41	0.0011519	12366000
48320_WL_MC	3	1	1	0.9	156.41	0.0011519	12366000
26227_WL_MC	3	1	1	0.9	156.41	0.0011519	12366000
38947_WL_MC	5	4	3	6.4	70.045	1.01E-12	54669000
26298_WL_MC	5	4	3	6.4	70.045	1.01E-12	54669000
50705_WL_MC	5	4	3	6.4	70.045	1.01E-12	54669000
96840_WL_MC	5	4	3	6.4	70.045	1.01E-12	54669000
96838_WL_MC	5	4	3	6.4	70.045	1.01E-12	54669000
26310_WL_MC	8	2	2	12.8	33.492	4.24E-06	63535000
49079_WL_MC	8	2	2	12.8	33.492	4.24E-06	63535000
38956_WL_MC	8	2	2	12.8	33.492	4.24E-06	63535000
96875_WL_MC	8	2	2	12.8	33.492	4.24E-06	63535000
49077_WL_MC	8	2	2	12.8	33.492	4.24E-06	63535000
53379_WL_MC	8	2	2	12.8	33.492	4.24E-06	63535000
7609_WL_MC	8	2	2	12.8	33.492	4.24E-06	63535000
7608_WL_MC	8	2	2	12.8	33.492	4.24E-06	63535000
50748_WL_MC	6	1	1	2.4	43.803	0.017878	6886900
26316_WL_MC	6	1	1	2.4	43.803	0.017878	6886900
38962_WL_MC	6	1	1	2.4	43.803	0.017878	6886900
9723_WL_MC	6	1	1	2.4	43.803	0.017878	6886900
9724_WL_MC	6	1	1	2.4	43.803	0.017878	6886900
50749_WL_MC	6	1	1	2.4	43.803	0.017878	6886900
26323_WL_MC	3	1	1	2.1	61.781	0.0015478	6144300
48628_WL_MC	3	1	1	2.1	61.781	0.0015478	6144300
96904_WL_MC	3	1	1	2.1	61.781	0.0015478	6144300
26336_WL_MC	13	1	1	0.4	451.49	0.0031009	18516000
48818_WL_MC	13	1	1	0.4	451.49	0.0031009	18516000
48821_WL_MC	13	1	1	0.4	451.49	0.0031009	18516000
53390_WL_MC	13	1	1	0.4	451.49	0.0031009	18516000
53393_WL_MC	13	1	1	0.4	451.49	0.0031009	18516000
48816_WL_MC	13	1	1	0.4	451.49	0.0031009	18516000
48819_WL_MC	13	1	1	0.4	451.49	0.0031009	18516000
48820_WL_MC	13	1	1	0.4	451.49	0.0031009	18516000
53388_WL_MC	13	1	1	0.4	451.49	0.0031009	18516000
53391_WL_MC	13	1	1	0.4	451.49	0.0031009	18516000
53392_WL_MC	13	1	1	0.4	451.49	0.0031009	18516000
48817_WL_MC	13	1	1	0.4	451.49	0.0031009	18516000
53389_WL_MC	13	1	1	0.4	451.49	0.0031009	18516000
26359_WL_MC	3	4	4	13.3	44.012	7.05E-20	125930000
43826_WL_MC	3	4	4	13.3	44.012	7.05E-20	125930000
97026_WL_MC	3	4	4	13.3	44.012	7.05E-20	125930000
42993_WL_MC	5	2	2	6.8	41.524	1.58E-06	40931000
97156_WL_MC	5	2	2	6.8	41.524	1.58E-06	40931000
39040_WL_MC	5	2	2	6.8	41.524	1.58E-06	40931000
26405_WL_MC	5	2	2	6.8	41.524	1.58E-06	40931000
85175_WL_MC	5	2	2	6.8	41.524	1.58E-06	40931000
45596_WL_MC	5	1	1	4.4	45.11	0.0092275	5516100
26471_WL_MC	5	1	1	4.4	45.11	0.0092275	5516100
39108_WL_MC	5	1	1	4.4	45.11	0.0092275	5516100
45595_WL_MC	5	1	1	4.4	45.11	0.0092275	5516100
45594_WL_MC	5	1	1	4.4	45.11	0.0092275	5516100
7093_WL_MC	9	1	1	1.9	88.52	0.0013745	0
7083_WL_MC	9	1	1	1.9	88.52	0.0013745	0
7090_WL_MC	9	1	1	1.9	88.52	0.0013745	0
7086_WL_MC	9	1	1	1.9	88.52	0.0013745	0
7088_WL_MC	9	1	1	1.9	88.52	0.0013745	0
7087_WL_MC	9	1	1	1.9	88.52	0.0013745	0
97464_WL_MC	9	1	1	1.9	88.52	0.0013745	0
26513_WL_MC	9	1	1	1.9	88.52	0.0013745	0
39142_WL_MC	9	1	1	1.9	88.52	0.0013745	0
26901_WL_MC	6	21	0	0	57.822	9.82E-242	78439000
9467_WL_MC	6	21	0	0	57.822	9.82E-242	78439000
146754_WL_MC	6	21	0	0	57.822	9.82E-242	78439000
146755_WL_MC	6	21	0	0	57.822	9.82E-242	78439000
152476_WL_MC	6	21	0	0	57.822	9.82E-242	78439000
163126_WL_MC	6	21	0	0	57.822	9.82E-242	78439000
27042_WL_MC	1	1	1	27	14.641	0.019279	0
39851_WL_MC	5	3	3	16.2	24.851	9.20E-14	286700000
27223_WL_MC	5	3	3	16.2	24.851	9.20E-14	286700000
47780_WL_MC	5	3	3	16.2	24.851	9.20E-14	286700000
53489_WL_MC	5	3	3	16.2	24.851	9.20E-14	286700000
60125_WL_MC	5	3	3	16.2	24.851	9.20E-14	286700000
43510_WL_MC	4	1	1	3.7	41.822	0.00024425	21558000
39933_WL_MC	4	1	1	3.7	41.822	0.00024425	21558000
60384_WL_MC	4	1	1	3.7	41.822	0.00024425	21558000
27296_WL_MC	4	1	1	3.7	41.822	0.00024425	21558000
40158_WL_MC	3	2	2	12.6	26.684	1.61E-44	2221600000
27527_WL_MC	3	2	2	12.6	26.684	1.61E-44	2221600000
61214_WL_MC	3	2	2	12.6	26.684	1.61E-44	2221600000
27584_WL_MC	4	6	1	2.3	69.514	1.54E-14	10758000
40222_WL_MC	4	6	1	2.3	69.514	1.54E-14	10758000
61437_WL_MC	4	6	1	2.3	69.514	1.54E-14	10758000
53517_WL_MC	4	6	1	2.3	69.514	1.54E-14	10758000
27950_WL_MC	2	1	1	5	31.53	5.66E-06	13877000
62837_WL_MC	2	1	1	5	31.53	5.66E-06	13877000
40866_WL_MC	15	5	5	11	61.753	4.63E-12	21116000
28200_WL_MC	15	5	5	11	61.753	4.63E-12	21116000
63801_WL_MC	15	5	5	11	61.753	4.63E-12	21116000
158240_WL_MC	15	5	5	11	61.753	4.63E-12	21116000
2474_WL_MC	15	5	5	11	61.753	4.63E-12	21116000
5092_WL_MC	15	5	5	11	61.753	4.63E-12	21116000
47307_WL_MC	15	5	5	11	61.753	4.63E-12	21116000
47308_WL_MC	15	5	5	11	61.753	4.63E-12	21116000
2473_WL_MC	15	5	5	11	61.753	4.63E-12	21116000
5093_WL_MC	15	5	5	11	61.753	4.63E-12	21116000
47311_WL_MC	15	5	5	11	61.753	4.63E-12	21116000
5100_WL_MC	15	5	5	11	61.753	4.63E-12	21116000
5096_WL_MC	15	5	5	11	61.753	4.63E-12	21116000
47305_WL_MC	15	5	5	11	61.753	4.63E-12	21116000
155229_WL_MC	15	5	5	11	61.753	4.63E-12	21116000
51908_WL_MC	11	8	8	27.1	44.229	1.32E-44	711620000
28241_WL_MC	11	8	8	27.1	44.229	1.32E-44	711620000
40914_WL_MC	11	8	8	27.1	44.229	1.32E-44	711620000
51905_WL_MC	11	8	8	27.1	44.229	1.32E-44	711620000
51907_WL_MC	11	8	8	27.1	44.229	1.32E-44	711620000
51903_WL_MC	11	8	8	27.1	44.229	1.32E-44	711620000
51906_WL_MC	11	8	8	27.1	44.229	1.32E-44	711620000
63957_WL_MC	11	8	8	27.1	44.229	1.32E-44	711620000
63958_WL_MC	11	8	8	27.1	44.229	1.32E-44	711620000
51904_WL_MC	11	8	8	27.1	44.229	1.32E-44	711620000
165318_WL_MC	11	8	8	27.1	44.229	1.32E-44	711620000
41596_WL_MC	3	4	4	10.8	41.847	5.23E-12	116590000
28939_WL_MC	3	4	4	10.8	41.847	5.23E-12	116590000
53203_WL_MC	3	4	4	10.8	41.847	5.23E-12	116590000
29801_WL_MC	1	1	1	7.3	23.034	0.0060053	61135000
3046_WL_MC	5	11	11	66.5	23.499	1.11E-37	2611800000
19196_WL_MC	5	11	11	66.5	23.499	1.11E-37	2611800000
46099_WL_MC	5	11	11	66.5	23.499	1.11E-37	2611800000
3047_WL_MC	5	11	11	66.5	23.499	1.11E-37	2611800000
3048_WL_MC	5	11	11	66.5	23.499	1.11E-37	2611800000
30775_WL_MC	1	1	1	7.3	20.095	1.94E-17	18103000
5800_WL_MC	5	1	1	4.2	33.525	5.98E-05	7705500
5799_WL_MC	5	1	1	4.2	33.525	5.98E-05	7705500
30851_WL_MC	5	1	1	4.2	33.525	5.98E-05	7705500
5801_WL_MC	5	1	1	4.2	33.525	5.98E-05	7705500
5802_WL_MC	5	1	1	4.2	33.525	5.98E-05	7705500
3100_WL_MC	1	4	4	20	28.374	4.42E-39	111960000
32922_WL_MC	10	6	6	10.5	91.04	3.92E-18	80353000
74470_WL_MC	10	6	6	10.5	91.04	3.92E-18	80353000
49400_WL_MC	10	6	6	10.5	91.04	3.92E-18	80353000
7997_WL_MC	10	6	6	10.5	91.04	3.92E-18	80353000
135376_WL_MC	10	6	6	10.5	91.04	3.92E-18	80353000
20543_WL_MC	10	6	6	10.5	91.04	3.92E-18	80353000
49404_WL_MC	10	6	6	10.5	91.04	3.92E-18	80353000
49401_WL_MC	10	6	6	10.5	91.04	3.92E-18	80353000
53869_WL_MC	10	6	6	10.5	91.04	3.92E-18	80353000
74469_WL_MC	10	6	6	10.5	91.04	3.92E-18	80353000
75892_WL_MC	4	1	1	3.3	41.838	0.0026512	14480000
33288_WL_MC	4	1	1	3.3	41.838	0.0026512	14480000
44808_WL_MC	4	1	1	3.3	41.838	0.0026512	14480000
44806_WL_MC	4	1	1	3.3	41.838	0.0026512	14480000
33593_WL_MC	2	1	1	1.7	60.97	0.0080709	8589000
44355_WL_MC	2	1	1	1.7	60.97	0.0080709	8589000
33994_WL_MC	13	21	21	40.6	75.494	4.04E-112	1819600000
21592_WL_MC	13	21	21	40.6	75.494	4.04E-112	1819600000
46058_WL_MC	13	21	21	40.6	75.494	4.04E-112	1819600000
78803_WL_MC	13	21	21	40.6	75.494	4.04E-112	1819600000
46057_WL_MC	13	21	21	40.6	75.494	4.04E-112	1819600000
2978_WL_MC	13	21	21	40.6	75.494	4.04E-112	1819600000
46060_WL_MC	13	21	21	40.6	75.494	4.04E-112	1819600000
2981_WL_MC	13	21	21	40.6	75.494	4.04E-112	1819600000
2980_WL_MC	13	21	21	40.6	75.494	4.04E-112	1819600000
2979_WL_MC	13	21	21	40.6	75.494	4.04E-112	1819600000
46059_WL_MC	13	21	21	40.6	75.494	4.04E-112	1819600000
78802_WL_MC	13	21	21	40.6	75.494	4.04E-112	1819600000
137601_WL_MC	13	21	21	40.6	75.494	4.04E-112	1819600000
34224_WL_MC	27	14	14	28.2	85.281	6.14E-57	1447000000
11571_WL_MC	27	14	14	28.2	85.281	6.14E-57	1447000000
11570_WL_MC	27	14	14	28.2	85.281	6.14E-57	1447000000
11572_WL_MC	27	14	14	28.2	85.281	6.14E-57	1447000000
79619_WL_MC	27	14	14	28.2	85.281	6.14E-57	1447000000
165720_WL_MC	27	14	14	28.2	85.281	6.14E-57	1447000000
21794_WL_MC	27	14	14	28.2	85.281	6.14E-57	1447000000
165721_WL_MC	27	14	14	28.2	85.281	6.14E-57	1447000000
53977_WL_MC	27	14	14	28.2	85.281	6.14E-57	1447000000
165722_WL_MC	27	14	14	28.2	85.281	6.14E-57	1447000000
165717_WL_MC	27	14	14	28.2	85.281	6.14E-57	1447000000
11568_WL_MC	27	14	14	28.2	85.281	6.14E-57	1447000000
52114_WL_MC	27	14	14	28.2	85.281	6.14E-57	1447000000
53976_WL_MC	27	14	14	28.2	85.281	6.14E-57	1447000000
11564_WL_MC	27	14	14	28.2	85.281	6.14E-57	1447000000
165724_WL_MC	27	14	14	28.2	85.281	6.14E-57	1447000000
53981_WL_MC	27	14	14	28.2	85.281	6.14E-57	1447000000
53980_WL_MC	27	14	14	28.2	85.281	6.14E-57	1447000000
11563_WL_MC	27	14	14	28.2	85.281	6.14E-57	1447000000
53979_WL_MC	27	14	14	28.2	85.281	6.14E-57	1447000000
11566_WL_MC	27	14	14	28.2	85.281	6.14E-57	1447000000
11565_WL_MC	27	14	14	28.2	85.281	6.14E-57	1447000000
11567_WL_MC	27	14	14	28.2	85.281	6.14E-57	1447000000
11569_WL_MC	27	14	14	28.2	85.281	6.14E-57	1447000000
11573_WL_MC	27	14	14	28.2	85.281	6.14E-57	1447000000
53978_WL_MC	27	14	14	28.2	85.281	6.14E-57	1447000000
165723_WL_MC	27	14	14	28.2	85.281	6.14E-57	1447000000
35568_WL_MC	8	4	4	15.6	43.862	4.06E-13	42142000
51407_WL_MC	8	4	4	15.6	43.862	4.06E-13	42142000
51410_WL_MC	8	4	4	15.6	43.862	4.06E-13	42142000
51411_WL_MC	8	4	4	15.6	43.862	4.06E-13	42142000
51409_WL_MC	8	4	4	15.6	43.862	4.06E-13	42142000
51408_WL_MC	8	4	4	15.6	43.862	4.06E-13	42142000
54117_WL_MC	8	4	4	15.6	43.862	4.06E-13	42142000
51406_WL_MC	8	4	4	15.6	43.862	4.06E-13	42142000
49959_WL_MC	3	9	9	26.5	46.503	3.20E-90	2036100000
35825_WL_MC	3	9	9	26.5	46.503	3.20E-90	2036100000
85700_WL_MC	3	9	9	26.5	46.503	3.20E-90	2036100000
35888_WL_MC	3	3	3	21.5	20.021	1.37E-11	525100000
54136_WL_MC	3	3	3	21.5	20.021	1.37E-11	525100000
85955_WL_MC	3	3	3	21.5	20.021	1.37E-11	525100000
42821_WL_MC	2	1	1	2.5	46.234	0.017106	7232000
360_WL_MC	2	1	1	2.5	46.234	0.017106	7232000
88314_WL_MC	3	1	1	6.2	20.782	0.0069635	30075000
50408_WL_MC	3	1	1	6.2	20.782	0.0069635	30075000
36511_WL_MC	3	1	1	6.2	20.782	0.0069635	30075000
88521_WL_MC	7	2	2	6.9	44.855	7.08E-05	8498900
36567_WL_MC	7	2	2	6.9	44.855	7.08E-05	8498900
48491_WL_MC	7	2	2	6.9	44.855	7.08E-05	8498900
48492_WL_MC	7	2	2	6.9	44.855	7.08E-05	8498900
24012_WL_MC	7	2	2	6.9	44.855	7.08E-05	8498900
159903_WL_MC	7	2	2	6.9	44.855	7.08E-05	8498900
159909_WL_MC	7	2	2	6.9	44.855	7.08E-05	8498900
90231_WL_MC	5	2	2	16.5	20.693	3.57E-05	43520000
49839_WL_MC	5	2	2	16.5	20.693	3.57E-05	43520000
36994_WL_MC	5	2	2	16.5	20.693	3.57E-05	43520000
24416_WL_MC	5	2	2	16.5	20.693	3.57E-05	43520000
49838_WL_MC	5	2	2	16.5	20.693	3.57E-05	43520000
3700_WL_MC	6	5	5	15.6	50.328	1.16E-19	105600000
46503_WL_MC	6	5	5	15.6	50.328	1.16E-19	105600000
3701_WL_MC	6	5	5	15.6	50.328	1.16E-19	105600000
3702_WL_MC	6	5	5	15.6	50.328	1.16E-19	105600000
19163_WL_MC	6	5	5	15.6	50.328	1.16E-19	105600000
104832_WL_MC	6	5	5	15.6	50.328	1.16E-19	105600000
3703_WL_MC	4	4	4	12	42.661	2.21E-13	147350000
165838_WL_MC	4	4	4	12	42.661	2.21E-13	147350000
CON__P60712	4	4	4	12	42.661	2.21E-13	147350000
11679_WL_MC	4	4	4	12	42.661	2.21E-13	147350000
37112_WL_MC	6	27	27	22.4	173.22	1.16E-131	2650700000
24529_WL_MC	6	27	27	22.4	173.22	1.16E-131	2650700000
166590_WL_MC	6	27	27	22.4	173.22	1.16E-131	2650700000
90626_WL_MC	6	27	27	22.4	173.22	1.16E-131	2650700000
46376_WL_MC	6	27	27	22.4	173.22	1.16E-131	2650700000
90625_WL_MC	6	27	27	22.4	173.22	1.16E-131	2650700000
3777_WL_MC	7	6	6	37.8	26.109	1.28E-36	162790000
3778_WL_MC	7	6	6	37.8	26.109	1.28E-36	162790000
30711_WL_MC	7	6	6	37.8	26.109	1.28E-36	162790000
18273_WL_MC	7	6	6	37.8	26.109	1.28E-36	162790000
102539_WL_MC	7	6	6	37.8	26.109	1.28E-36	162790000
3779_WL_MC	7	6	6	37.8	26.109	1.28E-36	162790000
46544_WL_MC	7	6	6	37.8	26.109	1.28E-36	162790000
37911_WL_MC	1	1	1	7.7	23.442	0.017457	0
94708_WL_MC	2	2	2	14.8	18.726	0.00024282	88815000
38299_WL_MC	2	2	2	14.8	18.726	0.00024282	88815000
39031_WL_MC	3	2	2	2.2	119.74	6.48E-07	6003700
154864_WL_MC	3	2	2	2.2	119.74	6.48E-07	6003700
154867_WL_MC	3	2	2	2.2	119.74	6.48E-07	6003700
39054_WL_MC	2	1	1	1.3	81.145	0.018708	44640000
97206_WL_MC	2	1	1	1.3	81.145	0.018708	44640000
97214_WL_MC	5	15	15	15.9	129.28	9.34E-53	483710000
39059_WL_MC	5	15	15	15.9	129.28	9.34E-53	483710000
145790_WL_MC	5	15	15	15.9	129.28	9.34E-53	483710000
145791_WL_MC	5	15	15	15.9	129.28	9.34E-53	483710000
1612_WL_MC	5	15	15	15.9	129.28	9.34E-53	483710000
39151_WL_MC	3	4	2	9.7	21.832	3.71E-36	196660000
26523_WL_MC	3	4	2	9.7	21.832	3.71E-36	196660000
153781_WL_MC	3	4	2	9.7	21.832	3.71E-36	196660000
39531_WL_MC	2	22	0	0	55.384	2.88E-284	11691000000
117_WL_MC	2	22	0	0	55.384	2.88E-284	11691000000
39611_WL_MC	3	1	1	7.5	13.811	0.0082056	7842300
9452_WL_MC	3	1	1	7.5	13.811	0.0082056	7842300
9449_WL_MC	3	1	1	7.5	13.811	0.0082056	7842300
50147_WL_MC	3	1	1	3	34.216	0.016666	13204000
39718_WL_MC	3	1	1	3	34.216	0.016666	13204000
59653_WL_MC	3	1	1	3	34.216	0.016666	13204000
42381_WL_MC	7	6	6	17.3	50.612	5.15E-20	89802000
46697_WL_MC	7	6	6	17.3	50.612	5.15E-20	89802000
53849_WL_MC	7	6	6	17.3	50.612	5.15E-20	89802000
4049_WL_MC	7	6	6	17.3	50.612	5.15E-20	89802000
73383_WL_MC	7	6	6	17.3	50.612	5.15E-20	89802000
4048_WL_MC	7	6	6	17.3	50.612	5.15E-20	89802000
4047_WL_MC	7	6	6	17.3	50.612	5.15E-20	89802000
4050_WL_MC	3	1	1	0.6	189.76	0.0049662	7599100
46698_WL_MC	3	1	1	0.6	189.76	0.0049662	7599100
63183_WL_MC	3	1	1	0.6	189.76	0.0049662	7599100
4122_WL_MC	3	4	0	0	26.403	5.07E-15	57518000
4125_WL_MC	3	4	0	0	26.403	5.07E-15	57518000
17007_WL_MC	3	4	0	0	26.403	5.07E-15	57518000
53262_WL_MC	6	3	3	11.8	36.651	3.64E-08	40814000
41292_WL_MC	6	3	3	11.8	36.651	3.64E-08	40814000
53265_WL_MC	6	3	3	11.8	36.651	3.64E-08	40814000
53264_WL_MC	6	3	3	11.8	36.651	3.64E-08	40814000
65409_WL_MC	6	3	3	11.8	36.651	3.64E-08	40814000
13187_WL_MC	6	3	3	11.8	36.651	3.64E-08	40814000
41586_WL_MC	3	12	4	10.3	46.572	2.93E-49	516390000
53639_WL_MC	3	12	4	10.3	46.572	2.93E-49	516390000
168214_WL_MC	3	12	4	10.3	46.572	2.93E-49	516390000
49316_WL_MC	3	1	1	12.1	16.447	0.007406	8310400
41635_WL_MC	3	1	1	12.1	16.447	0.007406	8310400
66684_WL_MC	3	1	1	12.1	16.447	0.007406	8310400
41713_WL_MC	1	1	1	3.8	40.543	0.0033139	179900000
46458_WL_MC	6	6	6	19.9	44.388	1.03E-143	678640000
46456_WL_MC	6	6	6	19.9	44.388	1.03E-143	678640000
41922_WL_MC	6	6	6	19.9	44.388	1.03E-143	678640000
46455_WL_MC	6	6	6	19.9	44.388	1.03E-143	678640000
53658_WL_MC	6	6	6	19.9	44.388	1.03E-143	678640000
46457_WL_MC	6	6	6	19.9	44.388	1.03E-143	678640000
42312_WL_MC	5	4	4	13.2	50.127	1.25E-12	105790000
42313_WL_MC	5	4	4	13.2	50.127	1.25E-12	105790000
152913_WL_MC	5	4	4	13.2	50.127	1.25E-12	105790000
10474_WL_MC	5	4	4	13.2	50.127	1.25E-12	105790000
10475_WL_MC	5	4	4	13.2	50.127	1.25E-12	105790000
52394_WL_MC	2	1	1	5	25.381	0.015504	3194400
42374_WL_MC	2	1	1	5	25.381	0.015504	3194400
42412_WL_MC	5	3	3	12.2	34.394	1.80E-07	53975000
33206_WL_MC	5	3	3	12.2	34.394	1.80E-07	53975000
75516_WL_MC	5	3	3	12.2	34.394	1.80E-07	53975000
20800_WL_MC	5	3	3	12.2	34.394	1.80E-07	53975000
42411_WL_MC	5	3	3	12.2	34.394	1.80E-07	53975000
42416_WL_MC	4	1	1	2.8	41.975	0.0086749	42784000
55447_WL_MC	4	1	1	2.8	41.975	0.0086749	42784000
6891_WL_MC	4	1	1	2.8	41.975	0.0086749	42784000
6890_WL_MC	4	1	1	2.8	41.975	0.0086749	42784000
42570_WL_MC	6	5	5	16	52.022	5.84E-59	539720000
47136_WL_MC	6	5	5	16	52.022	5.84E-59	539720000
22382_WL_MC	6	5	5	16	52.022	5.84E-59	539720000
34841_WL_MC	6	5	5	16	52.022	5.84E-59	539720000
81950_WL_MC	6	5	5	16	52.022	5.84E-59	539720000
73041_WL_MC	6	5	5	16	52.022	5.84E-59	539720000
42610_WL_MC	1	4	4	21.1	16.741	4.71E-17	307920000
42781_WL_MC	3	2	2	21.6	11.468	2.77E-06	38396000
1549_WL_MC	3	2	2	21.6	11.468	2.77E-06	38396000
1550_WL_MC	3	2	2	21.6	11.468	2.77E-06	38396000
42899_WL_MC	2	2	1	2.4	48.596	9.15E-08	37395000
94577_WL_MC	2	2	1	2.4	48.596	9.15E-08	37395000
42980_WL_MC	4	1	1	3.7	33.398	0.0037134	8220200
43008_WL_MC	4	1	1	3.7	33.398	0.0037134	8220200
908_WL_MC	4	1	1	3.7	33.398	0.0037134	8220200
55747_WL_MC	4	1	1	3.7	33.398	0.0037134	8220200
43018_WL_MC	1	6	6	48.1	20.917	4.56E-20	165690000
43061_WL_MC	4	2	2	5.2	52.503	9.80E-06	39985000
32731_WL_MC	4	2	2	5.2	52.503	9.80E-06	39985000
73701_WL_MC	4	2	2	5.2	52.503	9.80E-06	39985000
20343_WL_MC	4	2	2	5.2	52.503	9.80E-06	39985000
43074_WL_MC	17	12	12	20.9	83.202	4.00E-63	2214200000
47000_WL_MC	17	12	12	20.9	83.202	4.00E-63	2214200000
46999_WL_MC	17	12	12	20.9	83.202	4.00E-63	2214200000
46998_WL_MC	17	12	12	20.9	83.202	4.00E-63	2214200000
43051_WL_MC	17	12	12	20.9	83.202	4.00E-63	2214200000
30589_WL_MC	17	12	12	20.9	83.202	4.00E-63	2214200000
102201_WL_MC	17	12	12	20.9	83.202	4.00E-63	2214200000
131279_WL_MC	17	12	12	20.9	83.202	4.00E-63	2214200000
98195_WL_MC	17	12	12	20.9	83.202	4.00E-63	2214200000
16767_WL_MC	17	12	12	20.9	83.202	4.00E-63	2214200000
23559_WL_MC	17	12	12	20.9	83.202	4.00E-63	2214200000
23500_WL_MC	17	12	12	20.9	83.202	4.00E-63	2214200000
106221_WL_MC	17	12	12	20.9	83.202	4.00E-63	2214200000
15827_WL_MC	17	12	12	20.9	83.202	4.00E-63	2214200000
98012_WL_MC	17	12	12	20.9	83.202	4.00E-63	2214200000
21745_WL_MC	17	12	12	20.9	83.202	4.00E-63	2214200000
79430_WL_MC	17	12	12	20.9	83.202	4.00E-63	2214200000
43116_WL_MC	10	49	20	19.3	161.69	0	49190000000
41498_WL_MC	10	49	20	19.3	161.69	0	49190000000
28835_WL_MC	10	49	20	19.3	161.69	0	49190000000
43109_WL_MC	10	49	20	19.3	161.69	0	49190000000
66162_WL_MC	10	49	20	19.3	161.69	0	49190000000
1168_WL_MC	10	49	20	19.3	161.69	0	49190000000
1174_WL_MC	10	49	20	19.3	161.69	0	49190000000
153790_WL_MC	10	49	20	19.3	161.69	0	49190000000
66161_WL_MC	10	49	20	19.3	161.69	0	49190000000
153780_WL_MC	10	49	20	19.3	161.69	0	49190000000
43321_WL_MC	1	2	2	2.9	88.092	1.43E-05	17293000
43323_WL_MC	1	12	12	31.8	35.778	9.47E-61	1736200000
43535_WL_MC	5	2	2	11.9	30.814	1.76E-11	25580000
43534_WL_MC	5	2	2	11.9	30.814	1.76E-11	25580000
43536_WL_MC	5	2	2	11.9	30.814	1.76E-11	25580000
29379_WL_MC	5	2	2	11.9	30.814	1.76E-11	25580000
68190_WL_MC	5	2	2	11.9	30.814	1.76E-11	25580000
43555_WL_MC	3	1	1	6.9	20.909	0.002607	6095300
95699_WL_MC	3	1	1	6.9	20.909	0.002607	6095300
43554_WL_MC	3	1	1	6.9	20.909	0.002607	6095300
43716_WL_MC	5	13	13	35.4	40.256	2.43E-31	1242000000
43715_WL_MC	5	13	13	35.4	40.256	2.43E-31	1242000000
21526_WL_MC	5	13	13	35.4	40.256	2.43E-31	1242000000
78531_WL_MC	5	13	13	35.4	40.256	2.43E-31	1242000000
137467_WL_MC	5	13	13	35.4	40.256	2.43E-31	1242000000
43874_WL_MC	4	14	14	47.8	33.452	4.07E-84	4738100000
47132_WL_MC	4	14	14	47.8	33.452	4.07E-84	4738100000
47133_WL_MC	4	14	14	47.8	33.452	4.07E-84	4738100000
157873_WL_MC	4	14	14	47.8	33.452	4.07E-84	4738100000
43875_WL_MC	11	6	6	21.2	35.778	2.92E-13	159530000
6405_WL_MC	11	6	6	21.2	35.778	2.92E-13	159530000
6384_WL_MC	11	6	6	21.2	35.778	2.92E-13	159530000
6374_WL_MC	11	6	6	21.2	35.778	2.92E-13	159530000
6375_WL_MC	11	6	6	21.2	35.778	2.92E-13	159530000
159615_WL_MC	11	6	6	21.2	35.778	2.92E-13	159530000
6398_WL_MC	11	6	6	21.2	35.778	2.92E-13	159530000
6396_WL_MC	11	6	6	21.2	35.778	2.92E-13	159530000
64608_WL_MC	11	6	6	21.2	35.778	2.92E-13	159530000
150120_WL_MC	11	6	6	21.2	35.778	2.92E-13	159530000
150123_WL_MC	11	6	6	21.2	35.778	2.92E-13	159530000
43929_WL_MC	16	5	5	12.4	41.508	2.68E-09	167460000
6976_WL_MC	16	5	5	12.4	41.508	2.68E-09	167460000
6969_WL_MC	16	5	5	12.4	41.508	2.68E-09	167460000
6962_WL_MC	16	5	5	12.4	41.508	2.68E-09	167460000
160306_WL_MC	16	5	5	12.4	41.508	2.68E-09	167460000
39024_WL_MC	16	5	5	12.4	41.508	2.68E-09	167460000
97092_WL_MC	16	5	5	12.4	41.508	2.68E-09	167460000
160305_WL_MC	16	5	5	12.4	41.508	2.68E-09	167460000
26385_WL_MC	16	5	5	12.4	41.508	2.68E-09	167460000
43928_WL_MC	16	5	5	12.4	41.508	2.68E-09	167460000
97093_WL_MC	16	5	5	12.4	41.508	2.68E-09	167460000
6985_WL_MC	16	5	5	12.4	41.508	2.68E-09	167460000
6975_WL_MC	16	5	5	12.4	41.508	2.68E-09	167460000
145738_WL_MC	16	5	5	12.4	41.508	2.68E-09	167460000
160285_WL_MC	16	5	5	12.4	41.508	2.68E-09	167460000
145736_WL_MC	16	5	5	12.4	41.508	2.68E-09	167460000
43991_WL_MC	1	1	1	3.6	42.363	0.0055748	4742900
44341_WL_MC	1	3	3	8.4	49.136	5.40E-08	44376000
44360_WL_MC	2	3	3	11.5	30.015	2.37E-08	158000000
133643_WL_MC	2	3	3	11.5	30.015	2.37E-08	158000000
44829_WL_MC	2	3	3	26.4	14.266	4.27E-22	135710000
94411_WL_MC	2	3	3	26.4	14.266	4.27E-22	135710000
44926_WL_MC	3	4	4	19.9	23.527	3.50E-09	211780000
44927_WL_MC	3	4	4	19.9	23.527	3.50E-09	211780000
86076_WL_MC	3	4	4	19.9	23.527	3.50E-09	211780000
44930_WL_MC	3	6	3	11.1	50.199	1.73E-40	592960000
18937_WL_MC	3	6	3	11.1	50.199	1.73E-40	592960000
104208_WL_MC	3	6	3	11.1	50.199	1.73E-40	592960000
45023_WL_MC	1	2	2	2.8	59.9	1.92E-05	53548000
45372_WL_MC	3	3	3	16	20.747	2.77E-18	396840000
45373_WL_MC	3	3	3	16	20.747	2.77E-18	396840000
131559_WL_MC	3	3	3	16	20.747	2.77E-18	396840000
45428_WL_MC	2	1	1	6.3	33.825	0.0026657	9646700
53590_WL_MC	2	1	1	6.3	33.825	0.0026657	9646700
45480_WL_MC	1	1	1	9.8	17.989	6.32E-07	19449000
45481_WL_MC	1	1	1	9.3	12.757	0.0047534	13758000
45517_WL_MC	2	2	2	13.4	16.766	5.03E-05	393620000
19919_WL_MC	2	2	2	13.4	16.766	5.03E-05	393620000
45825_WL_MC	3	2	2	17	16.548	5.70E-06	39609000
31253_WL_MC	3	2	2	17	16.548	5.70E-06	39609000
104053_WL_MC	3	2	2	17	16.548	5.70E-06	39609000
46087_WL_MC	1	3	3	38.4	11.224	3.33E-09	42635000
46182_WL_MC	3	2	2	17.6	18.054	0.00017697	9366900
24131_WL_MC	3	2	2	17.6	18.054	0.00017697	9366900
156139_WL_MC	3	2	2	17.6	18.054	0.00017697	9366900
46261_WL_MC	2	3	1	5.7	16.282	4.76E-06	37015000
101138_WL_MC	2	3	1	5.7	16.282	4.76E-06	37015000
46265_WL_MC	8	3	3	3.7	107.36	1.27E-07	53172000
46263_WL_MC	8	3	3	3.7	107.36	1.27E-07	53172000
46264_WL_MC	8	3	3	3.7	107.36	1.27E-07	53172000
46262_WL_MC	8	3	3	3.7	107.36	1.27E-07	53172000
22864_WL_MC	8	3	3	3.7	107.36	1.27E-07	53172000
35377_WL_MC	8	3	3	3.7	107.36	1.27E-07	53172000
38427_WL_MC	8	3	3	3.7	107.36	1.27E-07	53172000
95162_WL_MC	8	3	3	3.7	107.36	1.27E-07	53172000
46368_WL_MC	2	7	7	45.5	19.994	5.87E-18	382750000
18849_WL_MC	2	7	7	45.5	19.994	5.87E-18	382750000
46392_WL_MC	1	2	2	11.6	27.126	6.83E-05	17502000
46495_WL_MC	1	3	3	21.3	17.46	4.54E-13	90211000
46708_WL_MC	1	2	1	6.3	28.693	3.44E-09	8942500
46709_WL_MC	1	4	3	13.6	24.205	3.52E-13	90488000
46725_WL_MC	2	6	6	23.5	38.802	5.79E-22	209700000
46726_WL_MC	2	6	6	23.5	38.802	5.79E-22	209700000
4680_WL_MC	9	12	12	26.6	66.471	1.87E-43	551630000
4679_WL_MC	9	12	12	26.6	66.471	1.87E-43	551630000
4678_WL_MC	9	12	12	26.6	66.471	1.87E-43	551630000
47078_WL_MC	9	12	12	26.6	66.471	1.87E-43	551630000
87209_WL_MC	9	12	12	26.6	66.471	1.87E-43	551630000
19618_WL_MC	9	12	12	26.6	66.471	1.87E-43	551630000
133444_WL_MC	9	12	12	26.6	66.471	1.87E-43	551630000
87208_WL_MC	9	12	12	26.6	66.471	1.87E-43	551630000
105960_WL_MC	9	12	12	26.6	66.471	1.87E-43	551630000
46847_WL_MC	2	4	4	31.2	19.234	3.62E-09	62540000
53515_WL_MC	2	4	4	31.2	19.234	3.62E-09	62540000
46883_WL_MC	2	2	2	12	28.851	1.31E-13	102430000
53727_WL_MC	2	2	2	12	28.851	1.31E-13	102430000
46909_WL_MC	3	2	2	12.2	20.871	6.53E-05	7781500
36452_WL_MC	3	2	2	12.2	20.871	6.53E-05	7781500
88097_WL_MC	3	2	2	12.2	20.871	6.53E-05	7781500
46974_WL_MC	6	5	5	15.6	33.485	3.81E-22	699780000
103635_WL_MC	6	5	5	15.6	33.485	3.81E-22	699780000
4498_WL_MC	6	5	5	15.6	33.485	3.81E-22	699780000
4499_WL_MC	6	5	5	15.6	33.485	3.81E-22	699780000
157544_WL_MC	6	5	5	15.6	33.485	3.81E-22	699780000
157545_WL_MC	6	5	5	15.6	33.485	3.81E-22	699780000
47282_WL_MC	34	13	13	24	78.238	4.58E-85	542260000
5043_WL_MC	34	13	13	24	78.238	4.58E-85	542260000
5053_WL_MC	34	13	13	24	78.238	4.58E-85	542260000
35367_WL_MC	34	13	13	24	78.238	4.58E-85	542260000
83928_WL_MC	34	13	13	24	78.238	4.58E-85	542260000
22858_WL_MC	34	13	13	24	78.238	4.58E-85	542260000
5048_WL_MC	34	13	13	24	78.238	4.58E-85	542260000
5030_WL_MC	34	13	13	24	78.238	4.58E-85	542260000
47283_WL_MC	34	13	13	24	78.238	4.58E-85	542260000
5044_WL_MC	34	13	13	24	78.238	4.58E-85	542260000
5045_WL_MC	34	13	13	24	78.238	4.58E-85	542260000
5046_WL_MC	34	13	13	24	78.238	4.58E-85	542260000
5042_WL_MC	34	13	13	24	78.238	4.58E-85	542260000
5032_WL_MC	34	13	13	24	78.238	4.58E-85	542260000
5049_WL_MC	34	13	13	24	78.238	4.58E-85	542260000
5031_WL_MC	34	13	13	24	78.238	4.58E-85	542260000
158168_WL_MC	34	13	13	24	78.238	4.58E-85	542260000
5054_WL_MC	34	13	13	24	78.238	4.58E-85	542260000
5029_WL_MC	34	13	13	24	78.238	4.58E-85	542260000
5047_WL_MC	34	13	13	24	78.238	4.58E-85	542260000
5041_WL_MC	34	13	13	24	78.238	4.58E-85	542260000
5052_WL_MC	34	13	13	24	78.238	4.58E-85	542260000
5038_WL_MC	34	13	13	24	78.238	4.58E-85	542260000
5037_WL_MC	34	13	13	24	78.238	4.58E-85	542260000
158169_WL_MC	34	13	13	24	78.238	4.58E-85	542260000
5051_WL_MC	34	13	13	24	78.238	4.58E-85	542260000
5036_WL_MC	34	13	13	24	78.238	4.58E-85	542260000
54094_WL_MC	34	13	13	24	78.238	4.58E-85	542260000
5039_WL_MC	34	13	13	24	78.238	4.58E-85	542260000
5033_WL_MC	34	13	13	24	78.238	4.58E-85	542260000
5040_WL_MC	34	13	13	24	78.238	4.58E-85	542260000
153816_WL_MC	34	13	13	24	78.238	4.58E-85	542260000
1113_WL_MC	34	13	13	24	78.238	4.58E-85	542260000
1114_WL_MC	34	13	13	24	78.238	4.58E-85	542260000
47448_WL_MC	16	2	2	5.6	49.585	8.15E-06	13313000
47452_WL_MC	16	2	2	5.6	49.585	8.15E-06	13313000
47446_WL_MC	16	2	2	5.6	49.585	8.15E-06	13313000
47451_WL_MC	16	2	2	5.6	49.585	8.15E-06	13313000
1197_WL_MC	16	2	2	5.6	49.585	8.15E-06	13313000
47449_WL_MC	16	2	2	5.6	49.585	8.15E-06	13313000
47450_WL_MC	16	2	2	5.6	49.585	8.15E-06	13313000
5274_WL_MC	16	2	2	5.6	49.585	8.15E-06	13313000
5273_WL_MC	16	2	2	5.6	49.585	8.15E-06	13313000
43124_WL_MC	16	2	2	5.6	49.585	8.15E-06	13313000
5278_WL_MC	16	2	2	5.6	49.585	8.15E-06	13313000
5279_WL_MC	16	2	2	5.6	49.585	8.15E-06	13313000
47445_WL_MC	16	2	2	5.6	49.585	8.15E-06	13313000
5280_WL_MC	16	2	2	5.6	49.585	8.15E-06	13313000
158495_WL_MC	16	2	2	5.6	49.585	8.15E-06	13313000
101316_WL_MC	16	2	2	5.6	49.585	8.15E-06	13313000
47724_WL_MC	2	4	4	19.2	24.296	2.03E-09	243540000
77061_WL_MC	2	4	4	19.2	24.296	2.03E-09	243540000
47765_WL_MC	2	2	2	9.8	30.805	0.00049835	13461000
33098_WL_MC	2	2	2	9.8	30.805	0.00049835	13461000
48088_WL_MC	2	1	1	1.6	100	0.014352	6448900
6050_WL_MC	2	1	1	1.6	100	0.014352	6448900
48101_WL_MC	6	3	3	14.3	29.745	4.52E-09	45985000
6067_WL_MC	6	3	3	14.3	29.745	4.52E-09	45985000
26463_WL_MC	6	3	3	14.3	29.745	4.52E-09	45985000
97339_WL_MC	6	3	3	14.3	29.745	4.52E-09	45985000
145845_WL_MC	6	3	3	14.3	29.745	4.52E-09	45985000
39102_WL_MC	6	3	3	14.3	29.745	4.52E-09	45985000
48733_WL_MC	6	5	5	16.9	49.17	1.43E-31	467620000
33242_WL_MC	6	5	5	16.9	49.17	1.43E-31	467620000
48732_WL_MC	6	5	5	16.9	49.17	1.43E-31	467620000
75657_WL_MC	6	5	5	16.9	49.17	1.43E-31	467620000
20845_WL_MC	6	5	5	16.9	49.17	1.43E-31	467620000
29447_WL_MC	6	5	5	16.9	49.17	1.43E-31	467620000
48879_WL_MC	15	2	2	2.8	85.025	9.70E-05	18242000
7261_WL_MC	15	2	2	2.8	85.025	9.70E-05	18242000
7260_WL_MC	15	2	2	2.8	85.025	9.70E-05	18242000
7262_WL_MC	15	2	2	2.8	85.025	9.70E-05	18242000
7263_WL_MC	15	2	2	2.8	85.025	9.70E-05	18242000
7259_WL_MC	15	2	2	2.8	85.025	9.70E-05	18242000
7257_WL_MC	15	2	2	2.8	85.025	9.70E-05	18242000
7258_WL_MC	15	2	2	2.8	85.025	9.70E-05	18242000
48880_WL_MC	15	2	2	2.8	85.025	9.70E-05	18242000
7266_WL_MC	15	2	2	2.8	85.025	9.70E-05	18242000
160472_WL_MC	15	2	2	2.8	85.025	9.70E-05	18242000
68413_WL_MC	15	2	2	2.8	85.025	9.70E-05	18242000
29425_WL_MC	15	2	2	2.8	85.025	9.70E-05	18242000
42087_WL_MC	15	2	2	2.8	85.025	9.70E-05	18242000
23827_WL_MC	15	2	2	2.8	85.025	9.70E-05	18242000
48924_WL_MC	1	7	7	47.4	18.494	2.65E-29	285140000
48930_WL_MC	1	1	1	4.7	27.678	0.0038419	0
49164_WL_MC	4	3	1	2.6	39.988	6.68E-14	20196000
49163_WL_MC	4	3	1	2.6	39.988	6.68E-14	20196000
96556_WL_MC	4	3	1	2.6	39.988	6.68E-14	20196000
7697_WL_MC	4	3	1	2.6	39.988	6.68E-14	20196000
49196_WL_MC	2	2	2	2	116.11	0.00032118	4618600
16358_WL_MC	2	2	2	2	116.11	0.00032118	4618600
54313_WL_MC	7	4	4	13.8	37.373	4.27E-51	388080000
49307_WL_MC	7	4	4	13.8	37.373	4.27E-51	388080000
54314_WL_MC	7	4	4	13.8	37.373	4.27E-51	388080000
49308_WL_MC	7	4	4	13.8	37.373	4.27E-51	388080000
54312_WL_MC	7	4	4	13.8	37.373	4.27E-51	388080000
91755_WL_MC	7	4	4	13.8	37.373	4.27E-51	388080000
143589_WL_MC	7	4	4	13.8	37.373	4.27E-51	388080000
49332_WL_MC	2	6	6	32	18.814	3.16E-18	1230200000
15802_WL_MC	2	6	6	32	18.814	3.16E-18	1230200000
49358_WL_MC	9	7	7	19.8	36.453	4.20E-24	177040000
7944_WL_MC	9	7	7	19.8	36.453	4.20E-24	177040000
30893_WL_MC	9	7	7	19.8	36.453	4.20E-24	177040000
18521_WL_MC	9	7	7	19.8	36.453	4.20E-24	177040000
131821_WL_MC	9	7	7	19.8	36.453	4.20E-24	177040000
161309_WL_MC	9	7	7	19.8	36.453	4.20E-24	177040000
161311_WL_MC	9	7	7	19.8	36.453	4.20E-24	177040000
103184_WL_MC	9	7	7	19.8	36.453	4.20E-24	177040000
17046_WL_MC	9	7	7	19.8	36.453	4.20E-24	177040000
49393_WL_MC	3	1	1	2.4	48.702	0.0091942	7899000
49394_WL_MC	3	1	1	2.4	48.702	0.0091942	7899000
7994_WL_MC	3	1	1	2.4	48.702	0.0091942	7899000
49402_WL_MC	1	1	1	3.2	35.876	0.0047184	0
49460_WL_MC	8	3	3	22.5	22.825	2.41E-11	36046000
7915_WL_MC	8	3	3	22.5	22.825	2.41E-11	36046000
59352_WL_MC	8	3	3	22.5	22.825	2.41E-11	36046000
49322_WL_MC	8	3	3	22.5	22.825	2.41E-11	36046000
49323_WL_MC	8	3	3	22.5	22.825	2.41E-11	36046000
8062_WL_MC	8	3	3	22.5	22.825	2.41E-11	36046000
49321_WL_MC	8	3	3	22.5	22.825	2.41E-11	36046000
19455_WL_MC	8	3	3	22.5	22.825	2.41E-11	36046000
49470_WL_MC	4	2	2	7.1	44.873	2.73E-07	0
49469_WL_MC	4	2	2	7.1	44.873	2.73E-07	0
49468_WL_MC	4	2	2	7.1	44.873	2.73E-07	0
103546_WL_MC	4	2	2	7.1	44.873	2.73E-07	0
49503_WL_MC	2	2	2	11.6	20.541	8.65E-06	17906000
21750_WL_MC	2	2	2	11.6	20.541	8.65E-06	17906000
49809_WL_MC	14	7	7	21.5	43.561	9.95E-37	160410000
49807_WL_MC	14	7	7	21.5	43.561	9.95E-37	160410000
49808_WL_MC	14	7	7	21.5	43.561	9.95E-37	160410000
49805_WL_MC	14	7	7	21.5	43.561	9.95E-37	160410000
49804_WL_MC	14	7	7	21.5	43.561	9.95E-37	160410000
49803_WL_MC	14	7	7	21.5	43.561	9.95E-37	160410000
82707_WL_MC	14	7	7	21.5	43.561	9.95E-37	160410000
35047_WL_MC	14	7	7	21.5	43.561	9.95E-37	160410000
162093_WL_MC	14	7	7	21.5	43.561	9.95E-37	160410000
162094_WL_MC	14	7	7	21.5	43.561	9.95E-37	160410000
22562_WL_MC	14	7	7	21.5	43.561	9.95E-37	160410000
49806_WL_MC	14	7	7	21.5	43.561	9.95E-37	160410000
162095_WL_MC	14	7	7	21.5	43.561	9.95E-37	160410000
21064_WL_MC	14	7	7	21.5	43.561	9.95E-37	160410000
49818_WL_MC	13	21	21	27.2	94.249	5.49E-94	1914800000
8627_WL_MC	13	21	21	27.2	94.249	5.49E-94	1914800000
8622_WL_MC	13	21	21	27.2	94.249	5.49E-94	1914800000
8623_WL_MC	13	21	21	27.2	94.249	5.49E-94	1914800000
31924_WL_MC	13	21	21	27.2	94.249	5.49E-94	1914800000
49817_WL_MC	13	21	21	27.2	94.249	5.49E-94	1914800000
19542_WL_MC	13	21	21	27.2	94.249	5.49E-94	1914800000
8621_WL_MC	13	21	21	27.2	94.249	5.49E-94	1914800000
8624_WL_MC	13	21	21	27.2	94.249	5.49E-94	1914800000
8626_WL_MC	13	21	21	27.2	94.249	5.49E-94	1914800000
8625_WL_MC	13	21	21	27.2	94.249	5.49E-94	1914800000
162105_WL_MC	13	21	21	27.2	94.249	5.49E-94	1914800000
162104_WL_MC	13	21	21	27.2	94.249	5.49E-94	1914800000
49825_WL_MC	2	9	9	37.9	27.243	1.42E-20	710330000
102552_WL_MC	2	9	9	37.9	27.243	1.42E-20	710330000
49831_WL_MC	2	1	1	3.3	28.701	0.015803	11538000
83205_WL_MC	2	1	1	3.3	28.701	0.015803	11538000
49939_WL_MC	6	3	3	28.9	14.559	1.57E-13	152430000
8790_WL_MC	6	3	3	28.9	14.559	1.57E-13	152430000
14471_WL_MC	6	3	3	28.9	14.559	1.57E-13	152430000
168837_WL_MC	6	3	3	28.9	14.559	1.57E-13	152430000
154333_WL_MC	6	3	3	28.9	14.559	1.57E-13	152430000
168838_WL_MC	6	3	3	28.9	14.559	1.57E-13	152430000
49999_WL_MC	3	3	3	12.3	27.841	7.47E-09	214080000
49998_WL_MC	3	3	3	12.3	27.841	7.47E-09	214080000
30783_WL_MC	3	3	3	12.3	27.841	7.47E-09	214080000
50132_WL_MC	1	1	1	2.4	49.424	0.018851	0
50187_WL_MC	4	7	7	18.8	41.842	1.20E-16	268410000
25706_WL_MC	4	7	7	18.8	41.842	1.20E-16	268410000
50186_WL_MC	4	7	7	18.8	41.842	1.20E-16	268410000
54420_WL_MC	4	7	7	18.8	41.842	1.20E-16	268410000
50279_WL_MC	1	1	1	6.9	23.482	0.0031009	24081000
50282_WL_MC	2	5	5	14.7	32.591	5.18E-13	964250000
50283_WL_MC	2	5	5	14.7	32.591	5.18E-13	964250000
50397_WL_MC	1	1	1	1.9	46.607	0.017098	18470000
50510_WL_MC	3	2	2	9.3	22.468	0.00061929	40656000
32476_WL_MC	3	2	2	9.3	22.468	0.00061929	40656000
20097_WL_MC	3	2	2	9.3	22.468	0.00061929	40656000
50534_WL_MC	5	1	1	2.5	43.677	0.018586	5164800
50535_WL_MC	5	1	1	2.5	43.677	0.018586	5164800
50532_WL_MC	5	1	1	2.5	43.677	0.018586	5164800
50533_WL_MC	5	1	1	2.5	43.677	0.018586	5164800
55955_WL_MC	5	1	1	2.5	43.677	0.018586	5164800
94073_WL_MC	14	2	2	10	33.349	6.56E-05	43724000
9492_WL_MC	14	2	2	10	33.349	6.56E-05	43724000
9500_WL_MC	14	2	2	10	33.349	6.56E-05	43724000
9502_WL_MC	14	2	2	10	33.349	6.56E-05	43724000
9496_WL_MC	14	2	2	10	33.349	6.56E-05	43724000
9501_WL_MC	14	2	2	10	33.349	6.56E-05	43724000
9498_WL_MC	14	2	2	10	33.349	6.56E-05	43724000
9495_WL_MC	14	2	2	10	33.349	6.56E-05	43724000
9497_WL_MC	14	2	2	10	33.349	6.56E-05	43724000
50557_WL_MC	14	2	2	10	33.349	6.56E-05	43724000
50559_WL_MC	14	2	2	10	33.349	6.56E-05	43724000
9493_WL_MC	14	2	2	10	33.349	6.56E-05	43724000
25453_WL_MC	14	2	2	10	33.349	6.56E-05	43724000
25452_WL_MC	14	2	2	10	33.349	6.56E-05	43724000
50722_WL_MC	3	2	2	4.9	42.997	0.00059682	31199000
69544_WL_MC	3	2	2	4.9	42.997	0.00059682	31199000
29744_WL_MC	3	2	2	4.9	42.997	0.00059682	31199000
50747_WL_MC	1	5	2	4.9	61.053	5.59E-12	29148000
50762_WL_MC	2	1	1	3	61.097	5.85E-08	133340000
9743_WL_MC	2	1	1	3	61.097	5.85E-08	133340000
50777_WL_MC	11	2	2	4	49.847	0.00011164	32185000
9754_WL_MC	11	2	2	4	49.847	0.00011164	32185000
9753_WL_MC	11	2	2	4	49.847	0.00011164	32185000
50776_WL_MC	11	2	2	4	49.847	0.00011164	32185000
50778_WL_MC	11	2	2	4	49.847	0.00011164	32185000
9756_WL_MC	11	2	2	4	49.847	0.00011164	32185000
31395_WL_MC	11	2	2	4	49.847	0.00011164	32185000
9755_WL_MC	11	2	2	4	49.847	0.00011164	32185000
104428_WL_MC	11	2	2	4	49.847	0.00011164	32185000
132582_WL_MC	11	2	2	4	49.847	0.00011164	32185000
163558_WL_MC	11	2	2	4	49.847	0.00011164	32185000
9780_WL_MC	10	7	7	12.4	70.186	1.09E-31	431790000
50798_WL_MC	10	7	7	12.4	70.186	1.09E-31	431790000
50797_WL_MC	10	7	7	12.4	70.186	1.09E-31	431790000
50796_WL_MC	10	7	7	12.4	70.186	1.09E-31	431790000
50799_WL_MC	10	7	7	12.4	70.186	1.09E-31	431790000
50795_WL_MC	10	7	7	12.4	70.186	1.09E-31	431790000
50794_WL_MC	10	7	7	12.4	70.186	1.09E-31	431790000
145641_WL_MC	10	7	7	12.4	70.186	1.09E-31	431790000
96898_WL_MC	10	7	7	12.4	70.186	1.09E-31	431790000
26322_WL_MC	10	7	7	12.4	70.186	1.09E-31	431790000
50846_WL_MC	2	10	10	54.8	25.34	1.50E-97	1910300000
67132_WL_MC	2	10	10	54.8	25.34	1.50E-97	1910300000
50865_WL_MC	1	1	1	3.7	44.893	0.014611	0
50950_WL_MC	2	3	3	7.3	52.127	4.23E-09	97765000
131167_WL_MC	2	3	3	7.3	52.127	4.23E-09	97765000
51239_WL_MC	2	3	3	9.5	34.869	1.03E-14	240510000
81987_WL_MC	2	3	3	9.5	34.869	1.03E-14	240510000
51511_WL_MC	11	7	7	11.2	90.438	2.14E-21	268190000
51512_WL_MC	11	7	7	11.2	90.438	2.14E-21	268190000
28954_WL_MC	11	7	7	11.2	90.438	2.14E-21	268190000
30876_WL_MC	11	7	7	11.2	90.438	2.14E-21	268190000
18497_WL_MC	11	7	7	11.2	90.438	2.14E-21	268190000
41611_WL_MC	11	7	7	11.2	90.438	2.14E-21	268190000
66592_WL_MC	11	7	7	11.2	90.438	2.14E-21	268190000
18496_WL_MC	11	7	7	11.2	90.438	2.14E-21	268190000
103139_WL_MC	11	7	7	11.2	90.438	2.14E-21	268190000
151264_WL_MC	11	7	7	11.2	90.438	2.14E-21	268190000
151265_WL_MC	11	7	7	11.2	90.438	2.14E-21	268190000
51807_WL_MC	8	23	23	66.1	44.641	6.82E-267	33955000000
51803_WL_MC	8	23	23	66.1	44.641	6.82E-267	33955000000
51806_WL_MC	8	23	23	66.1	44.641	6.82E-267	33955000000
51804_WL_MC	8	23	23	66.1	44.641	6.82E-267	33955000000
51805_WL_MC	8	23	23	66.1	44.641	6.82E-267	33955000000
51802_WL_MC	8	23	23	66.1	44.641	6.82E-267	33955000000
51808_WL_MC	8	23	23	66.1	44.641	6.82E-267	33955000000
165219_WL_MC	8	23	23	66.1	44.641	6.82E-267	33955000000
51814_WL_MC	8	5	5	23.1	31.231	2.33E-19	87698000
96108_WL_MC	8	5	5	23.1	31.231	2.33E-19	87698000
51813_WL_MC	8	5	5	23.1	31.231	2.33E-19	87698000
11212_WL_MC	8	5	5	23.1	31.231	2.33E-19	87698000
11213_WL_MC	8	5	5	23.1	31.231	2.33E-19	87698000
26043_WL_MC	8	5	5	23.1	31.231	2.33E-19	87698000
145287_WL_MC	8	5	5	23.1	31.231	2.33E-19	87698000
145288_WL_MC	8	5	5	23.1	31.231	2.33E-19	87698000
51836_WL_MC	1	5	5	21.1	27.665	3.49E-22	192570000
52393_WL_MC	5	4	4	14.1	31.292	2.31E-08	68693000
29141_WL_MC	5	4	4	14.1	31.292	2.31E-08	68693000
41802_WL_MC	5	4	4	14.1	31.292	2.31E-08	68693000
55740_WL_MC	5	4	4	14.1	31.292	2.31E-08	68693000
124445_WL_MC	5	4	4	14.1	31.292	2.31E-08	68693000
52513_WL_MC	1	4	4	21.3	26.589	1.49E-12	88411000
52531_WL_MC	1	1	1	11	16.045	0.0044933	13743000
86612_WL_MC	2	1	1	3.7	43.941	0.0010101	0
52566_WL_MC	2	1	1	3.7	43.941	0.0010101	0
52881_WL_MC	1	1	1	4.5	35.499	0.00506	34248000
52956_WL_MC	6	9	9	29.6	44.938	1.53E-20	305810000
52957_WL_MC	6	9	9	29.6	44.938	1.53E-20	305810000
52958_WL_MC	6	9	9	29.6	44.938	1.53E-20	305810000
52955_WL_MC	6	9	9	29.6	44.938	1.53E-20	305810000
104259_WL_MC	6	9	9	29.6	44.938	1.53E-20	305810000
86725_WL_MC	6	9	9	29.6	44.938	1.53E-20	305810000
53205_WL_MC	2	2	2	6.3	39.939	3.57E-06	15875000
53356_WL_MC	2	2	2	6.3	39.939	3.57E-06	15875000
53226_WL_MC	1	1	1	1.5	97.489	6.01E-05	0
102502_WL_MC	2	3	3	24.8	16.856	1.01E-07	82578000
53426_WL_MC	2	3	3	24.8	16.856	1.01E-07	82578000
53463_WL_MC	1	1	1	7.3	18.402	0.014018	0
53464_WL_MC	2	2	2	4.4	58.866	0.0001053	3091300
8157_WL_MC	2	2	2	4.4	58.866	0.0001053	3091300
53761_WL_MC	1	5	5	30.2	22.871	2.62E-14	551330000
53840_WL_MC	2	2	2	20.5	14.038	0.0020759	51686000
73091_WL_MC	2	2	2	20.5	14.038	0.0020759	51686000
53848_WL_MC	1	1	1	1.7	52.97	1.53E-05	0
53925_WL_MC	4	2	2	7.7	23.83	1.73E-09	60966000
77394_WL_MC	4	2	2	7.7	23.83	1.73E-09	60966000
136881_WL_MC	4	2	2	7.7	23.83	1.73E-09	60966000
4628_WL_MC	4	2	2	7.7	23.83	1.73E-09	60966000
53943_WL_MC	6	14	5	23.3	30.803	8.64E-199	28313000000
77948_WL_MC	6	14	5	23.3	30.803	8.64E-199	28313000000
15629_WL_MC	6	14	5	23.3	30.803	8.64E-199	28313000000
15630_WL_MC	6	14	5	23.3	30.803	8.64E-199	28313000000
170230_WL_MC	6	14	5	23.3	30.803	8.64E-199	28313000000
15631_WL_MC	6	14	5	23.3	30.803	8.64E-199	28313000000
54095_WL_MC	1	3	3	22	20.804	2.79E-07	50139000
94736_WL_MC	2	3	3	8.6	69.382	5.80E-13	82455000
54405_WL_MC	2	3	3	8.6	69.382	5.80E-13	82455000
5737_WL_MC	1	2	2	8.1	29.231	0.00022866	2508800
58853_WL_MC	1	18	1	7.1	50.626	1.90E-245	112180000
59639_WL_MC	1	1	1	10.6	9.7853	0.0030814	1500000000
6072_WL_MC	2	1	1	3.8	34.622	0.0069699	0
7768_WL_MC	2	1	1	3.8	34.622	0.0069699	0
61174_WL_MC	1	2	2	16.2	16.676	0.00018172	56153000
62253_WL_MC	1	1	1	31.5	11.002	0.019126	0
64835_WL_MC	1	1	1	12.8	20.326	0.019371	0
65_WL_MC	1	26	0	0	79.792	1.78E-114	9787500
87494_WL_MC	2	1	1	8.3	10.095	5.08E-05	1518400000
67168_WL_MC	2	1	1	8.3	10.095	5.08E-05	1518400000
72772_WL_MC	1	1	1	32	8.6699	1.11E-16	126330000
7543_WL_MC	1	3	1	6.6	15.635	1.36E-34	7653500
75448_WL_MC	1	1	1	7.6	21.317	0.011543	6018100
7711_WL_MC	3	2	2	10.4	20.969	4.99E-05	65037000
30076_WL_MC	3	2	2	10.4	20.969	4.99E-05	65037000
160997_WL_MC	3	2	2	10.4	20.969	4.99E-05	65037000
774_WL_MC	2	1	1	2.2	45.29	0.00036005	0
773_WL_MC	2	1	1	2.2	45.29	0.00036005	0
78204_WL_MC	1	1	1	15	7.3326	0.028535	196320000
81464_WL_MC	1	1	1	11.4	9.6168	0.0078763	12012000
8676_WL_MC	1	1	1	10.2	31.539	0.018874	0
8863_WL_MC	8	10	10	25.2	68.172	2.70E-47	157270000
28548_WL_MC	8	10	10	25.2	68.172	2.70E-47	157270000
49997_WL_MC	8	10	10	25.2	68.172	2.70E-47	157270000
8864_WL_MC	8	10	10	25.2	68.172	2.70E-47	157270000
65101_WL_MC	8	10	10	25.2	68.172	2.70E-47	157270000
22979_WL_MC	8	10	10	25.2	68.172	2.70E-47	157270000
57037_WL_MC	8	10	10	25.2	68.172	2.70E-47	157270000
8862_WL_MC	8	10	10	25.2	68.172	2.70E-47	157270000
89772_WL_MC	1	10	0	0	50.91	7.12E-35	0
9150_WL_MC	2	3	3	15.2	24.727	1.35E-06	33619000
9149_WL_MC	2	3	3	15.2	24.727	1.35E-06	33619000
9286_WL_MC	4	3	3	15.5	23.999	1.83E-08	31938000
87363_WL_MC	4	3	3	15.5	23.999	1.83E-08	31938000
141748_WL_MC	4	3	3	15.5	23.999	1.83E-08	31938000
23734_WL_MC	4	3	3	15.5	23.999	1.83E-08	31938000
9333_WL_MC	5	4	4	9.8	65.789	6.49E-10	503150000
9334_WL_MC	5	4	4	9.8	65.789	6.49E-10	503150000
26108_WL_MC	5	4	4	9.8	65.789	6.49E-10	503150000
93835_WL_MC	5	4	4	9.8	65.789	6.49E-10	503150000
96316_WL_MC	5	4	4	9.8	65.789	6.49E-10	503150000
9456_WL_MC	1	1	1	5.8	21.291	0.00083818	0
97036_WL_MC	1	33	1	2.5	95.961	0	77468000
99425_WL_MC	1	1	1	19.1	8.0924	0.0089412	0
CON__P00761	1	6	6	37.7	24.409	5.53E-121	6153200000
CON__P02533	16	11	3	8.3	51.621	1.02E-35	136970000
157961_WL_MC	16	11	3	8.3	51.621	1.02E-35	136970000
CON__Q6IFX2	16	11	3	8.3	51.621	1.02E-35	136970000
CON__Q04695	16	11	3	8.3	51.621	1.02E-35	136970000
CON__Q3ZAW8	16	11	3	8.3	51.621	1.02E-35	136970000
CON__Q9Z2K1	16	11	3	8.3	51.621	1.02E-35	136970000
CON__A2A4G1	16	11	3	8.3	51.621	1.02E-35	136970000
CON__Q9QWL7	16	11	3	8.3	51.621	1.02E-35	136970000
CON__P19012	16	11	3	8.3	51.621	1.02E-35	136970000
CON__P19001	16	11	3	8.3	51.621	1.02E-35	136970000
CON__P08727	16	11	3	8.3	51.621	1.02E-35	136970000
CON__Q61782	16	11	3	8.3	51.621	1.02E-35	136970000
CON__Q9D312	16	11	3	8.3	51.621	1.02E-35	136970000
CON__P35900	16	11	3	8.3	51.621	1.02E-35	136970000
CON__Q8N1A0	16	11	3	8.3	51.621	1.02E-35	136970000
4613_WL_MC	16	11	3	8.3	51.621	1.02E-35	136970000
CON__P04264	6	33	21	43.6	66.017	0	6188600000
CON__Q6IFZ6	6	33	21	43.6	66.017	0	6188600000
CON__H-INV:HIT000016045	6	33	21	43.6	66.017	0	6188600000
CON__Q7Z794	6	33	21	43.6	66.017	0	6188600000
CON__Q9H552	6	33	21	43.6	66.017	0	6188600000
CON__Q9R0H5	6	33	21	43.6	66.017	0	6188600000
CON__P07477	1	1	1	8.1	26.558	0.0078625	357810000
CON__P08779	1	8	2	6.3	51.267	8.57E-34	34892000
CON__P13645	21	28	24	54	59.51	0	3102900000
CON__P02535-1	21	28	24	54	59.51	0	3102900000
CON__Q7Z3Y7	21	28	24	54	59.51	0	3102900000
CON__Q148H6	21	28	24	54	59.51	0	3102900000
CON__Q7Z3Y8	21	28	24	54	59.51	0	3102900000
CON__Q2M2I5	21	28	24	54	59.51	0	3102900000
CON__Q7Z3Z0	21	28	24	54	59.51	0	3102900000
CON__REFSEQ:XP_986630	21	28	24	54	59.51	0	3102900000
CON__O76014	21	28	24	54	59.51	0	3102900000
CON__Q7Z3Y9	21	28	24	54	59.51	0	3102900000
CON__O76013	21	28	24	54	59.51	0	3102900000
CON__O76015	21	28	24	54	59.51	0	3102900000
CON__Q497I4	21	28	24	54	59.51	0	3102900000
CON__A2AB72	21	28	24	54	59.51	0	3102900000
CON__Q14532	21	28	24	54	59.51	0	3102900000
CON__Q92764	21	28	24	54	59.51	0	3102900000
CON__P05784	21	28	24	54	59.51	0	3102900000
CON__A2A5Y0	21	28	24	54	59.51	0	3102900000
CON__Q15323	21	28	24	54	59.51	0	3102900000
CON__Q9UE12	21	28	24	54	59.51	0	3102900000
CON__Q14525	21	28	24	54	59.51	0	3102900000
CON__P13647	2	13	1	1.7	62.378	2.21E-30	50087000
157610_WL_MC	2	13	1	1.7	62.378	2.21E-30	50087000
CON__P35527	1	24	24	56.7	62.129	2.10E-224	2694600000
CON__P35908	7	27	15	34.6	65.865	0	1230000000
CON__Q6NXH9	7	27	15	34.6	65.865	0	1230000000
CON__P19013	7	27	15	34.6	65.865	0	1230000000
CON__Q32MB2	7	27	15	34.6	65.865	0	1230000000
CON__Q7RTS7	7	27	15	34.6	65.865	0	1230000000
11148_WL_MC	7	27	15	34.6	65.865	0	1230000000
162269_WL_MC	7	27	15	34.6	65.865	0	1230000000
CON__Q5D862	1	1	1	0.5	248.07	0.0019251	0
CON__Q5XQN5	20	13	0	0	62.936	3.52E-33	30373000
CON__Q922U2	20	13	0	0	62.936	3.52E-33	30373000
157616_WL_MC	20	13	0	0	62.936	3.52E-33	30373000
CON__P05787	20	13	0	0	62.936	3.52E-33	30373000
CON__H-INV:HIT000292931	20	13	0	0	62.936	3.52E-33	30373000
CON__P07744	20	13	0	0	62.936	3.52E-33	30373000
CON__Q7RTT2	20	13	0	0	62.936	3.52E-33	30373000
CON__Q8N1N4-2	20	13	0	0	62.936	3.52E-33	30373000
CON__Q6ISB0	20	13	0	0	62.936	3.52E-33	30373000
CON__Q9NSB2	20	13	0	0	62.936	3.52E-33	30373000
CON__P78386	20	13	0	0	62.936	3.52E-33	30373000
CON__Q14533	20	13	0	0	62.936	3.52E-33	30373000
CON__P78385	20	13	0	0	62.936	3.52E-33	30373000
CON__Q6NT21	20	13	0	0	62.936	3.52E-33	30373000
CON__O43790	20	13	0	0	62.936	3.52E-33	30373000
CON__Q61726	20	13	0	0	62.936	3.52E-33	30373000
CON__P08729	20	13	0	0	62.936	3.52E-33	30373000
CON__Q3KNV1	20	13	0	0	62.936	3.52E-33	30373000
CON__Q9DCV7	20	13	0	0	62.936	3.52E-33	30373000
1199_WL_MC	20	13	0	0	62.936	3.52E-33	30373000
CON__Q86YZ3	1	7	7	9.9	282.39	6.21E-66	86795000
REV__19189_WL_MC	7	1	1	3.3	30.092	0.0075234	35867000
REV__104903_WL_MC	7	1	1	3.3	30.092	0.0075234	35867000
REV__31586_WL_MC	7	1	1	3.3	30.092	0.0075234	35867000
REV__42555_WL_MC	7	1	1	3.3	30.092	0.0075234	35867000
REV__48450_WL_MC	7	1	1	3.3	30.092	0.0075234	35867000
REV__48451_WL_MC	7	1	1	3.3	30.092	0.0075234	35867000
REV__154861_WL_MC	7	1	1	3.3	30.092	0.0075234	35867000
REV__145153_WL_MC	1	1	1	12.9	8.0141	0.0073229	313630000
REV__35664_WL_MC	1	1	1	8.3	13.791	0.0049667	147220000
REV__73307_WL_MC	1	1	1	16.4	7.441	0.036941	120480000
REV__76231_WL_MC	1	1	1	10	8.4922	0.015361	437550000
REV__CON__Q7RTT2	2	1	1	1.5	56.964	0.016096	1205600000
REV__CON__Q8N1N4-2	2	1	1	1.5	56.964	0.016096	1205600000
12297_WL_MC	4	2	2	14.5	13.697	0.00033727	36972000
100183_WL_MC	4	2	2	14.5	13.697	0.00033727	36972000
12296_WL_MC	4	2	2	14.5	13.697	0.00033727	36972000
166543_WL_MC	4	2	2	14.5	13.697	0.00033727	36972000
100693_WL_MC	1	1	1	14.9	8.7745	0.00019491	5785300
25868_WL_MC	4	5	5	27	24.81	7.95E-30	394060000
51015_WL_MC	4	5	5	27	24.81	7.95E-30	394060000
10080_WL_MC	4	5	5	27	24.81	7.95E-30	394060000
10081_WL_MC	4	5	5	27	24.81	7.95E-30	394060000
130529_WL_MC	3	1	1	11.4	12.271	0.0025429	32290000
17747_WL_MC	3	1	1	11.4	12.271	0.0025429	32290000
100857_WL_MC	3	1	1	11.4	12.271	0.0025429	32290000
51088_WL_MC	5	1	1	2.9	63.313	0.014662	0
10135_WL_MC	5	1	1	2.9	63.313	0.014662	0
29162_WL_MC	5	1	1	2.9	63.313	0.014662	0
151689_WL_MC	5	1	1	2.9	63.313	0.014662	0
67375_WL_MC	5	1	1	2.9	63.313	0.014662	0
101586_WL_MC	4	2	2	12.3	21.734	3.49E-08	21392000
130937_WL_MC	4	2	2	12.3	21.734	3.49E-08	21392000
CON__ENSEMBL:ENSBTAP00000016242	4	2	2	12.3	21.734	3.49E-08	21392000
2472_WL_MC	4	2	2	12.3	21.734	3.49E-08	21392000
18050_WL_MC	3	2	2	19.8	20.987	5.08E-05	9427800
30488_WL_MC	3	2	2	19.8	20.987	5.08E-05	9427800
101819_WL_MC	3	2	2	19.8	20.987	5.08E-05	9427800
101836_WL_MC	1	1	1	18.8	7.6857	0.017058	0
30496_WL_MC	4	2	2	12.8	20.311	3.51E-13	34719000
18052_WL_MC	4	2	2	12.8	20.311	3.51E-13	34719000
101839_WL_MC	4	2	2	12.8	20.311	3.51E-13	34719000
50227_WL_MC	4	2	2	12.8	20.311	3.51E-13	34719000
30602_WL_MC	5	1	1	11.8	15.916	0.0027872	0
166522_WL_MC	5	1	1	11.8	15.916	0.0027872	0
53339_WL_MC	5	1	1	11.8	15.916	0.0027872	0
102243_WL_MC	5	1	1	11.8	15.916	0.0027872	0
166523_WL_MC	5	1	1	11.8	15.916	0.0027872	0
160865_WL_MC	3	1	1	11.3	16.022	4.99E-06	0
7607_WL_MC	3	1	1	11.3	16.022	4.99E-06	0
102259_WL_MC	3	1	1	11.3	16.022	4.99E-06	0
43293_WL_MC	4	3	3	18	18.718	3.61E-37	60916000
102341_WL_MC	4	3	3	18	18.718	3.61E-37	60916000
21129_WL_MC	4	3	3	18	18.718	3.61E-37	60916000
56485_WL_MC	4	3	3	18	18.718	3.61E-37	60916000
15243_WL_MC	11	1	1	1.9	79.85	0.0013521	6831000
15242_WL_MC	11	1	1	1.9	79.85	0.0013521	6831000
15247_WL_MC	11	1	1	1.9	79.85	0.0013521	6831000
15248_WL_MC	11	1	1	1.9	79.85	0.0013521	6831000
15246_WL_MC	11	1	1	1.9	79.85	0.0013521	6831000
45498_WL_MC	11	1	1	1.9	79.85	0.0013521	6831000
45501_WL_MC	11	1	1	1.9	79.85	0.0013521	6831000
15245_WL_MC	11	1	1	1.9	79.85	0.0013521	6831000
45500_WL_MC	11	1	1	1.9	79.85	0.0013521	6831000
45499_WL_MC	11	1	1	1.9	79.85	0.0013521	6831000
103370_WL_MC	11	1	1	1.9	79.85	0.0013521	6831000
103694_WL_MC	1	1	1	4.2	19.479	0.014511	3748200
45825_WL_MC	3	1	1	9.9	16.548	0.0077095	16095000
31253_WL_MC	3	1	1	9.9	16.548	0.0077095	16095000
104053_WL_MC	3	1	1	9.9	16.548	0.0077095	16095000
104159_WL_MC	3	3	2	7.5	27.83	3.23E-09	48099000
31295_WL_MC	3	3	2	7.5	27.83	3.23E-09	48099000
132423_WL_MC	3	3	2	7.5	27.83	3.23E-09	48099000
104251_WL_MC	2	1	1	5.1	31.675	0.012622	4962200
31329_WL_MC	2	1	1	5.1	31.675	0.012622	4962200
12170_WL_MC	4	1	1	3.4	45.288	0.006354	8964600
12169_WL_MC	4	1	1	3.4	45.288	0.006354	8964600
18975_WL_MC	4	1	1	3.4	45.288	0.006354	8964600
104334_WL_MC	4	1	1	3.4	45.288	0.006354	8964600
50669_WL_MC	10	1	1	4	32.368	0.0064445	5583600
50670_WL_MC	10	1	1	4	32.368	0.0064445	5583600
50666_WL_MC	10	1	1	4	32.368	0.0064445	5583600
50665_WL_MC	10	1	1	4	32.368	0.0064445	5583600
104525_WL_MC	10	1	1	4	32.368	0.0064445	5583600
50668_WL_MC	10	1	1	4	32.368	0.0064445	5583600
50667_WL_MC	10	1	1	4	32.368	0.0064445	5583600
163352_WL_MC	10	1	1	4	32.368	0.0064445	5583600
163353_WL_MC	10	1	1	4	32.368	0.0064445	5583600
163354_WL_MC	10	1	1	4	32.368	0.0064445	5583600
104820_WL_MC	1	2	2	24.8	11.562	2.35E-05	41040000
19189_WL_MC	6	3	1	2.9	30.092	3.09E-08	852870000
104903_WL_MC	6	3	1	2.9	30.092	3.09E-08	852870000
31586_WL_MC	6	3	1	2.9	30.092	3.09E-08	852870000
48450_WL_MC	6	3	1	2.9	30.092	3.09E-08	852870000
154861_WL_MC	6	3	1	2.9	30.092	3.09E-08	852870000
48448_WL_MC	6	3	1	2.9	30.092	3.09E-08	852870000
7354_WL_MC	3	1	1	2.7	57.825	0.0020591	9022600
19216_WL_MC	3	1	1	2.7	57.825	0.0020591	9022600
104979_WL_MC	3	1	1	2.7	57.825	0.0020591	9022600
19241_WL_MC	5	3	3	8.6	44.17	6.78E-06	25890000
105048_WL_MC	5	3	3	8.6	44.17	6.78E-06	25890000
48405_WL_MC	5	3	3	8.6	44.17	6.78E-06	25890000
48404_WL_MC	5	3	3	8.6	44.17	6.78E-06	25890000
159754_WL_MC	5	3	3	8.6	44.17	6.78E-06	25890000
169945_WL_MC	3	1	1	2.2	51.904	1.43E-05	0
105163_WL_MC	3	1	1	2.2	51.904	1.43E-05	0
53735_WL_MC	3	1	1	2.2	51.904	1.43E-05	0
11894_WL_MC	3	1	1	1.8	48.843	0.0042655	5448700
11893_WL_MC	3	1	1	1.8	48.843	0.0042655	5448700
105259_WL_MC	3	1	1	1.8	48.843	0.0042655	5448700
105403_WL_MC	2	6	6	30.7	22.283	3.69E-23	140030000
19389_WL_MC	2	6	6	30.7	22.283	3.69E-23	140030000
105606_WL_MC	3	3	3	34.3	15.871	2.45E-84	291720000
19488_WL_MC	3	3	3	34.3	15.871	2.45E-84	291720000
157567_WL_MC	3	3	3	34.3	15.871	2.45E-84	291720000
52854_WL_MC	5	3	3	10.1	35.13	8.88E-44	236420000
52853_WL_MC	5	3	3	10.1	35.13	8.88E-44	236420000
105676_WL_MC	5	3	3	10.1	35.13	8.88E-44	236420000
133279_WL_MC	5	3	3	10.1	35.13	8.88E-44	236420000
19518_WL_MC	5	3	3	10.1	35.13	8.88E-44	236420000
47192_WL_MC	18	1	1	2.6	58.013	0.012656	0
47188_WL_MC	18	1	1	2.6	58.013	0.012656	0
47187_WL_MC	18	1	1	2.6	58.013	0.012656	0
47193_WL_MC	18	1	1	2.6	58.013	0.012656	0
4880_WL_MC	18	1	1	2.6	58.013	0.012656	0
4882_WL_MC	18	1	1	2.6	58.013	0.012656	0
47186_WL_MC	18	1	1	2.6	58.013	0.012656	0
4873_WL_MC	18	1	1	2.6	58.013	0.012656	0
47189_WL_MC	18	1	1	2.6	58.013	0.012656	0
4879_WL_MC	18	1	1	2.6	58.013	0.012656	0
47190_WL_MC	18	1	1	2.6	58.013	0.012656	0
47191_WL_MC	18	1	1	2.6	58.013	0.012656	0
19525_WL_MC	18	1	1	2.6	58.013	0.012656	0
47185_WL_MC	18	1	1	2.6	58.013	0.012656	0
4874_WL_MC	18	1	1	2.6	58.013	0.012656	0
105703_WL_MC	18	1	1	2.6	58.013	0.012656	0
4883_WL_MC	18	1	1	2.6	58.013	0.012656	0
47184_WL_MC	18	1	1	2.6	58.013	0.012656	0
162470_WL_MC	4	1	1	6.6	28.68	0.0017125	0
19624_WL_MC	4	1	1	6.6	28.68	0.0017125	0
105977_WL_MC	4	1	1	6.6	28.68	0.0017125	0
133450_WL_MC	4	1	1	6.6	28.68	0.0017125	0
106010_WL_MC	13	4	4	14.7	43.458	3.26E-11	43971000
32031_WL_MC	13	4	4	14.7	43.458	3.26E-11	43971000
133470_WL_MC	13	4	4	14.7	43.458	3.26E-11	43971000
163517_WL_MC	13	4	4	14.7	43.458	3.26E-11	43971000
9728_WL_MC	13	4	4	14.7	43.458	3.26E-11	43971000
9729_WL_MC	13	4	4	14.7	43.458	3.26E-11	43971000
9730_WL_MC	13	4	4	14.7	43.458	3.26E-11	43971000
9731_WL_MC	13	4	4	14.7	43.458	3.26E-11	43971000
64486_WL_MC	13	4	4	14.7	43.458	3.26E-11	43971000
41072_WL_MC	13	4	4	14.7	43.458	3.26E-11	43971000
9726_WL_MC	13	4	4	14.7	43.458	3.26E-11	43971000
9727_WL_MC	13	4	4	14.7	43.458	3.26E-11	43971000
133469_WL_MC	13	4	4	14.7	43.458	3.26E-11	43971000
34725_WL_MC	3	1	1	6.6	25.02	0.00070306	6710400
81465_WL_MC	3	1	1	6.6	25.02	0.00070306	6710400
106273_WL_MC	3	1	1	6.6	25.02	0.00070306	6710400
51458_WL_MC	3	3	3	20.5	17.394	5.23E-12	520930000
10729_WL_MC	3	3	3	20.5	17.394	5.23E-12	520930000
131570_WL_MC	3	3	3	20.5	17.394	5.23E-12	520930000
153981_WL_MC	3	1	1	4.9	21.229	0.01629	30071000
164607_WL_MC	3	1	1	4.9	21.229	0.01629	30071000
10750_WL_MC	3	1	1	4.9	21.229	0.01629	30071000
24008_WL_MC	5	20	20	15.5	187.59	1.11E-78	333160000
51586_WL_MC	5	20	20	15.5	187.59	1.11E-78	333160000
88504_WL_MC	5	20	20	15.5	187.59	1.11E-78	333160000
51585_WL_MC	5	20	20	15.5	187.59	1.11E-78	333160000
1115_WL_MC	5	20	20	15.5	187.59	1.11E-78	333160000
51814_WL_MC	7	3	3	16.7	31.231	1.90E-31	66521000
51813_WL_MC	7	3	3	16.7	31.231	1.90E-31	66521000
11212_WL_MC	7	3	3	16.7	31.231	1.90E-31	66521000
11213_WL_MC	7	3	3	16.7	31.231	1.90E-31	66521000
96108_WL_MC	7	3	3	16.7	31.231	1.90E-31	66521000
26043_WL_MC	7	3	3	16.7	31.231	1.90E-31	66521000
145287_WL_MC	7	3	3	16.7	31.231	1.90E-31	66521000
11290_WL_MC	1	1	1	7	16.42	0.0002361	27710000
11404_WL_MC	8	2	2	8.2	31.475	2.28E-09	39526000
11403_WL_MC	8	2	2	8.2	31.475	2.28E-09	39526000
165529_WL_MC	8	2	2	8.2	31.475	2.28E-09	39526000
35493_WL_MC	8	2	2	8.2	31.475	2.28E-09	39526000
165528_WL_MC	8	2	2	8.2	31.475	2.28E-09	39526000
165530_WL_MC	8	2	2	8.2	31.475	2.28E-09	39526000
84450_WL_MC	8	2	2	8.2	31.475	2.28E-09	39526000
165527_WL_MC	8	2	2	8.2	31.475	2.28E-09	39526000
165598_WL_MC	4	1	1	5.2	23.942	0.011484	20144000
165597_WL_MC	4	1	1	5.2	23.942	0.011484	20144000
11447_WL_MC	4	1	1	5.2	23.942	0.011484	20144000
169823_WL_MC	4	1	1	5.2	23.942	0.011484	20144000
11453_WL_MC	12	2	2	2.9	68.945	0.0013595	9828900
11466_WL_MC	12	2	2	2.9	68.945	0.0013595	9828900
11458_WL_MC	12	2	2	2.9	68.945	0.0013595	9828900
44220_WL_MC	12	2	2	2.9	68.945	0.0013595	9828900
11461_WL_MC	12	2	2	2.9	68.945	0.0013595	9828900
44221_WL_MC	12	2	2	2.9	68.945	0.0013595	9828900
31313_WL_MC	12	2	2	2.9	68.945	0.0013595	9828900
18930_WL_MC	12	2	2	2.9	68.945	0.0013595	9828900
104196_WL_MC	12	2	2	2.9	68.945	0.0013595	9828900
132440_WL_MC	12	2	2	2.9	68.945	0.0013595	9828900
17497_WL_MC	12	2	2	2.9	68.945	0.0013595	9828900
100159_WL_MC	12	2	2	2.9	68.945	0.0013595	9828900
165650_WL_MC	9	1	1	5.7	30.338	1.71E-10	3869900
165624_WL_MC	9	1	1	5.7	30.338	1.71E-10	3869900
165645_WL_MC	9	1	1	5.7	30.338	1.71E-10	3869900
165629_WL_MC	9	1	1	5.7	30.338	1.71E-10	3869900
11473_WL_MC	9	1	1	5.7	30.338	1.71E-10	3869900
165633_WL_MC	9	1	1	5.7	30.338	1.71E-10	3869900
53564_WL_MC	9	1	1	5.7	30.338	1.71E-10	3869900
63859_WL_MC	9	1	1	5.7	30.338	1.71E-10	3869900
28218_WL_MC	9	1	1	5.7	30.338	1.71E-10	3869900
115521_WL_MC	1	1	1	17.2	6.8098	0.01146	0
1169_WL_MC	1	27	0	0	100.34	0	145800000
12048_WL_MC	3	2	2	5.9	33.027	1.07E-05	58281000
12049_WL_MC	3	2	2	5.9	33.027	1.07E-05	58281000
52444_WL_MC	3	2	2	5.9	33.027	1.07E-05	58281000
166265_WL_MC	6	2	2	4.6	49.572	9.49E-05	35683000
12051_WL_MC	6	2	2	4.6	49.572	9.49E-05	35683000
12052_WL_MC	6	2	2	4.6	49.572	9.49E-05	35683000
166267_WL_MC	6	2	2	4.6	49.572	9.49E-05	35683000
166266_WL_MC	6	2	2	4.6	49.572	9.49E-05	35683000
166264_WL_MC	6	2	2	4.6	49.572	9.49E-05	35683000
12158_WL_MC	2	1	1	0.9	96.075	0.0047726	58830000
27572_WL_MC	2	1	1	0.9	96.075	0.0047726	58830000
166364_WL_MC	9	1	1	0.6	170.07	0.0070999	20132000
166365_WL_MC	9	1	1	0.6	170.07	0.0070999	20132000
12168_WL_MC	9	1	1	0.6	170.07	0.0070999	20132000
12162_WL_MC	9	1	1	0.6	170.07	0.0070999	20132000
12164_WL_MC	9	1	1	0.6	170.07	0.0070999	20132000
12167_WL_MC	9	1	1	0.6	170.07	0.0070999	20132000
60846_WL_MC	9	1	1	0.6	170.07	0.0070999	20132000
12161_WL_MC	9	1	1	0.6	170.07	0.0070999	20132000
147926_WL_MC	9	1	1	0.6	170.07	0.0070999	20132000
12254_WL_MC	3	1	1	11	11.654	0.00096871	11748000
153305_WL_MC	3	1	1	11	11.654	0.00096871	11748000
12252_WL_MC	3	1	1	11	11.654	0.00096871	11748000
12353_WL_MC	4	1	1	3.6	31.778	0.00090035	0
12354_WL_MC	4	1	1	3.6	31.778	0.00090035	0
27312_WL_MC	4	1	1	3.6	31.778	0.00090035	0
147691_WL_MC	4	1	1	3.6	31.778	0.00090035	0
12355_WL_MC	3	4	3	7.4	40.278	1.38E-07	41783000
26229_WL_MC	3	4	3	7.4	40.278	1.38E-07	41783000
96663_WL_MC	3	4	3	7.4	40.278	1.38E-07	41783000
12386_WL_MC	21	2	2	8.7	27.439	0.00030854	27514000
12387_WL_MC	21	2	2	8.7	27.439	0.00030854	27514000
12389_WL_MC	21	2	2	8.7	27.439	0.00030854	27514000
12388_WL_MC	21	2	2	8.7	27.439	0.00030854	27514000
52708_WL_MC	21	2	2	8.7	27.439	0.00030854	27514000
12390_WL_MC	21	2	2	8.7	27.439	0.00030854	27514000
12402_WL_MC	21	2	2	8.7	27.439	0.00030854	27514000
12403_WL_MC	21	2	2	8.7	27.439	0.00030854	27514000
12391_WL_MC	21	2	2	8.7	27.439	0.00030854	27514000
166663_WL_MC	21	2	2	8.7	27.439	0.00030854	27514000
12393_WL_MC	21	2	2	8.7	27.439	0.00030854	27514000
12394_WL_MC	21	2	2	8.7	27.439	0.00030854	27514000
12395_WL_MC	21	2	2	8.7	27.439	0.00030854	27514000
12396_WL_MC	21	2	2	8.7	27.439	0.00030854	27514000
12397_WL_MC	21	2	2	8.7	27.439	0.00030854	27514000
37371_WL_MC	21	2	2	8.7	27.439	0.00030854	27514000
12404_WL_MC	21	2	2	8.7	27.439	0.00030854	27514000
12405_WL_MC	21	2	2	8.7	27.439	0.00030854	27514000
12399_WL_MC	21	2	2	8.7	27.439	0.00030854	27514000
12401_WL_MC	21	2	2	8.7	27.439	0.00030854	27514000
174_WL_MC	21	2	2	8.7	27.439	0.00030854	27514000
1291_WL_MC	1	11	1	3	36.768	2.35E-55	109570000
42986_WL_MC	6	1	1	5.1	29.495	0.005184	2223100
42994_WL_MC	6	1	1	5.1	29.495	0.005184	2223100
37959_WL_MC	6	1	1	5.1	29.495	0.005184	2223100
884_WL_MC	6	1	1	5.1	29.495	0.005184	2223100
1294_WL_MC	6	1	1	5.1	29.495	0.005184	2223100
42990_WL_MC	6	1	1	5.1	29.495	0.005184	2223100
13101_WL_MC	4	8	8	57.1	18.999	3.39E-33	872790000
31144_WL_MC	4	8	8	57.1	18.999	3.39E-33	872790000
132213_WL_MC	4	8	8	57.1	18.999	3.39E-33	872790000
167441_WL_MC	4	8	8	57.1	18.999	3.39E-33	872790000
131939_WL_MC	1	2	1	6.3	14.579	2.07E-05	12526000
44363_WL_MC	5	1	1	2.8	52.724	0.00078233	22670000
37441_WL_MC	5	1	1	2.8	52.724	0.00078233	22670000
24843_WL_MC	5	1	1	2.8	52.724	0.00078233	22670000
91775_WL_MC	5	1	1	2.8	52.724	0.00078233	22670000
13388_WL_MC	5	1	1	2.8	52.724	0.00078233	22670000
9871_WL_MC	2	2	2	12.5	15.088	0.00045385	106780000
134162_WL_MC	2	2	2	12.5	15.088	0.00045385	106780000
48106_WL_MC	5	1	1	7.1	18.355	0.0026403	20369000
33177_WL_MC	5	1	1	7.1	18.355	0.0026403	20369000
20774_WL_MC	5	1	1	7.1	18.355	0.0026403	20369000
48105_WL_MC	5	1	1	7.1	18.355	0.0026403	20369000
135891_WL_MC	5	1	1	7.1	18.355	0.0026403	20369000
50360_WL_MC	4	2	2	18.8	21.469	3.14E-06	53334000
33739_WL_MC	4	2	2	18.8	21.469	3.14E-06	53334000
21329_WL_MC	4	2	2	18.8	21.469	3.14E-06	53334000
137055_WL_MC	4	2	2	18.8	21.469	3.14E-06	53334000
137183_WL_MC	1	5	1	6.7	18.14	2.78E-13	50869000
13745_WL_MC	1	1	1	6.6	22.375	0.0039365	6312300
161375_WL_MC	6	1	1	5.1	25.384	0.0016604	47908000
33951_WL_MC	6	1	1	5.1	25.384	0.0016604	47908000
21538_WL_MC	6	1	1	5.1	25.384	0.0016604	47908000
137487_WL_MC	6	1	1	5.1	25.384	0.0016604	47908000
53957_WL_MC	6	1	1	5.1	25.384	0.0016604	47908000
78578_WL_MC	6	1	1	5.1	25.384	0.0016604	47908000
137527_WL_MC	4	6	6	18.8	44.642	2.40E-28	209890000
78649_WL_MC	4	6	6	18.8	44.642	2.40E-28	209890000
21557_WL_MC	4	6	6	18.8	44.642	2.40E-28	209890000
33970_WL_MC	4	6	6	18.8	44.642	2.40E-28	209890000
13779_WL_MC	9	1	1	5.6	22.473	0.0018267	94347000
13780_WL_MC	9	1	1	5.6	22.473	0.0018267	94347000
13781_WL_MC	9	1	1	5.6	22.473	0.0018267	94347000
13776_WL_MC	9	1	1	5.6	22.473	0.0018267	94347000
13777_WL_MC	9	1	1	5.6	22.473	0.0018267	94347000
13782_WL_MC	9	1	1	5.6	22.473	0.0018267	94347000
13778_WL_MC	9	1	1	5.6	22.473	0.0018267	94347000
28234_WL_MC	9	1	1	5.6	22.473	0.0018267	94347000
40906_WL_MC	9	1	1	5.6	22.473	0.0018267	94347000
13807_WL_MC	4	9	1	3.1	33.127	3.13E-21	13478000
53637_WL_MC	4	9	1	3.1	33.127	3.13E-21	13478000
13806_WL_MC	4	9	1	3.1	33.127	3.13E-21	13478000
53638_WL_MC	4	9	1	3.1	33.127	3.13E-21	13478000
34249_WL_MC	4	1	1	3.7	37.286	0.00034631	10694000
79744_WL_MC	4	1	1	3.7	37.286	0.00034631	10694000
21823_WL_MC	4	1	1	3.7	37.286	0.00034631	10694000
138089_WL_MC	4	1	1	3.7	37.286	0.00034631	10694000
13832_WL_MC	12	3	3	11.2	31.561	1.37E-05	12265000
44566_WL_MC	12	3	3	11.2	31.561	1.37E-05	12265000
13836_WL_MC	12	3	3	11.2	31.561	1.37E-05	12265000
13834_WL_MC	12	3	3	11.2	31.561	1.37E-05	12265000
44569_WL_MC	12	3	3	11.2	31.561	1.37E-05	12265000
44567_WL_MC	12	3	3	11.2	31.561	1.37E-05	12265000
13833_WL_MC	12	3	3	11.2	31.561	1.37E-05	12265000
168239_WL_MC	12	3	3	11.2	31.561	1.37E-05	12265000
44568_WL_MC	12	3	3	11.2	31.561	1.37E-05	12265000
168240_WL_MC	12	3	3	11.2	31.561	1.37E-05	12265000
13835_WL_MC	12	3	3	11.2	31.561	1.37E-05	12265000
168238_WL_MC	12	3	3	11.2	31.561	1.37E-05	12265000
138352_WL_MC	3	3	3	40	18.071	9.78E-19	496870000
21934_WL_MC	3	3	3	40	18.071	9.78E-19	496870000
42518_WL_MC	3	3	3	40	18.071	9.78E-19	496870000
45746_WL_MC	5	1	1	0.8	131.16	0.00029749	0
81107_WL_MC	5	1	1	0.8	131.16	0.00029749	0
22169_WL_MC	5	1	1	0.8	131.16	0.00029749	0
34628_WL_MC	5	1	1	0.8	131.16	0.00029749	0
138801_WL_MC	5	1	1	0.8	131.16	0.00029749	0
35399_WL_MC	3	4	4	32.9	16.674	3.43E-41	954880000
22889_WL_MC	3	4	4	32.9	16.674	3.43E-41	954880000
14_WL_MC	3	4	4	32.9	16.674	3.43E-41	954880000
140428_WL_MC	2	2	2	13.2	16.774	0.00016749	132230000
84487_WL_MC	2	2	2	13.2	16.774	0.00016749	132230000
44735_WL_MC	21	10	10	25.2	41.596	2.53E-45	552350000
14206_WL_MC	21	10	10	25.2	41.596	2.53E-45	552350000
14207_WL_MC	21	10	10	25.2	41.596	2.53E-45	552350000
14203_WL_MC	21	10	10	25.2	41.596	2.53E-45	552350000
14208_WL_MC	21	10	10	25.2	41.596	2.53E-45	552350000
44732_WL_MC	21	10	10	25.2	41.596	2.53E-45	552350000
14212_WL_MC	21	10	10	25.2	41.596	2.53E-45	552350000
44734_WL_MC	21	10	10	25.2	41.596	2.53E-45	552350000
14209_WL_MC	21	10	10	25.2	41.596	2.53E-45	552350000
14210_WL_MC	21	10	10	25.2	41.596	2.53E-45	552350000
14211_WL_MC	21	10	10	25.2	41.596	2.53E-45	552350000
14204_WL_MC	21	10	10	25.2	41.596	2.53E-45	552350000
44733_WL_MC	21	10	10	25.2	41.596	2.53E-45	552350000
14213_WL_MC	21	10	10	25.2	41.596	2.53E-45	552350000
14205_WL_MC	21	10	10	25.2	41.596	2.53E-45	552350000
14215_WL_MC	21	10	10	25.2	41.596	2.53E-45	552350000
14214_WL_MC	21	10	10	25.2	41.596	2.53E-45	552350000
44731_WL_MC	21	10	10	25.2	41.596	2.53E-45	552350000
168594_WL_MC	21	10	10	25.2	41.596	2.53E-45	552350000
168592_WL_MC	21	10	10	25.2	41.596	2.53E-45	552350000
168591_WL_MC	21	10	10	25.2	41.596	2.53E-45	552350000
5019_WL_MC	4	3	3	5.7	71.627	1.34E-08	4058800
142363_WL_MC	4	3	3	5.7	71.627	1.34E-08	4058800
36644_WL_MC	4	3	3	5.7	71.627	1.34E-08	4058800
5016_WL_MC	4	3	3	5.7	71.627	1.34E-08	4058800
142735_WL_MC	1	10	1	2.6	38.642	6.64E-39	19890000
142740_WL_MC	2	1	1	8.5	14.009	0.0045535	17267000
24312_WL_MC	2	1	1	8.5	14.009	0.0045535	17267000
14308_WL_MC	3	4	4	19.8	27.184	1.55E-71	739540000
43516_WL_MC	3	4	4	19.8	27.184	1.55E-71	739540000
14307_WL_MC	3	4	4	19.8	27.184	1.55E-71	739540000
24811_WL_MC	4	1	1	1.8	75.611	0.0065701	4493300
37400_WL_MC	4	1	1	1.8	75.611	0.0065701	4493300
91611_WL_MC	4	1	1	1.8	75.611	0.0065701	4493300
143524_WL_MC	4	1	1	1.8	75.611	0.0065701	4493300
44886_WL_MC	12	1	1	1.6	102.55	0.011194	0
14409_WL_MC	12	1	1	1.6	102.55	0.011194	0
14408_WL_MC	12	1	1	1.6	102.55	0.011194	0
14410_WL_MC	12	1	1	1.6	102.55	0.011194	0
14412_WL_MC	12	1	1	1.6	102.55	0.011194	0
14411_WL_MC	12	1	1	1.6	102.55	0.011194	0
44885_WL_MC	12	1	1	1.6	102.55	0.011194	0
44883_WL_MC	12	1	1	1.6	102.55	0.011194	0
44884_WL_MC	12	1	1	1.6	102.55	0.011194	0
145954_WL_MC	12	1	1	1.6	102.55	0.011194	0
168764_WL_MC	12	1	1	1.6	102.55	0.011194	0
14403_WL_MC	12	1	1	1.6	102.55	0.011194	0
14616_WL_MC	4	5	5	18.1	48.558	2.83E-13	68702000
14615_WL_MC	4	5	5	18.1	48.558	2.83E-13	68702000
66328_WL_MC	4	5	5	18.1	48.558	2.83E-13	68702000
45050_WL_MC	4	5	5	18.1	48.558	2.83E-13	68702000
169045_WL_MC	15	3	3	9.4	52.86	8.42E-08	25538000
14624_WL_MC	15	3	3	9.4	52.86	8.42E-08	25538000
14625_WL_MC	15	3	3	9.4	52.86	8.42E-08	25538000
169043_WL_MC	15	3	3	9.4	52.86	8.42E-08	25538000
169044_WL_MC	15	3	3	9.4	52.86	8.42E-08	25538000
14622_WL_MC	15	3	3	9.4	52.86	8.42E-08	25538000
14623_WL_MC	15	3	3	9.4	52.86	8.42E-08	25538000
14621_WL_MC	15	3	3	9.4	52.86	8.42E-08	25538000
14620_WL_MC	15	3	3	9.4	52.86	8.42E-08	25538000
31944_WL_MC	15	3	3	9.4	52.86	8.42E-08	25538000
169040_WL_MC	15	3	3	9.4	52.86	8.42E-08	25538000
169042_WL_MC	15	3	3	9.4	52.86	8.42E-08	25538000
105793_WL_MC	15	3	3	9.4	52.86	8.42E-08	25538000
169041_WL_MC	15	3	3	9.4	52.86	8.42E-08	25538000
80622_WL_MC	15	3	3	9.4	52.86	8.42E-08	25538000
1600_WL_MC	17	2	2	17.4	33.329	8.95E-16	60424000
146460_WL_MC	17	2	2	17.4	33.329	8.95E-16	60424000
8419_WL_MC	17	2	2	17.4	33.329	8.95E-16	60424000
49672_WL_MC	17	2	2	17.4	33.329	8.95E-16	60424000
8418_WL_MC	17	2	2	17.4	33.329	8.95E-16	60424000
123_WL_MC	17	2	2	17.4	33.329	8.95E-16	60424000
26775_WL_MC	17	2	2	17.4	33.329	8.95E-16	60424000
125_WL_MC	17	2	2	17.4	33.329	8.95E-16	60424000
13396_WL_MC	17	2	2	17.4	33.329	8.95E-16	60424000
155419_WL_MC	17	2	2	17.4	33.329	8.95E-16	60424000
124_WL_MC	17	2	2	17.4	33.329	8.95E-16	60424000
8366_WL_MC	17	2	2	17.4	33.329	8.95E-16	60424000
8360_WL_MC	17	2	2	17.4	33.329	8.95E-16	60424000
8363_WL_MC	17	2	2	17.4	33.329	8.95E-16	60424000
8364_WL_MC	17	2	2	17.4	33.329	8.95E-16	60424000
8365_WL_MC	17	2	2	17.4	33.329	8.95E-16	60424000
8420_WL_MC	17	2	2	17.4	33.329	8.95E-16	60424000
4861_WL_MC	6	1	1	2.5	54.228	0.0091107	9917600
4859_WL_MC	6	1	1	2.5	54.228	0.0091107	9917600
157991_WL_MC	6	1	1	2.5	54.228	0.0091107	9917600
27372_WL_MC	6	1	1	2.5	54.228	0.0091107	9917600
157993_WL_MC	6	1	1	2.5	54.228	0.0091107	9917600
147813_WL_MC	6	1	1	2.5	54.228	0.0091107	9917600
148998_WL_MC	3	1	1	8.3	13.859	0.0097766	10587000
1526_WL_MC	3	1	1	8.3	13.859	0.0097766	10587000
27906_WL_MC	3	1	1	8.3	13.859	0.0097766	10587000
35611_WL_MC	3	9	9	45.3	25.861	1.26E-38	1096200000
23105_WL_MC	3	9	9	45.3	25.861	1.26E-38	1096200000
15194_WL_MC	3	9	9	45.3	25.861	1.26E-38	1096200000
15199_WL_MC	3	1	1	11.5	11.432	0.0014526	8299000
45463_WL_MC	3	1	1	11.5	11.432	0.0014526	8299000
15200_WL_MC	3	1	1	11.5	11.432	0.0014526	8299000
15223_WL_MC	1	4	4	15.8	39.562	2.75E-11	34338000
43592_WL_MC	6	6	6	12.9	55.687	7.37E-13	195010000
15230_WL_MC	6	6	6	12.9	55.687	7.37E-13	195010000
15229_WL_MC	6	6	6	12.9	55.687	7.37E-13	195010000
15228_WL_MC	6	6	6	12.9	55.687	7.37E-13	195010000
135765_WL_MC	6	6	6	12.9	55.687	7.37E-13	195010000
75179_WL_MC	6	6	6	12.9	55.687	7.37E-13	195010000
152400_WL_MC	18	28	28	42.7	80.635	3.58E-97	2803800000
66_WL_MC	18	28	28	42.7	80.635	3.58E-97	2803800000
152402_WL_MC	18	28	28	42.7	80.635	3.58E-97	2803800000
65_WL_MC	18	28	28	42.7	80.635	3.58E-97	2803800000
21406_WL_MC	18	28	28	42.7	80.635	3.58E-97	2803800000
30309_WL_MC	18	28	28	42.7	80.635	3.58E-97	2803800000
77979_WL_MC	18	28	28	42.7	80.635	3.58E-97	2803800000
137202_WL_MC	18	28	28	42.7	80.635	3.58E-97	2803800000
12031_WL_MC	18	28	28	42.7	80.635	3.58E-97	2803800000
101273_WL_MC	18	28	28	42.7	80.635	3.58E-97	2803800000
17859_WL_MC	18	28	28	42.7	80.635	3.58E-97	2803800000
30284_WL_MC	18	28	28	42.7	80.635	3.58E-97	2803800000
95519_WL_MC	18	28	28	42.7	80.635	3.58E-97	2803800000
101180_WL_MC	18	28	28	42.7	80.635	3.58E-97	2803800000
104040_WL_MC	18	28	28	42.7	80.635	3.58E-97	2803800000
152399_WL_MC	18	28	28	42.7	80.635	3.58E-97	2803800000
166246_WL_MC	18	28	28	42.7	80.635	3.58E-97	2803800000
152398_WL_MC	18	28	28	42.7	80.635	3.58E-97	2803800000
152404_WL_MC	1	1	1	37.5	4.3711	1.84E-07	14814000
1658_WL_MC	9	1	1	3.8	20.464	0.0088158	44037000
9228_WL_MC	9	1	1	3.8	20.464	0.0088158	44037000
9234_WL_MC	9	1	1	3.8	20.464	0.0088158	44037000
9227_WL_MC	9	1	1	3.8	20.464	0.0088158	44037000
9233_WL_MC	9	1	1	3.8	20.464	0.0088158	44037000
1657_WL_MC	9	1	1	3.8	20.464	0.0088158	44037000
82_WL_MC	9	1	1	3.8	20.464	0.0088158	44037000
152419_WL_MC	9	1	1	3.8	20.464	0.0088158	44037000
9459_WL_MC	9	1	1	3.8	20.464	0.0088158	44037000
152537_WL_MC	2	1	1	15.4	8.8183	0.0035216	4711000
9249_WL_MC	2	1	1	15.4	8.8183	0.0035216	4711000
152698_WL_MC	1	4	4	31.4	17.387	5.02E-10	63437000
152767_WL_MC	2	2	2	15.6	15.144	0.00012302	8582600
159939_WL_MC	2	2	2	15.6	15.144	0.00012302	8582600
152798_WL_MC	2	1	1	11.3	15.37	0.0019633	23971000
164627_WL_MC	2	1	1	11.3	15.37	0.0019633	23971000
8084_WL_MC	4	2	2	16.4	11.997	1.51E-05	96827000
153016_WL_MC	4	2	2	16.4	11.997	1.51E-05	96827000
548_WL_MC	4	2	2	16.4	11.997	1.51E-05	96827000
8083_WL_MC	4	2	2	16.4	11.997	1.51E-05	96827000
15306_WL_MC	2	1	1	9.7	19.708	0.0006223	4958800
39306_WL_MC	2	1	1	9.7	19.708	0.0006223	4958800
153161_WL_MC	3	8	8	16.3	55.495	1.51E-24	127330000
24234_WL_MC	3	8	8	16.3	55.495	1.51E-24	127330000
635_WL_MC	3	8	8	16.3	55.495	1.51E-24	127330000
15350_WL_MC	3	1	1	9.1	16.447	0.0010384	8050900
15351_WL_MC	3	1	1	9.1	16.447	0.0010384	8050900
17938_WL_MC	3	1	1	9.1	16.447	0.0010384	8050900
153723_WL_MC	2	6	6	13.1	52.868	7.39E-11	164920000
96470_WL_MC	2	6	6	13.1	52.868	7.39E-11	164920000
153786_WL_MC	2	1	1	3.2	64.696	0.002111	3159500
19640_WL_MC	2	1	1	3.2	64.696	0.002111	3159500
153993_WL_MC	2	5	1	2.2	70.982	4.74E-20	150960000
160638_WL_MC	2	5	1	2.2	70.982	4.74E-20	150960000
154178_WL_MC	2	3	3	7.2	45.099	2.76E-05	45843000
1540_WL_MC	2	3	3	7.2	45.099	2.76E-05	45843000
154257_WL_MC	1	1	1	19.4	6.9257	0.0080741	5533600
154259_WL_MC	1	4	4	34.6	15.365	1.68E-19	292320000
52530_WL_MC	2	2	2	15.5	22.613	8.37E-07	21283000
154331_WL_MC	2	2	2	15.5	22.613	8.37E-07	21283000
154384_WL_MC	4	2	2	12.1	19.49	0.00055728	29380000
170215_WL_MC	4	2	2	12.1	19.49	0.00055728	29380000
15607_WL_MC	4	2	2	12.1	19.49	0.00055728	29380000
170214_WL_MC	4	2	2	12.1	19.49	0.00055728	29380000
20041_WL_MC	5	4	4	16.5	28.959	1.98E-07	45896000
154633_WL_MC	5	4	4	16.5	28.959	1.98E-07	45896000
157104_WL_MC	5	4	4	16.5	28.959	1.98E-07	45896000
72449_WL_MC	5	4	4	16.5	28.959	1.98E-07	45896000
154632_WL_MC	5	4	4	16.5	28.959	1.98E-07	45896000
154805_WL_MC	9	5	4	20.9	35.13	4.34E-18	178590000
154802_WL_MC	9	5	4	20.9	35.13	4.34E-18	178590000
35285_WL_MC	9	5	4	20.9	35.13	4.34E-18	178590000
35265_WL_MC	9	5	4	20.9	35.13	4.34E-18	178590000
22779_WL_MC	9	5	4	20.9	35.13	4.34E-18	178590000
83637_WL_MC	9	5	4	20.9	35.13	4.34E-18	178590000
22763_WL_MC	9	5	4	20.9	35.13	4.34E-18	178590000
154804_WL_MC	9	5	4	20.9	35.13	4.34E-18	178590000
83567_WL_MC	9	5	4	20.9	35.13	4.34E-18	178590000
39031_WL_MC	3	2	2	2.1	119.74	9.19E-09	3266800
154864_WL_MC	3	2	2	2.1	119.74	9.19E-09	3266800
154867_WL_MC	3	2	2	2.1	119.74	9.19E-09	3266800
155432_WL_MC	2	2	2	7.6	31.985	1.05E-09	16606000
27894_WL_MC	2	2	2	7.6	31.985	1.05E-09	16606000
15546_WL_MC	8	3	3	13.8	28.13	5.70E-26	18370000
45236_WL_MC	8	3	3	13.8	28.13	5.70E-26	18370000
4468_WL_MC	8	3	3	13.8	28.13	5.70E-26	18370000
157501_WL_MC	8	3	3	13.8	28.13	5.70E-26	18370000
13370_WL_MC	8	3	3	13.8	28.13	5.70E-26	18370000
4618_WL_MC	8	3	3	13.8	28.13	5.70E-26	18370000
16877_WL_MC	8	3	3	13.8	28.13	5.70E-26	18370000
128844_WL_MC	8	3	3	13.8	28.13	5.70E-26	18370000
2692_WL_MC	2	1	1	9.4	15.166	0.00013664	39290000
155495_WL_MC	2	1	1	9.4	15.166	0.00013664	39290000
15570_WL_MC	3	1	1	6.3	23.326	3.97E-09	0
15566_WL_MC	3	1	1	6.3	23.326	3.97E-09	0
15569_WL_MC	3	1	1	6.3	23.326	3.97E-09	0
15573_WL_MC	11	3	3	7.3	60.439	7.63E-07	18926000
45736_WL_MC	11	3	3	7.3	60.439	7.63E-07	18926000
45737_WL_MC	11	3	3	7.3	60.439	7.63E-07	18926000
45735_WL_MC	11	3	3	7.3	60.439	7.63E-07	18926000
25913_WL_MC	11	3	3	7.3	60.439	7.63E-07	18926000
38593_WL_MC	11	3	3	7.3	60.439	7.63E-07	18926000
95660_WL_MC	11	3	3	7.3	60.439	7.63E-07	18926000
15574_WL_MC	11	3	3	7.3	60.439	7.63E-07	18926000
15576_WL_MC	11	3	3	7.3	60.439	7.63E-07	18926000
15575_WL_MC	11	3	3	7.3	60.439	7.63E-07	18926000
99375_WL_MC	11	3	3	7.3	60.439	7.63E-07	18926000
155758_WL_MC	1	1	1	6.4	23.727	1.10E-07	0
155771_WL_MC	1	1	1	6.5	34.489	4.28E-20	9840800
15578_WL_MC	3	10	7	14.1	42.719	5.71E-48	1981100000
45738_WL_MC	3	10	7	14.1	42.719	5.71E-48	1981100000
79979_WL_MC	3	10	7	14.1	42.719	5.71E-48	1981100000
155864_WL_MC	3	1	1	5	42.439	1.92E-12	11329000
155871_WL_MC	3	1	1	5	42.439	1.92E-12	11329000
88088_WL_MC	3	1	1	5	42.439	1.92E-12	11329000
155885_WL_MC	2	1	1	2.5	51.758	7.50E-06	7283800
53483_WL_MC	2	1	1	2.5	51.758	7.50E-06	7283800
156192_WL_MC	2	2	2	3.7	75.261	3.44E-05	35066000
19390_WL_MC	2	2	2	3.7	75.261	3.44E-05	35066000
156292_WL_MC	3	3	3	10	49.112	1.51E-32	15774000
156291_WL_MC	3	3	3	10	49.112	1.51E-32	15774000
33307_WL_MC	3	3	3	10	49.112	1.51E-32	15774000
15632_WL_MC	2	10	2	8.3	18.655	5.17E-132	671360000
15631_WL_MC	2	10	2	8.3	18.655	5.17E-132	671360000
170282_WL_MC	3	1	1	5.1	32.105	1.18E-05	0
15669_WL_MC	3	1	1	5.1	32.105	1.18E-05	0
15668_WL_MC	3	1	1	5.1	32.105	1.18E-05	0
46611_WL_MC	14	4	4	12.1	43.257	3.13E-18	199770000
46609_WL_MC	14	4	4	12.1	43.257	3.13E-18	199770000
46613_WL_MC	14	4	4	12.1	43.257	3.13E-18	199770000
156946_WL_MC	14	4	4	12.1	43.257	3.13E-18	199770000
156947_WL_MC	14	4	4	12.1	43.257	3.13E-18	199770000
156948_WL_MC	14	4	4	12.1	43.257	3.13E-18	199770000
93663_WL_MC	14	4	4	12.1	43.257	3.13E-18	199770000
25342_WL_MC	14	4	4	12.1	43.257	3.13E-18	199770000
46612_WL_MC	14	4	4	12.1	43.257	3.13E-18	199770000
46607_WL_MC	14	4	4	12.1	43.257	3.13E-18	199770000
46608_WL_MC	14	4	4	12.1	43.257	3.13E-18	199770000
54373_WL_MC	14	4	4	12.1	43.257	3.13E-18	199770000
46610_WL_MC	14	4	4	12.1	43.257	3.13E-18	199770000
156950_WL_MC	14	4	4	12.1	43.257	3.13E-18	199770000
157107_WL_MC	8	7	3	8.4	50.347	1.62E-18	237460000
30815_WL_MC	8	7	3	8.4	50.347	1.62E-18	237460000
102909_WL_MC	8	7	3	8.4	50.347	1.62E-18	237460000
157105_WL_MC	8	7	3	8.4	50.347	1.62E-18	237460000
18412_WL_MC	8	7	3	8.4	50.347	1.62E-18	237460000
157106_WL_MC	8	7	3	8.4	50.347	1.62E-18	237460000
4126_WL_MC	8	7	3	8.4	50.347	1.62E-18	237460000
131674_WL_MC	8	7	3	8.4	50.347	1.62E-18	237460000
157271_WL_MC	1	1	1	25.8	12.699	1.61E-08	69919000
61216_WL_MC	3	3	3	13.2	32.115	2.47E-55	8819400000
157321_WL_MC	3	3	3	13.2	32.115	2.47E-55	8819400000
53506_WL_MC	3	3	3	13.2	32.115	2.47E-55	8819400000
157568_WL_MC	2	1	1	6.9	24.654	0.00073267	7547600
46985_WL_MC	2	1	1	6.9	24.654	0.00073267	7547600
157587_WL_MC	4	1	1	6.9	25.014	0.00073267	15001000
4510_WL_MC	4	1	1	6.9	25.014	0.00073267	15001000
157584_WL_MC	4	1	1	6.9	25.014	0.00073267	15001000
157586_WL_MC	4	1	1	6.9	25.014	0.00073267	15001000
157612_WL_MC	7	13	2	4.5	62.8	4.70E-33	56993000
CON__P02538	7	13	2	4.5	62.8	4.70E-33	56993000
CON__P04259	7	13	2	4.5	62.8	4.70E-33	56993000
CON__P48668	7	13	2	4.5	62.8	4.70E-33	56993000
CON__Q8VED5	7	13	2	4.5	62.8	4.70E-33	56993000
CON__O95678	7	13	2	4.5	62.8	4.70E-33	56993000
157613_WL_MC	7	13	2	4.5	62.8	4.70E-33	56993000
157965_WL_MC	9	1	1	4.2	47.211	7.51E-06	9563500
22852_WL_MC	9	1	1	4.2	47.211	7.51E-06	9563500
35357_WL_MC	9	1	1	4.2	47.211	7.51E-06	9563500
157973_WL_MC	9	1	1	4.2	47.211	7.51E-06	9563500
157970_WL_MC	9	1	1	4.2	47.211	7.51E-06	9563500
157971_WL_MC	9	1	1	4.2	47.211	7.51E-06	9563500
157963_WL_MC	9	1	1	4.2	47.211	7.51E-06	9563500
157969_WL_MC	9	1	1	4.2	47.211	7.51E-06	9563500
157962_WL_MC	9	1	1	4.2	47.211	7.51E-06	9563500
157975_WL_MC	10	11	11	14.5	107.95	3.10E-54	624130000
36214_WL_MC	10	11	11	14.5	107.95	3.10E-54	624130000
23689_WL_MC	10	11	11	14.5	107.95	3.10E-54	624130000
31287_WL_MC	10	11	11	14.5	107.95	3.10E-54	624130000
87172_WL_MC	10	11	11	14.5	107.95	3.10E-54	624130000
104125_WL_MC	10	11	11	14.5	107.95	3.10E-54	624130000
47164_WL_MC	10	11	11	14.5	107.95	3.10E-54	624130000
18903_WL_MC	10	11	11	14.5	107.95	3.10E-54	624130000
87173_WL_MC	10	11	11	14.5	107.95	3.10E-54	624130000
23690_WL_MC	10	11	11	14.5	107.95	3.10E-54	624130000
158111_WL_MC	19	72	38	17.8	263.67	0	1.37E+11
158113_WL_MC	19	72	38	17.8	263.67	0	1.37E+11
158112_WL_MC	19	72	38	17.8	263.67	0	1.37E+11
158114_WL_MC	19	72	38	17.8	263.67	0	1.37E+11
158110_WL_MC	19	72	38	17.8	263.67	0	1.37E+11
26362_WL_MC	19	72	38	17.8	263.67	0	1.37E+11
47246_WL_MC	19	72	38	17.8	263.67	0	1.37E+11
26186_WL_MC	19	72	38	17.8	263.67	0	1.37E+11
96545_WL_MC	19	72	38	17.8	263.67	0	1.37E+11
47247_WL_MC	19	72	38	17.8	263.67	0	1.37E+11
53401_WL_MC	19	72	38	17.8	263.67	0	1.37E+11
145714_WL_MC	19	72	38	17.8	263.67	0	1.37E+11
98984_WL_MC	19	72	38	17.8	263.67	0	1.37E+11
145715_WL_MC	19	72	38	17.8	263.67	0	1.37E+11
53402_WL_MC	19	72	38	17.8	263.67	0	1.37E+11
145716_WL_MC	19	72	38	17.8	263.67	0	1.37E+11
20722_WL_MC	19	72	38	17.8	263.67	0	1.37E+11
75193_WL_MC	19	72	38	17.8	263.67	0	1.37E+11
33126_WL_MC	19	72	38	17.8	263.67	0	1.37E+11
158260_WL_MC	2	1	1	1	147.41	0.00067496	16528000
158259_WL_MC	2	1	1	1	147.41	0.00067496	16528000
158564_WL_MC	2	1	1	0.9	99.442	0.012437	8088800
5398_WL_MC	2	1	1	0.9	99.442	0.012437	8088800
5401_WL_MC	28	10	10	28.6	49.157	5.05E-40	445260000
158565_WL_MC	28	10	10	28.6	49.157	5.05E-40	445260000
5413_WL_MC	28	10	10	28.6	49.157	5.05E-40	445260000
555_WL_MC	28	10	10	28.6	49.157	5.05E-40	445260000
153022_WL_MC	28	10	10	28.6	49.157	5.05E-40	445260000
158569_WL_MC	28	10	10	28.6	49.157	5.05E-40	445260000
5405_WL_MC	28	10	10	28.6	49.157	5.05E-40	445260000
104657_WL_MC	28	10	10	28.6	49.157	5.05E-40	445260000
31482_WL_MC	28	10	10	28.6	49.157	5.05E-40	445260000
5399_WL_MC	28	10	10	28.6	49.157	5.05E-40	445260000
5400_WL_MC	28	10	10	28.6	49.157	5.05E-40	445260000
5406_WL_MC	28	10	10	28.6	49.157	5.05E-40	445260000
5407_WL_MC	28	10	10	28.6	49.157	5.05E-40	445260000
5412_WL_MC	28	10	10	28.6	49.157	5.05E-40	445260000
132705_WL_MC	28	10	10	28.6	49.157	5.05E-40	445260000
5410_WL_MC	28	10	10	28.6	49.157	5.05E-40	445260000
38047_WL_MC	28	10	10	28.6	49.157	5.05E-40	445260000
5411_WL_MC	28	10	10	28.6	49.157	5.05E-40	445260000
25409_WL_MC	28	10	10	28.6	49.157	5.05E-40	445260000
5409_WL_MC	28	10	10	28.6	49.157	5.05E-40	445260000
5404_WL_MC	28	10	10	28.6	49.157	5.05E-40	445260000
47532_WL_MC	28	10	10	28.6	49.157	5.05E-40	445260000
5402_WL_MC	28	10	10	28.6	49.157	5.05E-40	445260000
5408_WL_MC	28	10	10	28.6	49.157	5.05E-40	445260000
5403_WL_MC	28	10	10	28.6	49.157	5.05E-40	445260000
47531_WL_MC	28	10	10	28.6	49.157	5.05E-40	445260000
93900_WL_MC	28	10	10	28.6	49.157	5.05E-40	445260000
132704_WL_MC	28	10	10	28.6	49.157	5.05E-40	445260000
158566_WL_MC	10	8	8	22.3	68.026	1.88E-37	257040000
105032_WL_MC	10	8	8	22.3	68.026	1.88E-37	257040000
153024_WL_MC	10	8	8	22.3	68.026	1.88E-37	257040000
557_WL_MC	10	8	8	22.3	68.026	1.88E-37	257040000
558_WL_MC	10	8	8	22.3	68.026	1.88E-37	257040000
556_WL_MC	10	8	8	22.3	68.026	1.88E-37	257040000
132888_WL_MC	10	8	8	22.3	68.026	1.88E-37	257040000
93901_WL_MC	10	8	8	22.3	68.026	1.88E-37	257040000
153025_WL_MC	10	8	8	22.3	68.026	1.88E-37	257040000
559_WL_MC	10	8	8	22.3	68.026	1.88E-37	257040000
158733_WL_MC	2	1	1	1.2	145.14	1.10E-12	0
42461_WL_MC	2	1	1	1.2	145.14	1.10E-12	0
158754_WL_MC	9	22	22	46.4	60.133	1.46E-187	5462800000
47666_WL_MC	9	22	22	46.4	60.133	1.46E-187	5462800000
37460_WL_MC	9	22	22	46.4	60.133	1.46E-187	5462800000
24866_WL_MC	9	22	22	46.4	60.133	1.46E-187	5462800000
91863_WL_MC	9	22	22	46.4	60.133	1.46E-187	5462800000
5608_WL_MC	9	22	22	46.4	60.133	1.46E-187	5462800000
143637_WL_MC	9	22	22	46.4	60.133	1.46E-187	5462800000
143635_WL_MC	9	22	22	46.4	60.133	1.46E-187	5462800000
143638_WL_MC	9	22	22	46.4	60.133	1.46E-187	5462800000
158762_WL_MC	1	1	1	5.2	24.572	0.0060552	11224000
159002_WL_MC	1	2	2	18.6	20.587	4.40E-05	8748700
159006_WL_MC	9	13	13	34	52.549	1.18E-74	771390000
158985_WL_MC	9	13	13	34	52.549	1.18E-74	771390000
37002_WL_MC	9	13	13	34	52.549	1.18E-74	771390000
5779_WL_MC	9	13	13	34	52.549	1.18E-74	771390000
37268_WL_MC	9	13	13	34	52.549	1.18E-74	771390000
24424_WL_MC	9	13	13	34	52.549	1.18E-74	771390000
143326_WL_MC	9	13	13	34	52.549	1.18E-74	771390000
5776_WL_MC	9	13	13	34	52.549	1.18E-74	771390000
24423_WL_MC	9	13	13	34	52.549	1.18E-74	771390000
159216_WL_MC	1	3	3	6.5	59.65	3.18E-08	22831000
159278_WL_MC	4	1	1	2.6	45.393	6.33E-06	0
159282_WL_MC	4	1	1	2.6	45.393	6.33E-06	0
159281_WL_MC	4	1	1	2.6	45.393	6.33E-06	0
159279_WL_MC	4	1	1	2.6	45.393	6.33E-06	0
159288_WL_MC	4	1	1	3.8	43.389	0.00059003	5911700
19692_WL_MC	4	1	1	3.8	43.389	0.00059003	5911700
32075_WL_MC	4	1	1	3.8	43.389	0.00059003	5911700
71027_WL_MC	4	1	1	3.8	43.389	0.00059003	5911700
159404_WL_MC	1	2	1	7	12.65	4.28E-05	54144000
159429_WL_MC	4	3	3	4.9	81.257	1.60E-06	36213000
154206_WL_MC	4	3	3	4.9	81.257	1.60E-06	36213000
161125_WL_MC	4	3	3	4.9	81.257	1.60E-06	36213000
7793_WL_MC	4	3	3	4.9	81.257	1.60E-06	36213000
159445_WL_MC	1	2	2	3.2	72.066	2.10E-06	8344900
46397_WL_MC	2	2	2	8.6	30.936	1.89E-10	29983000
15989_WL_MC	2	2	2	8.6	30.936	1.89E-10	29983000
159919_WL_MC	3	1	1	2.3	33.756	0.0089005	12813000
159923_WL_MC	3	1	1	2.3	33.756	0.0089005	12813000
159928_WL_MC	3	1	1	2.3	33.756	0.0089005	12813000
159974_WL_MC	9	1	1	1.7	83.247	1.32E-27	0
159977_WL_MC	9	1	1	1.7	83.247	1.32E-27	0
159978_WL_MC	9	1	1	1.7	83.247	1.32E-27	0
35510_WL_MC	9	1	1	1.7	83.247	1.32E-27	0
159972_WL_MC	9	1	1	1.7	83.247	1.32E-27	0
22996_WL_MC	9	1	1	1.7	83.247	1.32E-27	0
159975_WL_MC	9	1	1	1.7	83.247	1.32E-27	0
159967_WL_MC	9	1	1	1.7	83.247	1.32E-27	0
84522_WL_MC	9	1	1	1.7	83.247	1.32E-27	0
15998_WL_MC	3	1	1	5.8	22.24	0.009502	6168300
160642_WL_MC	3	1	1	5.8	22.24	0.009502	6168300
7446_WL_MC	3	1	1	5.8	22.24	0.009502	6168300
89617_WL_MC	11	1	1	3.5	43.401	0.0036624	3937300
160076_WL_MC	11	1	1	3.5	43.401	0.0036624	3937300
27810_WL_MC	11	1	1	3.5	43.401	0.0036624	3937300
24268_WL_MC	11	1	1	3.5	43.401	0.0036624	3937300
62285_WL_MC	11	1	1	3.5	43.401	0.0036624	3937300
40463_WL_MC	11	1	1	3.5	43.401	0.0036624	3937300
43004_WL_MC	11	1	1	3.5	43.401	0.0036624	3937300
31442_WL_MC	11	1	1	3.5	43.401	0.0036624	3937300
51383_WL_MC	11	1	1	3.5	43.401	0.0036624	3937300
51381_WL_MC	11	1	1	3.5	43.401	0.0036624	3937300
51382_WL_MC	11	1	1	3.5	43.401	0.0036624	3937300
28604_WL_MC	2	1	1	10.3	11.526	0.01165	60206000
160158_WL_MC	2	1	1	10.3	11.526	0.01165	60206000
1602_WL_MC	2	2	2	26.5	12.938	0.00087045	33735000
1603_WL_MC	2	2	2	26.5	12.938	0.00087045	33735000
160200_WL_MC	4	2	2	10.6	25.649	1.55E-06	28629000
56689_WL_MC	4	2	2	10.6	25.649	1.55E-06	28629000
34233_WL_MC	4	2	2	10.6	25.649	1.55E-06	28629000
21804_WL_MC	4	2	2	10.6	25.649	1.55E-06	28629000
160287_WL_MC	7	7	7	16.4	53.702	4.72E-21	106400000
6972_WL_MC	7	7	7	16.4	53.702	4.72E-21	106400000
6971_WL_MC	7	7	7	16.4	53.702	4.72E-21	106400000
160288_WL_MC	7	7	7	16.4	53.702	4.72E-21	106400000
6973_WL_MC	7	7	7	16.4	53.702	4.72E-21	106400000
105601_WL_MC	7	7	7	16.4	53.702	4.72E-21	106400000
133239_WL_MC	7	7	7	16.4	53.702	4.72E-21	106400000
46130_WL_MC	4	5	5	19.9	22.87	1.19E-16	161950000
54127_WL_MC	4	5	5	19.9	22.87	1.19E-16	161950000
16030_WL_MC	4	5	5	19.9	22.87	1.19E-16	161950000
68845_WL_MC	4	5	5	19.9	22.87	1.19E-16	161950000
160367_WL_MC	10	6	6	7.1	108.4	1.09E-14	54599000
160366_WL_MC	10	6	6	7.1	108.4	1.09E-14	54599000
160363_WL_MC	10	6	6	7.1	108.4	1.09E-14	54599000
160365_WL_MC	10	6	6	7.1	108.4	1.09E-14	54599000
38815_WL_MC	10	6	6	7.1	108.4	1.09E-14	54599000
26152_WL_MC	10	6	6	7.1	108.4	1.09E-14	54599000
34811_WL_MC	10	6	6	7.1	108.4	1.09E-14	54599000
96439_WL_MC	10	6	6	7.1	108.4	1.09E-14	54599000
96440_WL_MC	10	6	6	7.1	108.4	1.09E-14	54599000
81832_WL_MC	10	6	6	7.1	108.4	1.09E-14	54599000
160413_WL_MC	3	1	1	4.2	32.594	6.49E-08	10731000
97164_WL_MC	3	1	1	4.2	32.594	6.49E-08	10731000
48840_WL_MC	3	1	1	4.2	32.594	6.49E-08	10731000
160414_WL_MC	3	1	1	1.7	102.99	0.0035467	2173300
24915_WL_MC	3	1	1	1.7	102.99	0.0035467	2173300
54322_WL_MC	3	1	1	1.7	102.99	0.0035467	2173300
43943_WL_MC	3	2	2	7.3	38.028	7.29E-09	9158400
160415_WL_MC	3	2	2	7.3	38.028	7.29E-09	9158400
43942_WL_MC	3	2	2	7.3	38.028	7.29E-09	9158400
160462_WL_MC	2	8	8	27.2	34.443	1.48E-46	175260000
20197_WL_MC	2	8	8	27.2	34.443	1.48E-46	175260000
160574_WL_MC	3	4	4	13.8	29.403	3.37E-23	129690000
31284_WL_MC	3	4	4	13.8	29.403	3.37E-23	129690000
53692_WL_MC	3	4	4	13.8	29.403	3.37E-23	129690000
160928_WL_MC	1	1	1	2.5	43.088	0.011724	12603000
80686_WL_MC	5	1	1	2.5	46.291	0.0073529	12194000
22057_WL_MC	5	1	1	2.5	46.291	0.0073529	12194000
49199_WL_MC	5	1	1	2.5	46.291	0.0073529	12194000
54017_WL_MC	5	1	1	2.5	46.291	0.0073529	12194000
161029_WL_MC	5	1	1	2.5	46.291	0.0073529	12194000
24336_WL_MC	2	2	2	9.5	22.586	1.54E-06	90863000
161149_WL_MC	2	2	2	9.5	22.586	1.54E-06	90863000
161303_WL_MC	1	2	2	18.9	14.156	0.00010659	49317000
161466_WL_MC	4	9	9	21.1	57.144	1.82E-29	195320000
143789_WL_MC	4	9	9	21.1	57.144	1.82E-29	195320000
54331_WL_MC	4	9	9	21.1	57.144	1.82E-29	195320000
25372_WL_MC	4	9	9	21.1	57.144	1.82E-29	195320000
161632_WL_MC	1	1	1	12.8	16.983	0.0010978	0
161790_WL_MC	6	3	3	6.6	83.867	1.23E-09	21027000
8357_WL_MC	6	3	3	6.6	83.867	1.23E-09	21027000
8358_WL_MC	6	3	3	6.6	83.867	1.23E-09	21027000
8359_WL_MC	6	3	3	6.6	83.867	1.23E-09	21027000
161789_WL_MC	6	3	3	6.6	83.867	1.23E-09	21027000
105719_WL_MC	6	3	3	6.6	83.867	1.23E-09	21027000
161924_WL_MC	4	1	1	3	41.268	0.0077183	0
161927_WL_MC	4	1	1	3	41.268	0.0077183	0
8455_WL_MC	4	1	1	3	41.268	0.0077183	0
8456_WL_MC	4	1	1	3	41.268	0.0077183	0
162127_WL_MC	2	2	2	6.5	46.417	9.79E-05	2082500
28558_WL_MC	2	2	2	6.5	46.417	9.79E-05	2082500
162185_WL_MC	6	2	2	5.9	36.842	0.00022702	16134000
8694_WL_MC	6	2	2	5.9	36.842	0.00022702	16134000
162186_WL_MC	6	2	2	5.9	36.842	0.00022702	16134000
8695_WL_MC	6	2	2	5.9	36.842	0.00022702	16134000
104906_WL_MC	6	2	2	5.9	36.842	0.00022702	16134000
132817_WL_MC	6	2	2	5.9	36.842	0.00022702	16134000
162347_WL_MC	1	1	1	6.7	27.3	1.12E-06	7405000
162418_WL_MC	3	12	2	6.8	32.92	9.98E-56	2092300000
36490_WL_MC	3	12	2	6.8	32.92	9.98E-56	2092300000
88241_WL_MC	3	12	2	6.8	32.92	9.98E-56	2092300000
162600_WL_MC	4	3	3	5	93.326	5.94E-10	31023000
39257_WL_MC	4	3	3	5	93.326	5.94E-10	31023000
26614_WL_MC	4	3	3	5	93.326	5.94E-10	31023000
131385_WL_MC	4	3	3	5	93.326	5.94E-10	31023000
162662_WL_MC	1	1	1	5.1	29.9	0.00021656	13379000
9124_WL_MC	5	2	2	7.7	40.99	1.25E-06	80788000
71614_WL_MC	5	2	2	7.7	40.99	1.25E-06	80788000
32210_WL_MC	5	2	2	7.7	40.99	1.25E-06	80788000
19827_WL_MC	5	2	2	7.7	40.99	1.25E-06	80788000
162689_WL_MC	5	2	2	7.7	40.99	1.25E-06	80788000
162743_WL_MC	2	1	1	9.6	18.078	0.018577	9383000
162742_WL_MC	2	1	1	9.6	18.078	0.018577	9383000
162871_WL_MC	3	1	1	6	24.809	0.0012642	21196000
162872_WL_MC	3	1	1	6	24.809	0.0012642	21196000
31982_WL_MC	3	1	1	6	24.809	0.0012642	21196000
162951_WL_MC	9	7	7	24.9	41.973	1.87E-19	73452000
54413_WL_MC	9	7	7	24.9	41.973	1.87E-19	73452000
162953_WL_MC	9	7	7	24.9	41.973	1.87E-19	73452000
54414_WL_MC	9	7	7	24.9	41.973	1.87E-19	73452000
162950_WL_MC	9	7	7	24.9	41.973	1.87E-19	73452000
54412_WL_MC	9	7	7	24.9	41.973	1.87E-19	73452000
94943_WL_MC	9	7	7	24.9	41.973	1.87E-19	73452000
162954_WL_MC	9	7	7	24.9	41.973	1.87E-19	73452000
54416_WL_MC	9	7	7	24.9	41.973	1.87E-19	73452000
163024_WL_MC	4	8	8	33.8	35.951	6.62E-18	120350000
163023_WL_MC	4	8	8	33.8	35.951	6.62E-18	120350000
9408_WL_MC	4	8	8	33.8	35.951	6.62E-18	120350000
129326_WL_MC	4	8	8	33.8	35.951	6.62E-18	120350000
17245_WL_MC	3	2	2	22.8	19.75	1.11E-12	90641000
163114_WL_MC	3	2	2	22.8	19.75	1.11E-12	90641000
54036_WL_MC	3	2	2	22.8	19.75	1.11E-12	90641000
163145_WL_MC	1	1	1	3.1	45.984	0.0024142	19150000
163149_WL_MC	2	2	2	14.6	17.703	5.35E-05	54178000
27542_WL_MC	2	2	2	14.6	17.703	5.35E-05	54178000
163202_WL_MC	2	1	1	2.1	54.084	0.010615	25006000
9489_WL_MC	2	1	1	2.1	54.084	0.010615	25006000
163432_WL_MC	3	3	3	25.5	22.327	4.97E-13	19372000
144982_WL_MC	3	3	3	25.5	22.327	4.97E-13	19372000
57636_WL_MC	3	3	3	25.5	22.327	4.97E-13	19372000
163502_WL_MC	3	1	1	4.2	45.119	0.011842	8992200
163499_WL_MC	3	1	1	4.2	45.119	0.011842	8992200
163501_WL_MC	3	1	1	4.2	45.119	0.011842	8992200
50777_WL_MC	5	1	1	2.1	49.847	0.0068108	15346000
9754_WL_MC	5	1	1	2.1	49.847	0.0068108	15346000
9756_WL_MC	5	1	1	2.1	49.847	0.0068108	15346000
9755_WL_MC	5	1	1	2.1	49.847	0.0068108	15346000
163558_WL_MC	5	1	1	2.1	49.847	0.0068108	15346000
163594_WL_MC	3	2	2	6.1	47.045	2.59E-05	8212200
163595_WL_MC	3	2	2	6.1	47.045	2.59E-05	8212200
99421_WL_MC	3	2	2	6.1	47.045	2.59E-05	8212200
163678_WL_MC	3	1	1	4.9	32.646	0.014401	0
20127_WL_MC	3	1	1	4.9	32.646	0.014401	0
72788_WL_MC	3	1	1	4.9	32.646	0.014401	0
9974_WL_MC	5	1	1	3.9	21.121	0.018039	11200000
9973_WL_MC	5	1	1	3.9	21.121	0.018039	11200000
9972_WL_MC	5	1	1	3.9	21.121	0.018039	11200000
163863_WL_MC	5	1	1	3.9	21.121	0.018039	11200000
163864_WL_MC	5	1	1	3.9	21.121	0.018039	11200000
164460_WL_MC	1	1	1	1.6	90.267	0.00010743	0
164537_WL_MC	3	2	2	8.1	28.71	2.86E-05	23064000
93615_WL_MC	3	2	2	8.1	28.71	2.86E-05	23064000
2308_WL_MC	3	2	2	8.1	28.71	2.86E-05	23064000
164928_WL_MC	1	1	1	1.4	103.09	0.016478	2151000
66921_WL_MC	3	3	3	20.9	25.146	9.29E-09	29271000
165224_WL_MC	3	3	3	20.9	25.146	9.29E-09	29271000
29044_WL_MC	3	3	3	20.9	25.146	9.29E-09	29271000
165303_WL_MC	2	8	8	56.3	24.131	1.40E-68	793540000
93394_WL_MC	2	8	8	56.3	24.131	1.40E-68	793540000
165499_WL_MC	3	1	1	11.9	9.8464	0.014567	51583000
54619_WL_MC	3	1	1	11.9	9.8464	0.014567	51583000
165500_WL_MC	3	1	1	11.9	9.8464	0.014567	51583000
165574_WL_MC	2	5	5	28	23.355	7.29E-24	289290000
98817_WL_MC	2	5	5	28	23.355	7.29E-24	289290000
165577_WL_MC	1	2	2	10.2	19.531	0.00028827	26684000
39323_WL_MC	9	4	4	6.2	97.814	6.53E-09	49558000
165661_WL_MC	9	4	4	6.2	97.814	6.53E-09	49558000
26687_WL_MC	9	4	4	6.2	97.814	6.53E-09	49558000
152875_WL_MC	9	4	4	6.2	97.814	6.53E-09	49558000
165660_WL_MC	9	4	4	6.2	97.814	6.53E-09	49558000
52080_WL_MC	9	4	4	6.2	97.814	6.53E-09	49558000
54844_WL_MC	9	4	4	6.2	97.814	6.53E-09	49558000
54845_WL_MC	9	4	4	6.2	97.814	6.53E-09	49558000
165659_WL_MC	9	4	4	6.2	97.814	6.53E-09	49558000
44225_WL_MC	6	1	1	2	80	2.88E-05	0
44224_WL_MC	6	1	1	2	80	2.88E-05	0
44223_WL_MC	6	1	1	2	80	2.88E-05	0
165685_WL_MC	6	1	1	2	80	2.88E-05	0
165677_WL_MC	6	1	1	2	80	2.88E-05	0
58352_WL_MC	6	1	1	2	80	2.88E-05	0
165838_WL_MC	6	3	3	10.1	44.313	1.41E-15	65165000
CON__P60712	6	3	3	10.1	44.313	1.41E-15	65165000
3703_WL_MC	6	3	3	10.1	44.313	1.41E-15	65165000
11679_WL_MC	6	3	3	10.1	44.313	1.41E-15	65165000
9216_WL_MC	6	3	3	10.1	44.313	1.41E-15	65165000
100416_WL_MC	6	3	3	10.1	44.313	1.41E-15	65165000
165877_WL_MC	14	4	4	5.9	110.36	1.03E-21	20234000
165882_WL_MC	14	4	4	5.9	110.36	1.03E-21	20234000
165875_WL_MC	14	4	4	5.9	110.36	1.03E-21	20234000
165876_WL_MC	14	4	4	5.9	110.36	1.03E-21	20234000
165881_WL_MC	14	4	4	5.9	110.36	1.03E-21	20234000
39085_WL_MC	14	4	4	5.9	110.36	1.03E-21	20234000
165878_WL_MC	14	4	4	5.9	110.36	1.03E-21	20234000
165873_WL_MC	14	4	4	5.9	110.36	1.03E-21	20234000
165880_WL_MC	14	4	4	5.9	110.36	1.03E-21	20234000
97277_WL_MC	14	4	4	5.9	110.36	1.03E-21	20234000
38442_WL_MC	14	4	4	5.9	110.36	1.03E-21	20234000
165883_WL_MC	14	4	4	5.9	110.36	1.03E-21	20234000
25768_WL_MC	14	4	4	5.9	110.36	1.03E-21	20234000
26444_WL_MC	14	4	4	5.9	110.36	1.03E-21	20234000
40392_WL_MC	6	1	1	2.9	43.4	0.014324	3950100
166398_WL_MC	6	1	1	2.9	43.4	0.014324	3950100
62014_WL_MC	6	1	1	2.9	43.4	0.014324	3950100
166397_WL_MC	6	1	1	2.9	43.4	0.014324	3950100
166396_WL_MC	6	1	1	2.9	43.4	0.014324	3950100
166399_WL_MC	6	1	1	2.9	43.4	0.014324	3950100
166428_WL_MC	1	2	2	10.6	27.11	0.00022372	79800000
166471_WL_MC	11	15	15	55	36.04	1.47E-73	7419200000
35252_WL_MC	11	15	15	55	36.04	1.47E-73	7419200000
22753_WL_MC	11	15	15	55	36.04	1.47E-73	7419200000
83535_WL_MC	11	15	15	55	36.04	1.47E-73	7419200000
52600_WL_MC	11	15	15	55	36.04	1.47E-73	7419200000
52601_WL_MC	11	15	15	55	36.04	1.47E-73	7419200000
12269_WL_MC	11	15	15	55	36.04	1.47E-73	7419200000
12267_WL_MC	11	15	15	55	36.04	1.47E-73	7419200000
12268_WL_MC	11	15	15	55	36.04	1.47E-73	7419200000
12266_WL_MC	11	15	15	55	36.04	1.47E-73	7419200000
166472_WL_MC	11	15	15	55	36.04	1.47E-73	7419200000
166587_WL_MC	1	1	1	8.4	13.797	0.0074536	5092600
166616_WL_MC	3	4	4	14	34.572	1.57E-10	27541000
37427_WL_MC	3	4	4	14	34.572	1.57E-10	27541000
96997_WL_MC	3	4	4	14	34.572	1.57E-10	27541000
166622_WL_MC	2	2	2	6.7	39.511	1.84E-06	72644000
166621_WL_MC	2	2	2	6.7	39.511	1.84E-06	72644000
166624_WL_MC	18	5	1	4.1	25.437	1.93E-19	234450000
28183_WL_MC	18	5	1	4.1	25.437	1.93E-19	234450000
104915_WL_MC	18	5	1	4.1	25.437	1.93E-19	234450000
53558_WL_MC	18	5	1	4.1	25.437	1.93E-19	234450000
53559_WL_MC	18	5	1	4.1	25.437	1.93E-19	234450000
28341_WL_MC	18	5	1	4.1	25.437	1.93E-19	234450000
55057_WL_MC	18	5	1	4.1	25.437	1.93E-19	234450000
39853_WL_MC	18	5	1	4.1	25.437	1.93E-19	234450000
41023_WL_MC	18	5	1	4.1	25.437	1.93E-19	234450000
53580_WL_MC	18	5	1	4.1	25.437	1.93E-19	234450000
39174_WL_MC	18	5	1	4.1	25.437	1.93E-19	234450000
50871_WL_MC	18	5	1	4.1	25.437	1.93E-19	234450000
26548_WL_MC	18	5	1	4.1	25.437	1.93E-19	234450000
53579_WL_MC	18	5	1	4.1	25.437	1.93E-19	234450000
13116_WL_MC	18	5	1	4.1	25.437	1.93E-19	234450000
50872_WL_MC	18	5	1	4.1	25.437	1.93E-19	234450000
52680_WL_MC	18	5	1	4.1	25.437	1.93E-19	234450000
101237_WL_MC	18	5	1	4.1	25.437	1.93E-19	234450000
166782_WL_MC	12	5	1	5	22.592	1.98E-39	919890000
12507_WL_MC	12	5	1	5	22.592	1.98E-39	919890000
166780_WL_MC	12	5	1	5	22.592	1.98E-39	919890000
12509_WL_MC	12	5	1	5	22.592	1.98E-39	919890000
53965_WL_MC	12	5	1	5	22.592	1.98E-39	919890000
53964_WL_MC	12	5	1	5	22.592	1.98E-39	919890000
2151_WL_MC	12	5	1	5	22.592	1.98E-39	919890000
12505_WL_MC	12	5	1	5	22.592	1.98E-39	919890000
12508_WL_MC	12	5	1	5	22.592	1.98E-39	919890000
2150_WL_MC	12	5	1	5	22.592	1.98E-39	919890000
12511_WL_MC	12	5	1	5	22.592	1.98E-39	919890000
12510_WL_MC	12	5	1	5	22.592	1.98E-39	919890000
166980_WL_MC	2	3	2	11.9	36.005	1.35E-06	77600000
99908_WL_MC	2	3	2	11.9	36.005	1.35E-06	77600000
167116_WL_MC	2	9	9	17.4	72.459	1.66E-25	211250000
102526_WL_MC	2	9	9	17.4	72.459	1.66E-25	211250000
167462_WL_MC	3	7	7	22.4	39.779	4.49E-23	370840000
45386_WL_MC	3	7	7	22.4	39.779	4.49E-23	370840000
43428_WL_MC	3	7	7	22.4	39.779	4.49E-23	370840000
167463_WL_MC	1	2	2	15	18.701	5.23E-07	18503000
53204_WL_MC	2	3	3	10.6	29.077	1.83E-18	109710000
167483_WL_MC	2	3	3	10.6	29.077	1.83E-18	109710000
169699_WL_MC	4	1	1	2.2	46.527	6.32E-05	0
774_WL_MC	4	1	1	2.2	46.527	6.32E-05	0
773_WL_MC	4	1	1	2.2	46.527	6.32E-05	0
167745_WL_MC	4	1	1	2.2	46.527	6.32E-05	0
167805_WL_MC	6	8	8	33.3	28.471	1.19E-17	616940000
89866_WL_MC	6	8	8	33.3	28.471	1.19E-17	616940000
24049_WL_MC	6	8	8	33.3	28.471	1.19E-17	616940000
88693_WL_MC	6	8	8	33.3	28.471	1.19E-17	616940000
24404_WL_MC	6	8	8	33.3	28.471	1.19E-17	616940000
43461_WL_MC	6	8	8	33.3	28.471	1.19E-17	616940000
38138_WL_MC	2	2	2	25.2	13.77	1.69E-06	92211000
167854_WL_MC	2	2	2	25.2	13.77	1.69E-06	92211000
16798_WL_MC	2	4	3	11.2	46.106	1.76E-13	45406000
45361_WL_MC	2	4	3	11.2	46.106	1.76E-13	45406000
168213_WL_MC	3	6	6	17.4	55.7	2.67E-16	93291000
104290_WL_MC	3	6	6	17.4	55.7	2.67E-16	93291000
149530_WL_MC	3	6	6	17.4	55.7	2.67E-16	93291000
168717_WL_MC	1	7	7	20	48.954	3.09E-32	129990000
26270_WL_MC	4	1	1	1.7	53.162	0.018028	0
53369_WL_MC	4	1	1	1.7	53.162	0.018028	0
168986_WL_MC	4	1	1	1.7	53.162	0.018028	0
168987_WL_MC	4	1	1	1.7	53.162	0.018028	0
28197_WL_MC	6	4	4	14.2	41.242	2.58E-10	75102000
169018_WL_MC	6	4	4	14.2	41.242	2.58E-10	75102000
63791_WL_MC	6	4	4	14.2	41.242	2.58E-10	75102000
40863_WL_MC	6	4	4	14.2	41.242	2.58E-10	75102000
169017_WL_MC	6	4	4	14.2	41.242	2.58E-10	75102000
169016_WL_MC	6	4	4	14.2	41.242	2.58E-10	75102000
169020_WL_MC	3	2	2	15.5	21.852	0.0004521	0
45046_WL_MC	3	2	2	15.5	21.852	0.0004521	0
99180_WL_MC	3	2	2	15.5	21.852	0.0004521	0
169408_WL_MC	3	2	2	8.6	22.511	3.89E-06	110610000
95484_WL_MC	3	2	2	8.6	22.511	3.89E-06	110610000
25866_WL_MC	3	2	2	8.6	22.511	3.89E-06	110610000
169446_WL_MC	1	1	1	9.5	13.026	0.0049346	4522300
169802_WL_MC	1	3	3	24.5	17.638	2.72E-21	230810000
169951_WL_MC	2	2	2	12.8	20.425	8.81E-07	44200000
21044_WL_MC	2	2	2	12.8	20.425	8.81E-07	44200000
39126_WL_MC	3	1	1	5.3	24.265	0.0060652	13766000
170240_WL_MC	3	1	1	5.3	24.265	0.0060652	13766000
170239_WL_MC	3	1	1	5.3	24.265	0.0060652	13766000
170334_WL_MC	4	1	1	4.6	32.673	0.017938	0
170335_WL_MC	4	1	1	4.6	32.673	0.017938	0
36737_WL_MC	4	1	1	4.6	32.673	0.017938	0
24181_WL_MC	4	1	1	4.6	32.673	0.017938	0
17068_WL_MC	1	1	1	10.4	10.965	0.006423	20464000
1741_WL_MC	6	2	2	13.6	17.764	7.83E-05	31340000
27885_WL_MC	6	2	2	13.6	17.764	7.83E-05	31340000
40543_WL_MC	6	2	2	13.6	17.764	7.83E-05	31340000
62600_WL_MC	6	2	2	13.6	17.764	7.83E-05	31340000
148960_WL_MC	6	2	2	13.6	17.764	7.83E-05	31340000
148959_WL_MC	6	2	2	13.6	17.764	7.83E-05	31340000
43212_WL_MC	2	1	1	11.3	17.678	2.42E-08	13432000
17612_WL_MC	2	1	1	11.3	17.678	2.42E-08	13432000
17629_WL_MC	1	4	1	7.1	16.629	1.49E-07	18559000
17731_WL_MC	2	2	2	19.9	15.844	2.11E-17	17817000
70634_WL_MC	2	2	2	19.9	15.844	2.11E-17	17817000
17849_WL_MC	3	3	2	14	19.498	1.16E-06	28470000
46259_WL_MC	3	3	2	14	19.498	1.16E-06	28470000
156257_WL_MC	3	3	2	14	19.498	1.16E-06	28470000
18058_WL_MC	1	6	5	39.6	20.269	4.83E-31	514160000
50232_WL_MC	2	1	1	2.7	60.164	0.00012468	13781000
18222_WL_MC	2	1	1	2.7	60.164	0.00012468	13781000
6310_WL_MC	10	1	1	3.1	69.896	0.0036206	7185200
48275_WL_MC	10	1	1	3.1	69.896	0.0036206	7185200
6311_WL_MC	10	1	1	3.1	69.896	0.0036206	7185200
6309_WL_MC	10	1	1	3.1	69.896	0.0036206	7185200
6312_WL_MC	10	1	1	3.1	69.896	0.0036206	7185200
48277_WL_MC	10	1	1	3.1	69.896	0.0036206	7185200
42468_WL_MC	10	1	1	3.1	69.896	0.0036206	7185200
1868_WL_MC	10	1	1	3.1	69.896	0.0036206	7185200
6305_WL_MC	10	1	1	3.1	69.896	0.0036206	7185200
22519_WL_MC	10	1	1	3.1	69.896	0.0036206	7185200
18778_WL_MC	3	1	1	4.7	29.463	0.0053815	19415000
53686_WL_MC	3	1	1	4.7	29.463	0.0053815	19415000
42778_WL_MC	3	1	1	4.7	29.463	0.0053815	19415000
53700_WL_MC	3	2	2	8.6	24.272	2.27E-09	33908000
18992_WL_MC	3	2	2	8.6	24.272	2.27E-09	33908000
104378_WL_MC	3	2	2	8.6	24.272	2.27E-09	33908000
19027_WL_MC	7	7	7	29.1	30.974	2.63E-72	548980000
31410_WL_MC	7	7	7	29.1	30.974	2.63E-72	548980000
51627_WL_MC	7	7	7	29.1	30.974	2.63E-72	548980000
51625_WL_MC	7	7	7	29.1	30.974	2.63E-72	548980000
53703_WL_MC	7	7	7	29.1	30.974	2.63E-72	548980000
51626_WL_MC	7	7	7	29.1	30.974	2.63E-72	548980000
104462_WL_MC	7	7	7	29.1	30.974	2.63E-72	548980000
19079_WL_MC	1	1	1	2.2	37.134	0.0087939	124360000
19196_WL_MC	5	8	8	48.5	25.482	4.25E-29	2270200000
3046_WL_MC	5	8	8	48.5	25.482	4.25E-29	2270200000
46099_WL_MC	5	8	8	48.5	25.482	4.25E-29	2270200000
3047_WL_MC	5	8	8	48.5	25.482	4.25E-29	2270200000
3048_WL_MC	5	8	8	48.5	25.482	4.25E-29	2270200000
46281_WL_MC	6	1	1	1.9	51.518	0.011031	10948000
3342_WL_MC	6	1	1	1.9	51.518	0.011031	10948000
3341_WL_MC	6	1	1	1.9	51.518	0.011031	10948000
3343_WL_MC	6	1	1	1.9	51.518	0.011031	10948000
19416_WL_MC	6	1	1	1.9	51.518	0.011031	10948000
3347_WL_MC	6	1	1	1.9	51.518	0.011031	10948000
19552_WL_MC	2	13	13	40.2	44.653	1.52E-141	4496400000
105763_WL_MC	2	13	13	40.2	44.653	1.52E-141	4496400000
19575_WL_MC	11	4	4	9.3	56.571	1.21E-09	46057000
105822_WL_MC	11	4	4	9.3	56.571	1.21E-09	46057000
2343_WL_MC	11	4	4	9.3	56.571	1.21E-09	46057000
2344_WL_MC	11	4	4	9.3	56.571	1.21E-09	46057000
2346_WL_MC	11	4	4	9.3	56.571	1.21E-09	46057000
42219_WL_MC	11	4	4	9.3	56.571	1.21E-09	46057000
11937_WL_MC	11	4	4	9.3	56.571	1.21E-09	46057000
2342_WL_MC	11	4	4	9.3	56.571	1.21E-09	46057000
2341_WL_MC	11	4	4	9.3	56.571	1.21E-09	46057000
2345_WL_MC	11	4	4	9.3	56.571	1.21E-09	46057000
42218_WL_MC	11	4	4	9.3	56.571	1.21E-09	46057000
19623_WL_MC	6	3	3	14.8	46.723	9.14E-14	37665000
32016_WL_MC	6	3	3	14.8	46.723	9.14E-14	37665000
50057_WL_MC	6	3	3	14.8	46.723	9.14E-14	37665000
105976_WL_MC	6	3	3	14.8	46.723	9.14E-14	37665000
162469_WL_MC	6	3	3	14.8	46.723	9.14E-14	37665000
162468_WL_MC	6	3	3	14.8	46.723	9.14E-14	37665000
19665_WL_MC	4	4	4	8.4	66.929	1.13E-09	41131000
3515_WL_MC	4	4	4	8.4	66.929	1.13E-09	41131000
3516_WL_MC	4	4	4	8.4	66.929	1.13E-09	41131000
53794_WL_MC	4	4	4	8.4	66.929	1.13E-09	41131000
44337_WL_MC	2	1	1	11.9	12.482	0.0054037	11771000
20173_WL_MC	2	1	1	11.9	12.482	0.0054037	11771000
73386_WL_MC	4	1	1	2.9	53.466	0.0089313	0
44359_WL_MC	4	1	1	2.9	53.466	0.0089313	0
32658_WL_MC	4	1	1	2.9	53.466	0.0089313	0
20267_WL_MC	4	1	1	2.9	53.466	0.0089313	0
20358_WL_MC	9	8	8	40.2	37.816	3.46E-126	5001800000
32744_WL_MC	9	8	8	40.2	37.816	3.46E-126	5001800000
73747_WL_MC	9	8	8	40.2	37.816	3.46E-126	5001800000
4602_WL_MC	9	8	8	40.2	37.816	3.46E-126	5001800000
4603_WL_MC	9	8	8	40.2	37.816	3.46E-126	5001800000
4604_WL_MC	9	8	8	40.2	37.816	3.46E-126	5001800000
4606_WL_MC	9	8	8	40.2	37.816	3.46E-126	5001800000
4605_WL_MC	9	8	8	40.2	37.816	3.46E-126	5001800000
47048_WL_MC	9	8	8	40.2	37.816	3.46E-126	5001800000
20359_WL_MC	3	3	3	13.2	38.637	3.35E-21	64757000
73748_WL_MC	3	3	3	13.2	38.637	3.35E-21	64757000
2691_WL_MC	3	3	3	13.2	38.637	3.35E-21	64757000
736_WL_MC	4	2	2	14.5	22.674	1.83E-16	211750000
53880_WL_MC	4	2	2	14.5	22.674	1.83E-16	211750000
33074_WL_MC	4	2	2	14.5	22.674	1.83E-16	211750000
20662_WL_MC	4	2	2	14.5	22.674	1.83E-16	211750000
76514_WL_MC	3	1	1	7.2	21.481	0.0050105	4218700
33444_WL_MC	3	1	1	7.2	21.481	0.0050105	4218700
21047_WL_MC	3	1	1	7.2	21.481	0.0050105	4218700
21109_WL_MC	7	9	9	17.9	58.466	4.76E-45	881740000
4685_WL_MC	7	9	9	17.9	58.466	4.76E-45	881740000
47086_WL_MC	7	9	9	17.9	58.466	4.76E-45	881740000
33516_WL_MC	7	9	9	17.9	58.466	4.76E-45	881740000
47085_WL_MC	7	9	9	17.9	58.466	4.76E-45	881740000
76796_WL_MC	7	9	9	17.9	58.466	4.76E-45	881740000
76795_WL_MC	7	9	9	17.9	58.466	4.76E-45	881740000
77604_WL_MC	3	1	1	7.5	15.164	0.0078323	35452000
45418_WL_MC	3	1	1	7.5	15.164	0.0078323	35452000
21296_WL_MC	3	1	1	7.5	15.164	0.0078323	35452000
33888_WL_MC	7	11	11	15.5	78.046	1.13E-221	5068900000
21471_WL_MC	7	11	11	15.5	78.046	1.13E-221	5068900000
49500_WL_MC	7	11	11	15.5	78.046	1.13E-221	5068900000
78294_WL_MC	7	11	11	15.5	78.046	1.13E-221	5068900000
49499_WL_MC	7	11	11	15.5	78.046	1.13E-221	5068900000
78295_WL_MC	7	11	11	15.5	78.046	1.13E-221	5068900000
49498_WL_MC	7	11	11	15.5	78.046	1.13E-221	5068900000
78448_WL_MC	6	2	2	6.6	40.832	7.39E-05	8840500
21502_WL_MC	6	2	2	6.6	40.832	7.39E-05	8840500
33920_WL_MC	6	2	2	6.6	40.832	7.39E-05	8840500
44807_WL_MC	6	2	2	6.6	40.832	7.39E-05	8840500
44805_WL_MC	6	2	2	6.6	40.832	7.39E-05	8840500
42936_WL_MC	6	2	2	6.6	40.832	7.39E-05	8840500
21536_WL_MC	9	2	2	7.1	26.862	0.00029648	16726000
33946_WL_MC	9	2	2	7.1	26.862	0.00029648	16726000
78569_WL_MC	9	2	2	7.1	26.862	0.00029648	16726000
33728_WL_MC	9	2	2	7.1	26.862	0.00029648	16726000
77656_WL_MC	9	2	2	7.1	26.862	0.00029648	16726000
96420_WL_MC	9	2	2	7.1	26.862	0.00029648	16726000
21311_WL_MC	9	2	2	7.1	26.862	0.00029648	16726000
28967_WL_MC	9	2	2	7.1	26.862	0.00029648	16726000
66644_WL_MC	9	2	2	7.1	26.862	0.00029648	16726000
45878_WL_MC	4	1	1	15.7	15.034	0.001929	0
45879_WL_MC	4	1	1	15.7	15.034	0.001929	0
21603_WL_MC	4	1	1	15.7	15.034	0.001929	0
78853_WL_MC	4	1	1	15.7	15.034	0.001929	0
21851_WL_MC	3	4	4	17.5	42.67	3.15E-26	209460000
34282_WL_MC	3	4	4	17.5	42.67	3.15E-26	209460000
79859_WL_MC	3	4	4	17.5	42.67	3.15E-26	209460000
42657_WL_MC	4	1	1	5.7	18.152	0.00051005	42236000
2535_WL_MC	4	1	1	5.7	18.152	0.00051005	42236000
80940_WL_MC	4	1	1	5.7	18.152	0.00051005	42236000
22120_WL_MC	4	1	1	5.7	18.152	0.00051005	42236000
22134_WL_MC	4	1	1	2	51.21	0.015023	3581300
81011_WL_MC	4	1	1	2	51.21	0.015023	3581300
49268_WL_MC	4	1	1	2	51.21	0.015023	3581300
54024_WL_MC	4	1	1	2	51.21	0.015023	3581300
22236_WL_MC	2	2	2	19.1	18.745	1.82E-132	205280000
45365_WL_MC	2	2	2	19.1	18.745	1.82E-132	205280000
22248_WL_MC	2	2	2	18.3	15.93	2.72E-05	10199000
81457_WL_MC	2	2	2	18.3	15.93	2.72E-05	10199000
51854_WL_MC	2	1	1	4.9	36.981	0.0049024	5780600
22513_WL_MC	2	1	1	4.9	36.981	0.0049024	5780600
22587_WL_MC	4	2	2	11.7	39.857	8.58E-07	7485400
49275_WL_MC	4	2	2	11.7	39.857	8.58E-07	7485400
7871_WL_MC	4	2	2	11.7	39.857	8.58E-07	7485400
82866_WL_MC	4	2	2	11.7	39.857	8.58E-07	7485400
22921_WL_MC	1	4	1	16.1	17.262	9.08E-17	26389000
23381_WL_MC	1	5	4	13.2	43.761	2.45E-18	45698000
45953_WL_MC	6	4	4	16.1	37.953	1.18E-46	15479000
45954_WL_MC	6	4	4	16.1	37.953	1.18E-46	15479000
23387_WL_MC	6	4	4	16.1	37.953	1.18E-46	15479000
85996_WL_MC	6	4	4	16.1	37.953	1.18E-46	15479000
155746_WL_MC	6	4	4	16.1	37.953	1.18E-46	15479000
85997_WL_MC	6	4	4	16.1	37.953	1.18E-46	15479000
23393_WL_MC	5	2	2	7.4	36.742	2.65E-15	22523000
42974_WL_MC	5	2	2	7.4	36.742	2.65E-15	22523000
859_WL_MC	5	2	2	7.4	36.742	2.65E-15	22523000
86013_WL_MC	5	2	2	7.4	36.742	2.65E-15	22523000
141126_WL_MC	5	2	2	7.4	36.742	2.65E-15	22523000
23695_WL_MC	5	7	4	6.3	52.413	6.30E-21	255660000
36216_WL_MC	5	7	4	6.3	52.413	6.30E-21	255660000
87180_WL_MC	5	7	4	6.3	52.413	6.30E-21	255660000
170196_WL_MC	5	7	4	6.3	52.413	6.30E-21	255660000
141666_WL_MC	5	7	4	6.3	52.413	6.30E-21	255660000
23729_WL_MC	1	2	2	11.6	16.162	9.37E-06	200520000
23789_WL_MC	2	6	6	27.2	29.714	6.71E-107	9088400000
87631_WL_MC	2	6	6	27.2	29.714	6.71E-107	9088400000
23790_WL_MC	3	7	7	27	28.632	1.75E-59	2177500000
87632_WL_MC	3	7	7	27	28.632	1.75E-59	2177500000
9641_WL_MC	3	7	7	27	28.632	1.75E-59	2177500000
48879_WL_MC	11	1	1	1.5	85.025	0.0082573	6710200
7261_WL_MC	11	1	1	1.5	85.025	0.0082573	6710200
7260_WL_MC	11	1	1	1.5	85.025	0.0082573	6710200
7262_WL_MC	11	1	1	1.5	85.025	0.0082573	6710200
7263_WL_MC	11	1	1	1.5	85.025	0.0082573	6710200
7259_WL_MC	11	1	1	1.5	85.025	0.0082573	6710200
7257_WL_MC	11	1	1	1.5	85.025	0.0082573	6710200
7258_WL_MC	11	1	1	1.5	85.025	0.0082573	6710200
48880_WL_MC	11	1	1	1.5	85.025	0.0082573	6710200
7266_WL_MC	11	1	1	1.5	85.025	0.0082573	6710200
23827_WL_MC	11	1	1	1.5	85.025	0.0082573	6710200
37960_WL_MC	7	1	1	3.2	43.298	0.0026562	7472300
2395_WL_MC	7	1	1	3.2	43.298	0.0026562	7472300
54369_WL_MC	7	1	1	3.2	43.298	0.0026562	7472300
6807_WL_MC	7	1	1	3.2	43.298	0.0026562	7472300
6804_WL_MC	7	1	1	3.2	43.298	0.0026562	7472300
6803_WL_MC	7	1	1	3.2	43.298	0.0026562	7472300
6805_WL_MC	7	1	1	3.2	43.298	0.0026562	7472300
49887_WL_MC	2	1	1	4.9	16.478	0.010974	501730000
24004_WL_MC	2	1	1	4.9	16.478	0.010974	501730000
36619_WL_MC	6	5	5	14.3	36.03	3.83E-11	141460000
24052_WL_MC	6	5	5	14.3	36.03	3.83E-11	141460000
88704_WL_MC	6	5	5	14.3	36.03	3.83E-11	141460000
50800_WL_MC	6	5	5	14.3	36.03	3.83E-11	141460000
50801_WL_MC	6	5	5	14.3	36.03	3.83E-11	141460000
88705_WL_MC	6	5	5	14.3	36.03	3.83E-11	141460000
24131_WL_MC	2	1	1	10.5	18.038	0.011842	19512000
46182_WL_MC	2	1	1	10.5	18.038	0.011842	19512000
24180_WL_MC	2	1	1	5.1	24.474	0.015849	15126000
50524_WL_MC	2	1	1	5.1	24.474	0.015849	15126000
24310_WL_MC	2	4	2	9.3	22.099	1.06E-10	65296000
36876_WL_MC	2	4	2	9.3	22.099	1.06E-10	65296000
37235_WL_MC	7	13	13	25.1	75.725	9.99E-113	6965700000
24646_WL_MC	7	13	13	25.1	75.725	9.99E-113	6965700000
51507_WL_MC	7	13	13	25.1	75.725	9.99E-113	6965700000
51508_WL_MC	7	13	13	25.1	75.725	9.99E-113	6965700000
54280_WL_MC	7	13	13	25.1	75.725	9.99E-113	6965700000
91045_WL_MC	7	13	13	25.1	75.725	9.99E-113	6965700000
10775_WL_MC	7	13	13	25.1	75.725	9.99E-113	6965700000
24660_WL_MC	3	5	4	18	41.823	4.88E-15	58576000
91107_WL_MC	3	5	4	18	41.823	4.88E-15	58576000
154803_WL_MC	3	5	4	18	41.823	4.88E-15	58576000
46260_WL_MC	2	9	9	27.5	43.61	4.37E-22	162920000
24662_WL_MC	2	9	9	27.5	43.61	4.37E-22	162920000
24697_WL_MC	2	1	1	3.5	44.035	0.0058617	6448700
49483_WL_MC	2	1	1	3.5	44.035	0.0058617	6448700
37637_WL_MC	3	2	2	8.7	34.158	1.12E-05	31918000
25018_WL_MC	3	2	2	8.7	34.158	1.12E-05	31918000
49573_WL_MC	3	2	2	8.7	34.158	1.12E-05	31918000
37662_WL_MC	3	11	11	53.7	24.732	7.06E-36	1095300000
25038_WL_MC	3	11	11	53.7	24.732	7.06E-36	1095300000
92522_WL_MC	3	11	11	53.7	24.732	7.06E-36	1095300000
49853_WL_MC	10	3	3	6.9	54.051	8.22E-10	662270000
49856_WL_MC	10	3	3	6.9	54.051	8.22E-10	662270000
49854_WL_MC	10	3	3	6.9	54.051	8.22E-10	662270000
37826_WL_MC	10	3	3	6.9	54.051	8.22E-10	662270000
54354_WL_MC	10	3	3	6.9	54.051	8.22E-10	662270000
54356_WL_MC	10	3	3	6.9	54.051	8.22E-10	662270000
49855_WL_MC	10	3	3	6.9	54.051	8.22E-10	662270000
54355_WL_MC	10	3	3	6.9	54.051	8.22E-10	662270000
25204_WL_MC	10	3	3	6.9	54.051	8.22E-10	662270000
93102_WL_MC	10	3	3	6.9	54.051	8.22E-10	662270000
37832_WL_MC	2	1	1	3.9	49.616	7.51E-06	47596000
25209_WL_MC	2	1	1	3.9	49.616	7.51E-06	47596000
25231_WL_MC	1	1	1	2.2	42.139	0.0054332	141390000
25255_WL_MC	5	5	5	27	36.966	1.61E-27	670600000
93300_WL_MC	5	5	5	27	36.966	1.61E-27	670600000
14545_WL_MC	5	5	5	27	36.966	1.61E-27	670600000
144254_WL_MC	5	5	5	27	36.966	1.61E-27	670600000
14544_WL_MC	5	5	5	27	36.966	1.61E-27	670600000
25273_WL_MC	3	5	5	24.9	27.426	1.11E-12	50503000
43353_WL_MC	3	5	5	24.9	27.426	1.11E-12	50503000
93379_WL_MC	3	5	5	24.9	27.426	1.11E-12	50503000
94576_WL_MC	3	2	2	16.7	19.866	0.00010031	18511000
38260_WL_MC	3	2	2	16.7	19.866	0.00010031	18511000
25587_WL_MC	3	2	2	16.7	19.866	0.00010031	18511000
26062_WL_MC	6	3	3	9.7	43.656	1.06E-06	21994000
44531_WL_MC	6	3	3	9.7	43.656	1.06E-06	21994000
44533_WL_MC	6	3	3	9.7	43.656	1.06E-06	21994000
53335_WL_MC	6	3	3	9.7	43.656	1.06E-06	21994000
44532_WL_MC	6	3	3	9.7	43.656	1.06E-06	21994000
168197_WL_MC	6	3	3	9.7	43.656	1.06E-06	21994000
2612_WL_MC	5	1	1	13.7	15.505	0.0043437	0
69_WL_MC	5	1	1	13.7	15.505	0.0043437	0
7203_WL_MC	5	1	1	13.7	15.505	0.0043437	0
7194_WL_MC	5	1	1	13.7	15.505	0.0043437	0
7193_WL_MC	5	1	1	13.7	15.505	0.0043437	0
26164_WL_MC	3	1	1	4.7	42.644	0.006998	12060000
46566_WL_MC	3	1	1	4.7	42.644	0.006998	12060000
53358_WL_MC	3	1	1	4.7	42.644	0.006998	12060000
38947_WL_MC	5	5	3	6.9	70.045	8.51E-22	42259000
26298_WL_MC	5	5	3	6.9	70.045	8.51E-22	42259000
50705_WL_MC	5	5	3	6.9	70.045	8.51E-22	42259000
96840_WL_MC	5	5	3	6.9	70.045	8.51E-22	42259000
145596_WL_MC	5	5	3	6.9	70.045	8.51E-22	42259000
26310_WL_MC	10	2	2	6.6	33.492	0.00072006	43533000
49079_WL_MC	10	2	2	6.6	33.492	0.00072006	43533000
96875_WL_MC	10	2	2	6.6	33.492	0.00072006	43533000
38956_WL_MC	10	2	2	6.6	33.492	0.00072006	43533000
49077_WL_MC	10	2	2	6.6	33.492	0.00072006	43533000
53379_WL_MC	10	2	2	6.6	33.492	0.00072006	43533000
49078_WL_MC	10	2	2	6.6	33.492	0.00072006	43533000
53380_WL_MC	10	2	2	6.6	33.492	0.00072006	43533000
7609_WL_MC	10	2	2	6.6	33.492	0.00072006	43533000
7608_WL_MC	10	2	2	6.6	33.492	0.00072006	43533000
26323_WL_MC	3	1	1	2.1	61.781	0.012666	5217500
48628_WL_MC	3	1	1	2.1	61.781	0.012666	5217500
96904_WL_MC	3	1	1	2.1	61.781	0.012666	5217500
26336_WL_MC	13	1	1	0.4	451.49	0.016904	18652000
48818_WL_MC	13	1	1	0.4	451.49	0.016904	18652000
48821_WL_MC	13	1	1	0.4	451.49	0.016904	18652000
53390_WL_MC	13	1	1	0.4	451.49	0.016904	18652000
53393_WL_MC	13	1	1	0.4	451.49	0.016904	18652000
48816_WL_MC	13	1	1	0.4	451.49	0.016904	18652000
48819_WL_MC	13	1	1	0.4	451.49	0.016904	18652000
48820_WL_MC	13	1	1	0.4	451.49	0.016904	18652000
53388_WL_MC	13	1	1	0.4	451.49	0.016904	18652000
53391_WL_MC	13	1	1	0.4	451.49	0.016904	18652000
53392_WL_MC	13	1	1	0.4	451.49	0.016904	18652000
48817_WL_MC	13	1	1	0.4	451.49	0.016904	18652000
53389_WL_MC	13	1	1	0.4	451.49	0.016904	18652000
26359_WL_MC	3	6	6	19.3	44.012	7.81E-34	159880000
43826_WL_MC	3	6	6	19.3	44.012	7.81E-34	159880000
97026_WL_MC	3	6	6	19.3	44.012	7.81E-34	159880000
42993_WL_MC	5	2	2	6.8	41.524	1.67E-06	34777000
97156_WL_MC	5	2	2	6.8	41.524	1.67E-06	34777000
39040_WL_MC	5	2	2	6.8	41.524	1.67E-06	34777000
26405_WL_MC	5	2	2	6.8	41.524	1.67E-06	34777000
85175_WL_MC	5	2	2	6.8	41.524	1.67E-06	34777000
26523_WL_MC	3	4	3	20.4	23.669	9.37E-18	199380000
39151_WL_MC	3	4	3	20.4	23.669	9.37E-18	199380000
153781_WL_MC	3	4	3	20.4	23.669	9.37E-18	199380000
49954_WL_MC	3	1	1	3	49.147	0.0069796	6926200
26783_WL_MC	3	1	1	3	49.147	0.0069796	6926200
58418_WL_MC	3	1	1	3	49.147	0.0069796	6926200
26901_WL_MC	6	22	0	0	57.822	2.97E-230	58242000
9467_WL_MC	6	22	0	0	57.822	2.97E-230	58242000
146754_WL_MC	6	22	0	0	57.822	2.97E-230	58242000
152476_WL_MC	6	22	0	0	57.822	2.97E-230	58242000
146755_WL_MC	6	22	0	0	57.822	2.97E-230	58242000
163126_WL_MC	6	22	0	0	57.822	2.97E-230	58242000
39851_WL_MC	5	3	3	16.2	24.851	1.59E-12	302490000
27223_WL_MC	5	3	3	16.2	24.851	1.59E-12	302490000
47780_WL_MC	5	3	3	16.2	24.851	1.59E-12	302490000
53489_WL_MC	5	3	3	16.2	24.851	1.59E-12	302490000
60125_WL_MC	5	3	3	16.2	24.851	1.59E-12	302490000
40158_WL_MC	3	3	3	18.6	26.684	2.12E-44	2153500000
27527_WL_MC	3	3	3	18.6	26.684	2.12E-44	2153500000
61214_WL_MC	3	3	3	18.6	26.684	2.12E-44	2153500000
27584_WL_MC	4	5	1	2.3	69.514	1.71E-11	9644500
40222_WL_MC	4	5	1	2.3	69.514	1.71E-11	9644500
61437_WL_MC	4	5	1	2.3	69.514	1.71E-11	9644500
53517_WL_MC	4	5	1	2.3	69.514	1.71E-11	9644500
40866_WL_MC	14	3	3	6.5	61.753	1.26E-06	11212000
28200_WL_MC	14	3	3	6.5	61.753	1.26E-06	11212000
63801_WL_MC	14	3	3	6.5	61.753	1.26E-06	11212000
158240_WL_MC	14	3	3	6.5	61.753	1.26E-06	11212000
2474_WL_MC	14	3	3	6.5	61.753	1.26E-06	11212000
5092_WL_MC	14	3	3	6.5	61.753	1.26E-06	11212000
47307_WL_MC	14	3	3	6.5	61.753	1.26E-06	11212000
47308_WL_MC	14	3	3	6.5	61.753	1.26E-06	11212000
5097_WL_MC	14	3	3	6.5	61.753	1.26E-06	11212000
158243_WL_MC	14	3	3	6.5	61.753	1.26E-06	11212000
2473_WL_MC	14	3	3	6.5	61.753	1.26E-06	11212000
53561_WL_MC	14	3	3	6.5	61.753	1.26E-06	11212000
63802_WL_MC	14	3	3	6.5	61.753	1.26E-06	11212000
155229_WL_MC	14	3	3	6.5	61.753	1.26E-06	11212000
51908_WL_MC	11	6	6	18.7	44.229	3.72E-31	380610000
28241_WL_MC	11	6	6	18.7	44.229	3.72E-31	380610000
40914_WL_MC	11	6	6	18.7	44.229	3.72E-31	380610000
51905_WL_MC	11	6	6	18.7	44.229	3.72E-31	380610000
51907_WL_MC	11	6	6	18.7	44.229	3.72E-31	380610000
63957_WL_MC	11	6	6	18.7	44.229	3.72E-31	380610000
51903_WL_MC	11	6	6	18.7	44.229	3.72E-31	380610000
51906_WL_MC	11	6	6	18.7	44.229	3.72E-31	380610000
63958_WL_MC	11	6	6	18.7	44.229	3.72E-31	380610000
51904_WL_MC	11	6	6	18.7	44.229	3.72E-31	380610000
165318_WL_MC	11	6	6	18.7	44.229	3.72E-31	380610000
47799_WL_MC	8	1	1	4.5	33.357	0.0023836	10766000
47800_WL_MC	8	1	1	4.5	33.357	0.0023836	10766000
41147_WL_MC	8	1	1	4.5	33.357	0.0023836	10766000
5748_WL_MC	8	1	1	4.5	33.357	0.0023836	10766000
64778_WL_MC	8	1	1	4.5	33.357	0.0023836	10766000
28463_WL_MC	8	1	1	4.5	33.357	0.0023836	10766000
47797_WL_MC	8	1	1	4.5	33.357	0.0023836	10766000
5749_WL_MC	8	1	1	4.5	33.357	0.0023836	10766000
41596_WL_MC	3	4	4	10.8	41.847	3.03E-07	125810000
28939_WL_MC	3	4	4	10.8	41.847	3.03E-07	125810000
53203_WL_MC	3	4	4	10.8	41.847	3.03E-07	125810000
29213_WL_MC	1	2	2	9.2	34.2	0.00032239	2752500
29794_WL_MC	2	1	1	5.2	36.182	0.012705	372050000
69747_WL_MC	2	1	1	5.2	36.182	0.012705	372050000
30712_WL_MC	1	1	1	5.9	21.861	0.00073894	15699000
5800_WL_MC	5	1	1	4.2	33.525	0.0066609	7957200
5799_WL_MC	5	1	1	4.2	33.525	0.0066609	7957200
30851_WL_MC	5	1	1	4.2	33.525	0.0066609	7957200
5801_WL_MC	5	1	1	4.2	33.525	0.0066609	7957200
5802_WL_MC	5	1	1	4.2	33.525	0.0066609	7957200
43506_WL_MC	2	1	1	1.1	130.35	0.0045562	0
30964_WL_MC	2	1	1	1.1	130.35	0.0045562	0
3100_WL_MC	1	3	3	16.3	28.374	4.05E-17	74991000
51855_WL_MC	8	3	3	6.9	57.386	2.17E-06	10424000
31667_WL_MC	8	3	3	6.9	57.386	2.17E-06	10424000
11238_WL_MC	8	3	3	6.9	57.386	2.17E-06	10424000
11239_WL_MC	8	3	3	6.9	57.386	2.17E-06	10424000
105128_WL_MC	8	3	3	6.9	57.386	2.17E-06	10424000
19268_WL_MC	8	3	3	6.9	57.386	2.17E-06	10424000
132950_WL_MC	8	3	3	6.9	57.386	2.17E-06	10424000
132951_WL_MC	8	3	3	6.9	57.386	2.17E-06	10424000
32922_WL_MC	5	5	5	9.8	91.04	5.60E-09	61122000
74470_WL_MC	5	5	5	9.8	91.04	5.60E-09	61122000
49400_WL_MC	5	5	5	9.8	91.04	5.60E-09	61122000
7997_WL_MC	5	5	5	9.8	91.04	5.60E-09	61122000
135376_WL_MC	5	5	5	9.8	91.04	5.60E-09	61122000
33206_WL_MC	4	3	3	28.2	14.664	2.62E-11	58248000
75516_WL_MC	4	3	3	28.2	14.664	2.62E-11	58248000
42412_WL_MC	4	3	3	28.2	14.664	2.62E-11	58248000
20800_WL_MC	4	3	3	28.2	14.664	2.62E-11	58248000
75892_WL_MC	4	2	2	6.9	41.838	8.68E-11	14351000
33288_WL_MC	4	2	2	6.9	41.838	8.68E-11	14351000
44808_WL_MC	4	2	2	6.9	41.838	8.68E-11	14351000
44806_WL_MC	4	2	2	6.9	41.838	8.68E-11	14351000
33593_WL_MC	5	4	4	8.5	60.97	3.36E-09	18318000
44355_WL_MC	5	4	4	8.5	60.97	3.36E-09	18318000
77165_WL_MC	5	4	4	8.5	60.97	3.36E-09	18318000
21197_WL_MC	5	4	4	8.5	60.97	3.36E-09	18318000
136760_WL_MC	5	4	4	8.5	60.97	3.36E-09	18318000
33994_WL_MC	13	18	18	34.5	75.494	4.19E-79	1567200000
21592_WL_MC	13	18	18	34.5	75.494	4.19E-79	1567200000
46058_WL_MC	13	18	18	34.5	75.494	4.19E-79	1567200000
78803_WL_MC	13	18	18	34.5	75.494	4.19E-79	1567200000
2978_WL_MC	13	18	18	34.5	75.494	4.19E-79	1567200000
46057_WL_MC	13	18	18	34.5	75.494	4.19E-79	1567200000
2981_WL_MC	13	18	18	34.5	75.494	4.19E-79	1567200000
46060_WL_MC	13	18	18	34.5	75.494	4.19E-79	1567200000
2980_WL_MC	13	18	18	34.5	75.494	4.19E-79	1567200000
2979_WL_MC	13	18	18	34.5	75.494	4.19E-79	1567200000
46059_WL_MC	13	18	18	34.5	75.494	4.19E-79	1567200000
78802_WL_MC	13	18	18	34.5	75.494	4.19E-79	1567200000
137601_WL_MC	13	18	18	34.5	75.494	4.19E-79	1567200000
79114_WL_MC	2	1	1	10.2	18.198	0.0048835	0
34086_WL_MC	2	1	1	10.2	18.198	0.0048835	0
34224_WL_MC	25	12	12	24.9	85.281	3.81E-89	1122700000
11571_WL_MC	25	12	12	24.9	85.281	3.81E-89	1122700000
11570_WL_MC	25	12	12	24.9	85.281	3.81E-89	1122700000
11572_WL_MC	25	12	12	24.9	85.281	3.81E-89	1122700000
79619_WL_MC	25	12	12	24.9	85.281	3.81E-89	1122700000
165720_WL_MC	25	12	12	24.9	85.281	3.81E-89	1122700000
21794_WL_MC	25	12	12	24.9	85.281	3.81E-89	1122700000
165721_WL_MC	25	12	12	24.9	85.281	3.81E-89	1122700000
53977_WL_MC	25	12	12	24.9	85.281	3.81E-89	1122700000
165722_WL_MC	25	12	12	24.9	85.281	3.81E-89	1122700000
165717_WL_MC	25	12	12	24.9	85.281	3.81E-89	1122700000
11568_WL_MC	25	12	12	24.9	85.281	3.81E-89	1122700000
52114_WL_MC	25	12	12	24.9	85.281	3.81E-89	1122700000
53976_WL_MC	25	12	12	24.9	85.281	3.81E-89	1122700000
11564_WL_MC	25	12	12	24.9	85.281	3.81E-89	1122700000
53980_WL_MC	25	12	12	24.9	85.281	3.81E-89	1122700000
11566_WL_MC	25	12	12	24.9	85.281	3.81E-89	1122700000
11565_WL_MC	25	12	12	24.9	85.281	3.81E-89	1122700000
165724_WL_MC	25	12	12	24.9	85.281	3.81E-89	1122700000
53981_WL_MC	25	12	12	24.9	85.281	3.81E-89	1122700000
11563_WL_MC	25	12	12	24.9	85.281	3.81E-89	1122700000
53979_WL_MC	25	12	12	24.9	85.281	3.81E-89	1122700000
11573_WL_MC	25	12	12	24.9	85.281	3.81E-89	1122700000
11567_WL_MC	25	12	12	24.9	85.281	3.81E-89	1122700000
53978_WL_MC	25	12	12	24.9	85.281	3.81E-89	1122700000
42490_WL_MC	8	2	2	16.7	21.216	1.53E-05	4825600
34856_WL_MC	8	2	2	16.7	21.216	1.53E-05	4825600
82011_WL_MC	8	2	2	16.7	21.216	1.53E-05	4825600
22393_WL_MC	8	2	2	16.7	21.216	1.53E-05	4825600
42491_WL_MC	8	2	2	16.7	21.216	1.53E-05	4825600
46723_WL_MC	8	2	2	16.7	21.216	1.53E-05	4825600
46724_WL_MC	8	2	2	16.7	21.216	1.53E-05	4825600
152680_WL_MC	8	2	2	16.7	21.216	1.53E-05	4825600
35568_WL_MC	8	2	2	8.1	43.862	4.98E-08	12116000
51411_WL_MC	8	2	2	8.1	43.862	4.98E-08	12116000
51407_WL_MC	8	2	2	8.1	43.862	4.98E-08	12116000
51409_WL_MC	8	2	2	8.1	43.862	4.98E-08	12116000
51410_WL_MC	8	2	2	8.1	43.862	4.98E-08	12116000
51408_WL_MC	8	2	2	8.1	43.862	4.98E-08	12116000
54117_WL_MC	8	2	2	8.1	43.862	4.98E-08	12116000
51406_WL_MC	8	2	2	8.1	43.862	4.98E-08	12116000
51016_WL_MC	3	1	1	2.2	77.399	0.010042	2478500
57105_WL_MC	3	1	1	2.2	77.399	0.010042	2478500
35750_WL_MC	3	1	1	2.2	77.399	0.010042	2478500
35825_WL_MC	3	11	11	32	45.835	1.35E-66	1972300000
49959_WL_MC	3	11	11	32	45.835	1.35E-66	1972300000
85700_WL_MC	3	11	11	32	45.835	1.35E-66	1972300000
35888_WL_MC	3	3	3	22.7	20.021	7.59E-13	367620000
54136_WL_MC	3	3	3	22.7	20.021	7.59E-13	367620000
85955_WL_MC	3	3	3	22.7	20.021	7.59E-13	367620000
46909_WL_MC	3	1	1	6.7	20.871	0.018049	0
36452_WL_MC	3	1	1	6.7	20.871	0.018049	0
88097_WL_MC	3	1	1	6.7	20.871	0.018049	0
90231_WL_MC	5	2	2	16.5	20.693	1.00E-05	32908000
49839_WL_MC	5	2	2	16.5	20.693	1.00E-05	32908000
36994_WL_MC	5	2	2	16.5	20.693	1.00E-05	32908000
24416_WL_MC	5	2	2	16.5	20.693	1.00E-05	32908000
49838_WL_MC	5	2	2	16.5	20.693	1.00E-05	32908000
3700_WL_MC	7	3	3	10.2	50.328	1.78E-07	47482000
46503_WL_MC	7	3	3	10.2	50.328	1.78E-07	47482000
3701_WL_MC	7	3	3	10.2	50.328	1.78E-07	47482000
3702_WL_MC	7	3	3	10.2	50.328	1.78E-07	47482000
104832_WL_MC	7	3	3	10.2	50.328	1.78E-07	47482000
19163_WL_MC	7	3	3	10.2	50.328	1.78E-07	47482000
100576_WL_MC	7	3	3	10.2	50.328	1.78E-07	47482000
37112_WL_MC	7	23	23	18.9	173.22	2.06E-199	2054400000
24529_WL_MC	7	23	23	18.9	173.22	2.06E-199	2054400000
166590_WL_MC	7	23	23	18.9	173.22	2.06E-199	2054400000
90626_WL_MC	7	23	23	18.9	173.22	2.06E-199	2054400000
46376_WL_MC	7	23	23	18.9	173.22	2.06E-199	2054400000
90625_WL_MC	7	23	23	18.9	173.22	2.06E-199	2054400000
54268_WL_MC	7	23	23	18.9	173.22	2.06E-199	2054400000
3777_WL_MC	7	6	6	36	26.109	7.30E-24	144240000
3778_WL_MC	7	6	6	36	26.109	7.30E-24	144240000
18273_WL_MC	7	6	6	36	26.109	7.30E-24	144240000
30711_WL_MC	7	6	6	36	26.109	7.30E-24	144240000
102539_WL_MC	7	6	6	36	26.109	7.30E-24	144240000
3779_WL_MC	7	6	6	36	26.109	7.30E-24	144240000
46544_WL_MC	7	6	6	36	26.109	7.30E-24	144240000
94708_WL_MC	2	1	1	6.5	18.726	0.015849	7771200
38299_WL_MC	2	1	1	6.5	18.726	0.015849	7771200
97214_WL_MC	5	13	13	13.5	129.28	2.88E-50	463850000
39059_WL_MC	5	13	13	13.5	129.28	2.88E-50	463850000
145790_WL_MC	5	13	13	13.5	129.28	2.88E-50	463850000
145791_WL_MC	5	13	13	13.5	129.28	2.88E-50	463850000
1612_WL_MC	5	13	13	13.5	129.28	2.88E-50	463850000
39531_WL_MC	2	23	0	0	55.384	9.42E-272	14324000000
117_WL_MC	2	23	0	0	55.384	9.42E-272	14324000000
43381_WL_MC	5	1	1	5	23.188	0.014309	8413800
43372_WL_MC	5	1	1	5	23.188	0.014309	8413800
40228_WL_MC	5	1	1	5	23.188	0.014309	8413800
49148_WL_MC	5	1	1	5	23.188	0.014309	8413800
61453_WL_MC	5	1	1	5	23.188	0.014309	8413800
42381_WL_MC	7	7	7	21.8	50.612	3.91E-29	105350000
46697_WL_MC	7	7	7	21.8	50.612	3.91E-29	105350000
53849_WL_MC	7	7	7	21.8	50.612	3.91E-29	105350000
4049_WL_MC	7	7	7	21.8	50.612	3.91E-29	105350000
73383_WL_MC	7	7	7	21.8	50.612	3.91E-29	105350000
4048_WL_MC	7	7	7	21.8	50.612	3.91E-29	105350000
4047_WL_MC	7	7	7	21.8	50.612	3.91E-29	105350000
4050_WL_MC	3	1	1	0.6	189.76	0.0013726	7172000
46698_WL_MC	3	1	1	0.6	189.76	0.0013726	7172000
63183_WL_MC	3	1	1	0.6	189.76	0.0013726	7172000
4122_WL_MC	3	5	0	0	26.403	1.79E-49	31012000
4125_WL_MC	3	5	0	0	26.403	1.79E-49	31012000
17007_WL_MC	3	5	0	0	26.403	1.79E-49	31012000
53262_WL_MC	6	3	3	11.8	36.651	2.28E-07	44033000
41292_WL_MC	6	3	3	11.8	36.651	2.28E-07	44033000
53265_WL_MC	6	3	3	11.8	36.651	2.28E-07	44033000
53264_WL_MC	6	3	3	11.8	36.651	2.28E-07	44033000
65409_WL_MC	6	3	3	11.8	36.651	2.28E-07	44033000
13187_WL_MC	6	3	3	11.8	36.651	2.28E-07	44033000
41586_WL_MC	3	12	4	10.3	46.572	1.30E-32	668600000
53639_WL_MC	3	12	4	10.3	46.572	1.30E-32	668600000
168214_WL_MC	3	12	4	10.3	46.572	1.30E-32	668600000
49316_WL_MC	3	1	1	12.1	16.447	0.0049297	0
41635_WL_MC	3	1	1	12.1	16.447	0.0049297	0
66684_WL_MC	3	1	1	12.1	16.447	0.0049297	0
42313_WL_MC	5	4	4	13.2	50.129	1.48E-13	88133000
42312_WL_MC	5	4	4	13.2	50.129	1.48E-13	88133000
152913_WL_MC	5	4	4	13.2	50.129	1.48E-13	88133000
10474_WL_MC	5	4	4	13.2	50.129	1.48E-13	88133000
10475_WL_MC	5	4	4	13.2	50.129	1.48E-13	88133000
52394_WL_MC	2	1	1	5	25.381	0.017245	2944000
42374_WL_MC	2	1	1	5	25.381	0.017245	2944000
42555_WL_MC	2	3	1	13.5	13.657	8.01E-10	28199000
48451_WL_MC	2	3	1	13.5	13.657	8.01E-10	28199000
42570_WL_MC	6	5	5	16	52.022	1.22E-56	514310000
47136_WL_MC	6	5	5	16	52.022	1.22E-56	514310000
22382_WL_MC	6	5	5	16	52.022	1.22E-56	514310000
34841_WL_MC	6	5	5	16	52.022	1.22E-56	514310000
81950_WL_MC	6	5	5	16	52.022	1.22E-56	514310000
73041_WL_MC	6	5	5	16	52.022	1.22E-56	514310000
42610_WL_MC	1	2	2	14.8	16.741	2.74E-13	169790000
42743_WL_MC	1	1	1	5.9	35.751	0.0048391	26834000
42781_WL_MC	1	1	1	9.9	11.468	0.0062693	16702000
42821_WL_MC	2	2	2	7	46.234	7.54E-05	25358000
360_WL_MC	2	2	2	7	46.234	7.54E-05	25358000
42904_WL_MC	1	1	1	3.5	23.869	0.017035	17095000
43018_WL_MC	1	4	4	31.9	20.917	1.90E-11	87699000
43061_WL_MC	4	3	3	6.7	52.503	1.17E-06	78084000
32731_WL_MC	4	3	3	6.7	52.503	1.17E-06	78084000
73701_WL_MC	4	3	3	6.7	52.503	1.17E-06	78084000
20343_WL_MC	4	3	3	6.7	52.503	1.17E-06	78084000
43074_WL_MC	18	13	13	23	83.202	1.28E-61	2219000000
47000_WL_MC	18	13	13	23	83.202	1.28E-61	2219000000
46999_WL_MC	18	13	13	23	83.202	1.28E-61	2219000000
46998_WL_MC	18	13	13	23	83.202	1.28E-61	2219000000
30589_WL_MC	18	13	13	23	83.202	1.28E-61	2219000000
102201_WL_MC	18	13	13	23	83.202	1.28E-61	2219000000
131279_WL_MC	18	13	13	23	83.202	1.28E-61	2219000000
43051_WL_MC	18	13	13	23	83.202	1.28E-61	2219000000
21745_WL_MC	18	13	13	23	83.202	1.28E-61	2219000000
79430_WL_MC	18	13	13	23	83.202	1.28E-61	2219000000
23559_WL_MC	18	13	13	23	83.202	1.28E-61	2219000000
23500_WL_MC	18	13	13	23	83.202	1.28E-61	2219000000
106221_WL_MC	18	13	13	23	83.202	1.28E-61	2219000000
98195_WL_MC	18	13	13	23	83.202	1.28E-61	2219000000
15827_WL_MC	18	13	13	23	83.202	1.28E-61	2219000000
16767_WL_MC	18	13	13	23	83.202	1.28E-61	2219000000
98012_WL_MC	18	13	13	23	83.202	1.28E-61	2219000000
98681_WL_MC	18	13	13	23	83.202	1.28E-61	2219000000
43116_WL_MC	10	48	22	19.5	161.69	0	48846000000
41498_WL_MC	10	48	22	19.5	161.69	0	48846000000
28835_WL_MC	10	48	22	19.5	161.69	0	48846000000
43109_WL_MC	10	48	22	19.5	161.69	0	48846000000
66162_WL_MC	10	48	22	19.5	161.69	0	48846000000
1168_WL_MC	10	48	22	19.5	161.69	0	48846000000
1174_WL_MC	10	48	22	19.5	161.69	0	48846000000
66161_WL_MC	10	48	22	19.5	161.69	0	48846000000
153790_WL_MC	10	48	22	19.5	161.69	0	48846000000
153780_WL_MC	10	48	22	19.5	161.69	0	48846000000
43323_WL_MC	1	12	12	31.8	35.778	1.64E-160	1621500000
43510_WL_MC	4	3	3	10.2	41.822	1.15E-06	26129000
39933_WL_MC	4	3	3	10.2	41.822	1.15E-06	26129000
60384_WL_MC	4	3	3	10.2	41.822	1.15E-06	26129000
27296_WL_MC	4	3	3	10.2	41.822	1.15E-06	26129000
43535_WL_MC	7	3	3	17	30.814	2.45E-06	28197000
43534_WL_MC	7	3	3	17	30.814	2.45E-06	28197000
43536_WL_MC	7	3	3	17	30.814	2.45E-06	28197000
68191_WL_MC	7	3	3	17	30.814	2.45E-06	28197000
29380_WL_MC	7	3	3	17	30.814	2.45E-06	28197000
29379_WL_MC	7	3	3	17	30.814	2.45E-06	28197000
68190_WL_MC	7	3	3	17	30.814	2.45E-06	28197000
43555_WL_MC	3	1	1	6.9	20.909	3.06E-07	0
95699_WL_MC	3	1	1	6.9	20.909	3.06E-07	0
43554_WL_MC	3	1	1	6.9	20.909	3.06E-07	0
43635_WL_MC	3	1	1	2.9	40.909	0.0038443	0
43636_WL_MC	3	1	1	2.9	40.909	0.0038443	0
43638_WL_MC	3	1	1	2.9	40.909	0.0038443	0
43716_WL_MC	5	9	9	26.7	40.256	3.75E-30	951570000
43715_WL_MC	5	9	9	26.7	40.256	3.75E-30	951570000
21526_WL_MC	5	9	9	26.7	40.256	3.75E-30	951570000
78531_WL_MC	5	9	9	26.7	40.256	3.75E-30	951570000
137467_WL_MC	5	9	9	26.7	40.256	3.75E-30	951570000
43874_WL_MC	4	15	15	62.1	33.452	1.77E-110	3762900000
47132_WL_MC	4	15	15	62.1	33.452	1.77E-110	3762900000
47133_WL_MC	4	15	15	62.1	33.452	1.77E-110	3762900000
157873_WL_MC	4	15	15	62.1	33.452	1.77E-110	3762900000
43875_WL_MC	9	5	5	19	35.778	1.13E-11	123070000
6405_WL_MC	9	5	5	19	35.778	1.13E-11	123070000
6384_WL_MC	9	5	5	19	35.778	1.13E-11	123070000
159615_WL_MC	9	5	5	19	35.778	1.13E-11	123070000
6374_WL_MC	9	5	5	19	35.778	1.13E-11	123070000
6375_WL_MC	9	5	5	19	35.778	1.13E-11	123070000
6398_WL_MC	9	5	5	19	35.778	1.13E-11	123070000
6396_WL_MC	9	5	5	19	35.778	1.13E-11	123070000
150123_WL_MC	9	5	5	19	35.778	1.13E-11	123070000
43929_WL_MC	11	2	2	5.8	41.508	4.35E-05	95676000
6969_WL_MC	11	2	2	5.8	41.508	4.35E-05	95676000
6962_WL_MC	11	2	2	5.8	41.508	4.35E-05	95676000
6976_WL_MC	11	2	2	5.8	41.508	4.35E-05	95676000
160306_WL_MC	11	2	2	5.8	41.508	4.35E-05	95676000
39024_WL_MC	11	2	2	5.8	41.508	4.35E-05	95676000
26385_WL_MC	11	2	2	5.8	41.508	4.35E-05	95676000
97093_WL_MC	11	2	2	5.8	41.508	4.35E-05	95676000
6985_WL_MC	11	2	2	5.8	41.508	4.35E-05	95676000
6975_WL_MC	11	2	2	5.8	41.508	4.35E-05	95676000
145738_WL_MC	11	2	2	5.8	41.508	4.35E-05	95676000
4400_WL_MC	3	1	1	8.6	19.211	0.012187	0
4399_WL_MC	3	1	1	8.6	19.211	0.012187	0
4398_WL_MC	3	1	1	8.6	19.211	0.012187	0
43991_WL_MC	1	1	1	3.6	42.363	0.0025213	0
44341_WL_MC	1	1	1	2.6	49.136	0.011902	19995000
44360_WL_MC	2	3	3	11.5	30.015	3.53E-13	142380000
133643_WL_MC	2	3	3	11.5	30.015	3.53E-13	142380000
44829_WL_MC	2	2	2	20.8	14.266	4.69E-10	99400000
94411_WL_MC	2	2	2	20.8	14.266	4.69E-10	99400000
44926_WL_MC	3	3	3	15	23.527	8.06E-12	177860000
44927_WL_MC	3	3	3	15	23.527	8.06E-12	177860000
86076_WL_MC	3	3	3	15	23.527	8.06E-12	177860000
44930_WL_MC	3	5	2	9.1	50.199	1.09E-32	554800000
18937_WL_MC	3	5	2	9.1	50.199	1.09E-32	554800000
104208_WL_MC	3	5	2	9.1	50.199	1.09E-32	554800000
45372_WL_MC	3	2	2	10.5	20.747	3.09E-09	169840000
45373_WL_MC	3	2	2	10.5	20.747	3.09E-09	169840000
131559_WL_MC	3	2	2	10.5	20.747	3.09E-09	169840000
95941_WL_MC	3	2	2	10.4	32.972	5.92E-05	36146000
45417_WL_MC	3	2	2	10.4	32.972	5.92E-05	36146000
26000_WL_MC	3	2	2	10.4	32.972	5.92E-05	36146000
45428_WL_MC	2	1	1	6.3	33.825	0.0029667	10312000
53590_WL_MC	2	1	1	6.3	33.825	0.0029667	10312000
45480_WL_MC	1	1	1	9.8	17.989	0.001002	17804000
45517_WL_MC	2	2	2	13.4	16.766	3.27E-05	322860000
19919_WL_MC	2	2	2	13.4	16.766	3.27E-05	322860000
45776_WL_MC	5	2	2	13.5	18.187	1.23E-07	6670100
45777_WL_MC	5	2	2	13.5	18.187	1.23E-07	6670100
36993_WL_MC	5	2	2	13.5	18.187	1.23E-07	6670100
24413_WL_MC	5	2	2	13.5	18.187	1.23E-07	6670100
170242_WL_MC	5	2	2	13.5	18.187	1.23E-07	6670100
46087_WL_MC	1	2	2	23.2	11.224	7.31E-09	11631000
46102_WL_MC	1	1	1	5.3	20.002	0.00056964	0
46261_WL_MC	2	2	1	5.7	16.282	0.00011106	20873000
101138_WL_MC	2	2	1	5.7	16.282	0.00011106	20873000
46265_WL_MC	9	7	7	9.8	107.36	5.83E-29	55473000
46263_WL_MC	9	7	7	9.8	107.36	5.83E-29	55473000
46264_WL_MC	9	7	7	9.8	107.36	5.83E-29	55473000
46262_WL_MC	9	7	7	9.8	107.36	5.83E-29	55473000
38427_WL_MC	9	7	7	9.8	107.36	5.83E-29	55473000
22864_WL_MC	9	7	7	9.8	107.36	5.83E-29	55473000
35377_WL_MC	9	7	7	9.8	107.36	5.83E-29	55473000
95162_WL_MC	9	7	7	9.8	107.36	5.83E-29	55473000
25754_WL_MC	9	7	7	9.8	107.36	5.83E-29	55473000
46368_WL_MC	3	10	10	54.5	19.994	3.64E-25	468280000
18849_WL_MC	3	10	10	54.5	19.994	3.64E-25	468280000
96601_WL_MC	3	10	10	54.5	19.994	3.64E-25	468280000
46392_WL_MC	1	2	2	11.6	27.126	4.08E-05	19643000
46458_WL_MC	7	8	8	27.3	44.388	1.03E-32	685650000
46456_WL_MC	7	8	8	27.3	44.388	1.03E-32	685650000
41922_WL_MC	7	8	8	27.3	44.388	1.03E-32	685650000
46455_WL_MC	7	8	8	27.3	44.388	1.03E-32	685650000
53658_WL_MC	7	8	8	27.3	44.388	1.03E-32	685650000
46457_WL_MC	7	8	8	27.3	44.388	1.03E-32	685650000
156626_WL_MC	7	8	8	27.3	44.388	1.03E-32	685650000
46495_WL_MC	1	3	3	21.3	17.46	1.55E-23	59456000
46708_WL_MC	1	2	1	6.3	28.693	4.83E-10	6287200
46709_WL_MC	1	4	3	13.6	24.205	1.94E-16	65050000
46725_WL_MC	2	7	7	26.2	38.802	1.16E-22	207440000
46726_WL_MC	2	7	7	26.2	38.802	1.16E-22	207440000
4680_WL_MC	9	10	10	23.5	66.471	5.62E-45	540160000
4679_WL_MC	9	10	10	23.5	66.471	5.62E-45	540160000
4678_WL_MC	9	10	10	23.5	66.471	5.62E-45	540160000
47078_WL_MC	9	10	10	23.5	66.471	5.62E-45	540160000
87209_WL_MC	9	10	10	23.5	66.471	5.62E-45	540160000
19618_WL_MC	9	10	10	23.5	66.471	5.62E-45	540160000
133444_WL_MC	9	10	10	23.5	66.471	5.62E-45	540160000
87208_WL_MC	9	10	10	23.5	66.471	5.62E-45	540160000
105960_WL_MC	9	10	10	23.5	66.471	5.62E-45	540160000
46847_WL_MC	2	3	3	25	19.234	6.46E-11	35993000
53515_WL_MC	2	3	3	25	19.234	6.46E-11	35993000
46883_WL_MC	2	2	2	12	28.851	8.18E-19	106400000
53727_WL_MC	2	2	2	12	28.851	8.18E-19	106400000
46974_WL_MC	6	3	3	10.5	33.485	1.00E-10	549120000
103635_WL_MC	6	3	3	10.5	33.485	1.00E-10	549120000
4498_WL_MC	6	3	3	10.5	33.485	1.00E-10	549120000
4499_WL_MC	6	3	3	10.5	33.485	1.00E-10	549120000
157544_WL_MC	6	3	3	10.5	33.485	1.00E-10	549120000
157545_WL_MC	6	3	3	10.5	33.485	1.00E-10	549120000
47245_WL_MC	2	2	2	5.4	42.711	0.00016752	25959000
18068_WL_MC	2	2	2	5.4	42.711	0.00016752	25959000
47282_WL_MC	33	12	12	24.1	78.238	6.44E-66	444170000
5043_WL_MC	33	12	12	24.1	78.238	6.44E-66	444170000
5053_WL_MC	33	12	12	24.1	78.238	6.44E-66	444170000
5044_WL_MC	33	12	12	24.1	78.238	6.44E-66	444170000
35367_WL_MC	33	12	12	24.1	78.238	6.44E-66	444170000
83928_WL_MC	33	12	12	24.1	78.238	6.44E-66	444170000
22858_WL_MC	33	12	12	24.1	78.238	6.44E-66	444170000
5048_WL_MC	33	12	12	24.1	78.238	6.44E-66	444170000
5030_WL_MC	33	12	12	24.1	78.238	6.44E-66	444170000
47283_WL_MC	33	12	12	24.1	78.238	6.44E-66	444170000
5049_WL_MC	33	12	12	24.1	78.238	6.44E-66	444170000
5031_WL_MC	33	12	12	24.1	78.238	6.44E-66	444170000
158168_WL_MC	33	12	12	24.1	78.238	6.44E-66	444170000
5045_WL_MC	33	12	12	24.1	78.238	6.44E-66	444170000
5046_WL_MC	33	12	12	24.1	78.238	6.44E-66	444170000
5042_WL_MC	33	12	12	24.1	78.238	6.44E-66	444170000
5032_WL_MC	33	12	12	24.1	78.238	6.44E-66	444170000
5047_WL_MC	33	12	12	24.1	78.238	6.44E-66	444170000
5054_WL_MC	33	12	12	24.1	78.238	6.44E-66	444170000
5029_WL_MC	33	12	12	24.1	78.238	6.44E-66	444170000
5041_WL_MC	33	12	12	24.1	78.238	6.44E-66	444170000
5038_WL_MC	33	12	12	24.1	78.238	6.44E-66	444170000
5037_WL_MC	33	12	12	24.1	78.238	6.44E-66	444170000
158169_WL_MC	33	12	12	24.1	78.238	6.44E-66	444170000
5051_WL_MC	33	12	12	24.1	78.238	6.44E-66	444170000
5052_WL_MC	33	12	12	24.1	78.238	6.44E-66	444170000
5036_WL_MC	33	12	12	24.1	78.238	6.44E-66	444170000
54094_WL_MC	33	12	12	24.1	78.238	6.44E-66	444170000
5039_WL_MC	33	12	12	24.1	78.238	6.44E-66	444170000
5033_WL_MC	33	12	12	24.1	78.238	6.44E-66	444170000
5040_WL_MC	33	12	12	24.1	78.238	6.44E-66	444170000
1113_WL_MC	33	12	12	24.1	78.238	6.44E-66	444170000
1114_WL_MC	33	12	12	24.1	78.238	6.44E-66	444170000
47438_WL_MC	6	2	2	3.8	63.03	0.0007355	4783500
5262_WL_MC	6	2	2	3.8	63.03	0.0007355	4783500
5261_WL_MC	6	2	2	3.8	63.03	0.0007355	4783500
47439_WL_MC	6	2	2	3.8	63.03	0.0007355	4783500
59475_WL_MC	6	2	2	3.8	63.03	0.0007355	4783500
27042_WL_MC	6	2	2	3.8	63.03	0.0007355	4783500
47724_WL_MC	2	2	2	8.9	24.296	1.40E-05	60182000
77061_WL_MC	2	2	2	8.9	24.296	1.40E-05	60182000
47765_WL_MC	2	2	2	8.7	30.805	0.00018809	19155000
33098_WL_MC	2	2	2	8.7	30.805	0.00018809	19155000
48088_WL_MC	2	1	1	1.3	100	0.014324	7954500
6050_WL_MC	2	1	1	1.3	100	0.014324	7954500
48101_WL_MC	6	3	3	14.3	29.745	2.25E-08	26943000
6067_WL_MC	6	3	3	14.3	29.745	2.25E-08	26943000
26463_WL_MC	6	3	3	14.3	29.745	2.25E-08	26943000
97339_WL_MC	6	3	3	14.3	29.745	2.25E-08	26943000
145845_WL_MC	6	3	3	14.3	29.745	2.25E-08	26943000
39102_WL_MC	6	3	3	14.3	29.745	2.25E-08	26943000
48165_WL_MC	1	1	1	2	49.651	0.0040737	0
48321_WL_MC	5	2	2	1.7	156.41	2.40E-05	16736000
48320_WL_MC	5	2	2	1.7	156.41	2.40E-05	16736000
26227_WL_MC	5	2	2	1.7	156.41	2.40E-05	16736000
129482_WL_MC	5	2	2	1.7	156.41	2.40E-05	16736000
99192_WL_MC	5	2	2	1.7	156.41	2.40E-05	16736000
48733_WL_MC	6	5	5	16.9	49.17	3.48E-31	484930000
33242_WL_MC	6	5	5	16.9	49.17	3.48E-31	484930000
48732_WL_MC	6	5	5	16.9	49.17	3.48E-31	484930000
75657_WL_MC	6	5	5	16.9	49.17	3.48E-31	484930000
20845_WL_MC	6	5	5	16.9	49.17	3.48E-31	484930000
29447_WL_MC	6	5	5	16.9	49.17	3.48E-31	484930000
48924_WL_MC	1	7	7	50.3	18.494	4.00E-22	307890000
48930_WL_MC	1	1	1	4.7	27.678	0.0017578	5978000
49044_WL_MC	1	1	1	15.4	13.339	0.00019125	0
49165_WL_MC	5	3	1	4.4	38.488	1.00E-06	9752500
53721_WL_MC	5	3	1	4.4	38.488	1.00E-06	9752500
49166_WL_MC	5	3	1	4.4	38.488	1.00E-06	9752500
53722_WL_MC	5	3	1	4.4	38.488	1.00E-06	9752500
7698_WL_MC	5	3	1	4.4	38.488	1.00E-06	9752500
49196_WL_MC	1	1	1	1.1	116.11	0.010656	3447300
54313_WL_MC	7	3	3	11.6	37.373	3.59E-19	319960000
49307_WL_MC	7	3	3	11.6	37.373	3.59E-19	319960000
54314_WL_MC	7	3	3	11.6	37.373	3.59E-19	319960000
49308_WL_MC	7	3	3	11.6	37.373	3.59E-19	319960000
91755_WL_MC	7	3	3	11.6	37.373	3.59E-19	319960000
54312_WL_MC	7	3	3	11.6	37.373	3.59E-19	319960000
143589_WL_MC	7	3	3	11.6	37.373	3.59E-19	319960000
7915_WL_MC	5	2	1	8	22.875	4.19E-11	13087000
59352_WL_MC	5	2	1	8	22.875	4.19E-11	13087000
49322_WL_MC	5	2	1	8	22.875	4.19E-11	13087000
49323_WL_MC	5	2	1	8	22.875	4.19E-11	13087000
49321_WL_MC	5	2	1	8	22.875	4.19E-11	13087000
49332_WL_MC	2	7	7	37.3	18.814	5.53E-24	1395700000
15802_WL_MC	2	7	7	37.3	18.814	5.53E-24	1395700000
49358_WL_MC	9	8	8	23.8	36.453	3.01E-16	215140000
7944_WL_MC	9	8	8	23.8	36.453	3.01E-16	215140000
30893_WL_MC	9	8	8	23.8	36.453	3.01E-16	215140000
18521_WL_MC	9	8	8	23.8	36.453	3.01E-16	215140000
131821_WL_MC	9	8	8	23.8	36.453	3.01E-16	215140000
161309_WL_MC	9	8	8	23.8	36.453	3.01E-16	215140000
161311_WL_MC	9	8	8	23.8	36.453	3.01E-16	215140000
103184_WL_MC	9	8	8	23.8	36.453	3.01E-16	215140000
17046_WL_MC	9	8	8	23.8	36.453	3.01E-16	215140000
49460_WL_MC	3	3	2	14	22.825	2.79E-12	38026000
8062_WL_MC	3	3	2	14	22.825	2.79E-12	38026000
19455_WL_MC	3	3	2	14	22.825	2.79E-12	38026000
49470_WL_MC	4	2	2	7.1	44.873	0.00014568	8886800
49469_WL_MC	4	2	2	7.1	44.873	0.00014568	8886800
49468_WL_MC	4	2	2	7.1	44.873	0.00014568	8886800
103546_WL_MC	4	2	2	7.1	44.873	0.00014568	8886800
49503_WL_MC	2	2	2	11.6	20.541	0.00067061	39723000
21750_WL_MC	2	2	2	11.6	20.541	0.00067061	39723000
49809_WL_MC	13	5	5	15.9	43.561	1.21E-24	76000000
49807_WL_MC	13	5	5	15.9	43.561	1.21E-24	76000000
49808_WL_MC	13	5	5	15.9	43.561	1.21E-24	76000000
49805_WL_MC	13	5	5	15.9	43.561	1.21E-24	76000000
49804_WL_MC	13	5	5	15.9	43.561	1.21E-24	76000000
49803_WL_MC	13	5	5	15.9	43.561	1.21E-24	76000000
82707_WL_MC	13	5	5	15.9	43.561	1.21E-24	76000000
35047_WL_MC	13	5	5	15.9	43.561	1.21E-24	76000000
162093_WL_MC	13	5	5	15.9	43.561	1.21E-24	76000000
162094_WL_MC	13	5	5	15.9	43.561	1.21E-24	76000000
22562_WL_MC	13	5	5	15.9	43.561	1.21E-24	76000000
49806_WL_MC	13	5	5	15.9	43.561	1.21E-24	76000000
21064_WL_MC	13	5	5	15.9	43.561	1.21E-24	76000000
49818_WL_MC	12	17	17	22.7	94.249	3.99E-79	1919800000
8627_WL_MC	12	17	17	22.7	94.249	3.99E-79	1919800000
8622_WL_MC	12	17	17	22.7	94.249	3.99E-79	1919800000
8623_WL_MC	12	17	17	22.7	94.249	3.99E-79	1919800000
31924_WL_MC	12	17	17	22.7	94.249	3.99E-79	1919800000
49817_WL_MC	12	17	17	22.7	94.249	3.99E-79	1919800000
19542_WL_MC	12	17	17	22.7	94.249	3.99E-79	1919800000
8621_WL_MC	12	17	17	22.7	94.249	3.99E-79	1919800000
8624_WL_MC	12	17	17	22.7	94.249	3.99E-79	1919800000
8626_WL_MC	12	17	17	22.7	94.249	3.99E-79	1919800000
8625_WL_MC	12	17	17	22.7	94.249	3.99E-79	1919800000
162105_WL_MC	12	17	17	22.7	94.249	3.99E-79	1919800000
49825_WL_MC	2	7	7	34.6	27.243	4.70E-14	536790000
102552_WL_MC	2	7	7	34.6	27.243	4.70E-14	536790000
49831_WL_MC	2	1	1	3.3	28.701	0.010531	7558400
83205_WL_MC	2	1	1	3.3	28.701	0.010531	7558400
49939_WL_MC	2	3	3	27.4	14.559	1.58E-12	274080000
8790_WL_MC	2	3	3	27.4	14.559	1.58E-12	274080000
49999_WL_MC	2	2	2	8.2	27.841	5.88E-05	119450000
49998_WL_MC	2	2	2	8.2	27.841	5.88E-05	119450000
50187_WL_MC	4	6	6	20.2	41.842	9.70E-18	169000000
25706_WL_MC	4	6	6	20.2	41.842	9.70E-18	169000000
50186_WL_MC	4	6	6	20.2	41.842	9.70E-18	169000000
54420_WL_MC	4	6	6	20.2	41.842	9.70E-18	169000000
50279_WL_MC	1	1	1	6.9	23.482	0.0029912	20988000
50282_WL_MC	2	5	5	15	32.591	1.65E-12	881160000
50283_WL_MC	2	5	5	15	32.591	1.65E-12	881160000
50510_WL_MC	3	2	2	9.3	22.468	0.00054597	34750000
32476_WL_MC	3	2	2	9.3	22.468	0.00054597	34750000
20097_WL_MC	3	2	2	9.3	22.468	0.00054597	34750000
50534_WL_MC	5	1	1	2.5	43.677	0.0090581	4952700
50535_WL_MC	5	1	1	2.5	43.677	0.0090581	4952700
50532_WL_MC	5	1	1	2.5	43.677	0.0090581	4952700
50533_WL_MC	5	1	1	2.5	43.677	0.0090581	4952700
55955_WL_MC	5	1	1	2.5	43.677	0.0090581	4952700
50722_WL_MC	3	3	3	10.4	42.997	1.84E-07	25147000
29744_WL_MC	3	3	3	10.4	42.997	1.84E-07	25147000
69544_WL_MC	3	3	3	10.4	42.997	1.84E-07	25147000
50747_WL_MC	4	4	4	9.6	61.053	3.66E-09	16955000
19404_WL_MC	4	4	4	9.6	61.053	3.66E-09	16955000
105438_WL_MC	4	4	4	9.6	61.053	3.66E-09	16955000
102889_WL_MC	4	4	4	9.6	61.053	3.66E-09	16955000
50762_WL_MC	2	1	1	3	61.097	2.01E-06	122930000
9743_WL_MC	2	1	1	3	61.097	2.01E-06	122930000
9780_WL_MC	10	10	10	15.9	70.186	3.44E-48	396110000
50798_WL_MC	10	10	10	15.9	70.186	3.44E-48	396110000
50797_WL_MC	10	10	10	15.9	70.186	3.44E-48	396110000
50796_WL_MC	10	10	10	15.9	70.186	3.44E-48	396110000
50799_WL_MC	10	10	10	15.9	70.186	3.44E-48	396110000
50795_WL_MC	10	10	10	15.9	70.186	3.44E-48	396110000
50794_WL_MC	10	10	10	15.9	70.186	3.44E-48	396110000
96898_WL_MC	10	10	10	15.9	70.186	3.44E-48	396110000
26322_WL_MC	10	10	10	15.9	70.186	3.44E-48	396110000
145641_WL_MC	10	10	10	15.9	70.186	3.44E-48	396110000
50846_WL_MC	2	9	9	53.5	25.34	2.45E-93	1575100000
67132_WL_MC	2	9	9	53.5	25.34	2.45E-93	1575100000
50865_WL_MC	1	1	1	3.7	44.893	0.0045125	2931500
50950_WL_MC	2	5	5	11.8	52.127	3.33E-17	164800000
131167_WL_MC	2	5	5	11.8	52.127	3.33E-17	164800000
51239_WL_MC	2	4	4	12.3	34.869	8.07E-14	225200000
81987_WL_MC	2	4	4	12.3	34.869	8.07E-14	225200000
51396_WL_MC	1	2	2	0.7	294.05	0.0013572	5027300
51511_WL_MC	12	10	10	15.6	90.438	2.86E-29	263030000
51512_WL_MC	12	10	10	15.6	90.438	2.86E-29	263030000
28954_WL_MC	12	10	10	15.6	90.438	2.86E-29	263030000
30876_WL_MC	12	10	10	15.6	90.438	2.86E-29	263030000
18497_WL_MC	12	10	10	15.6	90.438	2.86E-29	263030000
18496_WL_MC	12	10	10	15.6	90.438	2.86E-29	263030000
41611_WL_MC	12	10	10	15.6	90.438	2.86E-29	263030000
66592_WL_MC	12	10	10	15.6	90.438	2.86E-29	263030000
103139_WL_MC	12	10	10	15.6	90.438	2.86E-29	263030000
103138_WL_MC	12	10	10	15.6	90.438	2.86E-29	263030000
151264_WL_MC	12	10	10	15.6	90.438	2.86E-29	263030000
151265_WL_MC	12	10	10	15.6	90.438	2.86E-29	263030000
51521_WL_MC	5	1	1	1.2	136.27	0.0108	0
51520_WL_MC	5	1	1	1.2	136.27	0.0108	0
51519_WL_MC	5	1	1	1.2	136.27	0.0108	0
51522_WL_MC	5	1	1	1.2	136.27	0.0108	0
68081_WL_MC	5	1	1	1.2	136.27	0.0108	0
51807_WL_MC	8	21	21	64	44.641	1.90E-246	29990000000
51803_WL_MC	8	21	21	64	44.641	1.90E-246	29990000000
51806_WL_MC	8	21	21	64	44.641	1.90E-246	29990000000
51804_WL_MC	8	21	21	64	44.641	1.90E-246	29990000000
51805_WL_MC	8	21	21	64	44.641	1.90E-246	29990000000
51802_WL_MC	8	21	21	64	44.641	1.90E-246	29990000000
51808_WL_MC	8	21	21	64	44.641	1.90E-246	29990000000
165219_WL_MC	8	21	21	64	44.641	1.90E-246	29990000000
51836_WL_MC	2	6	6	26.7	27.665	2.04E-48	156280000
16612_WL_MC	2	6	6	26.7	27.665	2.04E-48	156280000
52393_WL_MC	6	4	4	14.5	31.292	3.09E-09	74089000
29141_WL_MC	6	4	4	14.5	31.292	3.09E-09	74089000
41802_WL_MC	6	4	4	14.5	31.292	3.09E-09	74089000
55740_WL_MC	6	4	4	14.5	31.292	3.09E-09	74089000
41803_WL_MC	6	4	4	14.5	31.292	3.09E-09	74089000
124445_WL_MC	6	4	4	14.5	31.292	3.09E-09	74089000
52513_WL_MC	1	5	5	33.1	26.589	7.44E-26	131150000
52531_WL_MC	1	1	1	11	16.045	0.0048716	13699000
52568_WL_MC	3	2	2	4.3	50.967	0.00089018	17721000
70872_WL_MC	3	2	2	4.3	50.967	0.00089018	17721000
18461_WL_MC	3	2	2	4.3	50.967	0.00089018	17721000
52881_WL_MC	2	2	2	8.9	35.499	4.98E-09	35670000
17803_WL_MC	2	2	2	8.9	35.499	4.98E-09	35670000
52956_WL_MC	5	10	10	32.3	44.938	3.78E-28	262070000
52957_WL_MC	5	10	10	32.3	44.938	3.78E-28	262070000
52958_WL_MC	5	10	10	32.3	44.938	3.78E-28	262070000
52955_WL_MC	5	10	10	32.3	44.938	3.78E-28	262070000
104259_WL_MC	5	10	10	32.3	44.938	3.78E-28	262070000
53197_WL_MC	1	1	1	10	15.913	7.96E-34	0
53205_WL_MC	2	2	2	6.3	39.939	2.10E-07	9314000
53356_WL_MC	2	2	2	6.3	39.939	2.10E-07	9314000
102502_WL_MC	2	3	3	26.2	16.856	1.60E-07	136040000
53426_WL_MC	2	3	3	26.2	16.856	1.60E-07	136040000
53761_WL_MC	1	4	4	17	22.871	1.92E-14	304570000
53840_WL_MC	2	1	1	9.8	14.038	0.018055	24838000
73091_WL_MC	2	1	1	9.8	14.038	0.018055	24838000
53943_WL_MC	5	12	4	20.7	30.803	1.07E-195	24742000000
77948_WL_MC	5	12	4	20.7	30.803	1.07E-195	24742000000
15629_WL_MC	5	12	4	20.7	30.803	1.07E-195	24742000000
15630_WL_MC	5	12	4	20.7	30.803	1.07E-195	24742000000
170230_WL_MC	5	12	4	20.7	30.803	1.07E-195	24742000000
54095_WL_MC	1	4	4	26.9	20.804	1.39E-07	49914000
94736_WL_MC	2	2	2	4.6	69.382	3.06E-11	61862000
54405_WL_MC	2	2	2	4.6	69.382	3.06E-11	61862000
5737_WL_MC	1	3	3	15.8	29.231	2.41E-07	25372000
58853_WL_MC	1	18	1	7.1	50.626	4.34E-237	106390000
5952_WL_MC	1	1	1	3.1	46.924	0.0096887	7231500
61174_WL_MC	1	2	2	16.2	16.676	1.11E-13	53772000
66242_WL_MC	1	1	1	14.4	10.856	0.011284	76059000
72772_WL_MC	1	1	1	32	8.6699	1.19E-17	133290000
7543_WL_MC	1	2	0	0	15.635	7.53E-07	4345300
7711_WL_MC	3	3	3	10.9	20.969	5.07E-08	67552000
30076_WL_MC	3	3	3	10.9	20.969	5.07E-08	67552000
160997_WL_MC	3	3	3	10.9	20.969	5.07E-08	67552000
77393_WL_MC	1	1	1	10.8	7.4427	2.79E-07	0
78204_WL_MC	1	1	1	15	7.3326	0.019315	191140000
87562_WL_MC	1	1	1	7.7	15.162	0.0039979	136530000
8863_WL_MC	8	9	9	24.2	68.172	6.44E-38	140220000
28548_WL_MC	8	9	9	24.2	68.172	6.44E-38	140220000
8864_WL_MC	8	9	9	24.2	68.172	6.44E-38	140220000
49997_WL_MC	8	9	9	24.2	68.172	6.44E-38	140220000
65101_WL_MC	8	9	9	24.2	68.172	6.44E-38	140220000
22979_WL_MC	8	9	9	24.2	68.172	6.44E-38	140220000
57037_WL_MC	8	9	9	24.2	68.172	6.44E-38	140220000
8862_WL_MC	8	9	9	24.2	68.172	6.44E-38	140220000
89442_WL_MC	1	1	1	11	11.924	0.012687	55410000
89772_WL_MC	1	11	0	0	50.91	3.71E-40	363460000
9286_WL_MC	4	3	3	15.5	23.999	4.94E-08	22865000
87363_WL_MC	4	3	3	15.5	23.999	4.94E-08	22865000
141748_WL_MC	4	3	3	15.5	23.999	4.94E-08	22865000
23734_WL_MC	4	3	3	15.5	23.999	4.94E-08	22865000
9333_WL_MC	4	4	4	8.5	65.789	1.60E-09	406850000
9334_WL_MC	4	4	4	8.5	65.789	1.60E-09	406850000
26108_WL_MC	4	4	4	8.5	65.789	1.60E-09	406850000
96316_WL_MC	4	4	4	8.5	65.789	1.60E-09	406850000
94073_WL_MC	17	3	3	13.4	33.349	1.14E-10	31594000
9492_WL_MC	17	3	3	13.4	33.349	1.14E-10	31594000
9500_WL_MC	17	3	3	13.4	33.349	1.14E-10	31594000
9502_WL_MC	17	3	3	13.4	33.349	1.14E-10	31594000
9496_WL_MC	17	3	3	13.4	33.349	1.14E-10	31594000
9501_WL_MC	17	3	3	13.4	33.349	1.14E-10	31594000
9498_WL_MC	17	3	3	13.4	33.349	1.14E-10	31594000
9495_WL_MC	17	3	3	13.4	33.349	1.14E-10	31594000
9497_WL_MC	17	3	3	13.4	33.349	1.14E-10	31594000
50557_WL_MC	17	3	3	13.4	33.349	1.14E-10	31594000
50559_WL_MC	17	3	3	13.4	33.349	1.14E-10	31594000
9493_WL_MC	17	3	3	13.4	33.349	1.14E-10	31594000
25453_WL_MC	17	3	3	13.4	33.349	1.14E-10	31594000
9491_WL_MC	17	3	3	13.4	33.349	1.14E-10	31594000
25452_WL_MC	17	3	3	13.4	33.349	1.14E-10	31594000
50560_WL_MC	17	3	3	13.4	33.349	1.14E-10	31594000
163204_WL_MC	17	3	3	13.4	33.349	1.14E-10	31594000
9456_WL_MC	1	1	1	5.8	21.291	0.011345	7982400
97036_WL_MC	1	35	1	2.5	95.961	0	58967000
CON__P00761	1	5	5	31.6	24.409	1.72E-105	5251500000
CON__P02533	17	10	5	16.7	51.621	2.31E-70	104920000
157961_WL_MC	17	10	5	16.7	51.621	2.31E-70	104920000
CON__A2A4G1	17	10	5	16.7	51.621	2.31E-70	104920000
CON__Q6IFX2	17	10	5	16.7	51.621	2.31E-70	104920000
CON__Q3ZAW8	17	10	5	16.7	51.621	2.31E-70	104920000
CON__Q9Z2K1	17	10	5	16.7	51.621	2.31E-70	104920000
CON__P19012	17	10	5	16.7	51.621	2.31E-70	104920000
CON__Q9QWL7	17	10	5	16.7	51.621	2.31E-70	104920000
CON__Q04695	17	10	5	16.7	51.621	2.31E-70	104920000
CON__Q61782	17	10	5	16.7	51.621	2.31E-70	104920000
CON__P19001	17	10	5	16.7	51.621	2.31E-70	104920000
CON__P08727	17	10	5	16.7	51.621	2.31E-70	104920000
CON__Q9D312	17	10	5	16.7	51.621	2.31E-70	104920000
CON__P35900	17	10	5	16.7	51.621	2.31E-70	104920000
CON__Q8N1A0	17	10	5	16.7	51.621	2.31E-70	104920000
4613_WL_MC	17	10	5	16.7	51.621	2.31E-70	104920000
7964_WL_MC	17	10	5	16.7	51.621	2.31E-70	104920000
CON__P04264	7	33	20	42.5	66.017	1.13E-293	5785100000
CON__Q6IFZ6	7	33	20	42.5	66.017	1.13E-293	5785100000
CON__H-INV:HIT000016045	7	33	20	42.5	66.017	1.13E-293	5785100000
CON__Q7Z794	7	33	20	42.5	66.017	1.13E-293	5785100000
CON__Q9H552	7	33	20	42.5	66.017	1.13E-293	5785100000
CON__Q6NXH9	7	33	20	42.5	66.017	1.13E-293	5785100000
CON__Q9R0H5	7	33	20	42.5	66.017	1.13E-293	5785100000
CON__P08779	1	7	2	5.3	51.267	4.74E-43	26600000
CON__P13645	21	26	21	48.7	59.51	0	3227100000
CON__P02535-1	21	26	21	48.7	59.51	0	3227100000
CON__Q7Z3Y8	21	26	21	48.7	59.51	0	3227100000
CON__Q7Z3Y7	21	26	21	48.7	59.51	0	3227100000
CON__Q148H6	21	26	21	48.7	59.51	0	3227100000
CON__Q2M2I5	21	26	21	48.7	59.51	0	3227100000
CON__Q7Z3Z0	21	26	21	48.7	59.51	0	3227100000
CON__REFSEQ:XP_986630	21	26	21	48.7	59.51	0	3227100000
CON__O76014	21	26	21	48.7	59.51	0	3227100000
CON__Q7Z3Y9	21	26	21	48.7	59.51	0	3227100000
CON__O76013	21	26	21	48.7	59.51	0	3227100000
CON__O76015	21	26	21	48.7	59.51	0	3227100000
CON__Q497I4	21	26	21	48.7	59.51	0	3227100000
CON__A2AB72	21	26	21	48.7	59.51	0	3227100000
CON__Q14532	21	26	21	48.7	59.51	0	3227100000
CON__Q92764	21	26	21	48.7	59.51	0	3227100000
CON__P05784	21	26	21	48.7	59.51	0	3227100000
CON__A2A5Y0	21	26	21	48.7	59.51	0	3227100000
CON__Q15323	21	26	21	48.7	59.51	0	3227100000
CON__Q9UE12	21	26	21	48.7	59.51	0	3227100000
CON__Q14525	21	26	21	48.7	59.51	0	3227100000
CON__P13647	3	15	2	3.2	62.378	8.98E-39	240440000
157616_WL_MC	3	15	2	3.2	62.378	8.98E-39	240440000
157610_WL_MC	3	15	2	3.2	62.378	8.98E-39	240440000
CON__P35527	1	30	30	74	62.129	0	3420200000
CON__P35908	2	25	15	31.2	65.865	3.82E-108	1094600000
CON__P19013	2	25	15	31.2	65.865	3.82E-108	1094600000
CON__Q86YZ3	1	9	9	10	282.39	1.57E-152	82253000
REV__19189_WL_MC	7	1	1	3.3	30.092	0.012641	25162000
REV__104903_WL_MC	7	1	1	3.3	30.092	0.012641	25162000
REV__31586_WL_MC	7	1	1	3.3	30.092	0.012641	25162000
REV__42555_WL_MC	7	1	1	3.3	30.092	0.012641	25162000
REV__48450_WL_MC	7	1	1	3.3	30.092	0.012641	25162000
REV__48451_WL_MC	7	1	1	3.3	30.092	0.012641	25162000
REV__154861_WL_MC	7	1	1	3.3	30.092	0.012641	25162000
REV__142948_WL_MC	1	1	1	17.5	6.5658	0.0083089	28986000
REV__145153_WL_MC	1	1	1	12.9	8.0141	0.0056122	269780000
REV__73307_WL_MC	1	1	1	16.4	7.441	0.01484	96340000
12297_WL_MC	4	2	2	14.5	13.697	0.00056582	31832000
100183_WL_MC	4	2	2	14.5	13.697	0.00056582	31832000
12296_WL_MC	4	2	2	14.5	13.697	0.00056582	31832000
166543_WL_MC	4	2	2	14.5	13.697	0.00056582	31832000
42904_WL_MC	2	1	1	7.5	23.869	0.0030271	11227000
100457_WL_MC	2	1	1	7.5	23.869	0.0030271	11227000
165577_WL_MC	2	1	1	7.2	19.531	0.0075437	7911800
100549_WL_MC	2	1	1	7.2	19.531	0.0075437	7911800
100693_WL_MC	1	1	1	14.9	8.7745	0.010563	9842800
25868_WL_MC	4	5	5	27	24.81	2.89E-84	283280000
51015_WL_MC	4	5	5	27	24.81	2.89E-84	283280000
10080_WL_MC	4	5	5	27	24.81	2.89E-84	283280000
10081_WL_MC	4	5	5	27	24.81	2.89E-84	283280000
130529_WL_MC	3	1	1	11.4	12.271	0.0052892	0
17747_WL_MC	3	1	1	11.4	12.271	0.0052892	0
100857_WL_MC	3	1	1	11.4	12.271	0.0052892	0
10130_WL_MC	2	1	1	5.8	25.017	0.0016982	18843000
39932_WL_MC	2	1	1	5.8	25.017	0.0016982	18843000
6284_WL_MC	4	1	1	4.9	25.81	0.013095	4821800
78724_WL_MC	4	1	1	4.9	25.81	0.013095	4821800
6283_WL_MC	4	1	1	4.9	25.81	0.013095	4821800
101735_WL_MC	4	1	1	4.9	25.81	0.013095	4821800
30496_WL_MC	4	2	2	12.8	20.311	3.04E-05	29061000
18052_WL_MC	4	2	2	12.8	20.311	3.04E-05	29061000
101839_WL_MC	4	2	2	12.8	20.311	3.04E-05	29061000
50227_WL_MC	4	2	2	12.8	20.311	3.04E-05	29061000
160865_WL_MC	3	1	1	11.3	16.022	0.013183	0
7607_WL_MC	3	1	1	11.3	16.022	0.013183	0
102259_WL_MC	3	1	1	11.3	16.022	0.013183	0
43293_WL_MC	4	4	4	22.4	18.718	3.72E-08	69610000
102341_WL_MC	4	4	4	22.4	18.718	3.72E-08	69610000
21129_WL_MC	4	4	4	22.4	18.718	3.72E-08	69610000
56485_WL_MC	4	4	4	22.4	18.718	3.72E-08	69610000
15243_WL_MC	11	1	1	1.9	79.85	0.0074675	0
15242_WL_MC	11	1	1	1.9	79.85	0.0074675	0
15247_WL_MC	11	1	1	1.9	79.85	0.0074675	0
15248_WL_MC	11	1	1	1.9	79.85	0.0074675	0
15246_WL_MC	11	1	1	1.9	79.85	0.0074675	0
45498_WL_MC	11	1	1	1.9	79.85	0.0074675	0
45501_WL_MC	11	1	1	1.9	79.85	0.0074675	0
15245_WL_MC	11	1	1	1.9	79.85	0.0074675	0
45500_WL_MC	11	1	1	1.9	79.85	0.0074675	0
45499_WL_MC	11	1	1	1.9	79.85	0.0074675	0
103370_WL_MC	11	1	1	1.9	79.85	0.0074675	0
158286_WL_MC	4	1	1	0.5	152.34	0.0057421	11172000
158284_WL_MC	4	1	1	0.5	152.34	0.0057421	11172000
158288_WL_MC	4	1	1	0.5	152.34	0.0057421	11172000
103410_WL_MC	4	1	1	0.5	152.34	0.0057421	11172000
49470_WL_MC	4	2	2	7.6	44.873	4.09E-07	33351000
49469_WL_MC	4	2	2	7.6	44.873	4.09E-07	33351000
49468_WL_MC	4	2	2	7.6	44.873	4.09E-07	33351000
103546_WL_MC	4	2	2	7.6	44.873	4.09E-07	33351000
103694_WL_MC	1	1	1	4.2	19.479	0.0038412	0
104159_WL_MC	6	3	3	12.1	27.83	1.76E-06	26813000
31295_WL_MC	6	3	3	12.1	27.83	1.76E-06	26813000
44291_WL_MC	6	3	3	12.1	27.83	1.76E-06	26813000
35431_WL_MC	6	3	3	12.1	27.83	1.76E-06	26813000
22922_WL_MC	6	3	3	12.1	27.83	1.76E-06	26813000
132423_WL_MC	6	3	3	12.1	27.83	1.76E-06	26813000
53700_WL_MC	3	2	2	5.3	24.272	0.00022159	21192000
18992_WL_MC	3	2	2	5.3	24.272	0.00022159	21192000
104378_WL_MC	3	2	2	5.3	24.272	0.00022159	21192000
104820_WL_MC	1	2	2	24.8	11.562	1.78E-05	44352000
106080_WL_MC	6	1	1	3	51.261	0.0039462	7683200
19184_WL_MC	6	1	1	3	51.261	0.0039462	7683200
19662_WL_MC	6	1	1	3	51.261	0.0039462	7683200
104888_WL_MC	6	1	1	3	51.261	0.0039462	7683200
43294_WL_MC	6	1	1	3	51.261	0.0039462	7683200
133506_WL_MC	6	1	1	3	51.261	0.0039462	7683200
19189_WL_MC	5	4	2	7.7	30.092	6.24E-18	667270000
104903_WL_MC	5	4	2	7.7	30.092	6.24E-18	667270000
31586_WL_MC	5	4	2	7.7	30.092	6.24E-18	667270000
48448_WL_MC	5	4	2	7.7	30.092	6.24E-18	667270000
154861_WL_MC	5	4	2	7.7	30.092	6.24E-18	667270000
31596_WL_MC	5	1	1	3.2	46.555	0.0013546	0
19202_WL_MC	5	1	1	3.2	46.555	0.0013546	0
104938_WL_MC	5	1	1	3.2	46.555	0.0013546	0
158493_WL_MC	5	1	1	3.2	46.555	0.0013546	0
47444_WL_MC	5	1	1	3.2	46.555	0.0013546	0
19241_WL_MC	3	2	2	5.2	44.17	0.00079239	28217000
105048_WL_MC	3	2	2	5.2	44.17	0.00079239	28217000
48405_WL_MC	3	2	2	5.2	44.17	0.00079239	28217000
161783_WL_MC	8	1	1	1.7	55.386	8.53E-38	0
161781_WL_MC	8	1	1	1.7	55.386	8.53E-38	0
31650_WL_MC	8	1	1	1.7	55.386	8.53E-38	0
19255_WL_MC	8	1	1	1.7	55.386	8.53E-38	0
161782_WL_MC	8	1	1	1.7	55.386	8.53E-38	0
2383_WL_MC	8	1	1	1.7	55.386	8.53E-38	0
161784_WL_MC	8	1	1	1.7	55.386	8.53E-38	0
105083_WL_MC	8	1	1	1.7	55.386	8.53E-38	0
11894_WL_MC	3	1	1	1.8	48.843	0.011143	6355600
11893_WL_MC	3	1	1	1.8	48.843	0.011143	6355600
105259_WL_MC	3	1	1	1.8	48.843	0.011143	6355600
105403_WL_MC	2	5	5	30.2	22.283	6.20E-15	125250000
19389_WL_MC	2	5	5	30.2	22.283	6.20E-15	125250000
105588_WL_MC	2	1	1	4.2	27.319	0.011607	115650000
31863_WL_MC	2	1	1	4.2	27.319	0.011607	115650000
105606_WL_MC	3	3	3	34.3	15.871	1.23E-11	243880000
19488_WL_MC	3	3	3	34.3	15.871	1.23E-11	243880000
157567_WL_MC	3	3	3	34.3	15.871	1.23E-11	243880000
52854_WL_MC	5	2	2	7.5	35.13	1.85E-08	187320000
52853_WL_MC	5	2	2	7.5	35.13	1.85E-08	187320000
105676_WL_MC	5	2	2	7.5	35.13	1.85E-08	187320000
133279_WL_MC	5	2	2	7.5	35.13	1.85E-08	187320000
19518_WL_MC	5	2	2	7.5	35.13	1.85E-08	187320000
106010_WL_MC	4	2	2	6.7	43.458	1.43E-05	30457000
32031_WL_MC	4	2	2	6.7	43.458	1.43E-05	30457000
133470_WL_MC	4	2	2	6.7	43.458	1.43E-05	30457000
133469_WL_MC	4	2	2	6.7	43.458	1.43E-05	30457000
34725_WL_MC	3	1	1	6.6	25.02	0.0049645	6417900
81465_WL_MC	3	1	1	6.6	25.02	0.0049645	6417900
106273_WL_MC	3	1	1	6.6	25.02	0.0049645	6417900
51458_WL_MC	3	3	3	20.5	17.394	6.59E-10	481930000
10729_WL_MC	3	3	3	20.5	17.394	6.59E-10	481930000
131570_WL_MC	3	3	3	20.5	17.394	6.59E-10	481930000
33701_WL_MC	5	1	1	8	11.887	0.0076359	21976000
21291_WL_MC	5	1	1	8	11.887	0.0076359	21976000
153203_WL_MC	5	1	1	8	11.887	0.0076359	21976000
64963_WL_MC	5	1	1	8	11.887	0.0076359	21976000
107963_WL_MC	5	1	1	8	11.887	0.0076359	21976000
164780_WL_MC	26	1	1	2.1	58.633	0.010267	10577000
10834_WL_MC	26	1	1	2.1	58.633	0.010267	10577000
33140_WL_MC	26	1	1	2.1	58.633	0.010267	10577000
10833_WL_MC	26	1	1	2.1	58.633	0.010267	10577000
10839_WL_MC	26	1	1	2.1	58.633	0.010267	10577000
10838_WL_MC	26	1	1	2.1	58.633	0.010267	10577000
164770_WL_MC	26	1	1	2.1	58.633	0.010267	10577000
10840_WL_MC	26	1	1	2.1	58.633	0.010267	10577000
164775_WL_MC	26	1	1	2.1	58.633	0.010267	10577000
164779_WL_MC	26	1	1	2.1	58.633	0.010267	10577000
164778_WL_MC	26	1	1	2.1	58.633	0.010267	10577000
164777_WL_MC	26	1	1	2.1	58.633	0.010267	10577000
10832_WL_MC	26	1	1	2.1	58.633	0.010267	10577000
53889_WL_MC	26	1	1	2.1	58.633	0.010267	10577000
53890_WL_MC	26	1	1	2.1	58.633	0.010267	10577000
10843_WL_MC	26	1	1	2.1	58.633	0.010267	10577000
164774_WL_MC	26	1	1	2.1	58.633	0.010267	10577000
53888_WL_MC	26	1	1	2.1	58.633	0.010267	10577000
10841_WL_MC	26	1	1	2.1	58.633	0.010267	10577000
164773_WL_MC	26	1	1	2.1	58.633	0.010267	10577000
868_WL_MC	26	1	1	2.1	58.633	0.010267	10577000
53891_WL_MC	26	1	1	2.1	58.633	0.010267	10577000
164781_WL_MC	26	1	1	2.1	58.633	0.010267	10577000
10837_WL_MC	26	1	1	2.1	58.633	0.010267	10577000
53887_WL_MC	26	1	1	2.1	58.633	0.010267	10577000
51554_WL_MC	26	1	1	2.1	58.633	0.010267	10577000
109550_WL_MC	1	1	1	43.2	4.4854	0.0068588	3072000
97980_WL_MC	2	1	1	17.3	9.3817	0.0025706	15641000
110558_WL_MC	2	1	1	17.3	9.3817	0.0025706	15641000
24008_WL_MC	5	16	16	13.1	187.59	5.93E-79	186370000
51586_WL_MC	5	16	16	13.1	187.59	5.93E-79	186370000
88504_WL_MC	5	16	16	13.1	187.59	5.93E-79	186370000
51585_WL_MC	5	16	16	13.1	187.59	5.93E-79	186370000
1115_WL_MC	5	16	16	13.1	187.59	5.93E-79	186370000
96108_WL_MC	7	2	2	9.4	31.789	5.19E-08	38628000
51814_WL_MC	7	2	2	9.4	31.789	5.19E-08	38628000
51813_WL_MC	7	2	2	9.4	31.789	5.19E-08	38628000
11212_WL_MC	7	2	2	9.4	31.789	5.19E-08	38628000
11213_WL_MC	7	2	2	9.4	31.789	5.19E-08	38628000
26043_WL_MC	7	2	2	9.4	31.789	5.19E-08	38628000
145287_WL_MC	7	2	2	9.4	31.789	5.19E-08	38628000
11290_WL_MC	1	1	1	7	16.42	0.0048894	29830000
11404_WL_MC	9	3	3	13.5	31.475	5.27E-09	46829000
11403_WL_MC	9	3	3	13.5	31.475	5.27E-09	46829000
165529_WL_MC	9	3	3	13.5	31.475	5.27E-09	46829000
35493_WL_MC	9	3	3	13.5	31.475	5.27E-09	46829000
165528_WL_MC	9	3	3	13.5	31.475	5.27E-09	46829000
165530_WL_MC	9	3	3	13.5	31.475	5.27E-09	46829000
84450_WL_MC	9	3	3	13.5	31.475	5.27E-09	46829000
11405_WL_MC	9	3	3	13.5	31.475	5.27E-09	46829000
165527_WL_MC	9	3	3	13.5	31.475	5.27E-09	46829000
165838_WL_MC	4	3	3	9.8	44.313	1.30E-09	87786000
CON__P60712	4	3	3	9.8	44.313	1.30E-09	87786000
11679_WL_MC	4	3	3	9.8	44.313	1.30E-09	87786000
3703_WL_MC	4	3	3	9.8	44.313	1.30E-09	87786000
1169_WL_MC	1	34	0	0	100.34	9.77E-287	212530000
11904_WL_MC	2	1	1	2.5	60.161	0.00061846	0
11903_WL_MC	2	1	1	2.5	60.161	0.00061846	0
11957_WL_MC	5	1	1	6.9	18.842	0.0077783	15024000
52376_WL_MC	5	1	1	6.9	18.842	0.0077783	15024000
23423_WL_MC	5	1	1	6.9	18.842	0.0077783	15024000
86126_WL_MC	5	1	1	6.9	18.842	0.0077783	15024000
11960_WL_MC	5	1	1	6.9	18.842	0.0077783	15024000
12048_WL_MC	3	2	2	7.7	33.027	1.23E-05	58832000
12049_WL_MC	3	2	2	7.7	33.027	1.23E-05	58832000
52444_WL_MC	3	2	2	7.7	33.027	1.23E-05	58832000
166265_WL_MC	6	2	2	4.6	49.572	0.00011135	27078000
12051_WL_MC	6	2	2	4.6	49.572	0.00011135	27078000
12052_WL_MC	6	2	2	4.6	49.572	0.00011135	27078000
166267_WL_MC	6	2	2	4.6	49.572	0.00011135	27078000
166266_WL_MC	6	2	2	4.6	49.572	0.00011135	27078000
166264_WL_MC	6	2	2	4.6	49.572	0.00011135	27078000
166364_WL_MC	10	2	2	1.3	170.07	0.00094446	23351000
166365_WL_MC	10	2	2	1.3	170.07	0.00094446	23351000
12161_WL_MC	10	2	2	1.3	170.07	0.00094446	23351000
12168_WL_MC	10	2	2	1.3	170.07	0.00094446	23351000
12162_WL_MC	10	2	2	1.3	170.07	0.00094446	23351000
12164_WL_MC	10	2	2	1.3	170.07	0.00094446	23351000
12167_WL_MC	10	2	2	1.3	170.07	0.00094446	23351000
60846_WL_MC	10	2	2	1.3	170.07	0.00094446	23351000
148856_WL_MC	10	2	2	1.3	170.07	0.00094446	23351000
147926_WL_MC	10	2	2	1.3	170.07	0.00094446	23351000
12199_WL_MC	5	1	1	2.2	62.844	0.0062895	0
12198_WL_MC	5	1	1	2.2	62.844	0.0062895	0
26527_WL_MC	5	1	1	2.2	62.844	0.0062895	0
39155_WL_MC	5	1	1	2.2	62.844	0.0062895	0
12200_WL_MC	5	1	1	2.2	62.844	0.0062895	0
12254_WL_MC	3	1	1	11	11.654	0.0018669	8356600
153305_WL_MC	3	1	1	11	11.654	0.0018669	8356600
12252_WL_MC	3	1	1	11	11.654	0.0018669	8356600
12261_WL_MC	4	1	1	1.4	73.24	0.011343	3273800
145374_WL_MC	4	1	1	1.4	73.24	0.011343	3273800
26104_WL_MC	4	1	1	1.4	73.24	0.011343	3273800
96310_WL_MC	4	1	1	1.4	73.24	0.011343	3273800
12355_WL_MC	4	4	3	8	40.278	2.51E-07	66261000
26229_WL_MC	4	4	3	8	40.278	2.51E-07	66261000
96663_WL_MC	4	4	3	8	40.278	2.51E-07	66261000
63742_WL_MC	4	4	3	8	40.278	2.51E-07	66261000
12386_WL_MC	21	2	2	8.7	27.439	0.00019587	27215000
12387_WL_MC	21	2	2	8.7	27.439	0.00019587	27215000
12389_WL_MC	21	2	2	8.7	27.439	0.00019587	27215000
12388_WL_MC	21	2	2	8.7	27.439	0.00019587	27215000
52708_WL_MC	21	2	2	8.7	27.439	0.00019587	27215000
12390_WL_MC	21	2	2	8.7	27.439	0.00019587	27215000
12402_WL_MC	21	2	2	8.7	27.439	0.00019587	27215000
12403_WL_MC	21	2	2	8.7	27.439	0.00019587	27215000
12391_WL_MC	21	2	2	8.7	27.439	0.00019587	27215000
166663_WL_MC	21	2	2	8.7	27.439	0.00019587	27215000
12393_WL_MC	21	2	2	8.7	27.439	0.00019587	27215000
12394_WL_MC	21	2	2	8.7	27.439	0.00019587	27215000
12395_WL_MC	21	2	2	8.7	27.439	0.00019587	27215000
12396_WL_MC	21	2	2	8.7	27.439	0.00019587	27215000
12397_WL_MC	21	2	2	8.7	27.439	0.00019587	27215000
37371_WL_MC	21	2	2	8.7	27.439	0.00019587	27215000
12404_WL_MC	21	2	2	8.7	27.439	0.00019587	27215000
12405_WL_MC	21	2	2	8.7	27.439	0.00019587	27215000
12399_WL_MC	21	2	2	8.7	27.439	0.00019587	27215000
12401_WL_MC	21	2	2	8.7	27.439	0.00019587	27215000
174_WL_MC	21	2	2	8.7	27.439	0.00019587	27215000
1291_WL_MC	1	13	1	3	36.768	2.52E-35	36577000
42986_WL_MC	6	1	1	5.1	29.495	0.0008957	0
42994_WL_MC	6	1	1	5.1	29.495	0.0008957	0
37959_WL_MC	6	1	1	5.1	29.495	0.0008957	0
884_WL_MC	6	1	1	5.1	29.495	0.0008957	0
1294_WL_MC	6	1	1	5.1	29.495	0.0008957	0
42990_WL_MC	6	1	1	5.1	29.495	0.0008957	0
13101_WL_MC	4	7	7	50	18.999	7.66E-38	790430000
31144_WL_MC	4	7	7	50	18.999	7.66E-38	790430000
132213_WL_MC	4	7	7	50	18.999	7.66E-38	790430000
167441_WL_MC	4	7	7	50	18.999	7.66E-38	790430000
50950_WL_MC	2	3	3	7.3	52.127	6.46E-07	72455000
131167_WL_MC	2	3	3	7.3	52.127	6.46E-07	72455000
131939_WL_MC	1	3	2	11.9	14.579	3.86E-06	80562000
44363_WL_MC	5	1	1	2.8	52.724	0.0016023	21841000
37441_WL_MC	5	1	1	2.8	52.724	0.0016023	21841000
24843_WL_MC	5	1	1	2.8	52.724	0.0016023	21841000
91775_WL_MC	5	1	1	2.8	52.724	0.0016023	21841000
13388_WL_MC	5	1	1	2.8	52.724	0.0016023	21841000
54057_WL_MC	6	1	1	7.5	17.043	0.01356	0
28536_WL_MC	6	1	1	7.5	17.043	0.01356	0
167824_WL_MC	6	1	1	7.5	17.043	0.01356	0
54054_WL_MC	6	1	1	7.5	17.043	0.01356	0
41218_WL_MC	6	1	1	7.5	17.043	0.01356	0
13391_WL_MC	6	1	1	7.5	17.043	0.01356	0
50360_WL_MC	4	2	2	11.5	21.469	1.14E-05	43076000
33739_WL_MC	4	2	2	11.5	21.469	1.14E-05	43076000
21329_WL_MC	4	2	2	11.5	21.469	1.14E-05	43076000
137055_WL_MC	4	2	2	11.5	21.469	1.14E-05	43076000
137183_WL_MC	1	6	1	6.7	18.14	1.24E-15	48858000
161375_WL_MC	6	1	1	5.1	25.384	0.0044654	25126000
33951_WL_MC	6	1	1	5.1	25.384	0.0044654	25126000
21538_WL_MC	6	1	1	5.1	25.384	0.0044654	25126000
137487_WL_MC	6	1	1	5.1	25.384	0.0044654	25126000
53957_WL_MC	6	1	1	5.1	25.384	0.0044654	25126000
78578_WL_MC	6	1	1	5.1	25.384	0.0044654	25126000
137527_WL_MC	4	7	7	21.1	44.642	9.06E-26	264000000
78649_WL_MC	4	7	7	21.1	44.642	9.06E-26	264000000
21557_WL_MC	4	7	7	21.1	44.642	9.06E-26	264000000
33970_WL_MC	4	7	7	21.1	44.642	9.06E-26	264000000
13779_WL_MC	9	2	2	15.7	22.473	2.05E-05	120770000
13780_WL_MC	9	2	2	15.7	22.473	2.05E-05	120770000
13781_WL_MC	9	2	2	15.7	22.473	2.05E-05	120770000
13776_WL_MC	9	2	2	15.7	22.473	2.05E-05	120770000
13777_WL_MC	9	2	2	15.7	22.473	2.05E-05	120770000
13782_WL_MC	9	2	2	15.7	22.473	2.05E-05	120770000
13778_WL_MC	9	2	2	15.7	22.473	2.05E-05	120770000
28234_WL_MC	9	2	2	15.7	22.473	2.05E-05	120770000
40906_WL_MC	9	2	2	15.7	22.473	2.05E-05	120770000
34249_WL_MC	4	1	1	3.7	37.286	0.0029351	8992600
79744_WL_MC	4	1	1	3.7	37.286	0.0029351	8992600
21823_WL_MC	4	1	1	3.7	37.286	0.0029351	8992600
138089_WL_MC	4	1	1	3.7	37.286	0.0029351	8992600
13832_WL_MC	9	3	3	12.3	31.561	8.94E-06	14501000
44566_WL_MC	9	3	3	12.3	31.561	8.94E-06	14501000
13834_WL_MC	9	3	3	12.3	31.561	8.94E-06	14501000
13836_WL_MC	9	3	3	12.3	31.561	8.94E-06	14501000
44569_WL_MC	9	3	3	12.3	31.561	8.94E-06	14501000
13833_WL_MC	9	3	3	12.3	31.561	8.94E-06	14501000
44567_WL_MC	9	3	3	12.3	31.561	8.94E-06	14501000
168239_WL_MC	9	3	3	12.3	31.561	8.94E-06	14501000
168238_WL_MC	9	3	3	12.3	31.561	8.94E-06	14501000
138352_WL_MC	3	3	3	40	18.071	7.82E-26	443670000
21934_WL_MC	3	3	3	40	18.071	7.82E-26	443670000
42518_WL_MC	3	3	3	40	18.071	7.82E-26	443670000
138444_WL_MC	1	1	1	0.8	111.1	0.014228	0
49722_WL_MC	6	1	1	1	123.47	0.011778	0
8488_WL_MC	6	1	1	1	123.47	0.011778	0
34456_WL_MC	6	1	1	1	123.47	0.011778	0
138498_WL_MC	6	1	1	1	123.47	0.011778	0
22007_WL_MC	6	1	1	1	123.47	0.011778	0
8489_WL_MC	6	1	1	1	123.47	0.011778	0
168259_WL_MC	4	1	1	4.3	36.945	0.0051628	5508900
168260_WL_MC	4	1	1	4.3	36.945	0.0051628	5508900
13859_WL_MC	4	1	1	4.3	36.945	0.0051628	5508900
13861_WL_MC	4	1	1	4.3	36.945	0.0051628	5508900
35399_WL_MC	3	4	4	32.9	16.674	5.71E-25	853720000
22889_WL_MC	3	4	4	32.9	16.674	5.71E-25	853720000
14_WL_MC	3	4	4	32.9	16.674	5.71E-25	853720000
140428_WL_MC	2	1	1	7.9	16.774	0.011384	24438000
84487_WL_MC	2	1	1	7.9	16.774	0.011384	24438000
44735_WL_MC	22	13	13	35.5	41.596	2.31E-33	574050000
14206_WL_MC	22	13	13	35.5	41.596	2.31E-33	574050000
14207_WL_MC	22	13	13	35.5	41.596	2.31E-33	574050000
14203_WL_MC	22	13	13	35.5	41.596	2.31E-33	574050000
14208_WL_MC	22	13	13	35.5	41.596	2.31E-33	574050000
14212_WL_MC	22	13	13	35.5	41.596	2.31E-33	574050000
44734_WL_MC	22	13	13	35.5	41.596	2.31E-33	574050000
14209_WL_MC	22	13	13	35.5	41.596	2.31E-33	574050000
14210_WL_MC	22	13	13	35.5	41.596	2.31E-33	574050000
14211_WL_MC	22	13	13	35.5	41.596	2.31E-33	574050000
44732_WL_MC	22	13	13	35.5	41.596	2.31E-33	574050000
14204_WL_MC	22	13	13	35.5	41.596	2.31E-33	574050000
44733_WL_MC	22	13	13	35.5	41.596	2.31E-33	574050000
14213_WL_MC	22	13	13	35.5	41.596	2.31E-33	574050000
14215_WL_MC	22	13	13	35.5	41.596	2.31E-33	574050000
14214_WL_MC	22	13	13	35.5	41.596	2.31E-33	574050000
14205_WL_MC	22	13	13	35.5	41.596	2.31E-33	574050000
44731_WL_MC	22	13	13	35.5	41.596	2.31E-33	574050000
168594_WL_MC	22	13	13	35.5	41.596	2.31E-33	574050000
168591_WL_MC	22	13	13	35.5	41.596	2.31E-33	574050000
168592_WL_MC	22	13	13	35.5	41.596	2.31E-33	574050000
112233_WL_MC	22	13	13	35.5	41.596	2.31E-33	574050000
5019_WL_MC	4	1	1	1.2	71.627	0.0044514	4846200
5016_WL_MC	4	1	1	1.2	71.627	0.0044514	4846200
142363_WL_MC	4	1	1	1.2	71.627	0.0044514	4846200
36644_WL_MC	4	1	1	1.2	71.627	0.0044514	4846200
142735_WL_MC	2	11	10	33.7	38.642	2.54E-32	365010000
89772_WL_MC	2	11	10	33.7	38.642	2.54E-32	365010000
14308_WL_MC	3	5	5	20.2	27.184	1.48E-56	699440000
43516_WL_MC	3	5	5	20.2	27.184	1.48E-56	699440000
14307_WL_MC	3	5	5	20.2	27.184	1.48E-56	699440000
143260_WL_MC	1	1	1	50	3.9428	0.014685	53334000
24811_WL_MC	4	2	2	4.2	75.611	3.39E-05	4192700
37400_WL_MC	4	2	2	4.2	75.611	3.39E-05	4192700
91611_WL_MC	4	2	2	4.2	75.611	3.39E-05	4192700
143524_WL_MC	4	2	2	4.2	75.611	3.39E-05	4192700
14616_WL_MC	4	4	4	13.7	48.558	1.08E-08	39056000
14615_WL_MC	4	4	4	13.7	48.558	1.08E-08	39056000
66328_WL_MC	4	4	4	13.7	48.558	1.08E-08	39056000
45050_WL_MC	4	4	4	13.7	48.558	1.08E-08	39056000
169045_WL_MC	15	3	3	7.3	52.86	6.48E-08	17199000
14624_WL_MC	15	3	3	7.3	52.86	6.48E-08	17199000
14625_WL_MC	15	3	3	7.3	52.86	6.48E-08	17199000
169043_WL_MC	15	3	3	7.3	52.86	6.48E-08	17199000
169044_WL_MC	15	3	3	7.3	52.86	6.48E-08	17199000
14622_WL_MC	15	3	3	7.3	52.86	6.48E-08	17199000
14623_WL_MC	15	3	3	7.3	52.86	6.48E-08	17199000
14621_WL_MC	15	3	3	7.3	52.86	6.48E-08	17199000
14620_WL_MC	15	3	3	7.3	52.86	6.48E-08	17199000
31944_WL_MC	15	3	3	7.3	52.86	6.48E-08	17199000
169040_WL_MC	15	3	3	7.3	52.86	6.48E-08	17199000
169042_WL_MC	15	3	3	7.3	52.86	6.48E-08	17199000
105793_WL_MC	15	3	3	7.3	52.86	6.48E-08	17199000
169041_WL_MC	15	3	3	7.3	52.86	6.48E-08	17199000
80622_WL_MC	15	3	3	7.3	52.86	6.48E-08	17199000
146291_WL_MC	1	1	1	13.4	16.202	0.017178	21176000
4861_WL_MC	6	1	1	2.5	54.228	0.011299	7379800
4859_WL_MC	6	1	1	2.5	54.228	0.011299	7379800
157991_WL_MC	6	1	1	2.5	54.228	0.011299	7379800
27372_WL_MC	6	1	1	2.5	54.228	0.011299	7379800
157993_WL_MC	6	1	1	2.5	54.228	0.011299	7379800
147813_WL_MC	6	1	1	2.5	54.228	0.011299	7379800
35611_WL_MC	3	9	9	48.4	25.861	5.52E-41	1271300000
23105_WL_MC	3	9	9	48.4	25.861	5.52E-41	1271300000
15194_WL_MC	3	9	9	48.4	25.861	5.52E-41	1271300000
15199_WL_MC	3	2	2	18.3	11.432	6.78E-05	7222400
45463_WL_MC	3	2	2	18.3	11.432	6.78E-05	7222400
15200_WL_MC	3	2	2	18.3	11.432	6.78E-05	7222400
15223_WL_MC	1	3	3	9.7	39.562	1.97E-06	39109000
43592_WL_MC	6	5	5	10.2	55.687	2.40E-09	46321000
15230_WL_MC	6	5	5	10.2	55.687	2.40E-09	46321000
15229_WL_MC	6	5	5	10.2	55.687	2.40E-09	46321000
15228_WL_MC	6	5	5	10.2	55.687	2.40E-09	46321000
135765_WL_MC	6	5	5	10.2	55.687	2.40E-09	46321000
75179_WL_MC	6	5	5	10.2	55.687	2.40E-09	46321000
152382_WL_MC	1	1	1	10.3	17.163	0.031696	15325000
152400_WL_MC	18	29	29	40.6	80.635	6.95E-82	2661500000
66_WL_MC	18	29	29	40.6	80.635	6.95E-82	2661500000
152402_WL_MC	18	29	29	40.6	80.635	6.95E-82	2661500000
65_WL_MC	18	29	29	40.6	80.635	6.95E-82	2661500000
21406_WL_MC	18	29	29	40.6	80.635	6.95E-82	2661500000
77979_WL_MC	18	29	29	40.6	80.635	6.95E-82	2661500000
30309_WL_MC	18	29	29	40.6	80.635	6.95E-82	2661500000
137202_WL_MC	18	29	29	40.6	80.635	6.95E-82	2661500000
12031_WL_MC	18	29	29	40.6	80.635	6.95E-82	2661500000
101273_WL_MC	18	29	29	40.6	80.635	6.95E-82	2661500000
95519_WL_MC	18	29	29	40.6	80.635	6.95E-82	2661500000
101180_WL_MC	18	29	29	40.6	80.635	6.95E-82	2661500000
104040_WL_MC	18	29	29	40.6	80.635	6.95E-82	2661500000
17859_WL_MC	18	29	29	40.6	80.635	6.95E-82	2661500000
152399_WL_MC	18	29	29	40.6	80.635	6.95E-82	2661500000
30284_WL_MC	18	29	29	40.6	80.635	6.95E-82	2661500000
166246_WL_MC	18	29	29	40.6	80.635	6.95E-82	2661500000
152398_WL_MC	18	29	29	40.6	80.635	6.95E-82	2661500000
152424_WL_MC	1	1	1	7.5	11.172	0.015555	24886000
152537_WL_MC	3	2	2	24.4	8.8183	0.00051245	264040000
9249_WL_MC	3	2	2	24.4	8.8183	0.00051245	264040000
64109_WL_MC	3	2	2	24.4	8.8183	0.00051245	264040000
42490_WL_MC	3	1	1	8.6	21.216	0.023026	5481600
34856_WL_MC	3	1	1	8.6	21.216	0.023026	5481600
152680_WL_MC	3	1	1	8.6	21.216	0.023026	5481600
152698_WL_MC	1	4	4	41.8	17.387	5.10E-22	44735000
152700_WL_MC	1	1	1	13	8.3768	0.033936	245720000
152767_WL_MC	2	1	1	9.6	15.144	0.0058526	8671700
159939_WL_MC	2	1	1	9.6	15.144	0.0058526	8671700
152798_WL_MC	2	1	1	11.3	15.37	0.0067653	17418000
164627_WL_MC	2	1	1	11.3	15.37	0.0067653	17418000
42312_WL_MC	3	2	2	6.1	50.127	6.81E-09	53206000
42313_WL_MC	3	2	2	6.1	50.127	6.81E-09	53206000
152913_WL_MC	3	2	2	6.1	50.127	6.81E-09	53206000
8084_WL_MC	4	3	3	27.3	11.997	2.77E-07	64797000
153016_WL_MC	4	3	3	27.3	11.997	2.77E-07	64797000
548_WL_MC	4	3	3	27.3	11.997	2.77E-07	64797000
8083_WL_MC	4	3	3	27.3	11.997	2.77E-07	64797000
5401_WL_MC	28	8	8	24.3	49.157	9.18E-33	457380000
555_WL_MC	28	8	8	24.3	49.157	9.18E-33	457380000
153022_WL_MC	28	8	8	24.3	49.157	9.18E-33	457380000
158565_WL_MC	28	8	8	24.3	49.157	9.18E-33	457380000
5413_WL_MC	28	8	8	24.3	49.157	9.18E-33	457380000
5405_WL_MC	28	8	8	24.3	49.157	9.18E-33	457380000
104657_WL_MC	28	8	8	24.3	49.157	9.18E-33	457380000
158569_WL_MC	28	8	8	24.3	49.157	9.18E-33	457380000
31482_WL_MC	28	8	8	24.3	49.157	9.18E-33	457380000
5399_WL_MC	28	8	8	24.3	49.157	9.18E-33	457380000
5400_WL_MC	28	8	8	24.3	49.157	9.18E-33	457380000
5406_WL_MC	28	8	8	24.3	49.157	9.18E-33	457380000
5407_WL_MC	28	8	8	24.3	49.157	9.18E-33	457380000
5410_WL_MC	28	8	8	24.3	49.157	9.18E-33	457380000
38047_WL_MC	28	8	8	24.3	49.157	9.18E-33	457380000
5411_WL_MC	28	8	8	24.3	49.157	9.18E-33	457380000
25409_WL_MC	28	8	8	24.3	49.157	9.18E-33	457380000
5409_WL_MC	28	8	8	24.3	49.157	9.18E-33	457380000
5412_WL_MC	28	8	8	24.3	49.157	9.18E-33	457380000
132705_WL_MC	28	8	8	24.3	49.157	9.18E-33	457380000
5402_WL_MC	28	8	8	24.3	49.157	9.18E-33	457380000
5404_WL_MC	28	8	8	24.3	49.157	9.18E-33	457380000
47532_WL_MC	28	8	8	24.3	49.157	9.18E-33	457380000
5403_WL_MC	28	8	8	24.3	49.157	9.18E-33	457380000
47531_WL_MC	28	8	8	24.3	49.157	9.18E-33	457380000
93900_WL_MC	28	8	8	24.3	49.157	9.18E-33	457380000
5408_WL_MC	28	8	8	24.3	49.157	9.18E-33	457380000
132704_WL_MC	28	8	8	24.3	49.157	9.18E-33	457380000
15306_WL_MC	2	1	1	9.7	19.708	0.00028236	4960100
39306_WL_MC	2	1	1	9.7	19.708	0.00028236	4960100
153161_WL_MC	3	5	5	11	55.495	8.83E-16	86853000
24234_WL_MC	3	5	5	11	55.495	8.83E-16	86853000
635_WL_MC	3	5	5	11	55.495	8.83E-16	86853000
153383_WL_MC	1	1	1	20	5.4364	0.035546	27193000
153723_WL_MC	2	4	4	8.6	52.868	6.75E-10	146410000
96470_WL_MC	2	4	4	8.6	52.868	6.75E-10	146410000
153786_WL_MC	2	1	1	3.2	64.696	0.00083619	4547300
19640_WL_MC	2	1	1	3.2	64.696	0.00083619	4547300
154178_WL_MC	2	5	5	13	45.099	2.42E-09	71379000
1540_WL_MC	2	5	5	13	45.099	2.42E-09	71379000
154259_WL_MC	1	5	5	44.1	15.365	6.15E-19	412400000
52530_WL_MC	2	3	3	19.2	22.613	1.77E-08	17445000
154331_WL_MC	2	3	3	19.2	22.613	1.77E-08	17445000
20041_WL_MC	5	3	3	13.2	28.959	8.55E-08	35170000
154633_WL_MC	5	3	3	13.2	28.959	8.55E-08	35170000
157104_WL_MC	5	3	3	13.2	28.959	8.55E-08	35170000
72449_WL_MC	5	3	3	13.2	28.959	8.55E-08	35170000
154632_WL_MC	5	3	3	13.2	28.959	8.55E-08	35170000
154805_WL_MC	9	4	4	20.9	35.13	4.37E-10	88952000
35285_WL_MC	9	4	4	20.9	35.13	4.37E-10	88952000
154802_WL_MC	9	4	4	20.9	35.13	4.37E-10	88952000
35265_WL_MC	9	4	4	20.9	35.13	4.37E-10	88952000
22779_WL_MC	9	4	4	20.9	35.13	4.37E-10	88952000
83637_WL_MC	9	4	4	20.9	35.13	4.37E-10	88952000
22763_WL_MC	9	4	4	20.9	35.13	4.37E-10	88952000
154804_WL_MC	9	4	4	20.9	35.13	4.37E-10	88952000
83567_WL_MC	9	4	4	20.9	35.13	4.37E-10	88952000
39031_WL_MC	3	3	3	3.4	119.74	7.07E-06	0
154864_WL_MC	3	3	3	3.4	119.74	7.07E-06	0
154867_WL_MC	3	3	3	3.4	119.74	7.07E-06	0
170108_WL_MC	2	1	1	7.9	24.431	0.0031435	2293100
15488_WL_MC	2	1	1	7.9	24.431	0.0031435	2293100
9112_WL_MC	2	1	1	6	30.484	0.0021661	7154100
155387_WL_MC	2	1	1	6	30.484	0.0021661	7154100
155432_WL_MC	2	1	1	4.4	31.985	0.0057559	0
27894_WL_MC	2	1	1	4.4	31.985	0.0057559	0
15546_WL_MC	1	2	2	10.9	28.13	1.28E-10	25311000
2692_WL_MC	2	1	1	9.4	15.166	0.00011586	42698000
155495_WL_MC	2	1	1	9.4	15.166	0.00011586	42698000
15570_WL_MC	3	1	1	6.3	23.326	0.00095233	0
15566_WL_MC	3	1	1	6.3	23.326	0.00095233	0
15569_WL_MC	3	1	1	6.3	23.326	0.00095233	0
45736_WL_MC	10	1	1	1.8	96.032	0.012527	4459700
45737_WL_MC	10	1	1	1.8	96.032	0.012527	4459700
45735_WL_MC	10	1	1	1.8	96.032	0.012527	4459700
15573_WL_MC	10	1	1	1.8	96.032	0.012527	4459700
25913_WL_MC	10	1	1	1.8	96.032	0.012527	4459700
38593_WL_MC	10	1	1	1.8	96.032	0.012527	4459700
95660_WL_MC	10	1	1	1.8	96.032	0.012527	4459700
15574_WL_MC	10	1	1	1.8	96.032	0.012527	4459700
15576_WL_MC	10	1	1	1.8	96.032	0.012527	4459700
15575_WL_MC	10	1	1	1.8	96.032	0.012527	4459700
45953_WL_MC	5	2	2	7.6	37.953	7.52E-07	26091000
45954_WL_MC	5	2	2	7.6	37.953	7.52E-07	26091000
23387_WL_MC	5	2	2	7.6	37.953	7.52E-07	26091000
155746_WL_MC	5	2	2	7.6	37.953	7.52E-07	26091000
85997_WL_MC	5	2	2	7.6	37.953	7.52E-07	26091000
155758_WL_MC	1	1	1	6.4	23.727	0.0027014	4824700
155771_WL_MC	1	1	1	6.5	34.489	5.65E-08	14518000
15578_WL_MC	3	10	6	13.8	42.719	7.84E-31	2067000000
45738_WL_MC	3	10	6	13.8	42.719	7.84E-31	2067000000
79979_WL_MC	3	10	6	13.8	42.719	7.84E-31	2067000000
155864_WL_MC	3	2	2	8.4	42.439	9.82E-06	17874000
155871_WL_MC	3	2	2	8.4	42.439	9.82E-06	17874000
88088_WL_MC	3	2	2	8.4	42.439	9.82E-06	17874000
156192_WL_MC	2	2	2	3	75.261	0.00031236	20114000
19390_WL_MC	2	2	2	3	75.261	0.00031236	20114000
156292_WL_MC	3	3	3	10.9	49.112	1.40E-11	22485000
156291_WL_MC	3	3	3	10.9	49.112	1.40E-11	22485000
33307_WL_MC	3	3	3	10.9	49.112	1.40E-11	22485000
15632_WL_MC	2	11	2	8.3	18.655	3.94E-116	819550000
15631_WL_MC	2	11	2	8.3	18.655	3.94E-116	819550000
46611_WL_MC	14	3	3	9.7	43.257	9.24E-17	169200000
46609_WL_MC	14	3	3	9.7	43.257	9.24E-17	169200000
46613_WL_MC	14	3	3	9.7	43.257	9.24E-17	169200000
156946_WL_MC	14	3	3	9.7	43.257	9.24E-17	169200000
156947_WL_MC	14	3	3	9.7	43.257	9.24E-17	169200000
156948_WL_MC	14	3	3	9.7	43.257	9.24E-17	169200000
93663_WL_MC	14	3	3	9.7	43.257	9.24E-17	169200000
46612_WL_MC	14	3	3	9.7	43.257	9.24E-17	169200000
46607_WL_MC	14	3	3	9.7	43.257	9.24E-17	169200000
46608_WL_MC	14	3	3	9.7	43.257	9.24E-17	169200000
156950_WL_MC	14	3	3	9.7	43.257	9.24E-17	169200000
25342_WL_MC	14	3	3	9.7	43.257	9.24E-17	169200000
54373_WL_MC	14	3	3	9.7	43.257	9.24E-17	169200000
46610_WL_MC	14	3	3	9.7	43.257	9.24E-17	169200000
157107_WL_MC	8	5	3	10	50.347	1.05E-13	198380000
30815_WL_MC	8	5	3	10	50.347	1.05E-13	198380000
157105_WL_MC	8	5	3	10	50.347	1.05E-13	198380000
157106_WL_MC	8	5	3	10	50.347	1.05E-13	198380000
102909_WL_MC	8	5	3	10	50.347	1.05E-13	198380000
18412_WL_MC	8	5	3	10	50.347	1.05E-13	198380000
4126_WL_MC	8	5	3	10	50.347	1.05E-13	198380000
131674_WL_MC	8	5	3	10	50.347	1.05E-13	198380000
157271_WL_MC	1	1	1	25.8	12.699	2.38E-14	61628000
61216_WL_MC	3	3	3	13.2	32.115	8.29E-43	8660300000
157321_WL_MC	3	3	3	13.2	32.115	8.29E-43	8660300000
53506_WL_MC	3	3	3	13.2	32.115	8.29E-43	8660300000
157965_WL_MC	11	1	1	3.2	47.211	0.01446	0
22852_WL_MC	11	1	1	3.2	47.211	0.01446	0
35357_WL_MC	11	1	1	3.2	47.211	0.01446	0
157973_WL_MC	11	1	1	3.2	47.211	0.01446	0
157970_WL_MC	11	1	1	3.2	47.211	0.01446	0
157971_WL_MC	11	1	1	3.2	47.211	0.01446	0
157963_WL_MC	11	1	1	3.2	47.211	0.01446	0
157969_WL_MC	11	1	1	3.2	47.211	0.01446	0
47163_WL_MC	11	1	1	3.2	47.211	0.01446	0
157964_WL_MC	11	1	1	3.2	47.211	0.01446	0
47162_WL_MC	11	1	1	3.2	47.211	0.01446	0
157975_WL_MC	7	9	9	12.8	107.95	1.99E-48	442840000
36214_WL_MC	7	9	9	12.8	107.95	1.99E-48	442840000
23689_WL_MC	7	9	9	12.8	107.95	1.99E-48	442840000
47164_WL_MC	7	9	9	12.8	107.95	1.99E-48	442840000
87172_WL_MC	7	9	9	12.8	107.95	1.99E-48	442840000
31287_WL_MC	7	9	9	12.8	107.95	1.99E-48	442840000
104125_WL_MC	7	9	9	12.8	107.95	1.99E-48	442840000
158111_WL_MC	16	77	40	19.2	263.67	0	1.43E+11
158113_WL_MC	16	77	40	19.2	263.67	0	1.43E+11
158112_WL_MC	16	77	40	19.2	263.67	0	1.43E+11
158114_WL_MC	16	77	40	19.2	263.67	0	1.43E+11
158110_WL_MC	16	77	40	19.2	263.67	0	1.43E+11
26362_WL_MC	16	77	40	19.2	263.67	0	1.43E+11
47246_WL_MC	16	77	40	19.2	263.67	0	1.43E+11
26186_WL_MC	16	77	40	19.2	263.67	0	1.43E+11
96545_WL_MC	16	77	40	19.2	263.67	0	1.43E+11
47247_WL_MC	16	77	40	19.2	263.67	0	1.43E+11
53401_WL_MC	16	77	40	19.2	263.67	0	1.43E+11
145714_WL_MC	16	77	40	19.2	263.67	0	1.43E+11
98984_WL_MC	16	77	40	19.2	263.67	0	1.43E+11
145715_WL_MC	16	77	40	19.2	263.67	0	1.43E+11
53402_WL_MC	16	77	40	19.2	263.67	0	1.43E+11
145716_WL_MC	16	77	40	19.2	263.67	0	1.43E+11
158171_WL_MC	2	1	1	3.4	54.35	0.014029	7125900
158170_WL_MC	2	1	1	3.4	54.35	0.014029	7125900
158260_WL_MC	5	1	1	0.9	147.41	0.012005	0
158259_WL_MC	5	1	1	0.9	147.41	0.012005	0
42010_WL_MC	5	1	1	0.9	147.41	0.012005	0
68062_WL_MC	5	1	1	0.9	147.41	0.012005	0
29355_WL_MC	5	1	1	0.9	147.41	0.012005	0
158564_WL_MC	2	1	1	0.9	99.442	0.013276	8838200
5398_WL_MC	2	1	1	0.9	99.442	0.013276	8838200
158566_WL_MC	10	8	8	22	68.026	1.89E-21	243600000
105032_WL_MC	10	8	8	22	68.026	1.89E-21	243600000
153024_WL_MC	10	8	8	22	68.026	1.89E-21	243600000
557_WL_MC	10	8	8	22	68.026	1.89E-21	243600000
558_WL_MC	10	8	8	22	68.026	1.89E-21	243600000
556_WL_MC	10	8	8	22	68.026	1.89E-21	243600000
132888_WL_MC	10	8	8	22	68.026	1.89E-21	243600000
93901_WL_MC	10	8	8	22	68.026	1.89E-21	243600000
153025_WL_MC	10	8	8	22	68.026	1.89E-21	243600000
559_WL_MC	10	8	8	22	68.026	1.89E-21	243600000
158754_WL_MC	9	22	22	46.4	60.133	6.03E-146	5416100000
47666_WL_MC	9	22	22	46.4	60.133	6.03E-146	5416100000
37460_WL_MC	9	22	22	46.4	60.133	6.03E-146	5416100000
24866_WL_MC	9	22	22	46.4	60.133	6.03E-146	5416100000
91863_WL_MC	9	22	22	46.4	60.133	6.03E-146	5416100000
5608_WL_MC	9	22	22	46.4	60.133	6.03E-146	5416100000
143637_WL_MC	9	22	22	46.4	60.133	6.03E-146	5416100000
143635_WL_MC	9	22	22	46.4	60.133	6.03E-146	5416100000
143638_WL_MC	9	22	22	46.4	60.133	6.03E-146	5416100000
158762_WL_MC	1	1	1	5.2	24.572	0.010782	6706200
159002_WL_MC	1	1	1	14	20.587	4.29E-10	6405900
159006_WL_MC	9	12	12	31.3	52.549	2.55E-52	745370000
158985_WL_MC	9	12	12	31.3	52.549	2.55E-52	745370000
5779_WL_MC	9	12	12	31.3	52.549	2.55E-52	745370000
37002_WL_MC	9	12	12	31.3	52.549	2.55E-52	745370000
37268_WL_MC	9	12	12	31.3	52.549	2.55E-52	745370000
143326_WL_MC	9	12	12	31.3	52.549	2.55E-52	745370000
5776_WL_MC	9	12	12	31.3	52.549	2.55E-52	745370000
24423_WL_MC	9	12	12	31.3	52.549	2.55E-52	745370000
24424_WL_MC	9	12	12	31.3	52.549	2.55E-52	745370000
159216_WL_MC	1	3	3	8.7	59.65	7.69E-08	15365000
159404_WL_MC	2	3	3	32.5	12.65	4.63E-08	70340000
18970_WL_MC	2	3	3	32.5	12.65	4.63E-08	70340000
159429_WL_MC	1	4	4	6.2	81.257	4.95E-09	58960000
159445_WL_MC	1	4	4	6.2	72.066	1.82E-08	23637000
46397_WL_MC	3	3	3	12.7	30.936	1.15E-09	26175000
15989_WL_MC	3	3	3	12.7	30.936	1.15E-09	26175000
29534_WL_MC	3	3	3	12.7	30.936	1.15E-09	26175000
159919_WL_MC	3	1	1	2.3	33.756	0.0056142	10874000
159923_WL_MC	3	1	1	2.3	33.756	0.0056142	10874000
159928_WL_MC	3	1	1	2.3	33.756	0.0056142	10874000
159974_WL_MC	9	1	1	1.7	83.247	0.0057157	0
159977_WL_MC	9	1	1	1.7	83.247	0.0057157	0
159978_WL_MC	9	1	1	1.7	83.247	0.0057157	0
35510_WL_MC	9	1	1	1.7	83.247	0.0057157	0
159972_WL_MC	9	1	1	1.7	83.247	0.0057157	0
22996_WL_MC	9	1	1	1.7	83.247	0.0057157	0
159975_WL_MC	9	1	1	1.7	83.247	0.0057157	0
159967_WL_MC	9	1	1	1.7	83.247	0.0057157	0
84522_WL_MC	9	1	1	1.7	83.247	0.0057157	0
1600_WL_MC	17	4	4	31.9	33.329	7.29E-14	124340000
146460_WL_MC	17	4	4	31.9	33.329	7.29E-14	124340000
8419_WL_MC	17	4	4	31.9	33.329	7.29E-14	124340000
49672_WL_MC	17	4	4	31.9	33.329	7.29E-14	124340000
8418_WL_MC	17	4	4	31.9	33.329	7.29E-14	124340000
123_WL_MC	17	4	4	31.9	33.329	7.29E-14	124340000
26775_WL_MC	17	4	4	31.9	33.329	7.29E-14	124340000
125_WL_MC	17	4	4	31.9	33.329	7.29E-14	124340000
13396_WL_MC	17	4	4	31.9	33.329	7.29E-14	124340000
155419_WL_MC	17	4	4	31.9	33.329	7.29E-14	124340000
124_WL_MC	17	4	4	31.9	33.329	7.29E-14	124340000
8366_WL_MC	17	4	4	31.9	33.329	7.29E-14	124340000
8360_WL_MC	17	4	4	31.9	33.329	7.29E-14	124340000
8363_WL_MC	17	4	4	31.9	33.329	7.29E-14	124340000
8364_WL_MC	17	4	4	31.9	33.329	7.29E-14	124340000
8365_WL_MC	17	4	4	31.9	33.329	7.29E-14	124340000
8420_WL_MC	17	4	4	31.9	33.329	7.29E-14	124340000
89617_WL_MC	11	1	1	3.5	43.401	0.0053297	3365400
160076_WL_MC	11	1	1	3.5	43.401	0.0053297	3365400
27810_WL_MC	11	1	1	3.5	43.401	0.0053297	3365400
24268_WL_MC	11	1	1	3.5	43.401	0.0053297	3365400
62285_WL_MC	11	1	1	3.5	43.401	0.0053297	3365400
40463_WL_MC	11	1	1	3.5	43.401	0.0053297	3365400
43004_WL_MC	11	1	1	3.5	43.401	0.0053297	3365400
31442_WL_MC	11	1	1	3.5	43.401	0.0053297	3365400
51383_WL_MC	11	1	1	3.5	43.401	0.0053297	3365400
51381_WL_MC	11	1	1	3.5	43.401	0.0053297	3365400
51382_WL_MC	11	1	1	3.5	43.401	0.0053297	3365400
160200_WL_MC	4	3	3	18.2	25.649	1.97E-10	40882000
56689_WL_MC	4	3	3	18.2	25.649	1.97E-10	40882000
34233_WL_MC	4	3	3	18.2	25.649	1.97E-10	40882000
21804_WL_MC	4	3	3	18.2	25.649	1.97E-10	40882000
6973_WL_MC	6	2	2	7.3	54.467	3.80E-08	27496000
160287_WL_MC	6	2	2	7.3	54.467	3.80E-08	27496000
6972_WL_MC	6	2	2	7.3	54.467	3.80E-08	27496000
6971_WL_MC	6	2	2	7.3	54.467	3.80E-08	27496000
160288_WL_MC	6	2	2	7.3	54.467	3.80E-08	27496000
133239_WL_MC	6	2	2	7.3	54.467	3.80E-08	27496000
46130_WL_MC	4	4	4	15.9	22.87	1.44E-11	162730000
54127_WL_MC	4	4	4	15.9	22.87	1.44E-11	162730000
16030_WL_MC	4	4	4	15.9	22.87	1.44E-11	162730000
68845_WL_MC	4	4	4	15.9	22.87	1.44E-11	162730000
160367_WL_MC	8	3	3	3.7	108.4	4.55E-06	15511000
160366_WL_MC	8	3	3	3.7	108.4	4.55E-06	15511000
160363_WL_MC	8	3	3	3.7	108.4	4.55E-06	15511000
160365_WL_MC	8	3	3	3.7	108.4	4.55E-06	15511000
38815_WL_MC	8	3	3	3.7	108.4	4.55E-06	15511000
26152_WL_MC	8	3	3	3.7	108.4	4.55E-06	15511000
96439_WL_MC	8	3	3	3.7	108.4	4.55E-06	15511000
34811_WL_MC	8	3	3	3.7	108.4	4.55E-06	15511000
160413_WL_MC	3	1	1	4.2	32.594	0.0076058	0
97164_WL_MC	3	1	1	4.2	32.594	0.0076058	0
48840_WL_MC	3	1	1	4.2	32.594	0.0076058	0
160462_WL_MC	2	6	6	22.4	34.443	1.35E-23	144450000
20197_WL_MC	2	6	6	22.4	34.443	1.35E-23	144450000
160574_WL_MC	3	7	7	30.4	29.403	1.81E-19	154300000
31284_WL_MC	3	7	7	30.4	29.403	1.81E-19	154300000
53692_WL_MC	3	7	7	30.4	29.403	1.81E-19	154300000
160939_WL_MC	3	2	2	4.7	51.173	0.00023964	18887000
84100_WL_MC	3	2	2	4.7	51.173	0.00023964	18887000
22893_WL_MC	3	2	2	4.7	51.173	0.00023964	18887000
7711_WL_MC	2	1	1	4.9	20.969	0.010891	21826000
160997_WL_MC	2	1	1	4.9	20.969	0.010891	21826000
24336_WL_MC	2	1	1	5	22.586	8.09E-07	55258000
161149_WL_MC	2	1	1	5	22.586	8.09E-07	55258000
161303_WL_MC	1	2	2	18.9	14.156	6.27E-05	27509000
161466_WL_MC	4	7	7	17.8	57.144	1.67E-19	185090000
143789_WL_MC	4	7	7	17.8	57.144	1.67E-19	185090000
54331_WL_MC	4	7	7	17.8	57.144	1.67E-19	185090000
25372_WL_MC	4	7	7	17.8	57.144	1.67E-19	185090000
161790_WL_MC	5	2	2	4.5	83.867	1.70E-05	28364000
8357_WL_MC	5	2	2	4.5	83.867	1.70E-05	28364000
8358_WL_MC	5	2	2	4.5	83.867	1.70E-05	28364000
8359_WL_MC	5	2	2	4.5	83.867	1.70E-05	28364000
161789_WL_MC	5	2	2	4.5	83.867	1.70E-05	28364000
162066_WL_MC	1	1	1	4.3	36.96	0.0015562	6552700
28558_WL_MC	2	1	1	2.5	50.561	0.0044295	4465500
162127_WL_MC	2	1	1	2.5	50.561	0.0044295	4465500
162185_WL_MC	8	2	2	6.6	36.842	7.09E-05	29807000
8694_WL_MC	8	2	2	6.6	36.842	7.09E-05	29807000
162186_WL_MC	8	2	2	6.6	36.842	7.09E-05	29807000
8695_WL_MC	8	2	2	6.6	36.842	7.09E-05	29807000
39919_WL_MC	8	2	2	6.6	36.842	7.09E-05	29807000
27286_WL_MC	8	2	2	6.6	36.842	7.09E-05	29807000
104906_WL_MC	8	2	2	6.6	36.842	7.09E-05	29807000
132817_WL_MC	8	2	2	6.6	36.842	7.09E-05	29807000
162418_WL_MC	3	14	2	6.8	32.92	4.61E-37	2124500000
36490_WL_MC	3	14	2	6.8	32.92	4.61E-37	2124500000
88241_WL_MC	3	14	2	6.8	32.92	4.61E-37	2124500000
162557_WL_MC	3	2	2	13.3	26.477	2.45E-06	0
38195_WL_MC	3	2	2	13.3	26.477	2.45E-06	0
94386_WL_MC	3	2	2	13.3	26.477	2.45E-06	0
162600_WL_MC	4	4	4	6.9	93.326	2.11E-12	33621000
39257_WL_MC	4	4	4	6.9	93.326	2.11E-12	33621000
26614_WL_MC	4	4	4	6.9	93.326	2.11E-12	33621000
131385_WL_MC	4	4	4	6.9	93.326	2.11E-12	33621000
162662_WL_MC	1	1	1	5.1	29.9	0.0019499	9623700
9124_WL_MC	5	2	2	7.7	40.99	4.89E-09	89857000
71614_WL_MC	5	2	2	7.7	40.99	4.89E-09	89857000
32210_WL_MC	5	2	2	7.7	40.99	4.89E-09	89857000
19827_WL_MC	5	2	2	7.7	40.99	4.89E-09	89857000
162689_WL_MC	5	2	2	7.7	40.99	4.89E-09	89857000
162871_WL_MC	3	1	1	6	24.809	3.62E-05	22687000
162872_WL_MC	3	1	1	6	24.809	3.62E-05	22687000
31982_WL_MC	3	1	1	6	24.809	3.62E-05	22687000
162951_WL_MC	9	5	5	17.4	41.973	7.46E-11	166680000
54413_WL_MC	9	5	5	17.4	41.973	7.46E-11	166680000
162953_WL_MC	9	5	5	17.4	41.973	7.46E-11	166680000
54414_WL_MC	9	5	5	17.4	41.973	7.46E-11	166680000
162950_WL_MC	9	5	5	17.4	41.973	7.46E-11	166680000
54412_WL_MC	9	5	5	17.4	41.973	7.46E-11	166680000
94943_WL_MC	9	5	5	17.4	41.973	7.46E-11	166680000
162954_WL_MC	9	5	5	17.4	41.973	7.46E-11	166680000
54416_WL_MC	9	5	5	17.4	41.973	7.46E-11	166680000
163024_WL_MC	5	5	5	19.1	35.951	6.52E-10	82128000
163023_WL_MC	5	5	5	19.1	35.951	6.52E-10	82128000
9408_WL_MC	5	5	5	19.1	35.951	6.52E-10	82128000
27772_WL_MC	5	5	5	19.1	35.951	6.52E-10	82128000
62131_WL_MC	5	5	5	19.1	35.951	6.52E-10	82128000
17245_WL_MC	3	2	2	22.8	19.75	6.67E-23	72389000
163114_WL_MC	3	2	2	22.8	19.75	6.67E-23	72389000
54036_WL_MC	3	2	2	22.8	19.75	6.67E-23	72389000
163145_WL_MC	1	1	1	3.1	45.984	0.0047842	13843000
163149_WL_MC	2	2	2	14.6	17.703	0.00010349	57982000
27542_WL_MC	2	2	2	14.6	17.703	0.00010349	57982000
163202_WL_MC	2	1	1	2.1	54.084	0.03754	30608000
9489_WL_MC	2	1	1	2.1	54.084	0.03754	30608000
163432_WL_MC	3	2	2	17.7	22.327	2.20E-14	19507000
144982_WL_MC	3	2	2	17.7	22.327	2.20E-14	19507000
57636_WL_MC	3	2	2	17.7	22.327	2.20E-14	19507000
163518_WL_MC	3	1	1	4.9	37.087	0.00064717	7837500
22556_WL_MC	3	1	1	4.9	37.087	0.00064717	7837500
35036_WL_MC	3	1	1	4.9	37.087	0.00064717	7837500
163594_WL_MC	3	1	1	2.3	47.045	8.81E-05	0
163595_WL_MC	3	1	1	2.3	47.045	8.81E-05	0
99421_WL_MC	3	1	1	2.3	47.045	8.81E-05	0
9974_WL_MC	5	1	1	3.9	21.121	1.10E-08	0
9973_WL_MC	5	1	1	3.9	21.121	1.10E-08	0
9972_WL_MC	5	1	1	3.9	21.121	1.10E-08	0
163863_WL_MC	5	1	1	3.9	21.121	1.10E-08	0
163864_WL_MC	5	1	1	3.9	21.121	1.10E-08	0
164460_WL_MC	1	1	1	1.6	90.267	0.0089516	3755300
66921_WL_MC	3	4	4	25	25.146	8.83E-11	37686000
165224_WL_MC	3	4	4	25	25.146	8.83E-11	37686000
29044_WL_MC	3	4	4	25	25.146	8.83E-11	37686000
26532_WL_MC	6	1	1	2.1	68.219	0.009485	0
165240_WL_MC	6	1	1	2.1	68.219	0.009485	0
39161_WL_MC	6	1	1	2.1	68.219	0.009485	0
51831_WL_MC	6	1	1	2.1	68.219	0.009485	0
97520_WL_MC	6	1	1	2.1	68.219	0.009485	0
51830_WL_MC	6	1	1	2.1	68.219	0.009485	0
165302_WL_MC	4	2	2	10.5	23.256	0.00029093	10189000
11251_WL_MC	4	2	2	10.5	23.256	0.00029093	10189000
51884_WL_MC	4	2	2	10.5	23.256	0.00029093	10189000
11250_WL_MC	4	2	2	10.5	23.256	0.00029093	10189000
165303_WL_MC	1	5	5	36.4	24.131	8.48E-24	467640000
165574_WL_MC	2	6	6	36.5	23.355	1.64E-20	231260000
98817_WL_MC	2	6	6	36.5	23.355	1.64E-20	231260000
39323_WL_MC	6	2	2	3.4	97.814	4.18E-05	33332000
165661_WL_MC	6	2	2	3.4	97.814	4.18E-05	33332000
26687_WL_MC	6	2	2	3.4	97.814	4.18E-05	33332000
52080_WL_MC	6	2	2	3.4	97.814	4.18E-05	33332000
152875_WL_MC	6	2	2	3.4	97.814	4.18E-05	33332000
54845_WL_MC	6	2	2	3.4	97.814	4.18E-05	33332000
165877_WL_MC	14	2	2	2.7	110.36	0.00015419	24688000
165882_WL_MC	14	2	2	2.7	110.36	0.00015419	24688000
165875_WL_MC	14	2	2	2.7	110.36	0.00015419	24688000
165876_WL_MC	14	2	2	2.7	110.36	0.00015419	24688000
165881_WL_MC	14	2	2	2.7	110.36	0.00015419	24688000
39085_WL_MC	14	2	2	2.7	110.36	0.00015419	24688000
165880_WL_MC	14	2	2	2.7	110.36	0.00015419	24688000
97277_WL_MC	14	2	2	2.7	110.36	0.00015419	24688000
38442_WL_MC	14	2	2	2.7	110.36	0.00015419	24688000
165883_WL_MC	14	2	2	2.7	110.36	0.00015419	24688000
25768_WL_MC	14	2	2	2.7	110.36	0.00015419	24688000
165878_WL_MC	14	2	2	2.7	110.36	0.00015419	24688000
26444_WL_MC	14	2	2	2.7	110.36	0.00015419	24688000
165873_WL_MC	14	2	2	2.7	110.36	0.00015419	24688000
166428_WL_MC	1	2	2	10.6	27.11	0.00015371	73891000
166471_WL_MC	11	11	11	38.5	36.04	8.48E-57	5626600000
22753_WL_MC	11	11	11	38.5	36.04	8.48E-57	5626600000
35252_WL_MC	11	11	11	38.5	36.04	8.48E-57	5626600000
83535_WL_MC	11	11	11	38.5	36.04	8.48E-57	5626600000
52600_WL_MC	11	11	11	38.5	36.04	8.48E-57	5626600000
52601_WL_MC	11	11	11	38.5	36.04	8.48E-57	5626600000
12269_WL_MC	11	11	11	38.5	36.04	8.48E-57	5626600000
12267_WL_MC	11	11	11	38.5	36.04	8.48E-57	5626600000
12268_WL_MC	11	11	11	38.5	36.04	8.48E-57	5626600000
12266_WL_MC	11	11	11	38.5	36.04	8.48E-57	5626600000
166472_WL_MC	11	11	11	38.5	36.04	8.48E-57	5626600000
166587_WL_MC	1	1	1	8.4	13.797	0.0017907	5856700
166616_WL_MC	3	4	4	14	34.572	6.35E-10	62672000
37427_WL_MC	3	4	4	14	34.572	6.35E-10	62672000
96997_WL_MC	3	4	4	14	34.572	6.35E-10	62672000
166622_WL_MC	2	3	3	10.1	39.511	1.70E-08	119110000
166621_WL_MC	2	3	3	10.1	39.511	1.70E-08	119110000
166624_WL_MC	17	4	1	4.1	25.437	5.01E-08	180970000
28341_WL_MC	17	4	1	4.1	25.437	5.01E-08	180970000
55057_WL_MC	17	4	1	4.1	25.437	5.01E-08	180970000
39853_WL_MC	17	4	1	4.1	25.437	5.01E-08	180970000
41023_WL_MC	17	4	1	4.1	25.437	5.01E-08	180970000
53580_WL_MC	17	4	1	4.1	25.437	5.01E-08	180970000
39174_WL_MC	17	4	1	4.1	25.437	5.01E-08	180970000
50871_WL_MC	17	4	1	4.1	25.437	5.01E-08	180970000
26548_WL_MC	17	4	1	4.1	25.437	5.01E-08	180970000
53579_WL_MC	17	4	1	4.1	25.437	5.01E-08	180970000
13116_WL_MC	17	4	1	4.1	25.437	5.01E-08	180970000
50872_WL_MC	17	4	1	4.1	25.437	5.01E-08	180970000
104915_WL_MC	17	4	1	4.1	25.437	5.01E-08	180970000
53558_WL_MC	17	4	1	4.1	25.437	5.01E-08	180970000
52680_WL_MC	17	4	1	4.1	25.437	5.01E-08	180970000
53559_WL_MC	17	4	1	4.1	25.437	5.01E-08	180970000
101237_WL_MC	17	4	1	4.1	25.437	5.01E-08	180970000
166782_WL_MC	12	6	1	5	22.592	2.84E-14	829140000
12507_WL_MC	12	6	1	5	22.592	2.84E-14	829140000
166780_WL_MC	12	6	1	5	22.592	2.84E-14	829140000
12509_WL_MC	12	6	1	5	22.592	2.84E-14	829140000
53965_WL_MC	12	6	1	5	22.592	2.84E-14	829140000
53964_WL_MC	12	6	1	5	22.592	2.84E-14	829140000
2151_WL_MC	12	6	1	5	22.592	2.84E-14	829140000
12505_WL_MC	12	6	1	5	22.592	2.84E-14	829140000
12508_WL_MC	12	6	1	5	22.592	2.84E-14	829140000
2150_WL_MC	12	6	1	5	22.592	2.84E-14	829140000
12511_WL_MC	12	6	1	5	22.592	2.84E-14	829140000
12510_WL_MC	12	6	1	5	22.592	2.84E-14	829140000
166980_WL_MC	4	3	3	16	36.005	1.34E-09	81470000
99908_WL_MC	4	3	3	16	36.005	1.34E-09	81470000
10004_WL_MC	4	3	3	16	36.005	1.34E-09	81470000
10005_WL_MC	4	3	3	16	36.005	1.34E-09	81470000
167116_WL_MC	2	9	9	15.9	72.459	4.85E-18	261280000
102526_WL_MC	2	9	9	15.9	72.459	4.85E-18	261280000
167462_WL_MC	3	6	6	19.8	39.779	1.32E-22	367880000
43428_WL_MC	3	6	6	19.8	39.779	1.32E-22	367880000
45386_WL_MC	3	6	6	19.8	39.779	1.32E-22	367880000
167463_WL_MC	1	1	1	8.4	18.701	0.00025534	9918200
167805_WL_MC	6	9	9	31.7	28.471	7.89E-19	851200000
89866_WL_MC	6	9	9	31.7	28.471	7.89E-19	851200000
24049_WL_MC	6	9	9	31.7	28.471	7.89E-19	851200000
88693_WL_MC	6	9	9	31.7	28.471	7.89E-19	851200000
24404_WL_MC	6	9	9	31.7	28.471	7.89E-19	851200000
43461_WL_MC	6	9	9	31.7	28.471	7.89E-19	851200000
38138_WL_MC	2	2	2	25.2	13.77	1.96E-05	55526000
167854_WL_MC	2	2	2	25.2	13.77	1.96E-05	55526000
16798_WL_MC	2	4	2	6.9	46.106	1.64E-12	40909000
45361_WL_MC	2	4	2	6.9	46.106	1.64E-12	40909000
168213_WL_MC	3	8	8	20	55.7	3.59E-26	192910000
104290_WL_MC	3	8	8	20	55.7	3.59E-26	192910000
149530_WL_MC	3	8	8	20	55.7	3.59E-26	192910000
168717_WL_MC	1	7	7	23.2	48.954	7.78E-28	99371000
28197_WL_MC	6	5	5	16.7	41.242	1.68E-11	59623000
169018_WL_MC	6	5	5	16.7	41.242	1.68E-11	59623000
63791_WL_MC	6	5	5	16.7	41.242	1.68E-11	59623000
40863_WL_MC	6	5	5	16.7	41.242	1.68E-11	59623000
169017_WL_MC	6	5	5	16.7	41.242	1.68E-11	59623000
169016_WL_MC	6	5	5	16.7	41.242	1.68E-11	59623000
169140_WL_MC	1	1	1	5.3	37.383	0.0087584	15014000
169402_WL_MC	2	1	1	24.7	8.9269	1.37E-06	20357000
28187_WL_MC	2	1	1	24.7	8.9269	1.37E-06	20357000
169408_WL_MC	3	2	2	8.6	22.511	8.50E-05	112310000
95484_WL_MC	3	2	2	8.6	22.511	8.50E-05	112310000
25866_WL_MC	3	2	2	8.6	22.511	8.50E-05	112310000
169802_WL_MC	1	3	3	24.5	17.638	2.57E-17	229760000
169951_WL_MC	2	2	2	12.8	20.425	6.69E-06	24664000
21044_WL_MC	2	2	2	12.8	20.425	6.69E-06	24664000
45776_WL_MC	3	1	1	8.3	18.187	0.010341	5171200
45777_WL_MC	3	1	1	8.3	18.187	0.010341	5171200
170242_WL_MC	3	1	1	8.3	18.187	0.010341	5171200
170332_WL_MC	1	1	1	7.4	26.692	3.87E-07	4982700
17068_WL_MC	1	1	1	10.4	10.965	0.0073074	17249000
17731_WL_MC	2	2	2	19.9	15.844	0.00021873	19533000
70634_WL_MC	2	2	2	19.9	15.844	0.00021873	19533000
17849_WL_MC	5	2	2	14	19.498	1.57E-05	17719000
46259_WL_MC	5	2	2	14	19.498	1.57E-05	17719000
46261_WL_MC	5	2	2	14	19.498	1.57E-05	17719000
101138_WL_MC	5	2	2	14	19.498	1.57E-05	17719000
156257_WL_MC	5	2	2	14	19.498	1.57E-05	17719000
18058_WL_MC	1	4	3	21.4	20.269	3.65E-11	326930000
50232_WL_MC	2	1	1	2.7	60.164	6.47E-05	15690000
18222_WL_MC	2	1	1	2.7	60.164	6.47E-05	15690000
52568_WL_MC	3	1	1	2	50.967	0.0075577	15486000
70872_WL_MC	3	1	1	2	50.967	0.0075577	15486000
18461_WL_MC	3	1	1	2	50.967	0.0075577	15486000
18778_WL_MC	3	1	1	4.7	29.463	0.010102	12366000
53686_WL_MC	3	1	1	4.7	29.463	0.010102	12366000
42778_WL_MC	3	1	1	4.7	29.463	0.010102	12366000
19027_WL_MC	7	7	7	28.4	30.974	1.14E-27	517720000
31410_WL_MC	7	7	7	28.4	30.974	1.14E-27	517720000
51627_WL_MC	7	7	7	28.4	30.974	1.14E-27	517720000
51625_WL_MC	7	7	7	28.4	30.974	1.14E-27	517720000
51626_WL_MC	7	7	7	28.4	30.974	1.14E-27	517720000
104462_WL_MC	7	7	7	28.4	30.974	1.14E-27	517720000
53703_WL_MC	7	7	7	28.4	30.974	1.14E-27	517720000
19079_WL_MC	1	1	1	2.2	37.134	0.0095029	140100000
19196_WL_MC	5	7	7	36.1	25.482	1.14E-32	1305500000
3046_WL_MC	5	7	7	36.1	25.482	1.14E-32	1305500000
46099_WL_MC	5	7	7	36.1	25.482	1.14E-32	1305500000
3048_WL_MC	5	7	7	36.1	25.482	1.14E-32	1305500000
3047_WL_MC	5	7	7	36.1	25.482	1.14E-32	1305500000
46281_WL_MC	6	1	1	1.9	51.518	0.0023962	11167000
3342_WL_MC	6	1	1	1.9	51.518	0.0023962	11167000
3341_WL_MC	6	1	1	1.9	51.518	0.0023962	11167000
3343_WL_MC	6	1	1	1.9	51.518	0.0023962	11167000
19416_WL_MC	6	1	1	1.9	51.518	0.0023962	11167000
3347_WL_MC	6	1	1	1.9	51.518	0.0023962	11167000
19552_WL_MC	2	13	13	40.2	44.653	1.21E-71	5747800000
105763_WL_MC	2	13	13	40.2	44.653	1.21E-71	5747800000
19575_WL_MC	11	4	4	9.3	56.571	1.07E-11	77429000
105822_WL_MC	11	4	4	9.3	56.571	1.07E-11	77429000
2343_WL_MC	11	4	4	9.3	56.571	1.07E-11	77429000
2344_WL_MC	11	4	4	9.3	56.571	1.07E-11	77429000
2346_WL_MC	11	4	4	9.3	56.571	1.07E-11	77429000
42219_WL_MC	11	4	4	9.3	56.571	1.07E-11	77429000
11937_WL_MC	11	4	4	9.3	56.571	1.07E-11	77429000
2342_WL_MC	11	4	4	9.3	56.571	1.07E-11	77429000
2341_WL_MC	11	4	4	9.3	56.571	1.07E-11	77429000
2345_WL_MC	11	4	4	9.3	56.571	1.07E-11	77429000
42218_WL_MC	11	4	4	9.3	56.571	1.07E-11	77429000
19623_WL_MC	6	4	4	17.5	46.723	1.12E-12	49770000
32016_WL_MC	6	4	4	17.5	46.723	1.12E-12	49770000
50057_WL_MC	6	4	4	17.5	46.723	1.12E-12	49770000
105976_WL_MC	6	4	4	17.5	46.723	1.12E-12	49770000
162469_WL_MC	6	4	4	17.5	46.723	1.12E-12	49770000
162468_WL_MC	6	4	4	17.5	46.723	1.12E-12	49770000
19665_WL_MC	5	5	5	10.1	66.929	2.86E-12	39968000
3515_WL_MC	5	5	5	10.1	66.929	2.86E-12	39968000
3516_WL_MC	5	5	5	10.1	66.929	2.86E-12	39968000
53794_WL_MC	5	5	5	10.1	66.929	2.86E-12	39968000
53793_WL_MC	5	5	5	10.1	66.929	2.86E-12	39968000
19812_WL_MC	3	1	1	7.1	17.875	0.0091071	13618000
692_WL_MC	3	1	1	7.1	17.875	0.0091071	13618000
690_WL_MC	3	1	1	7.1	17.875	0.0091071	13618000
44337_WL_MC	2	1	1	11.9	12.482	0.0023282	9653000
20173_WL_MC	2	1	1	11.9	12.482	0.0023282	9653000
20358_WL_MC	9	8	8	40.2	37.816	2.01E-98	5109400000
32744_WL_MC	9	8	8	40.2	37.816	2.01E-98	5109400000
73747_WL_MC	9	8	8	40.2	37.816	2.01E-98	5109400000
4602_WL_MC	9	8	8	40.2	37.816	2.01E-98	5109400000
4603_WL_MC	9	8	8	40.2	37.816	2.01E-98	5109400000
4604_WL_MC	9	8	8	40.2	37.816	2.01E-98	5109400000
4606_WL_MC	9	8	8	40.2	37.816	2.01E-98	5109400000
4605_WL_MC	9	8	8	40.2	37.816	2.01E-98	5109400000
47048_WL_MC	9	8	8	40.2	37.816	2.01E-98	5109400000
20359_WL_MC	3	3	3	13.2	38.637	7.32E-18	57434000
73748_WL_MC	3	3	3	13.2	38.637	7.32E-18	57434000
2691_WL_MC	3	3	3	13.2	38.637	7.32E-18	57434000
736_WL_MC	4	2	2	14.5	22.674	1.19E-05	191800000
53880_WL_MC	4	2	2	14.5	22.674	1.19E-05	191800000
33074_WL_MC	4	2	2	14.5	22.674	1.19E-05	191800000
20662_WL_MC	4	2	2	14.5	22.674	1.19E-05	191800000
20836_WL_MC	3	2	2	3.8	70.085	0.00024598	0
75638_WL_MC	3	2	2	3.8	70.085	0.00024598	0
46083_WL_MC	3	2	2	3.8	70.085	0.00024598	0
76514_WL_MC	3	1	1	7.2	21.481	0.011756	5607800
33444_WL_MC	3	1	1	7.2	21.481	0.011756	5607800
21047_WL_MC	3	1	1	7.2	21.481	0.011756	5607800
21109_WL_MC	7	9	9	19.1	58.466	1.22E-41	803250000
4685_WL_MC	7	9	9	19.1	58.466	1.22E-41	803250000
47086_WL_MC	7	9	9	19.1	58.466	1.22E-41	803250000
33516_WL_MC	7	9	9	19.1	58.466	1.22E-41	803250000
47085_WL_MC	7	9	9	19.1	58.466	1.22E-41	803250000
76796_WL_MC	7	9	9	19.1	58.466	1.22E-41	803250000
76795_WL_MC	7	9	9	19.1	58.466	1.22E-41	803250000
43783_WL_MC	3	1	1	5.4	25.162	0.0059932	0
4780_WL_MC	3	1	1	5.4	25.162	0.0059932	0
21180_WL_MC	3	1	1	5.4	25.162	0.0059932	0
77604_WL_MC	3	1	1	7.5	15.164	0.011215	34817000
45418_WL_MC	3	1	1	7.5	15.164	0.011215	34817000
21296_WL_MC	3	1	1	7.5	15.164	0.011215	34817000
33728_WL_MC	3	2	1	3.8	40.887	0.0003928	24638000
77656_WL_MC	3	2	1	3.8	40.887	0.0003928	24638000
21311_WL_MC	3	2	1	3.8	40.887	0.0003928	24638000
33888_WL_MC	5	9	9	12.9	78.046	8.27E-238	4809500000
21471_WL_MC	5	9	9	12.9	78.046	8.27E-238	4809500000
49500_WL_MC	5	9	9	12.9	78.046	8.27E-238	4809500000
78294_WL_MC	5	9	9	12.9	78.046	8.27E-238	4809500000
49499_WL_MC	5	9	9	12.9	78.046	8.27E-238	4809500000
78448_WL_MC	5	1	1	3.4	40.832	0.0053671	0
21502_WL_MC	5	1	1	3.4	40.832	0.0053671	0
33920_WL_MC	5	1	1	3.4	40.832	0.0053671	0
44807_WL_MC	5	1	1	3.4	40.832	0.0053671	0
44805_WL_MC	5	1	1	3.4	40.832	0.0053671	0
21592_WL_MC	8	16	1	1.2	75.198	4.66E-68	7785200
78803_WL_MC	8	16	1	1.2	75.198	4.66E-68	7785200
2981_WL_MC	8	16	1	1.2	75.198	4.66E-68	7785200
46060_WL_MC	8	16	1	1.2	75.198	4.66E-68	7785200
2979_WL_MC	8	16	1	1.2	75.198	4.66E-68	7785200
46059_WL_MC	8	16	1	1.2	75.198	4.66E-68	7785200
78802_WL_MC	8	16	1	1.2	75.198	4.66E-68	7785200
137601_WL_MC	8	16	1	1.2	75.198	4.66E-68	7785200
21660_WL_MC	1	5	0	0	22.507	2.74E-11	0
21851_WL_MC	3	5	5	19.7	42.67	6.28E-16	205750000
34282_WL_MC	3	5	5	19.7	42.67	6.28E-16	205750000
79859_WL_MC	3	5	5	19.7	42.67	6.28E-16	205750000
42657_WL_MC	4	1	1	5.7	18.152	0.0026827	43903000
2535_WL_MC	4	1	1	5.7	18.152	0.0026827	43903000
80940_WL_MC	4	1	1	5.7	18.152	0.0026827	43903000
22120_WL_MC	4	1	1	5.7	18.152	0.0026827	43903000
42706_WL_MC	2	1	1	4.8	23.792	0.0076939	0
22152_WL_MC	2	1	1	4.8	23.792	0.0076939	0
22236_WL_MC	2	2	2	19.1	18.745	9.11E-13	221490000
45365_WL_MC	2	2	2	19.1	18.745	9.11E-13	221490000
22248_WL_MC	2	1	1	9.2	15.93	0.0073897	11624000
81457_WL_MC	2	1	1	9.2	15.93	0.0073897	11624000
51854_WL_MC	2	1	1	4.9	36.981	0.00312	3516500
22513_WL_MC	2	1	1	4.9	36.981	0.00312	3516500
22921_WL_MC	1	4	1	16.1	17.262	2.59E-11	9510400
23381_WL_MC	1	5	5	16.7	43.761	4.51E-25	24813000
23393_WL_MC	3	1	1	2.9	36.742	0.0028208	19868000
42974_WL_MC	3	1	1	2.9	36.742	0.0028208	19868000
859_WL_MC	3	1	1	2.9	36.742	0.0028208	19868000
53146_WL_MC	6	1	1	5.3	39.335	0.0098994	3708700
53145_WL_MC	6	1	1	5.3	39.335	0.0098994	3708700
53144_WL_MC	6	1	1	5.3	39.335	0.0098994	3708700
35997_WL_MC	6	1	1	5.3	39.335	0.0098994	3708700
23491_WL_MC	6	1	1	5.3	39.335	0.0098994	3708700
86399_WL_MC	6	1	1	5.3	39.335	0.0098994	3708700
23695_WL_MC	5	7	3	5.4	52.413	5.49E-15	226740000
36216_WL_MC	5	7	3	5.4	52.413	5.49E-15	226740000
87180_WL_MC	5	7	3	5.4	52.413	5.49E-15	226740000
170196_WL_MC	5	7	3	5.4	52.413	5.49E-15	226740000
141666_WL_MC	5	7	3	5.4	52.413	5.49E-15	226740000
23729_WL_MC	1	1	1	6.5	16.162	0.0029107	56694000
23789_WL_MC	2	5	5	22.9	29.714	2.61E-77	9277100000
87631_WL_MC	2	5	5	22.9	29.714	2.61E-77	9277100000
23790_WL_MC	3	7	7	27	28.632	1.17E-47	2352600000
87632_WL_MC	3	7	7	27	28.632	1.17E-47	2352600000
9641_WL_MC	3	7	7	27	28.632	1.17E-47	2352600000
37960_WL_MC	7	1	1	3.2	43.298	0.0061438	0
2395_WL_MC	7	1	1	3.2	43.298	0.0061438	0
54369_WL_MC	7	1	1	3.2	43.298	0.0061438	0
6807_WL_MC	7	1	1	3.2	43.298	0.0061438	0
6804_WL_MC	7	1	1	3.2	43.298	0.0061438	0
6803_WL_MC	7	1	1	3.2	43.298	0.0061438	0
6805_WL_MC	7	1	1	3.2	43.298	0.0061438	0
36619_WL_MC	8	7	7	17.3	36.03	2.92E-14	173120000
24052_WL_MC	8	7	7	17.3	36.03	2.92E-14	173120000
50800_WL_MC	8	7	7	17.3	36.03	2.92E-14	173120000
88704_WL_MC	8	7	7	17.3	36.03	2.92E-14	173120000
20045_WL_MC	8	7	7	17.3	36.03	2.92E-14	173120000
72473_WL_MC	8	7	7	17.3	36.03	2.92E-14	173120000
50801_WL_MC	8	7	7	17.3	36.03	2.92E-14	173120000
88705_WL_MC	8	7	7	17.3	36.03	2.92E-14	173120000
24131_WL_MC	2	2	2	19	18.038	7.59E-09	26562000
46182_WL_MC	2	2	2	19	18.038	7.59E-09	26562000
24310_WL_MC	1	2	2	9.3	22.099	3.93E-06	78428000
36993_WL_MC	4	2	2	9	37.802	3.15E-06	5910000
24413_WL_MC	4	2	2	9	37.802	3.15E-06	5910000
90217_WL_MC	4	2	2	9	37.802	3.15E-06	5910000
154622_WL_MC	4	2	2	9	37.802	3.15E-06	5910000
48805_WL_MC	2	1	1	2.6	76.026	0.0003456	0
24645_WL_MC	2	1	1	2.6	76.026	0.0003456	0
37235_WL_MC	7	13	13	26.9	75.725	1.72E-132	7376000000
24646_WL_MC	7	13	13	26.9	75.725	1.72E-132	7376000000
51507_WL_MC	7	13	13	26.9	75.725	1.72E-132	7376000000
51508_WL_MC	7	13	13	26.9	75.725	1.72E-132	7376000000
54280_WL_MC	7	13	13	26.9	75.725	1.72E-132	7376000000
91045_WL_MC	7	13	13	26.9	75.725	1.72E-132	7376000000
10775_WL_MC	7	13	13	26.9	75.725	1.72E-132	7376000000
24660_WL_MC	3	3	3	11.4	41.823	1.53E-08	25946000
91107_WL_MC	3	3	3	11.4	41.823	1.53E-08	25946000
154803_WL_MC	3	3	3	11.4	41.823	1.53E-08	25946000
46260_WL_MC	2	6	6	20.2	43.61	1.67E-16	105360000
24662_WL_MC	2	6	6	20.2	43.61	1.67E-16	105360000
37637_WL_MC	3	3	3	12.2	34.158	9.32E-10	66649000
25018_WL_MC	3	3	3	12.2	34.158	9.32E-10	66649000
49573_WL_MC	3	3	3	12.2	34.158	9.32E-10	66649000
37662_WL_MC	3	8	8	47.2	24.732	1.81E-26	616570000
25038_WL_MC	3	8	8	47.2	24.732	1.81E-26	616570000
92522_WL_MC	3	8	8	47.2	24.732	1.81E-26	616570000
49853_WL_MC	10	3	3	6.9	54.051	1.02E-09	672930000
49856_WL_MC	10	3	3	6.9	54.051	1.02E-09	672930000
49854_WL_MC	10	3	3	6.9	54.051	1.02E-09	672930000
37826_WL_MC	10	3	3	6.9	54.051	1.02E-09	672930000
54354_WL_MC	10	3	3	6.9	54.051	1.02E-09	672930000
54356_WL_MC	10	3	3	6.9	54.051	1.02E-09	672930000
49855_WL_MC	10	3	3	6.9	54.051	1.02E-09	672930000
54355_WL_MC	10	3	3	6.9	54.051	1.02E-09	672930000
25204_WL_MC	10	3	3	6.9	54.051	1.02E-09	672930000
93102_WL_MC	10	3	3	6.9	54.051	1.02E-09	672930000
37832_WL_MC	2	1	1	3.9	49.616	8.11E-05	28231000
25209_WL_MC	2	1	1	3.9	49.616	8.11E-05	28231000
25231_WL_MC	1	1	1	2.2	42.139	0.0033235	149320000
25255_WL_MC	5	7	7	34.5	36.966	9.25E-65	990160000
93300_WL_MC	5	7	7	34.5	36.966	9.25E-65	990160000
144254_WL_MC	5	7	7	34.5	36.966	9.25E-65	990160000
14544_WL_MC	5	7	7	34.5	36.966	9.25E-65	990160000
14545_WL_MC	5	7	7	34.5	36.966	9.25E-65	990160000
25273_WL_MC	3	1	1	5.9	27.426	0.00089586	15416000
43353_WL_MC	3	1	1	5.9	27.426	0.00089586	15416000
93379_WL_MC	3	1	1	5.9	27.426	0.00089586	15416000
25986_WL_MC	1	2	2	8.6	25.399	0.00079959	13295000
26062_WL_MC	6	3	3	10.8	43.656	1.63E-07	38520000
44531_WL_MC	6	3	3	10.8	43.656	1.63E-07	38520000
44533_WL_MC	6	3	3	10.8	43.656	1.63E-07	38520000
53335_WL_MC	6	3	3	10.8	43.656	1.63E-07	38520000
44532_WL_MC	6	3	3	10.8	43.656	1.63E-07	38520000
168197_WL_MC	6	3	3	10.8	43.656	1.63E-07	38520000
26164_WL_MC	3	2	2	10.6	42.644	0.00032064	26985000
46566_WL_MC	3	2	2	10.6	42.644	0.00032064	26985000
53358_WL_MC	3	2	2	10.6	42.644	0.00032064	26985000
26178_WL_MC	3	1	1	3.2	43.77	0.0095581	0
38841_WL_MC	3	1	1	3.2	43.77	0.0095581	0
96525_WL_MC	3	1	1	3.2	43.77	0.0095581	0
48321_WL_MC	3	1	1	0.9	156.41	0.0055862	10933000
48320_WL_MC	3	1	1	0.9	156.41	0.0055862	10933000
26227_WL_MC	3	1	1	0.9	156.41	0.0055862	10933000
38947_WL_MC	5	3	2	3.5	70.045	1.14E-05	35295000
26298_WL_MC	5	3	2	3.5	70.045	1.14E-05	35295000
50705_WL_MC	5	3	2	3.5	70.045	1.14E-05	35295000
96840_WL_MC	5	3	2	3.5	70.045	1.14E-05	35295000
96838_WL_MC	5	3	2	3.5	70.045	1.14E-05	35295000
96849_WL_MC	5	2	2	6	51.573	7.53E-11	9367700
38951_WL_MC	5	2	2	6	51.573	7.53E-11	9367700
26303_WL_MC	5	2	2	6	51.573	7.53E-11	9367700
145598_WL_MC	5	2	2	6	51.573	7.53E-11	9367700
145602_WL_MC	5	2	2	6	51.573	7.53E-11	9367700
26310_WL_MC	8	2	2	12.5	33.492	1.38E-11	73123000
49079_WL_MC	8	2	2	12.5	33.492	1.38E-11	73123000
38956_WL_MC	8	2	2	12.5	33.492	1.38E-11	73123000
96875_WL_MC	8	2	2	12.5	33.492	1.38E-11	73123000
49077_WL_MC	8	2	2	12.5	33.492	1.38E-11	73123000
53379_WL_MC	8	2	2	12.5	33.492	1.38E-11	73123000
49078_WL_MC	8	2	2	12.5	33.492	1.38E-11	73123000
53380_WL_MC	8	2	2	12.5	33.492	1.38E-11	73123000
26323_WL_MC	3	1	1	2.1	61.781	0.0044295	4006300
48628_WL_MC	3	1	1	2.1	61.781	0.0044295	4006300
96904_WL_MC	3	1	1	2.1	61.781	0.0044295	4006300
26336_WL_MC	13	1	1	0.4	451.49	0.00082932	12299000
48818_WL_MC	13	1	1	0.4	451.49	0.00082932	12299000
48821_WL_MC	13	1	1	0.4	451.49	0.00082932	12299000
53390_WL_MC	13	1	1	0.4	451.49	0.00082932	12299000
53393_WL_MC	13	1	1	0.4	451.49	0.00082932	12299000
48816_WL_MC	13	1	1	0.4	451.49	0.00082932	12299000
48819_WL_MC	13	1	1	0.4	451.49	0.00082932	12299000
48820_WL_MC	13	1	1	0.4	451.49	0.00082932	12299000
53388_WL_MC	13	1	1	0.4	451.49	0.00082932	12299000
53391_WL_MC	13	1	1	0.4	451.49	0.00082932	12299000
53392_WL_MC	13	1	1	0.4	451.49	0.00082932	12299000
48817_WL_MC	13	1	1	0.4	451.49	0.00082932	12299000
53389_WL_MC	13	1	1	0.4	451.49	0.00082932	12299000
26359_WL_MC	3	6	6	19.3	44.012	9.76E-16	126820000
43826_WL_MC	3	6	6	19.3	44.012	9.76E-16	126820000
97026_WL_MC	3	6	6	19.3	44.012	9.76E-16	126820000
42993_WL_MC	5	1	1	2.8	41.524	0.00017361	27875000
97156_WL_MC	5	1	1	2.8	41.524	0.00017361	27875000
39040_WL_MC	5	1	1	2.8	41.524	0.00017361	27875000
26405_WL_MC	5	1	1	2.8	41.524	0.00017361	27875000
85175_WL_MC	5	1	1	2.8	41.524	0.00017361	27875000
7093_WL_MC	9	1	1	1.9	88.52	0.0083721	0
7083_WL_MC	9	1	1	1.9	88.52	0.0083721	0
7090_WL_MC	9	1	1	1.9	88.52	0.0083721	0
7086_WL_MC	9	1	1	1.9	88.52	0.0083721	0
7088_WL_MC	9	1	1	1.9	88.52	0.0083721	0
7087_WL_MC	9	1	1	1.9	88.52	0.0083721	0
97464_WL_MC	9	1	1	1.9	88.52	0.0083721	0
26513_WL_MC	9	1	1	1.9	88.52	0.0083721	0
39142_WL_MC	9	1	1	1.9	88.52	0.0083721	0
49954_WL_MC	3	1	1	3	49.147	0.0027847	0
26783_WL_MC	3	1	1	3	49.147	0.0027847	0
58418_WL_MC	3	1	1	3	49.147	0.0027847	0
26901_WL_MC	6	19	0	0	57.822	2.30E-185	46581000
9467_WL_MC	6	19	0	0	57.822	2.30E-185	46581000
146754_WL_MC	6	19	0	0	57.822	2.30E-185	46581000
146755_WL_MC	6	19	0	0	57.822	2.30E-185	46581000
152476_WL_MC	6	19	0	0	57.822	2.30E-185	46581000
163126_WL_MC	6	19	0	0	57.822	2.30E-185	46581000
43510_WL_MC	4	1	1	3.7	41.822	0.0068885	28041000
39933_WL_MC	4	1	1	3.7	41.822	0.0068885	28041000
60384_WL_MC	4	1	1	3.7	41.822	0.0068885	28041000
27296_WL_MC	4	1	1	3.7	41.822	0.0068885	28041000
40158_WL_MC	3	2	2	12.6	26.684	1.23E-29	2477700000
27527_WL_MC	3	2	2	12.6	26.684	1.23E-29	2477700000
61214_WL_MC	3	2	2	12.6	26.684	1.23E-29	2477700000
27584_WL_MC	6	4	4	9	69.514	1.72E-08	88973000
40222_WL_MC	6	4	4	9	69.514	1.72E-08	88973000
61437_WL_MC	6	4	4	9	69.514	1.72E-08	88973000
153993_WL_MC	6	4	4	9	69.514	1.72E-08	88973000
160638_WL_MC	6	4	4	9	69.514	1.72E-08	88973000
53517_WL_MC	6	4	4	9	69.514	1.72E-08	88973000
27950_WL_MC	2	2	2	9	31.53	2.23E-05	11502000
62837_WL_MC	2	2	2	9	31.53	2.23E-05	11502000
40866_WL_MC	8	2	2	4.2	61.753	9.98E-05	6334400
28200_WL_MC	8	2	2	4.2	61.753	9.98E-05	6334400
5097_WL_MC	8	2	2	4.2	61.753	9.98E-05	6334400
63801_WL_MC	8	2	2	4.2	61.753	9.98E-05	6334400
158243_WL_MC	8	2	2	4.2	61.753	9.98E-05	6334400
53561_WL_MC	8	2	2	4.2	61.753	9.98E-05	6334400
47305_WL_MC	8	2	2	4.2	61.753	9.98E-05	6334400
63802_WL_MC	8	2	2	4.2	61.753	9.98E-05	6334400
52703_WL_MC	7	1	1	0.4	188.72	0.0037506	205980000
52704_WL_MC	7	1	1	0.4	188.72	0.0037506	205980000
52702_WL_MC	7	1	1	0.4	188.72	0.0037506	205980000
28202_WL_MC	7	1	1	0.4	188.72	0.0037506	205980000
63806_WL_MC	7	1	1	0.4	188.72	0.0037506	205980000
53563_WL_MC	7	1	1	0.4	188.72	0.0037506	205980000
53562_WL_MC	7	1	1	0.4	188.72	0.0037506	205980000
51908_WL_MC	11	7	7	21.1	44.229	2.65E-26	878980000
28241_WL_MC	11	7	7	21.1	44.229	2.65E-26	878980000
40914_WL_MC	11	7	7	21.1	44.229	2.65E-26	878980000
51905_WL_MC	11	7	7	21.1	44.229	2.65E-26	878980000
51907_WL_MC	11	7	7	21.1	44.229	2.65E-26	878980000
63957_WL_MC	11	7	7	21.1	44.229	2.65E-26	878980000
51903_WL_MC	11	7	7	21.1	44.229	2.65E-26	878980000
51906_WL_MC	11	7	7	21.1	44.229	2.65E-26	878980000
63958_WL_MC	11	7	7	21.1	44.229	2.65E-26	878980000
51904_WL_MC	11	7	7	21.1	44.229	2.65E-26	878980000
165318_WL_MC	11	7	7	21.1	44.229	2.65E-26	878980000
29213_WL_MC	1	2	2	9.2	34.2	3.15E-05	2429800
30712_WL_MC	1	1	1	5.9	21.861	0.0022214	9825800
30775_WL_MC	1	2	2	16.8	20.095	1.66E-08	18128000
5800_WL_MC	5	1	1	4.2	33.525	0.0026312	6741400
5799_WL_MC	5	1	1	4.2	33.525	0.0026312	6741400
30851_WL_MC	5	1	1	4.2	33.525	0.0026312	6741400
5801_WL_MC	5	1	1	4.2	33.525	0.0026312	6741400
5802_WL_MC	5	1	1	4.2	33.525	0.0026312	6741400
3100_WL_MC	1	4	4	17.6	28.374	4.51E-26	109760000
32922_WL_MC	4	2	2	3.3	91.04	0.00035262	18478000
74470_WL_MC	4	2	2	3.3	91.04	0.00035262	18478000
49400_WL_MC	4	2	2	3.3	91.04	0.00035262	18478000
7997_WL_MC	4	2	2	3.3	91.04	0.00035262	18478000
33206_WL_MC	4	2	2	16.9	14.664	9.26E-05	69103000
75516_WL_MC	4	2	2	16.9	14.664	9.26E-05	69103000
42412_WL_MC	4	2	2	16.9	14.664	9.26E-05	69103000
20800_WL_MC	4	2	2	16.9	14.664	9.26E-05	69103000
75892_WL_MC	4	1	1	3.3	41.838	0.0044785	13311000
33288_WL_MC	4	1	1	3.3	41.838	0.0044785	13311000
44808_WL_MC	4	1	1	3.3	41.838	0.0044785	13311000
44806_WL_MC	4	1	1	3.3	41.838	0.0044785	13311000
33593_WL_MC	2	3	3	5.8	60.97	1.17E-06	17322000
44355_WL_MC	2	3	3	5.8	60.97	1.17E-06	17322000
33994_WL_MC	5	16	1	2.6	75.494	6.74E-78	1495000000
46058_WL_MC	5	16	1	2.6	75.494	6.74E-78	1495000000
2978_WL_MC	5	16	1	2.6	75.494	6.74E-78	1495000000
46057_WL_MC	5	16	1	2.6	75.494	6.74E-78	1495000000
2980_WL_MC	5	16	1	2.6	75.494	6.74E-78	1495000000
79114_WL_MC	7	2	2	16.3	18.198	2.76E-05	5912200
34086_WL_MC	7	2	2	16.3	18.198	2.76E-05	5912200
137782_WL_MC	7	2	2	16.3	18.198	2.76E-05	5912200
165939_WL_MC	7	2	2	16.3	18.198	2.76E-05	5912200
165938_WL_MC	7	2	2	16.3	18.198	2.76E-05	5912200
11800_WL_MC	7	2	2	16.3	18.198	2.76E-05	5912200
11801_WL_MC	7	2	2	16.3	18.198	2.76E-05	5912200
34224_WL_MC	25	14	14	27	85.281	2.58E-73	1108900000
11571_WL_MC	25	14	14	27	85.281	2.58E-73	1108900000
11570_WL_MC	25	14	14	27	85.281	2.58E-73	1108900000
11572_WL_MC	25	14	14	27	85.281	2.58E-73	1108900000
79619_WL_MC	25	14	14	27	85.281	2.58E-73	1108900000
165720_WL_MC	25	14	14	27	85.281	2.58E-73	1108900000
21794_WL_MC	25	14	14	27	85.281	2.58E-73	1108900000
165721_WL_MC	25	14	14	27	85.281	2.58E-73	1108900000
53977_WL_MC	25	14	14	27	85.281	2.58E-73	1108900000
165722_WL_MC	25	14	14	27	85.281	2.58E-73	1108900000
165717_WL_MC	25	14	14	27	85.281	2.58E-73	1108900000
11568_WL_MC	25	14	14	27	85.281	2.58E-73	1108900000
52114_WL_MC	25	14	14	27	85.281	2.58E-73	1108900000
53976_WL_MC	25	14	14	27	85.281	2.58E-73	1108900000
11564_WL_MC	25	14	14	27	85.281	2.58E-73	1108900000
165724_WL_MC	25	14	14	27	85.281	2.58E-73	1108900000
53981_WL_MC	25	14	14	27	85.281	2.58E-73	1108900000
53980_WL_MC	25	14	14	27	85.281	2.58E-73	1108900000
11563_WL_MC	25	14	14	27	85.281	2.58E-73	1108900000
53979_WL_MC	25	14	14	27	85.281	2.58E-73	1108900000
11566_WL_MC	25	14	14	27	85.281	2.58E-73	1108900000
11565_WL_MC	25	14	14	27	85.281	2.58E-73	1108900000
11569_WL_MC	25	14	14	27	85.281	2.58E-73	1108900000
165723_WL_MC	25	14	14	27	85.281	2.58E-73	1108900000
11567_WL_MC	25	14	14	27	85.281	2.58E-73	1108900000
35568_WL_MC	8	3	3	12.6	43.862	5.25E-08	34149000
51407_WL_MC	8	3	3	12.6	43.862	5.25E-08	34149000
51410_WL_MC	8	3	3	12.6	43.862	5.25E-08	34149000
51411_WL_MC	8	3	3	12.6	43.862	5.25E-08	34149000
51409_WL_MC	8	3	3	12.6	43.862	5.25E-08	34149000
51408_WL_MC	8	3	3	12.6	43.862	5.25E-08	34149000
54117_WL_MC	8	3	3	12.6	43.862	5.25E-08	34149000
51406_WL_MC	8	3	3	12.6	43.862	5.25E-08	34149000
49959_WL_MC	3	10	10	28.2	46.503	1.21E-64	1999800000
35825_WL_MC	3	10	10	28.2	46.503	1.21E-64	1999800000
85700_WL_MC	3	10	10	28.2	46.503	1.21E-64	1999800000
35888_WL_MC	3	2	2	17.1	20.021	1.09E-16	261610000
54136_WL_MC	3	2	2	17.1	20.021	1.09E-16	261610000
85955_WL_MC	3	2	2	17.1	20.021	1.09E-16	261610000
46465_WL_MC	3	1	1	5	22.555	0.010795	12941000
3663_WL_MC	3	1	1	5	22.555	0.010795	12941000
46466_WL_MC	3	1	1	5	22.555	0.010795	12941000
90231_WL_MC	5	2	2	16.5	20.693	7.63E-06	47898000
49839_WL_MC	5	2	2	16.5	20.693	7.63E-06	47898000
36994_WL_MC	5	2	2	16.5	20.693	7.63E-06	47898000
24416_WL_MC	5	2	2	16.5	20.693	7.63E-06	47898000
49838_WL_MC	5	2	2	16.5	20.693	7.63E-06	47898000
3700_WL_MC	7	4	4	13.3	50.328	4.44E-12	52187000
46503_WL_MC	7	4	4	13.3	50.328	4.44E-12	52187000
3701_WL_MC	7	4	4	13.3	50.328	4.44E-12	52187000
3702_WL_MC	7	4	4	13.3	50.328	4.44E-12	52187000
104832_WL_MC	7	4	4	13.3	50.328	4.44E-12	52187000
19163_WL_MC	7	4	4	13.3	50.328	4.44E-12	52187000
100576_WL_MC	7	4	4	13.3	50.328	4.44E-12	52187000
37112_WL_MC	7	23	23	20.6	173.22	2.95E-103	2295000000
24529_WL_MC	7	23	23	20.6	173.22	2.95E-103	2295000000
166590_WL_MC	7	23	23	20.6	173.22	2.95E-103	2295000000
90626_WL_MC	7	23	23	20.6	173.22	2.95E-103	2295000000
46376_WL_MC	7	23	23	20.6	173.22	2.95E-103	2295000000
90625_WL_MC	7	23	23	20.6	173.22	2.95E-103	2295000000
54268_WL_MC	7	23	23	20.6	173.22	2.95E-103	2295000000
3777_WL_MC	7	6	6	36	26.109	2.14E-18	128300000
3778_WL_MC	7	6	6	36	26.109	2.14E-18	128300000
18273_WL_MC	7	6	6	36	26.109	2.14E-18	128300000
30711_WL_MC	7	6	6	36	26.109	2.14E-18	128300000
102539_WL_MC	7	6	6	36	26.109	2.14E-18	128300000
3779_WL_MC	7	6	6	36	26.109	2.14E-18	128300000
46544_WL_MC	7	6	6	36	26.109	2.14E-18	128300000
94708_WL_MC	2	1	1	6.5	18.726	0.0035493	7067900
38299_WL_MC	2	1	1	6.5	18.726	0.0035493	7067900
97214_WL_MC	5	14	14	14.1	129.28	9.58E-40	573300000
39059_WL_MC	5	14	14	14.1	129.28	9.58E-40	573300000
145790_WL_MC	5	14	14	14.1	129.28	9.58E-40	573300000
145791_WL_MC	5	14	14	14.1	129.28	9.58E-40	573300000
1612_WL_MC	5	14	14	14.1	129.28	9.58E-40	573300000
39151_WL_MC	3	4	2	9.7	21.832	2.86E-20	173590000
26523_WL_MC	3	4	2	9.7	21.832	2.86E-20	173590000
153781_WL_MC	3	4	2	9.7	21.832	2.86E-20	173590000
39531_WL_MC	2	20	0	0	55.384	1.28E-211	11103000000
117_WL_MC	2	20	0	0	55.384	1.28E-211	11103000000
39611_WL_MC	3	1	1	7.5	13.811	0.01543	8025600
9452_WL_MC	3	1	1	7.5	13.811	0.01543	8025600
9449_WL_MC	3	1	1	7.5	13.811	0.01543	8025600
43381_WL_MC	5	2	2	12.5	23.188	2.56E-06	21692000
43372_WL_MC	5	2	2	12.5	23.188	2.56E-06	21692000
40228_WL_MC	5	2	2	12.5	23.188	2.56E-06	21692000
49148_WL_MC	5	2	2	12.5	23.188	2.56E-06	21692000
61453_WL_MC	5	2	2	12.5	23.188	2.56E-06	21692000
42381_WL_MC	7	7	7	21.8	50.612	1.99E-28	94299000
46697_WL_MC	7	7	7	21.8	50.612	1.99E-28	94299000
53849_WL_MC	7	7	7	21.8	50.612	1.99E-28	94299000
4049_WL_MC	7	7	7	21.8	50.612	1.99E-28	94299000
73383_WL_MC	7	7	7	21.8	50.612	1.99E-28	94299000
4048_WL_MC	7	7	7	21.8	50.612	1.99E-28	94299000
4047_WL_MC	7	7	7	21.8	50.612	1.99E-28	94299000
4050_WL_MC	3	1	1	0.6	189.76	0.0050867	7524400
46698_WL_MC	3	1	1	0.6	189.76	0.0050867	7524400
63183_WL_MC	3	1	1	0.6	189.76	0.0050867	7524400
4122_WL_MC	5	4	2	12.6	26.403	5.03E-13	45129000
4125_WL_MC	5	4	2	12.6	26.403	5.03E-13	45129000
4123_WL_MC	5	4	2	12.6	26.403	5.03E-13	45129000
4124_WL_MC	5	4	2	12.6	26.403	5.03E-13	45129000
17007_WL_MC	5	4	2	12.6	26.403	5.03E-13	45129000
53262_WL_MC	6	2	2	7.7	36.651	7.65E-05	24497000
41292_WL_MC	6	2	2	7.7	36.651	7.65E-05	24497000
53265_WL_MC	6	2	2	7.7	36.651	7.65E-05	24497000
53264_WL_MC	6	2	2	7.7	36.651	7.65E-05	24497000
65409_WL_MC	6	2	2	7.7	36.651	7.65E-05	24497000
13187_WL_MC	6	2	2	7.7	36.651	7.65E-05	24497000
41586_WL_MC	7	10	10	24.8	46.572	5.48E-23	528890000
13807_WL_MC	7	10	10	24.8	46.572	5.48E-23	528890000
53637_WL_MC	7	10	10	24.8	46.572	5.48E-23	528890000
53639_WL_MC	7	10	10	24.8	46.572	5.48E-23	528890000
168214_WL_MC	7	10	10	24.8	46.572	5.48E-23	528890000
13806_WL_MC	7	10	10	24.8	46.572	5.48E-23	528890000
53638_WL_MC	7	10	10	24.8	46.572	5.48E-23	528890000
41596_WL_MC	3	5	4	10.8	41.847	3.00E-10	136650000
28939_WL_MC	3	5	4	10.8	41.847	3.00E-10	136650000
53203_WL_MC	3	5	4	10.8	41.847	3.00E-10	136650000
41713_WL_MC	1	1	1	3.8	40.543	0.0009335	114670000
42555_WL_MC	2	2	1	13.5	13.657	7.68E-20	32368000
48451_WL_MC	2	2	1	13.5	13.657	7.68E-20	32368000
42570_WL_MC	6	3	3	11.6	52.022	4.48E-40	466640000
47136_WL_MC	6	3	3	11.6	52.022	4.48E-40	466640000
22382_WL_MC	6	3	3	11.6	52.022	4.48E-40	466640000
34841_WL_MC	6	3	3	11.6	52.022	4.48E-40	466640000
73041_WL_MC	6	3	3	11.6	52.022	4.48E-40	466640000
81950_WL_MC	6	3	3	11.6	52.022	4.48E-40	466640000
42610_WL_MC	1	2	2	9.2	16.741	1.68E-10	93200000
42743_WL_MC	1	1	1	5.9	35.751	0.0082909	30448000
42781_WL_MC	3	2	2	21.6	11.468	6.54E-05	31470000
1549_WL_MC	3	2	2	21.6	11.468	6.54E-05	31470000
1550_WL_MC	3	2	2	21.6	11.468	6.54E-05	31470000
42821_WL_MC	2	2	2	7.2	46.234	5.72E-06	21284000
360_WL_MC	2	2	2	7.2	46.234	5.72E-06	21284000
43018_WL_MC	1	4	4	26.5	20.917	2.21E-11	80224000
43061_WL_MC	1	1	1	3.8	52.503	4.41E-06	14740000
43074_WL_MC	17	12	12	20.9	83.202	7.50E-48	2420900000
47000_WL_MC	17	12	12	20.9	83.202	7.50E-48	2420900000
46999_WL_MC	17	12	12	20.9	83.202	7.50E-48	2420900000
46998_WL_MC	17	12	12	20.9	83.202	7.50E-48	2420900000
30589_WL_MC	17	12	12	20.9	83.202	7.50E-48	2420900000
102201_WL_MC	17	12	12	20.9	83.202	7.50E-48	2420900000
131279_WL_MC	17	12	12	20.9	83.202	7.50E-48	2420900000
43051_WL_MC	17	12	12	20.9	83.202	7.50E-48	2420900000
21745_WL_MC	17	12	12	20.9	83.202	7.50E-48	2420900000
79430_WL_MC	17	12	12	20.9	83.202	7.50E-48	2420900000
23559_WL_MC	17	12	12	20.9	83.202	7.50E-48	2420900000
23500_WL_MC	17	12	12	20.9	83.202	7.50E-48	2420900000
106221_WL_MC	17	12	12	20.9	83.202	7.50E-48	2420900000
98195_WL_MC	17	12	12	20.9	83.202	7.50E-48	2420900000
15827_WL_MC	17	12	12	20.9	83.202	7.50E-48	2420900000
16767_WL_MC	17	12	12	20.9	83.202	7.50E-48	2420900000
98681_WL_MC	17	12	12	20.9	83.202	7.50E-48	2420900000
43116_WL_MC	10	52	20	19.5	161.69	0	40153000000
41498_WL_MC	10	52	20	19.5	161.69	0	40153000000
28835_WL_MC	10	52	20	19.5	161.69	0	40153000000
43109_WL_MC	10	52	20	19.5	161.69	0	40153000000
66162_WL_MC	10	52	20	19.5	161.69	0	40153000000
1168_WL_MC	10	52	20	19.5	161.69	0	40153000000
1174_WL_MC	10	52	20	19.5	161.69	0	40153000000
153790_WL_MC	10	52	20	19.5	161.69	0	40153000000
66161_WL_MC	10	52	20	19.5	161.69	0	40153000000
153780_WL_MC	10	52	20	19.5	161.69	0	40153000000
43321_WL_MC	1	2	2	2.6	88.092	0.0005919	41205000
43323_WL_MC	1	12	12	31.8	35.778	5.02E-43	1669600000
4345_WL_MC	1	1	1	4.3	18.977	0.0061285	37168000
43535_WL_MC	7	5	5	25.6	30.814	2.79E-11	59138000
43534_WL_MC	7	5	5	25.6	30.814	2.79E-11	59138000
43536_WL_MC	7	5	5	25.6	30.814	2.79E-11	59138000
68191_WL_MC	7	5	5	25.6	30.814	2.79E-11	59138000
29380_WL_MC	7	5	5	25.6	30.814	2.79E-11	59138000
29379_WL_MC	7	5	5	25.6	30.814	2.79E-11	59138000
68190_WL_MC	7	5	5	25.6	30.814	2.79E-11	59138000
43555_WL_MC	3	1	1	6.9	20.909	0.0083746	5707500
95699_WL_MC	3	1	1	6.9	20.909	0.0083746	5707500
43554_WL_MC	3	1	1	6.9	20.909	0.0083746	5707500
43716_WL_MC	5	13	13	37.7	40.256	9.82E-32	1080900000
78531_WL_MC	5	13	13	37.7	40.256	9.82E-32	1080900000
43715_WL_MC	5	13	13	37.7	40.256	9.82E-32	1080900000
21526_WL_MC	5	13	13	37.7	40.256	9.82E-32	1080900000
137467_WL_MC	5	13	13	37.7	40.256	9.82E-32	1080900000
43874_WL_MC	4	13	13	45.1	33.452	5.37E-74	3796100000
47132_WL_MC	4	13	13	45.1	33.452	5.37E-74	3796100000
47133_WL_MC	4	13	13	45.1	33.452	5.37E-74	3796100000
157873_WL_MC	4	13	13	45.1	33.452	5.37E-74	3796100000
43875_WL_MC	11	5	5	18.3	35.778	2.79E-10	123430000
6405_WL_MC	11	5	5	18.3	35.778	2.79E-10	123430000
6384_WL_MC	11	5	5	18.3	35.778	2.79E-10	123430000
159615_WL_MC	11	5	5	18.3	35.778	2.79E-10	123430000
6374_WL_MC	11	5	5	18.3	35.778	2.79E-10	123430000
6375_WL_MC	11	5	5	18.3	35.778	2.79E-10	123430000
6398_WL_MC	11	5	5	18.3	35.778	2.79E-10	123430000
6396_WL_MC	11	5	5	18.3	35.778	2.79E-10	123430000
64608_WL_MC	11	5	5	18.3	35.778	2.79E-10	123430000
150120_WL_MC	11	5	5	18.3	35.778	2.79E-10	123430000
150123_WL_MC	11	5	5	18.3	35.778	2.79E-10	123430000
43991_WL_MC	1	1	1	3.6	42.363	0.0057334	3147600
44341_WL_MC	1	2	2	5.1	49.136	0.00013688	46054000
44360_WL_MC	2	3	3	11.5	30.015	8.05E-07	142020000
133643_WL_MC	2	3	3	11.5	30.015	8.05E-07	142020000
44829_WL_MC	2	1	1	13.6	14.266	2.33E-05	53699000
94411_WL_MC	2	1	1	13.6	14.266	2.33E-05	53699000
44926_WL_MC	3	3	3	15	23.527	7.03E-07	167560000
44927_WL_MC	3	3	3	15	23.527	7.03E-07	167560000
86076_WL_MC	3	3	3	15	23.527	7.03E-07	167560000
44930_WL_MC	3	5	2	9.1	50.199	4.15E-37	555420000
18937_WL_MC	3	5	2	9.1	50.199	4.15E-37	555420000
104208_WL_MC	3	5	2	9.1	50.199	4.15E-37	555420000
45372_WL_MC	3	3	3	16	20.747	1.29E-12	307300000
45373_WL_MC	3	3	3	16	20.747	1.29E-12	307300000
131559_WL_MC	3	3	3	16	20.747	1.29E-12	307300000
95941_WL_MC	3	2	2	10.4	32.972	6.97E-08	33194000
45417_WL_MC	3	2	2	10.4	32.972	6.97E-08	33194000
26000_WL_MC	3	2	2	10.4	32.972	6.97E-08	33194000
45480_WL_MC	1	1	1	9.8	17.989	0.00016566	14896000
45517_WL_MC	2	2	2	13.4	16.766	3.82E-05	335560000
19919_WL_MC	2	2	2	13.4	16.766	3.82E-05	335560000
45593_WL_MC	1	1	1	8.4	15.713	0.0060949	0
46087_WL_MC	1	2	2	28.3	11.224	3.95E-08	13255000
46102_WL_MC	1	1	1	5.3	20.002	0.0086247	0
46265_WL_MC	9	5	5	7.1	107.36	8.51E-15	59144000
46263_WL_MC	9	5	5	7.1	107.36	8.51E-15	59144000
46264_WL_MC	9	5	5	7.1	107.36	8.51E-15	59144000
46262_WL_MC	9	5	5	7.1	107.36	8.51E-15	59144000
38427_WL_MC	9	5	5	7.1	107.36	8.51E-15	59144000
22864_WL_MC	9	5	5	7.1	107.36	8.51E-15	59144000
35377_WL_MC	9	5	5	7.1	107.36	8.51E-15	59144000
95162_WL_MC	9	5	5	7.1	107.36	8.51E-15	59144000
25754_WL_MC	9	5	5	7.1	107.36	8.51E-15	59144000
46368_WL_MC	3	9	9	49.4	19.994	1.68E-20	375530000
18849_WL_MC	3	9	9	49.4	19.994	1.68E-20	375530000
96601_WL_MC	3	9	9	49.4	19.994	1.68E-20	375530000
46458_WL_MC	7	7	7	19.9	44.388	3.00E-69	548360000
46456_WL_MC	7	7	7	19.9	44.388	3.00E-69	548360000
41922_WL_MC	7	7	7	19.9	44.388	3.00E-69	548360000
46455_WL_MC	7	7	7	19.9	44.388	3.00E-69	548360000
53658_WL_MC	7	7	7	19.9	44.388	3.00E-69	548360000
46457_WL_MC	7	7	7	19.9	44.388	3.00E-69	548360000
156626_WL_MC	7	7	7	19.9	44.388	3.00E-69	548360000
46495_WL_MC	1	5	5	32.3	17.46	1.46E-12	77533000
46709_WL_MC	2	4	4	20.6	24.205	9.48E-12	43982000
46708_WL_MC	2	4	4	20.6	24.205	9.48E-12	43982000
46725_WL_MC	2	5	5	19.7	38.802	1.21E-27	122740000
46726_WL_MC	2	5	5	19.7	38.802	1.21E-27	122740000
4680_WL_MC	9	10	10	23.3	66.471	9.37E-23	423330000
4679_WL_MC	9	10	10	23.3	66.471	9.37E-23	423330000
4678_WL_MC	9	10	10	23.3	66.471	9.37E-23	423330000
47078_WL_MC	9	10	10	23.3	66.471	9.37E-23	423330000
87209_WL_MC	9	10	10	23.3	66.471	9.37E-23	423330000
87208_WL_MC	9	10	10	23.3	66.471	9.37E-23	423330000
19618_WL_MC	9	10	10	23.3	66.471	9.37E-23	423330000
133444_WL_MC	9	10	10	23.3	66.471	9.37E-23	423330000
105960_WL_MC	9	10	10	23.3	66.471	9.37E-23	423330000
46847_WL_MC	2	3	3	25	19.234	2.76E-06	30944000
53515_WL_MC	2	3	3	25	19.234	2.76E-06	30944000
46883_WL_MC	2	4	4	23.7	28.851	1.74E-19	120020000
53727_WL_MC	2	4	4	23.7	28.851	1.74E-19	120020000
46909_WL_MC	1	1	1	5.6	20.871	0.00084207	8481400
46974_WL_MC	6	3	3	10.5	33.485	2.48E-10	630060000
103635_WL_MC	6	3	3	10.5	33.485	2.48E-10	630060000
4498_WL_MC	6	3	3	10.5	33.485	2.48E-10	630060000
4499_WL_MC	6	3	3	10.5	33.485	2.48E-10	630060000
157544_WL_MC	6	3	3	10.5	33.485	2.48E-10	630060000
157545_WL_MC	6	3	3	10.5	33.485	2.48E-10	630060000
47245_WL_MC	3	3	3	9	42.711	5.34E-10	25487000
18068_WL_MC	3	3	3	9	42.711	5.34E-10	25487000
101890_WL_MC	3	3	3	9	42.711	5.34E-10	25487000
47282_WL_MC	35	12	12	24.8	78.238	7.29E-54	386340000
5043_WL_MC	35	12	12	24.8	78.238	7.29E-54	386340000
5053_WL_MC	35	12	12	24.8	78.238	7.29E-54	386340000
5044_WL_MC	35	12	12	24.8	78.238	7.29E-54	386340000
35367_WL_MC	35	12	12	24.8	78.238	7.29E-54	386340000
83928_WL_MC	35	12	12	24.8	78.238	7.29E-54	386340000
22858_WL_MC	35	12	12	24.8	78.238	7.29E-54	386340000
5048_WL_MC	35	12	12	24.8	78.238	7.29E-54	386340000
5030_WL_MC	35	12	12	24.8	78.238	7.29E-54	386340000
5049_WL_MC	35	12	12	24.8	78.238	7.29E-54	386340000
5031_WL_MC	35	12	12	24.8	78.238	7.29E-54	386340000
47283_WL_MC	35	12	12	24.8	78.238	7.29E-54	386340000
158168_WL_MC	35	12	12	24.8	78.238	7.29E-54	386340000
5045_WL_MC	35	12	12	24.8	78.238	7.29E-54	386340000
5046_WL_MC	35	12	12	24.8	78.238	7.29E-54	386340000
5042_WL_MC	35	12	12	24.8	78.238	7.29E-54	386340000
5032_WL_MC	35	12	12	24.8	78.238	7.29E-54	386340000
5047_WL_MC	35	12	12	24.8	78.238	7.29E-54	386340000
5054_WL_MC	35	12	12	24.8	78.238	7.29E-54	386340000
5029_WL_MC	35	12	12	24.8	78.238	7.29E-54	386340000
5041_WL_MC	35	12	12	24.8	78.238	7.29E-54	386340000
5038_WL_MC	35	12	12	24.8	78.238	7.29E-54	386340000
5037_WL_MC	35	12	12	24.8	78.238	7.29E-54	386340000
158169_WL_MC	35	12	12	24.8	78.238	7.29E-54	386340000
5051_WL_MC	35	12	12	24.8	78.238	7.29E-54	386340000
5052_WL_MC	35	12	12	24.8	78.238	7.29E-54	386340000
5036_WL_MC	35	12	12	24.8	78.238	7.29E-54	386340000
5040_WL_MC	35	12	12	24.8	78.238	7.29E-54	386340000
54094_WL_MC	35	12	12	24.8	78.238	7.29E-54	386340000
5039_WL_MC	35	12	12	24.8	78.238	7.29E-54	386340000
5033_WL_MC	35	12	12	24.8	78.238	7.29E-54	386340000
1113_WL_MC	35	12	12	24.8	78.238	7.29E-54	386340000
1114_WL_MC	35	12	12	24.8	78.238	7.29E-54	386340000
5034_WL_MC	35	12	12	24.8	78.238	7.29E-54	386340000
5035_WL_MC	35	12	12	24.8	78.238	7.29E-54	386340000
47724_WL_MC	2	3	3	13.1	24.296	2.25E-07	142900000
77061_WL_MC	2	3	3	13.1	24.296	2.25E-07	142900000
47765_WL_MC	2	2	2	9.8	30.805	2.52E-07	12359000
33098_WL_MC	2	2	2	9.8	30.805	2.52E-07	12359000
48101_WL_MC	6	3	3	14.3	29.745	1.93E-08	44167000
6067_WL_MC	6	3	3	14.3	29.745	1.93E-08	44167000
26463_WL_MC	6	3	3	14.3	29.745	1.93E-08	44167000
97339_WL_MC	6	3	3	14.3	29.745	1.93E-08	44167000
145845_WL_MC	6	3	3	14.3	29.745	1.93E-08	44167000
39102_WL_MC	6	3	3	14.3	29.745	1.93E-08	44167000
48165_WL_MC	1	4	4	10.9	49.651	1.10E-07	30022000
48450_WL_MC	1	3	1	34.4	13.223	1.54E-24	16916000
48733_WL_MC	5	4	4	14.6	49.17	3.51E-22	242020000
33242_WL_MC	5	4	4	14.6	49.17	3.51E-22	242020000
48732_WL_MC	5	4	4	14.6	49.17	3.51E-22	242020000
75657_WL_MC	5	4	4	14.6	49.17	3.51E-22	242020000
20845_WL_MC	5	4	4	14.6	49.17	3.51E-22	242020000
48879_WL_MC	15	2	2	2.8	85.025	0.00031562	23287000
7261_WL_MC	15	2	2	2.8	85.025	0.00031562	23287000
7260_WL_MC	15	2	2	2.8	85.025	0.00031562	23287000
7262_WL_MC	15	2	2	2.8	85.025	0.00031562	23287000
7263_WL_MC	15	2	2	2.8	85.025	0.00031562	23287000
7259_WL_MC	15	2	2	2.8	85.025	0.00031562	23287000
7257_WL_MC	15	2	2	2.8	85.025	0.00031562	23287000
7258_WL_MC	15	2	2	2.8	85.025	0.00031562	23287000
48880_WL_MC	15	2	2	2.8	85.025	0.00031562	23287000
7266_WL_MC	15	2	2	2.8	85.025	0.00031562	23287000
160472_WL_MC	15	2	2	2.8	85.025	0.00031562	23287000
68413_WL_MC	15	2	2	2.8	85.025	0.00031562	23287000
29425_WL_MC	15	2	2	2.8	85.025	0.00031562	23287000
42087_WL_MC	15	2	2	2.8	85.025	0.00031562	23287000
23827_WL_MC	15	2	2	2.8	85.025	0.00031562	23287000
48924_WL_MC	1	9	9	63.6	18.494	4.90E-22	407710000
48930_WL_MC	1	1	1	4.7	27.678	0.0022307	4862600
49044_WL_MC	1	1	1	15.4	13.339	3.97E-06	17473000
49164_WL_MC	4	3	2	5.4	39.988	3.94E-05	7433800
49163_WL_MC	4	3	2	5.4	39.988	3.94E-05	7433800
7697_WL_MC	4	3	2	5.4	39.988	3.94E-05	7433800
96556_WL_MC	4	3	2	5.4	39.988	3.94E-05	7433800
49165_WL_MC	5	2	1	4.4	38.488	0.00017527	7521000
53721_WL_MC	5	2	1	4.4	38.488	0.00017527	7521000
7698_WL_MC	5	2	1	4.4	38.488	0.00017527	7521000
49166_WL_MC	5	2	1	4.4	38.488	0.00017527	7521000
53722_WL_MC	5	2	1	4.4	38.488	0.00017527	7521000
49196_WL_MC	1	1	1	1.1	116.11	0.0081916	2883000
54313_WL_MC	7	3	3	11.6	37.373	1.07E-19	281300000
49307_WL_MC	7	3	3	11.6	37.373	1.07E-19	281300000
54314_WL_MC	7	3	3	11.6	37.373	1.07E-19	281300000
49308_WL_MC	7	3	3	11.6	37.373	1.07E-19	281300000
91755_WL_MC	7	3	3	11.6	37.373	1.07E-19	281300000
54312_WL_MC	7	3	3	11.6	37.373	1.07E-19	281300000
143589_WL_MC	7	3	3	11.6	37.373	1.07E-19	281300000
49332_WL_MC	2	7	7	37.3	18.814	2.30E-16	1406000000
15802_WL_MC	2	7	7	37.3	18.814	2.30E-16	1406000000
49358_WL_MC	9	6	6	18.9	36.453	1.82E-12	203860000
7944_WL_MC	9	6	6	18.9	36.453	1.82E-12	203860000
30893_WL_MC	9	6	6	18.9	36.453	1.82E-12	203860000
18521_WL_MC	9	6	6	18.9	36.453	1.82E-12	203860000
131821_WL_MC	9	6	6	18.9	36.453	1.82E-12	203860000
161309_WL_MC	9	6	6	18.9	36.453	1.82E-12	203860000
161311_WL_MC	9	6	6	18.9	36.453	1.82E-12	203860000
103184_WL_MC	9	6	6	18.9	36.453	1.82E-12	203860000
17046_WL_MC	9	6	6	18.9	36.453	1.82E-12	203860000
49460_WL_MC	7	2	2	15.5	22.825	1.89E-07	22800000
7915_WL_MC	7	2	2	15.5	22.825	1.89E-07	22800000
59352_WL_MC	7	2	2	15.5	22.825	1.89E-07	22800000
49322_WL_MC	7	2	2	15.5	22.825	1.89E-07	22800000
49323_WL_MC	7	2	2	15.5	22.825	1.89E-07	22800000
49321_WL_MC	7	2	2	15.5	22.825	1.89E-07	22800000
19455_WL_MC	7	2	2	15.5	22.825	1.89E-07	22800000
49503_WL_MC	2	2	2	10.5	20.541	0.00048401	18289000
21750_WL_MC	2	2	2	10.5	20.541	0.00048401	18289000
69535_WL_MC	2	1	1	3.6	42.81	0.00045638	0
49786_WL_MC	2	1	1	3.6	42.81	0.00045638	0
49808_WL_MC	13	3	3	10.3	44.502	2.49E-138	53765000
49809_WL_MC	13	3	3	10.3	44.502	2.49E-138	53765000
49805_WL_MC	13	3	3	10.3	44.502	2.49E-138	53765000
49807_WL_MC	13	3	3	10.3	44.502	2.49E-138	53765000
49803_WL_MC	13	3	3	10.3	44.502	2.49E-138	53765000
49804_WL_MC	13	3	3	10.3	44.502	2.49E-138	53765000
82707_WL_MC	13	3	3	10.3	44.502	2.49E-138	53765000
35047_WL_MC	13	3	3	10.3	44.502	2.49E-138	53765000
22562_WL_MC	13	3	3	10.3	44.502	2.49E-138	53765000
49806_WL_MC	13	3	3	10.3	44.502	2.49E-138	53765000
162094_WL_MC	13	3	3	10.3	44.502	2.49E-138	53765000
162093_WL_MC	13	3	3	10.3	44.502	2.49E-138	53765000
21064_WL_MC	13	3	3	10.3	44.502	2.49E-138	53765000
49818_WL_MC	13	20	20	28	94.249	1.66E-70	1757600000
49817_WL_MC	13	20	20	28	94.249	1.66E-70	1757600000
8627_WL_MC	13	20	20	28	94.249	1.66E-70	1757600000
8622_WL_MC	13	20	20	28	94.249	1.66E-70	1757600000
8623_WL_MC	13	20	20	28	94.249	1.66E-70	1757600000
31924_WL_MC	13	20	20	28	94.249	1.66E-70	1757600000
19542_WL_MC	13	20	20	28	94.249	1.66E-70	1757600000
8621_WL_MC	13	20	20	28	94.249	1.66E-70	1757600000
8625_WL_MC	13	20	20	28	94.249	1.66E-70	1757600000
8624_WL_MC	13	20	20	28	94.249	1.66E-70	1757600000
8626_WL_MC	13	20	20	28	94.249	1.66E-70	1757600000
162105_WL_MC	13	20	20	28	94.249	1.66E-70	1757600000
162104_WL_MC	13	20	20	28	94.249	1.66E-70	1757600000
49825_WL_MC	2	9	9	37.5	27.243	3.73E-18	619060000
102552_WL_MC	2	9	9	37.5	27.243	3.73E-18	619060000
49831_WL_MC	2	1	1	3.3	28.701	0.0056558	7052500
83205_WL_MC	2	1	1	3.3	28.701	0.0056558	7052500
49939_WL_MC	2	2	2	22.2	14.559	0.00029639	237050000
8790_WL_MC	2	2	2	22.2	14.559	0.00029639	237050000
50132_WL_MC	3	2	2	5.3	49.424	0.00054405	0
129804_WL_MC	3	2	2	5.3	49.424	0.00054405	0
70442_WL_MC	3	2	2	5.3	49.424	0.00054405	0
50187_WL_MC	4	7	7	22.7	41.842	6.21E-24	282300000
25706_WL_MC	4	7	7	22.7	41.842	6.21E-24	282300000
50186_WL_MC	4	7	7	22.7	41.842	6.21E-24	282300000
54420_WL_MC	4	7	7	22.7	41.842	6.21E-24	282300000
50279_WL_MC	1	1	1	6.9	23.482	0.0024661	19026000
50282_WL_MC	2	4	4	12.3	32.591	4.49E-10	593760000
50283_WL_MC	2	4	4	12.3	32.591	4.49E-10	593760000
50747_WL_MC	3	4	4	10.2	61.053	1.84E-12	19965000
19404_WL_MC	3	4	4	10.2	61.053	1.84E-12	19965000
105438_WL_MC	3	4	4	10.2	61.053	1.84E-12	19965000
50762_WL_MC	2	1	1	3	61.097	8.49E-05	124200000
9743_WL_MC	2	1	1	3	61.097	8.49E-05	124200000
9780_WL_MC	10	8	8	14.3	70.186	2.31E-22	513520000
50798_WL_MC	10	8	8	14.3	70.186	2.31E-22	513520000
50797_WL_MC	10	8	8	14.3	70.186	2.31E-22	513520000
50796_WL_MC	10	8	8	14.3	70.186	2.31E-22	513520000
50799_WL_MC	10	8	8	14.3	70.186	2.31E-22	513520000
50795_WL_MC	10	8	8	14.3	70.186	2.31E-22	513520000
50794_WL_MC	10	8	8	14.3	70.186	2.31E-22	513520000
145641_WL_MC	10	8	8	14.3	70.186	2.31E-22	513520000
96898_WL_MC	10	8	8	14.3	70.186	2.31E-22	513520000
26322_WL_MC	10	8	8	14.3	70.186	2.31E-22	513520000
50846_WL_MC	2	11	11	65	25.34	2.49E-73	1331500000
67132_WL_MC	2	11	11	65	25.34	2.49E-73	1331500000
51239_WL_MC	2	3	3	9.5	34.869	5.28E-07	198710000
81987_WL_MC	2	3	3	9.5	34.869	5.28E-07	198710000
51511_WL_MC	9	9	9	13.7	90.438	4.50E-25	240550000
51512_WL_MC	9	9	9	13.7	90.438	4.50E-25	240550000
28954_WL_MC	9	9	9	13.7	90.438	4.50E-25	240550000
30876_WL_MC	9	9	9	13.7	90.438	4.50E-25	240550000
18497_WL_MC	9	9	9	13.7	90.438	4.50E-25	240550000
18496_WL_MC	9	9	9	13.7	90.438	4.50E-25	240550000
103139_WL_MC	9	9	9	13.7	90.438	4.50E-25	240550000
103138_WL_MC	9	9	9	13.7	90.438	4.50E-25	240550000
151265_WL_MC	9	9	9	13.7	90.438	4.50E-25	240550000
51521_WL_MC	5	1	1	1.2	136.27	0.0059147	9127200
51520_WL_MC	5	1	1	1.2	136.27	0.0059147	9127200
51519_WL_MC	5	1	1	1.2	136.27	0.0059147	9127200
51522_WL_MC	5	1	1	1.2	136.27	0.0059147	9127200
68081_WL_MC	5	1	1	1.2	136.27	0.0059147	9127200
51807_WL_MC	8	23	23	66.1	44.641	1.23E-251	30908000000
51803_WL_MC	8	23	23	66.1	44.641	1.23E-251	30908000000
51806_WL_MC	8	23	23	66.1	44.641	1.23E-251	30908000000
51804_WL_MC	8	23	23	66.1	44.641	1.23E-251	30908000000
51805_WL_MC	8	23	23	66.1	44.641	1.23E-251	30908000000
51802_WL_MC	8	23	23	66.1	44.641	1.23E-251	30908000000
51808_WL_MC	8	23	23	66.1	44.641	1.23E-251	30908000000
165219_WL_MC	8	23	23	66.1	44.641	1.23E-251	30908000000
51836_WL_MC	2	6	6	24.3	27.665	8.83E-22	148770000
16612_WL_MC	2	6	6	24.3	27.665	8.83E-22	148770000
51855_WL_MC	8	3	3	7.9	57.386	6.41E-06	28129000
11238_WL_MC	8	3	3	7.9	57.386	6.41E-06	28129000
11239_WL_MC	8	3	3	7.9	57.386	6.41E-06	28129000
105128_WL_MC	8	3	3	7.9	57.386	6.41E-06	28129000
31667_WL_MC	8	3	3	7.9	57.386	6.41E-06	28129000
19268_WL_MC	8	3	3	7.9	57.386	6.41E-06	28129000
132950_WL_MC	8	3	3	7.9	57.386	6.41E-06	28129000
132951_WL_MC	8	3	3	7.9	57.386	6.41E-06	28129000
51891_WL_MC	2	1	1	6.5	18.851	0.011466	0
51892_WL_MC	2	1	1	6.5	18.851	0.011466	0
52393_WL_MC	4	2	2	7.4	31.292	0.0013203	29634000
29141_WL_MC	4	2	2	7.4	31.292	0.0013203	29634000
41802_WL_MC	4	2	2	7.4	31.292	0.0013203	29634000
124445_WL_MC	4	2	2	7.4	31.292	0.0013203	29634000
52513_WL_MC	1	5	5	33.1	26.589	4.54E-14	120900000
52531_WL_MC	1	1	1	11	16.045	0.0042792	14713000
52881_WL_MC	2	3	3	11.8	35.499	1.51E-05	67079000
17803_WL_MC	2	3	3	11.8	35.499	1.51E-05	67079000
52956_WL_MC	6	11	11	36.5	44.938	3.46E-30	284750000
52957_WL_MC	6	11	11	36.5	44.938	3.46E-30	284750000
52958_WL_MC	6	11	11	36.5	44.938	3.46E-30	284750000
52955_WL_MC	6	11	11	36.5	44.938	3.46E-30	284750000
104259_WL_MC	6	11	11	36.5	44.938	3.46E-30	284750000
86725_WL_MC	6	11	11	36.5	44.938	3.46E-30	284750000
53134_WL_MC	3	1	1	5.8	35.838	0.0071344	6383800
53133_WL_MC	3	1	1	5.8	35.838	0.0071344	6383800
67303_WL_MC	3	1	1	5.8	35.838	0.0071344	6383800
53197_WL_MC	1	1	1	10	15.913	1.89E-09	12817000
53204_WL_MC	4	5	4	13.3	29.077	1.72E-12	147790000
167483_WL_MC	4	5	4	13.3	29.077	1.72E-12	147790000
28938_WL_MC	4	5	4	13.3	29.077	1.72E-12	147790000
56473_WL_MC	4	5	4	13.3	29.077	1.72E-12	147790000
102502_WL_MC	2	3	3	26.2	16.856	6.99E-08	133520000
53426_WL_MC	2	3	3	26.2	16.856	6.99E-08	133520000
53463_WL_MC	1	1	1	4.9	18.402	0.0021232	0
53464_WL_MC	2	2	2	4.3	58.866	0.00044427	4629700
8157_WL_MC	2	2	2	4.3	58.866	0.00044427	4629700
53761_WL_MC	1	4	4	22.2	22.871	1.23E-11	274840000
53848_WL_MC	1	1	1	2.6	52.97	0.0090929	4387100
53943_WL_MC	5	13	4	20.7	30.803	3.17E-157	24307000000
77948_WL_MC	5	13	4	20.7	30.803	3.17E-157	24307000000
15629_WL_MC	5	13	4	20.7	30.803	3.17E-157	24307000000
15630_WL_MC	5	13	4	20.7	30.803	3.17E-157	24307000000
170230_WL_MC	5	13	4	20.7	30.803	3.17E-157	24307000000
54095_WL_MC	1	4	4	29.6	20.804	1.41E-09	64043000
94736_WL_MC	2	4	4	9.1	69.382	1.13E-20	93161000
54405_WL_MC	2	4	4	9.1	69.382	1.13E-20	93161000
5737_WL_MC	1	3	3	15.8	29.231	1.91E-09	26232000
58853_WL_MC	1	16	1	7.1	50.626	3.62E-173	102960000
5952_WL_MC	1	1	1	3.1	46.924	0.00081783	0
61174_WL_MC	1	1	1	8.8	16.676	0.0024226	24295000
62391_WL_MC	1	1	1	5	19.12	0.011186	4089500
87494_WL_MC	2	1	1	8.3	10.095	0.015176	962640000
67168_WL_MC	2	1	1	8.3	10.095	0.015176	962640000
72772_WL_MC	1	1	1	32	8.6699	1.32E-09	145830000
7485_WL_MC	1	1	1	3.5	42.632	0.0022227	3362800
81464_WL_MC	1	1	1	11.4	9.6168	0.014945	9846800
82951_WL_MC	1	1	1	7.6	23.502	0.014918	3127000
8863_WL_MC	6	7	7	20.1	68.172	7.44E-32	106390000
28548_WL_MC	6	7	7	20.1	68.172	7.44E-32	106390000
8864_WL_MC	6	7	7	20.1	68.172	7.44E-32	106390000
49997_WL_MC	6	7	7	20.1	68.172	7.44E-32	106390000
65101_WL_MC	6	7	7	20.1	68.172	7.44E-32	106390000
8862_WL_MC	6	7	7	20.1	68.172	7.44E-32	106390000
89739_WL_MC	1	1	1	12.7	12.679	0.00085994	0
9286_WL_MC	4	3	3	15.5	23.999	2.54E-06	23676000
87363_WL_MC	4	3	3	15.5	23.999	2.54E-06	23676000
141748_WL_MC	4	3	3	15.5	23.999	2.54E-06	23676000
23734_WL_MC	4	3	3	15.5	23.999	2.54E-06	23676000
9333_WL_MC	5	4	4	9.8	65.789	7.20E-11	252380000
9334_WL_MC	5	4	4	9.8	65.789	7.20E-11	252380000
26108_WL_MC	5	4	4	9.8	65.789	7.20E-11	252380000
93835_WL_MC	5	4	4	9.8	65.789	7.20E-11	252380000
96316_WL_MC	5	4	4	9.8	65.789	7.20E-11	252380000
94073_WL_MC	17	3	3	13.4	33.349	4.47E-06	50416000
9492_WL_MC	17	3	3	13.4	33.349	4.47E-06	50416000
9500_WL_MC	17	3	3	13.4	33.349	4.47E-06	50416000
9502_WL_MC	17	3	3	13.4	33.349	4.47E-06	50416000
9496_WL_MC	17	3	3	13.4	33.349	4.47E-06	50416000
9501_WL_MC	17	3	3	13.4	33.349	4.47E-06	50416000
9498_WL_MC	17	3	3	13.4	33.349	4.47E-06	50416000
9495_WL_MC	17	3	3	13.4	33.349	4.47E-06	50416000
9497_WL_MC	17	3	3	13.4	33.349	4.47E-06	50416000
50557_WL_MC	17	3	3	13.4	33.349	4.47E-06	50416000
50559_WL_MC	17	3	3	13.4	33.349	4.47E-06	50416000
9493_WL_MC	17	3	3	13.4	33.349	4.47E-06	50416000
25453_WL_MC	17	3	3	13.4	33.349	4.47E-06	50416000
9491_WL_MC	17	3	3	13.4	33.349	4.47E-06	50416000
25452_WL_MC	17	3	3	13.4	33.349	4.47E-06	50416000
50560_WL_MC	17	3	3	13.4	33.349	4.47E-06	50416000
163204_WL_MC	17	3	3	13.4	33.349	4.47E-06	50416000
9456_WL_MC	1	1	1	5.8	21.291	0.007468	0
9459_WL_MC	9	2	2	11.4	15.562	0.00031167	56239000
1658_WL_MC	9	2	2	11.4	15.562	0.00031167	56239000
9228_WL_MC	9	2	2	11.4	15.562	0.00031167	56239000
9234_WL_MC	9	2	2	11.4	15.562	0.00031167	56239000
9227_WL_MC	9	2	2	11.4	15.562	0.00031167	56239000
9233_WL_MC	9	2	2	11.4	15.562	0.00031167	56239000
1657_WL_MC	9	2	2	11.4	15.562	0.00031167	56239000
82_WL_MC	9	2	2	11.4	15.562	0.00031167	56239000
152419_WL_MC	9	2	2	11.4	15.562	0.00031167	56239000
94878_WL_MC	1	1	1	18.1	9.9516	0.014821	14764000
95186_WL_MC	1	1	1	6	13.546	0.033426	11965000
97036_WL_MC	1	38	1	2.5	95.961	0	66018000
CON__P00761	1	4	4	25.1	24.409	4.41E-107	6037700000
CON__P02533	15	9	2	5.5	51.621	1.19E-19	65140000
CON__Q3ZAW8	15	9	2	5.5	51.621	1.19E-19	65140000
CON__Q9Z2K1	15	9	2	5.5	51.621	1.19E-19	65140000
CON__A2A4G1	15	9	2	5.5	51.621	1.19E-19	65140000
CON__Q9QWL7	15	9	2	5.5	51.621	1.19E-19	65140000
CON__Q04695	15	9	2	5.5	51.621	1.19E-19	65140000
157961_WL_MC	15	9	2	5.5	51.621	1.19E-19	65140000
CON__P19012	15	9	2	5.5	51.621	1.19E-19	65140000
CON__P19001	15	9	2	5.5	51.621	1.19E-19	65140000
CON__P08727	15	9	2	5.5	51.621	1.19E-19	65140000
CON__Q61782	15	9	2	5.5	51.621	1.19E-19	65140000
CON__Q9D312	15	9	2	5.5	51.621	1.19E-19	65140000
CON__P35900	15	9	2	5.5	51.621	1.19E-19	65140000
CON__Q8N1A0	15	9	2	5.5	51.621	1.19E-19	65140000
4613_WL_MC	15	9	2	5.5	51.621	1.19E-19	65140000
CON__P02538	7	12	2	6	60.044	2.11E-85	49485000
CON__P48668	7	12	2	6	60.044	2.11E-85	49485000
157612_WL_MC	7	12	2	6	60.044	2.11E-85	49485000
CON__P04259	7	12	2	6	60.044	2.11E-85	49485000
CON__Q8VED5	7	12	2	6	60.044	2.11E-85	49485000
157613_WL_MC	7	12	2	6	60.044	2.11E-85	49485000
162269_WL_MC	7	12	2	6	60.044	2.11E-85	49485000
CON__P04264	7	34	23	45.8	66.017	0	5646200000
CON__Q6IFZ6	7	34	23	45.8	66.017	0	5646200000
CON__H-INV:HIT000016045	7	34	23	45.8	66.017	0	5646200000
CON__Q7Z794	7	34	23	45.8	66.017	0	5646200000
CON__Q6NXH9	7	34	23	45.8	66.017	0	5646200000
CON__Q9R0H5	7	34	23	45.8	66.017	0	5646200000
CON__Q9H552	7	34	23	45.8	66.017	0	5646200000
CON__P07477	1	1	1	8.1	26.558	0.0076651	245470000
CON__P08779	1	9	3	9.3	51.267	1.13E-24	133030000
CON__P13645	22	25	20	47.9	59.51	1.71E-245	2588200000
CON__P02535-1	22	25	20	47.9	59.51	1.71E-245	2588200000
CON__Q7Z3Y8	22	25	20	47.9	59.51	1.71E-245	2588200000
CON__Q7Z3Y7	22	25	20	47.9	59.51	1.71E-245	2588200000
CON__Q148H6	22	25	20	47.9	59.51	1.71E-245	2588200000
CON__Q2M2I5	22	25	20	47.9	59.51	1.71E-245	2588200000
CON__Q7Z3Z0	22	25	20	47.9	59.51	1.71E-245	2588200000
4841_WL_MC	22	25	20	47.9	59.51	1.71E-245	2588200000
CON__REFSEQ:XP_986630	22	25	20	47.9	59.51	1.71E-245	2588200000
CON__O76014	22	25	20	47.9	59.51	1.71E-245	2588200000
CON__Q7Z3Y9	22	25	20	47.9	59.51	1.71E-245	2588200000
CON__O76013	22	25	20	47.9	59.51	1.71E-245	2588200000
CON__O76015	22	25	20	47.9	59.51	1.71E-245	2588200000
CON__Q497I4	22	25	20	47.9	59.51	1.71E-245	2588200000
CON__A2AB72	22	25	20	47.9	59.51	1.71E-245	2588200000
CON__Q14532	22	25	20	47.9	59.51	1.71E-245	2588200000
CON__Q92764	22	25	20	47.9	59.51	1.71E-245	2588200000
CON__P05784	22	25	20	47.9	59.51	1.71E-245	2588200000
CON__A2A5Y0	22	25	20	47.9	59.51	1.71E-245	2588200000
CON__Q15323	22	25	20	47.9	59.51	1.71E-245	2588200000
CON__Q9UE12	22	25	20	47.9	59.51	1.71E-245	2588200000
CON__Q14525	22	25	20	47.9	59.51	1.71E-245	2588200000
CON__P13647	3	13	1	1.7	62.378	2.32E-32	202550000
157616_WL_MC	3	13	1	1.7	62.378	2.32E-32	202550000
157610_WL_MC	3	13	1	1.7	62.378	2.32E-32	202550000
CON__P35527	1	26	26	57.5	62.129	1.90E-254	2603800000
CON__P35908	2	27	18	41.7	65.865	1.57E-161	1256700000
CON__P19013	2	27	18	41.7	65.865	1.57E-161	1256700000
CON__Q5D862	1	1	1	0.5	248.07	0.0018878	0
CON__Q86YZ3	1	11	11	14.3	282.39	1.78E-73	162680000
REV__145153_WL_MC	1	1	1	12.9	8.0141	0.015173	216090000
REV__85040_WL_MC	2	1	1	5.9	21.598	0.010675	119310000
REV__23142_WL_MC	2	1	1	5.9	21.598	0.010675	119310000
REV__45620_WL_MC	3	1	1	2.9	32.78	0.006027	32435000
REV__62065_WL_MC	3	1	1	2.9	32.78	0.006027	32435000
REV__40406_WL_MC	3	1	1	2.9	32.78	0.006027	32435000
REV__55303_WL_MC	1	1	1	5.8	22.977	0.0053309	58052000
REV__96929_WL_MC	1	1	1	8.9	27.428	0.020432	414640000
