100122_TK_MC	1	1	1	14.5	8.1784	0.0020827	49941000
100377_TK_MC	1	4	4	26.6	20.946	3.95E-24	424500000
100488_TK_MC	1	3	3	35.4	14.16	1.42E-16	33208000
100678_TK_MC	1	1	1	18.5	9.0483	0.0012301	13494000
100868_TK_MC	2	1	1	16.3	11.132	1.76E-09	11951000
88212_TK_MC	2	1	1	16.3	11.132	1.76E-09	11951000
100982_TK_MC	2	1	1	8.3	13.083	0.0046129	164400000
111516_TK_MC	2	1	1	8.3	13.083	0.0046129	164400000
101020_TK_MC	1	1	1	16	10.619	0.024286	0
101221_TK_MC	1	6	4	19.8	25.292	6.40E-23	469720000
101499_TK_MC	1	3	2	22.8	11.508	1.25E-14	138840000
167644_TK_MC	2	18	18	34.8	59.443	2.80E-123	33151000000
101671_TK_MC	2	18	18	34.8	59.443	2.80E-123	33151000000
101705_TK_MC	1	1	1	11.6	7.4443	8.95E-09	30649000
101751_TK_MC	1	2	1	29.7	6.9374	3.92E-20	197830000
101840_TK_MC	1	1	1	6.7	16.89	0.0052503	0
102185_TK_MC	2	11	11	28.9	56.693	4.88E-172	14015000000
167850_TK_MC	2	11	11	28.9	56.693	4.88E-172	14015000000
102494_TK_MC	1	1	1	11.4	9.1275	0.027458	13449000
163947_TK_MC	2	1	1	8.9	16.423	0.00087148	18995000
102615_TK_MC	2	1	1	8.9	16.423	0.00087148	18995000
102740_TK_MC	1	1	1	24.5	5.7425	0.00094793	8846900
102764_TK_MC	1	2	2	33.3	6.0029	0.00010495	42703000
102930_TK_MC	2	1	1	5.9	24.873	0.0099285	4470600
158040_TK_MC	2	1	1	5.9	24.873	0.0099285	4470600
102996_TK_MC	1	1	1	15	6.2221	0.013657	16950000
103035_TK_MC	1	3	3	56.1	4.8888	1.98E-09	2701000000
103205_TK_MC	1	2	2	38.5	6.0579	1.19E-05	0
103332_TK_MC	1	2	1	30.1	8.0491	1.98E-110	8355700
103375_TK_MC	2	4	4	20.9	30.08	2.28E-49	2077200000
167356_TK_MC	2	4	4	20.9	30.08	2.28E-49	2077200000
103553_TK_MC	1	1	1	2.9	70.219	1.15E-10	17380000
103598_TK_MC	2	2	2	16.8	15.952	3.40E-19	44709000
159575_TK_MC	2	2	2	16.8	15.952	3.40E-19	44709000
103628_TK_MC	2	7	5	8.5	86.386	4.76E-24	268230000
112637_TK_MC	2	7	5	8.5	86.386	4.76E-24	268230000
103645_TK_MC	1	5	2	25.4	16.197	1.60E-81	8674200000
157756_TK_MC	2	3	3	16.8	34.338	2.41E-38	808680000
103755_TK_MC	2	3	3	16.8	34.338	2.41E-38	808680000
103787_TK_MC	1	2	2	6	41.185	2.12E-07	26754000
103939_TK_MC	1	3	3	14.2	23.555	1.30E-06	284530000
104029_TK_MC	1	6	6	34.1	26.914	1.47E-24	405750000
104101_TK_MC	1	1	1	4.5	18.908	0.018769	1403300000
104230_TK_MC	2	1	1	3.8	34.872	0.00018002	0
169767_TK_MC	2	1	1	3.8	34.872	0.00018002	0
104457_TK_MC	1	6	6	34.3	33.75	9.94E-73	895070000
104624_TK_MC	2	1	1	18.8	7.3777	0.00011361	9451500
148645_TK_MC	2	1	1	18.8	7.3777	0.00011361	9451500
104808_TK_MC	5	1	1	4.3	23.943	0.014629	8562900
163280_TK_MC	5	1	1	4.3	23.943	0.014629	8562900
78658_TK_MC	5	1	1	4.3	23.943	0.014629	8562900
181389_TK_MC	5	1	1	4.3	23.943	0.014629	8562900
92179_TK_MC	5	1	1	4.3	23.943	0.014629	8562900
158273_TK_MC	3	1	1	3.6	40.678	0.0046684	0
158267_TK_MC	3	1	1	3.6	40.678	0.0046684	0
104844_TK_MC	3	1	1	3.6	40.678	0.0046684	0
105101_TK_MC	1	7	7	32.5	33.792	2.03E-36	258670000
105240_TK_MC	1	2	1	6.2	20.867	9.28E-05	7739200
105384_TK_MC	1	1	1	21.8	8.9642	0.0045755	0
105564_TK_MC	1	2	2	33.8	7.5295	7.50E-06	45883000
105728_TK_MC	1	1	1	7.6	16.886	0.0036551	12794000
105800_TK_MC	1	1	1	20.9	4.9516	0.02084	8561200
105943_TK_MC	1	2	2	22.1	11.344	1.13E-05	144480000
106072_TK_MC	1	1	1	7.5	11.428	0.028811	11249000
106074_TK_MC	2	4	2	24.6	15.357	7.76E-17	169280000
100519_TK_MC	2	4	2	24.6	15.357	7.76E-17	169280000
106145_TK_MC	2	1	1	5.4	23.418	0.00035547	115350000
159388_TK_MC	2	1	1	5.4	23.418	0.00035547	115350000
106226_TK_MC	1	1	1	9.8	13.796	0.004004	33418000
106679_TK_MC	1	4	1	17	10.847	1.74E-18	41468000
106729_TK_MC	1	1	1	7	12.307	0.013484	79903000
106780_TK_MC	1	1	1	9.2	13.973	0.0054696	0
107371_TK_MC	1	1	1	19.2	8.5948	0.02109	6996200
107602_TK_MC	1	3	3	7.9	49.399	6.56E-11	93122000
107641_TK_MC	1	1	1	2	58.412	0.01288	11592000
108004_TK_MC	1	1	1	13.8	13.134	2.17E-11	28116000
98156_TK_MC	4	1	1	10.5	11.557	0.0020827	27493000
71763_TK_MC	4	1	1	10.5	11.557	0.0020827	27493000
108055_TK_MC	4	1	1	10.5	11.557	0.0020827	27493000
71764_TK_MC	4	1	1	10.5	11.557	0.0020827	27493000
108549_TK_MC	1	1	1	21	9.0402	0.00063723	0
108566_TK_MC	1	1	1	16.1	6.401	0.027526	0
108757_TK_MC	1	1	1	6.7	22.341	0.023242	12107000
109304_TK_MC	1	1	1	22.7	5.1779	0.015656	12563000
109483_TK_MC	1	1	1	13	6.1051	6.12E-06	62382000
109702_TK_MC	1	4	2	27.1	6.4993	5.63E-07	70666000
109904_TK_MC	1	1	1	6.9	14.39	0.025313	51240000
181792_TK_MC	2	2	2	19.2	16.165	1.27E-09	45601000
109914_TK_MC	2	2	2	19.2	16.165	1.27E-09	45601000
109954_TK_MC	1	1	1	2	40.561	0.020806	16354000
110167_TK_MC	1	6	6	38.7	14.824	2.98E-35	4800800000
110175_TK_MC	2	1	1	2.9	44.528	0.00069649	98058000
114169_TK_MC	2	1	1	2.9	44.528	0.00069649	98058000
110211_TK_MC	1	1	1	15.9	9.4969	0.00013438	6888100
110316_TK_MC	1	1	1	4.7	25.353	0.012993	4153800
110397_TK_MC	1	5	5	31.9	19.021	6.34E-21	670640000
110626_TK_MC	2	5	5	76.3	10.208	3.83E-44	482930000
164838_TK_MC	2	5	5	76.3	10.208	3.83E-44	482930000
110719_TK_MC	1	4	2	26.5	15.551	4.82E-48	561720000
110935_TK_MC	2	2	1	3.1	43.575	3.77E-11	125760000
161121_TK_MC	2	2	1	3.1	43.575	3.77E-11	125760000
111084_TK_MC	1	3	3	60.8	7.9511	4.71E-14	131270000
111134_TK_MC	1	6	2	10.3	25.872	6.93E-37	129000000
111519_TK_MC	1	1	1	11	11.556	0.027345	0
111581_TK_MC	1	4	4	26.4	21.866	5.28E-28	749920000
111691_TK_MC	1	4	2	21	20.883	9.19E-35	291480000
111749_TK_MC	1	5	3	22.6	27.163	1.72E-61	342720000
166831_TK_MC	2	1	1	9	17.747	0.0019534	7999000
111882_TK_MC	2	1	1	9	17.747	0.0019534	7999000
112144_TK_MC	2	2	2	6.7	25.61	7.95E-11	71790000
158346_TK_MC	2	2	2	6.7	25.61	7.95E-11	71790000
112272_TK_MC	1	1	1	20	9.6094	0.00020798	0
112356_TK_MC	2	10	10	20.1	71.039	7.63E-49	485260000
168662_TK_MC	2	10	10	20.1	71.039	7.63E-49	485260000
112397_TK_MC	4	1	1	2	44.828	4.47E-05	8645200
172217_TK_MC	4	1	1	2	44.828	4.47E-05	8645200
160958_TK_MC	4	1	1	2	44.828	4.47E-05	8645200
172240_TK_MC	4	1	1	2	44.828	4.47E-05	8645200
112431_TK_MC	4	6	6	34.8	17.273	4.75E-26	5130800000
150822_TK_MC	4	6	6	34.8	17.273	4.75E-26	5130800000
150823_TK_MC	4	6	6	34.8	17.273	4.75E-26	5130800000
182129_TK_MC	4	6	6	34.8	17.273	4.75E-26	5130800000
112535_TK_MC	1	1	1	6.2	27.107	4.61E-05	10913000
112698_TK_MC	1	1	1	11.5	8.6958	0.0075363	7278900
113001_TK_MC	1	8	6	38.1	19.807	5.33E-44	1777800000
113194_TK_MC	1	1	1	17.7	7.0903	0.0020556	26904000
93835_TK_MC	2	1	1	17.7	11.014	3.35E-06	5861500
113465_TK_MC	2	1	1	17.7	11.014	3.35E-06	5861500
113510_TK_MC	1	5	3	9.2	45.488	1.35E-14	60233000
113535_TK_MC	1	1	1	29.8	6.9409	0.026839	8331200
113860_TK_MC	1	1	1	11.2	15.095	9.50E-08	13481000
114069_TK_MC	1	2	1	19.7	6.7073	8.39E-14	138680000
114260_TK_MC	1	1	1	6.7	15.815	0.0092481	22755000
114353_TK_MC	1	2	2	19.7	15.256	8.28E-12	224580000
114405_TK_MC	1	2	1	22.7	7.2229	1.92E-17	144760000
115206_TK_MC	3	4	4	14.1	40.89	3.61E-09	66192000
151567_TK_MC	3	4	4	14.1	40.89	3.61E-09	66192000
151566_TK_MC	3	4	4	14.1	40.89	3.61E-09	66192000
115801_TK_MC	2	3	3	25.5	16.828	3.15E-08	115030000
181054_TK_MC	2	3	3	25.5	16.828	3.15E-08	115030000
115806_TK_MC	1	1	1	9.6	9.758	0.011813	52732000
115848_TK_MC	4	5	3	15.2	27.695	1.42E-15	61558000
174138_TK_MC	4	5	3	15.2	27.695	1.42E-15	61558000
108365_TK_MC	4	5	3	15.2	27.695	1.42E-15	61558000
152131_TK_MC	4	5	3	15.2	27.695	1.42E-15	61558000
116062_TK_MC	1	1	1	7.8	12.986	0.021104	0
116142_TK_MC	1	1	1	12.8	9.5485	0.00024016	204660000
116358_TK_MC	1	1	1	3	40.62	0.012942	0
116649_TK_MC	1	2	1	7.3	18.788	1.31E-06	28564000
116708_TK_MC	1	1	1	40	4.502	0.019072	17659000
116861_TK_MC	2	9	9	42.9	21.226	1.61E-128	5583500000
168472_TK_MC	2	9	9	42.9	21.226	1.61E-128	5583500000
116938_TK_MC	1	1	1	16.9	6.8445	0.0038794	2414900
117093_TK_MC	1	1	1	27.3	6.0398	9.27E-07	7881200
117173_TK_MC	1	3	2	7.9	25.27	1.32E-09	187350000
118285_TK_MC	1	3	3	7.7	58.193	3.87E-12	33342000
118413_TK_MC	1	1	1	13	12.417	2.14E-08	12699000
118496_TK_MC	1	1	1	9.2	13.882	0.020112	44312000
118871_TK_MC	1	3	3	56.9	7.6067	1.85E-20	1117500000
119026_TK_MC	1	1	1	20	7.9922	0.018576	0
119229_TK_MC	2	4	4	56.3	10.089	2.19E-17	361710000
143945_TK_MC	2	4	4	56.3	10.089	2.19E-17	361710000
119247_TK_MC	1	1	1	6.8	16.463	0.026621	98457000
122680_TK_MC	2	1	1	1	117.67	0.0026371	31027000
119343_TK_MC	2	1	1	1	117.67	0.0026371	31027000
119344_TK_MC	1	1	1	16.3	9.8095	1.51E-09	34661000
119699_TK_MC	1	3	3	32.3	10.82	1.46E-07	353620000
119868_TK_MC	1	2	2	17.9	12.262	0.00019761	26267000
120438_TK_MC	1	2	2	23.4	16.047	9.78E-07	30646000
120448_TK_MC	1	1	1	28.6	7.7955	1.79E-22	117860000
120613_TK_MC	2	2	2	17.6	15.638	7.66E-06	68946000
157225_TK_MC	2	2	2	17.6	15.638	7.66E-06	68946000
120695_TK_MC	1	1	1	15.6	8.1074	0.0073113	86011000
121283_TK_MC	1	1	1	25.8	7.4703	2.88E-11	24185000
121389_TK_MC	2	8	8	30.8	29.575	8.84E-49	1591500000
156346_TK_MC	2	8	8	30.8	29.575	8.84E-49	1591500000
121971_TK_MC	1	1	1	15.1	8.9181	1.08E-05	84525000
122123_TK_MC	1	1	1	24.1	6.0968	7.83E-05	7693700
180765_TK_MC	4	1	1	5.4	22.887	0.0075189	9694100
79290_TK_MC	4	1	1	5.4	22.887	0.0075189	9694100
122173_TK_MC	4	1	1	5.4	22.887	0.0075189	9694100
99514_TK_MC	4	1	1	5.4	22.887	0.0075189	9694100
158742_TK_MC	2	4	4	4.8	126.26	4.38E-32	301590000
122249_TK_MC	2	4	4	4.8	126.26	4.38E-32	301590000
171471_TK_MC	8	1	1	2.6	39.032	0.0048099	0
82079_TK_MC	8	1	1	2.6	39.032	0.0048099	0
122293_TK_MC	8	1	1	2.6	39.032	0.0048099	0
171472_TK_MC	8	1	1	2.6	39.032	0.0048099	0
123704_TK_MC	8	1	1	2.6	39.032	0.0048099	0
169429_TK_MC	8	1	1	2.6	39.032	0.0048099	0
61308_TK_MC	8	1	1	2.6	39.032	0.0048099	0
89778_TK_MC	8	1	1	2.6	39.032	0.0048099	0
122298_TK_MC	1	5	1	5.9	31.107	3.75E-42	33397000
122359_TK_MC	2	1	1	2.7	30.81	8.14E-05	0
180026_TK_MC	2	1	1	2.7	30.81	8.14E-05	0
122397_TK_MC	1	1	1	4.5	27.862	0.02567	0
122460_TK_MC	2	1	1	2.6	62.996	0.0063352	0
157695_TK_MC	2	1	1	2.6	62.996	0.0063352	0
122554_TK_MC	3	1	1	13.9	13.056	1.73E-08	11838000
167077_TK_MC	3	1	1	13.9	13.056	1.73E-08	11838000
183261_TK_MC	3	1	1	13.9	13.056	1.73E-08	11838000
122614_TK_MC	3	5	4	10	59.393	1.72E-11	344880000
168863_TK_MC	3	5	4	10	59.393	1.72E-11	344880000
86453_TK_MC	3	5	4	10	59.393	1.72E-11	344880000
122626_TK_MC	2	1	1	8.9	14.179	0.001101	13606000
161202_TK_MC	2	1	1	8.9	14.179	0.001101	13606000
122678_TK_MC	4	7	7	28.4	38.324	1.14E-24	684050000
175879_TK_MC	4	7	7	28.4	38.324	1.14E-24	684050000
183282_TK_MC	4	7	7	28.4	38.324	1.14E-24	684050000
175878_TK_MC	4	7	7	28.4	38.324	1.14E-24	684050000
122709_TK_MC	1	3	3	17	15.214	2.43E-06	1037900000
122725_TK_MC	1	3	2	8.1	38.233	2.99E-14	327640000
122738_TK_MC	1	1	1	5.8	23.984	0.00020299	18593000
122739_TK_MC	2	4	2	5.6	49.643	2.90E-14	0
174120_TK_MC	2	4	2	5.6	49.643	2.90E-14	0
122861_TK_MC	1	1	1	13.2	11.918	4.65E-06	221210000
122946_TK_MC	1	1	1	5	23.178	0.0039717	42739000
123053_TK_MC	2	1	1	9.4	14.665	7.42E-05	0
180552_TK_MC	2	1	1	9.4	14.665	7.42E-05	0
123079_TK_MC	2	2	2	16.4	17.318	2.32E-07	66489000
157187_TK_MC	2	2	2	16.4	17.318	2.32E-07	66489000
123386_TK_MC	1	1	1	7.2	17.665	0.022315	17641000
123468_TK_MC	3	26	26	35.1	109.24	5.71E-191	4853100000
168051_TK_MC	3	26	26	35.1	109.24	5.71E-191	4853100000
168052_TK_MC	3	26	26	35.1	109.24	5.71E-191	4853100000
123692_TK_MC	1	5	5	35.1	17.449	5.88E-53	1262900000
123891_TK_MC	1	1	1	1.4	138.91	0.0021827	0
123916_TK_MC	1	13	1	1.7	84.948	7.11E-63	1061400000
178677_TK_MC	2	2	2	20.9	16.596	3.25E-05	60289000
123922_TK_MC	2	2	2	20.9	16.596	3.25E-05	60289000
123983_TK_MC	1	16	1	3	41.412	1.75E-126	1159400000
124125_TK_MC	5	2	2	11.5	25.297	7.83E-10	83286000
165585_TK_MC	5	2	2	11.5	25.297	7.83E-10	83286000
172239_TK_MC	5	2	2	11.5	25.297	7.83E-10	83286000
170678_TK_MC	5	2	2	11.5	25.297	7.83E-10	83286000
118983_TK_MC	5	2	2	11.5	25.297	7.83E-10	83286000
124154_TK_MC	2	2	2	5.1	60.673	2.70E-15	107580000
85240_TK_MC	2	2	2	5.1	60.673	2.70E-15	107580000
124170_TK_MC	6	3	3	16.5	23.41	1.97E-06	5337200
61582_TK_MC	6	3	3	16.5	23.41	1.97E-06	5337200
169530_TK_MC	6	3	3	16.5	23.41	1.97E-06	5337200
152441_TK_MC	6	3	3	16.5	23.41	1.97E-06	5337200
93682_TK_MC	6	3	3	16.5	23.41	1.97E-06	5337200
94164_TK_MC	6	3	3	16.5	23.41	1.97E-06	5337200
154773_TK_MC	5	2	2	4.3	59.076	0.00012544	24462000
124195_TK_MC	5	2	2	4.3	59.076	0.00012544	24462000
171277_TK_MC	5	2	2	4.3	59.076	0.00012544	24462000
171276_TK_MC	5	2	2	4.3	59.076	0.00012544	24462000
168383_TK_MC	5	2	2	4.3	59.076	0.00012544	24462000
124221_TK_MC	2	1	1	3	44.72	0.001402	17966000
159045_TK_MC	2	1	1	3	44.72	0.001402	17966000
124326_TK_MC	4	7	7	36.8	24.613	4.86E-83	2120400000
93908_TK_MC	4	7	7	36.8	24.613	4.86E-83	2120400000
153238_TK_MC	4	7	7	36.8	24.613	4.86E-83	2120400000
121070_TK_MC	4	7	7	36.8	24.613	4.86E-83	2120400000
124357_TK_MC	1	2	2	15.5	17.063	7.05E-06	290650000
157067_TK_MC	2	1	1	3.7	40.64	0.022754	17058000
124361_TK_MC	2	1	1	3.7	40.64	0.022754	17058000
124374_TK_MC	1	2	2	8.1	38.97	6.69E-07	19285000
124556_TK_MC	1	5	1	8.5	29.961	6.80E-15	0
182050_TK_MC	4	1	1	9.5	24.186	1.34E-15	69052000
124560_TK_MC	4	1	1	9.5	24.186	1.34E-15	69052000
164729_TK_MC	4	1	1	9.5	24.186	1.34E-15	69052000
155000_TK_MC	4	1	1	9.5	24.186	1.34E-15	69052000
124778_TK_MC	2	8	8	18.3	55	1.03E-25	587500000
158341_TK_MC	2	8	8	18.3	55	1.03E-25	587500000
124784_TK_MC	3	5	1	2.8	57.672	4.04E-26	28328000
163244_TK_MC	3	5	1	2.8	57.672	4.04E-26	28328000
173406_TK_MC	3	5	1	2.8	57.672	4.04E-26	28328000
125004_TK_MC	1	1	1	7.4	23.155	0.016244	0
125066_TK_MC	3	2	2	4.8	46.959	0.00019828	42647000
179531_TK_MC	3	2	2	4.8	46.959	0.00019828	42647000
163257_TK_MC	3	2	2	4.8	46.959	0.00019828	42647000
125164_TK_MC	6	4	1	11.3	15.967	1.41E-22	184060000
64871_TK_MC	6	4	1	11.3	15.967	1.41E-22	184060000
123972_TK_MC	6	4	1	11.3	15.967	1.41E-22	184060000
72192_TK_MC	6	4	1	11.3	15.967	1.41E-22	184060000
72190_TK_MC	6	4	1	11.3	15.967	1.41E-22	184060000
100485_TK_MC	6	4	1	11.3	15.967	1.41E-22	184060000
181650_TK_MC	2	1	1	9	53.403	0.026309	0
125397_TK_MC	2	1	1	9	53.403	0.026309	0
125967_TK_MC	2	1	1	7.9	18.678	0.00034951	3219300
183412_TK_MC	2	1	1	7.9	18.678	0.00034951	3219300
12608_TK_MC	1	1	1	38.7	3.4589	0.0036	106930000
62031_TK_MC	2	1	1	9	23.873	7.28E-05	18845000
126359_TK_MC	2	1	1	9	23.873	7.28E-05	18845000
126365_TK_MC	1	2	2	22.1	12.025	2.13E-07	63151000
177497_TK_MC	4	1	1	5.1	15.887	0.015668	135750000
62506_TK_MC	4	1	1	5.1	15.887	0.015668	135750000
126849_TK_MC	4	1	1	5.1	15.887	0.015668	135750000
158659_TK_MC	4	1	1	5.1	15.887	0.015668	135750000
127058_TK_MC	3	1	1	2.9	55.056	0.0064694	18384000
62683_TK_MC	3	1	1	2.9	55.056	0.0064694	18384000
62687_TK_MC	3	1	1	2.9	55.056	0.0064694	18384000
63122_TK_MC	3	4	4	41.9	17.751	4.60E-18	143860000
127727_TK_MC	3	4	4	41.9	17.751	4.60E-18	143860000
181340_TK_MC	3	4	4	41.9	17.751	4.60E-18	143860000
127844_TK_MC	4	3	2	6.3	37.083	3.07E-15	171330000
127845_TK_MC	4	3	2	6.3	37.083	3.07E-15	171330000
127843_TK_MC	4	3	2	6.3	37.083	3.07E-15	171330000
63334_TK_MC	4	3	2	6.3	37.083	3.07E-15	171330000
128722_TK_MC	5	1	1	4	19.664	0.021479	88329000
146554_TK_MC	5	1	1	4	19.664	0.021479	88329000
146553_TK_MC	5	1	1	4	19.664	0.021479	88329000
128721_TK_MC	5	1	1	4	19.664	0.021479	88329000
64330_TK_MC	5	1	1	4	19.664	0.021479	88329000
166910_TK_MC	4	1	1	4.9	37.308	0.017625	15759000
128903_TK_MC	4	1	1	4.9	37.308	0.017625	15759000
64597_TK_MC	4	1	1	4.9	37.308	0.017625	15759000
64378_TK_MC	4	1	1	4.9	37.308	0.017625	15759000
129370_TK_MC	10	2	2	7.2	50.273	8.74E-12	8020300
129367_TK_MC	10	2	2	7.2	50.273	8.74E-12	8020300
129366_TK_MC	10	2	2	7.2	50.273	8.74E-12	8020300
158734_TK_MC	10	2	2	7.2	50.273	8.74E-12	8020300
129374_TK_MC	10	2	2	7.2	50.273	8.74E-12	8020300
129375_TK_MC	10	2	2	7.2	50.273	8.74E-12	8020300
65277_TK_MC	10	2	2	7.2	50.273	8.74E-12	8020300
65276_TK_MC	10	2	2	7.2	50.273	8.74E-12	8020300
65264_TK_MC	10	2	2	7.2	50.273	8.74E-12	8020300
65269_TK_MC	10	2	2	7.2	50.273	8.74E-12	8020300
65303_TK_MC	5	1	1	3.4	60.42	3.84E-26	22541000
65302_TK_MC	5	1	1	3.4	60.42	3.84E-26	22541000
65305_TK_MC	5	1	1	3.4	60.42	3.84E-26	22541000
129405_TK_MC	5	1	1	3.4	60.42	3.84E-26	22541000
129404_TK_MC	5	1	1	3.4	60.42	3.84E-26	22541000
66376_TK_MC	4	6	6	23.1	37.53	4.65E-115	7315500000
66377_TK_MC	4	6	6	23.1	37.53	4.65E-115	7315500000
130189_TK_MC	4	6	6	23.1	37.53	4.65E-115	7315500000
167788_TK_MC	4	6	6	23.1	37.53	4.65E-115	7315500000
66472_TK_MC	4	1	1	6.4	26.407	0.013714	0
130247_TK_MC	4	1	1	6.4	26.407	0.013714	0
66470_TK_MC	4	1	1	6.4	26.407	0.013714	0
130246_TK_MC	4	1	1	6.4	26.407	0.013714	0
66723_TK_MC	4	2	2	1	273.9	4.72E-05	17697000
66726_TK_MC	4	2	2	1	273.9	4.72E-05	17697000
163082_TK_MC	4	2	2	1	273.9	4.72E-05	17697000
130430_TK_MC	4	2	2	1	273.9	4.72E-05	17697000
66934_TK_MC	2	3	3	7.3	52.226	1.62E-29	2278100000
130601_TK_MC	2	3	3	7.3	52.226	1.62E-29	2278100000
130604_TK_MC	3	1	1	7.8	18.435	0.00040866	0
130605_TK_MC	3	1	1	7.8	18.435	0.00040866	0
130606_TK_MC	3	1	1	7.8	18.435	0.00040866	0
130727_TK_MC	13	3	3	13.3	26.339	2.06E-08	166030000
130728_TK_MC	13	3	3	13.3	26.339	2.06E-08	166030000
175906_TK_MC	13	3	3	13.3	26.339	2.06E-08	166030000
130723_TK_MC	13	3	3	13.3	26.339	2.06E-08	166030000
130724_TK_MC	13	3	3	13.3	26.339	2.06E-08	166030000
130726_TK_MC	13	3	3	13.3	26.339	2.06E-08	166030000
157779_TK_MC	13	3	3	13.3	26.339	2.06E-08	166030000
67079_TK_MC	13	3	3	13.3	26.339	2.06E-08	166030000
130725_TK_MC	13	3	3	13.3	26.339	2.06E-08	166030000
175904_TK_MC	13	3	3	13.3	26.339	2.06E-08	166030000
183316_TK_MC	13	3	3	13.3	26.339	2.06E-08	166030000
175905_TK_MC	13	3	3	13.3	26.339	2.06E-08	166030000
183317_TK_MC	13	3	3	13.3	26.339	2.06E-08	166030000
67215_TK_MC	2	5	5	41.3	18.933	3.41E-26	573320000
130822_TK_MC	2	5	5	41.3	18.933	3.41E-26	573320000
130919_TK_MC	1	1	1	12.4	11.166	0.0024602	0
67495_TK_MC	2	1	1	18.5	6.6118	0.0029771	148790000
130977_TK_MC	2	1	1	18.5	6.6118	0.0029771	148790000
157553_TK_MC	8	6	6	15.1	64.4	3.78E-33	250980000
131185_TK_MC	8	6	6	15.1	64.4	3.78E-33	250980000
67669_TK_MC	8	6	6	15.1	64.4	3.78E-33	250980000
131186_TK_MC	8	6	6	15.1	64.4	3.78E-33	250980000
131188_TK_MC	8	6	6	15.1	64.4	3.78E-33	250980000
131187_TK_MC	8	6	6	15.1	64.4	3.78E-33	250980000
131184_TK_MC	8	6	6	15.1	64.4	3.78E-33	250980000
67668_TK_MC	8	6	6	15.1	64.4	3.78E-33	250980000
131847_TK_MC	4	1	1	5.6	37.291	0.02585	0
179383_TK_MC	4	1	1	5.6	37.291	0.02585	0
68627_TK_MC	4	1	1	5.6	37.291	0.02585	0
163362_TK_MC	4	1	1	5.6	37.291	0.02585	0
69046_TK_MC	2	1	1	5	16.041	0.023553	12889000
132116_TK_MC	2	1	1	5	16.041	0.023553	12889000
132691_TK_MC	4	1	1	5	26.799	0.0035138	12099000
132690_TK_MC	4	1	1	5	26.799	0.0035138	12099000
172292_TK_MC	4	1	1	5	26.799	0.0035138	12099000
172293_TK_MC	4	1	1	5	26.799	0.0035138	12099000
132704_TK_MC	2	14	5	17.6	54.157	6.56E-189	1838500000
132705_TK_MC	2	14	5	17.6	54.157	6.56E-189	1838500000
61630_TK_MC	5	1	1	0.8	114.73	0.00087873	265530000
132919_TK_MC	5	1	1	0.8	114.73	0.00087873	265530000
169553_TK_MC	5	1	1	0.8	114.73	0.00087873	265530000
167864_TK_MC	5	1	1	0.8	114.73	0.00087873	265530000
97733_TK_MC	5	1	1	0.8	114.73	0.00087873	265530000
133087_TK_MC	3	2	2	9.3	38.605	0.00027199	7876800
133088_TK_MC	3	2	2	9.3	38.605	0.00027199	7876800
70442_TK_MC	3	2	2	9.3	38.605	0.00027199	7876800
183212_TK_MC	6	3	3	5.6	56.85	3.36E-07	197620000
175833_TK_MC	6	3	3	5.6	56.85	3.36E-07	197620000
71190_TK_MC	6	3	3	5.6	56.85	3.36E-07	197620000
133513_TK_MC	6	3	3	5.6	56.85	3.36E-07	197620000
163240_TK_MC	6	3	3	5.6	56.85	3.36E-07	197620000
87057_TK_MC	6	3	3	5.6	56.85	3.36E-07	197620000
71658_TK_MC	5	1	1	4.3	30.232	0.00026744	0
133806_TK_MC	5	1	1	4.3	30.232	0.00026744	0
133808_TK_MC	5	1	1	4.3	30.232	0.00026744	0
162929_TK_MC	5	1	1	4.3	30.232	0.00026744	0
71663_TK_MC	5	1	1	4.3	30.232	0.00026744	0
134110_TK_MC	1	1	1	14.5	8.5159	0.0046745	47241000
134144_TK_MC	2	4	4	54.5	8.6319	6.04E-09	357970000
134143_TK_MC	2	4	4	54.5	8.6319	6.04E-09	357970000
176331_TK_MC	11	2	2	5.8	45.274	1.40E-05	68196000
176332_TK_MC	11	2	2	5.8	45.274	1.40E-05	68196000
166542_TK_MC	11	2	2	5.8	45.274	1.40E-05	68196000
134156_TK_MC	11	2	2	5.8	45.274	1.40E-05	68196000
134158_TK_MC	11	2	2	5.8	45.274	1.40E-05	68196000
72166_TK_MC	11	2	2	5.8	45.274	1.40E-05	68196000
183850_TK_MC	11	2	2	5.8	45.274	1.40E-05	68196000
177539_TK_MC	11	2	2	5.8	45.274	1.40E-05	68196000
72167_TK_MC	11	2	2	5.8	45.274	1.40E-05	68196000
170679_TK_MC	11	2	2	5.8	45.274	1.40E-05	68196000
72162_TK_MC	11	2	2	5.8	45.274	1.40E-05	68196000
176619_TK_MC	5	4	1	19	47.298	1.40E-23	883330000
168349_TK_MC	5	4	1	19	47.298	1.40E-23	883330000
176618_TK_MC	5	4	1	19	47.298	1.40E-23	883330000
72191_TK_MC	5	4	1	19	47.298	1.40E-23	883330000
134179_TK_MC	5	4	1	19	47.298	1.40E-23	883330000
169121_TK_MC	4	1	1	2.5	53.605	0.0062068	0
72702_TK_MC	4	1	1	2.5	53.605	0.0062068	0
134500_TK_MC	4	1	1	2.5	53.605	0.0062068	0
179285_TK_MC	4	1	1	2.5	53.605	0.0062068	0
73301_TK_MC	6	2	2	5.3	46.049	0.0002201	64270000
134842_TK_MC	6	2	2	5.3	46.049	0.0002201	64270000
182493_TK_MC	6	2	2	5.3	46.049	0.0002201	64270000
158953_TK_MC	6	2	2	5.3	46.049	0.0002201	64270000
73299_TK_MC	6	2	2	5.3	46.049	0.0002201	64270000
182494_TK_MC	6	2	2	5.3	46.049	0.0002201	64270000
73422_TK_MC	4	3	3	26.4	19.326	1.08E-13	32918000
134904_TK_MC	4	3	3	26.4	19.326	1.08E-13	32918000
134903_TK_MC	4	3	3	26.4	19.326	1.08E-13	32918000
134902_TK_MC	4	3	3	26.4	19.326	1.08E-13	32918000
74089_TK_MC	5	1	1	6.1	27.592	1.35E-06	15908000
74093_TK_MC	5	1	1	6.1	27.592	1.35E-06	15908000
74088_TK_MC	5	1	1	6.1	27.592	1.35E-06	15908000
135282_TK_MC	5	1	1	6.1	27.592	1.35E-06	15908000
135285_TK_MC	5	1	1	6.1	27.592	1.35E-06	15908000
136148_TK_MC	3	1	1	10.2	15.539	0.00028812	0
75579_TK_MC	3	1	1	10.2	15.539	0.00028812	0
183146_TK_MC	3	1	1	10.2	15.539	0.00028812	0
136554_TK_MC	20	1	1	5.3	22.953	0.0015754	0
172502_TK_MC	20	1	1	5.3	22.953	0.0015754	0
169475_TK_MC	20	1	1	5.3	22.953	0.0015754	0
172363_TK_MC	20	1	1	5.3	22.953	0.0015754	0
163452_TK_MC	20	1	1	5.3	22.953	0.0015754	0
136291_TK_MC	20	1	1	5.3	22.953	0.0015754	0
169477_TK_MC	20	1	1	5.3	22.953	0.0015754	0
169476_TK_MC	20	1	1	5.3	22.953	0.0015754	0
138064_TK_MC	20	1	1	5.3	22.953	0.0015754	0
75852_TK_MC	20	1	1	5.3	22.953	0.0015754	0
78710_TK_MC	20	1	1	5.3	22.953	0.0015754	0
76314_TK_MC	20	1	1	5.3	22.953	0.0015754	0
179482_TK_MC	20	1	1	5.3	22.953	0.0015754	0
61438_TK_MC	20	1	1	5.3	22.953	0.0015754	0
75778_TK_MC	20	1	1	5.3	22.953	0.0015754	0
78709_TK_MC	20	1	1	5.3	22.953	0.0015754	0
61443_TK_MC	20	1	1	5.3	22.953	0.0015754	0
169478_TK_MC	20	1	1	5.3	22.953	0.0015754	0
136290_TK_MC	20	1	1	5.3	22.953	0.0015754	0
76313_TK_MC	20	1	1	5.3	22.953	0.0015754	0
175120_TK_MC	6	1	1	1.2	145.2	0.0051267	16849000
136811_TK_MC	6	1	1	1.2	145.2	0.0051267	16849000
76777_TK_MC	6	1	1	1.2	145.2	0.0051267	16849000
164709_TK_MC	6	1	1	1.2	145.2	0.0051267	16849000
136810_TK_MC	6	1	1	1.2	145.2	0.0051267	16849000
175121_TK_MC	6	1	1	1.2	145.2	0.0051267	16849000
136885_TK_MC	2	4	1	4.2	21.669	3.46E-11	487320000
76887_TK_MC	2	4	1	4.2	21.669	3.46E-11	487320000
178413_TK_MC	3	1	1	6.2	21.758	0.019408	11090000
76945_TK_MC	3	1	1	6.2	21.758	0.019408	11090000
136902_TK_MC	3	1	1	6.2	21.758	0.019408	11090000
137258_TK_MC	15	16	1	1.3	67.762	1.63E-99	15085000000
176175_TK_MC	15	16	1	1.3	67.762	1.63E-99	15085000000
176174_TK_MC	15	16	1	1.3	67.762	1.63E-99	15085000000
176178_TK_MC	15	16	1	1.3	67.762	1.63E-99	15085000000
176179_TK_MC	15	16	1	1.3	67.762	1.63E-99	15085000000
137257_TK_MC	15	16	1	1.3	67.762	1.63E-99	15085000000
176183_TK_MC	15	16	1	1.3	67.762	1.63E-99	15085000000
176186_TK_MC	15	16	1	1.3	67.762	1.63E-99	15085000000
77450_TK_MC	15	16	1	1.3	67.762	1.63E-99	15085000000
176173_TK_MC	15	16	1	1.3	67.762	1.63E-99	15085000000
176172_TK_MC	15	16	1	1.3	67.762	1.63E-99	15085000000
176171_TK_MC	15	16	1	1.3	67.762	1.63E-99	15085000000
176184_TK_MC	15	16	1	1.3	67.762	1.63E-99	15085000000
176168_TK_MC	15	16	1	1.3	67.762	1.63E-99	15085000000
183654_TK_MC	15	16	1	1.3	67.762	1.63E-99	15085000000
77490_TK_MC	4	1	1	1	138.76	0.027541	12425000
137289_TK_MC	4	1	1	1	138.76	0.027541	12425000
77491_TK_MC	4	1	1	1	138.76	0.027541	12425000
159862_TK_MC	4	1	1	1	138.76	0.027541	12425000
77721_TK_MC	4	6	6	26	26.411	5.93E-14	202360000
137444_TK_MC	4	6	6	26	26.411	5.93E-14	202360000
137445_TK_MC	4	6	6	26	26.411	5.93E-14	202360000
137446_TK_MC	4	6	6	26	26.411	5.93E-14	202360000
138029_TK_MC	1	1	1	4.9	29.758	0.0094411	0
138058_TK_MC	6	2	2	5.8	43.999	0.00031569	0
78707_TK_MC	6	2	2	5.8	43.999	0.00031569	0
138059_TK_MC	6	2	2	5.8	43.999	0.00031569	0
78705_TK_MC	6	2	2	5.8	43.999	0.00031569	0
138060_TK_MC	6	2	2	5.8	43.999	0.00031569	0
138057_TK_MC	6	2	2	5.8	43.999	0.00031569	0
138222_TK_MC	3	1	1	3.7	27.809	0.0077251	66472000
79054_TK_MC	3	1	1	3.7	27.809	0.0077251	66472000
164445_TK_MC	3	1	1	3.7	27.809	0.0077251	66472000
182157_TK_MC	3	1	1	7.5	14.814	0.0077186	0
159407_TK_MC	3	1	1	7.5	14.814	0.0077186	0
138359_TK_MC	3	1	1	7.5	14.814	0.0077186	0
138461_TK_MC	19	9	9	25.7	46.265	4.11E-26	390130000
174847_TK_MC	19	9	9	25.7	46.265	4.11E-26	390130000
138462_TK_MC	19	9	9	25.7	46.265	4.11E-26	390130000
174845_TK_MC	19	9	9	25.7	46.265	4.11E-26	390130000
174846_TK_MC	19	9	9	25.7	46.265	4.11E-26	390130000
174849_TK_MC	19	9	9	25.7	46.265	4.11E-26	390130000
174851_TK_MC	19	9	9	25.7	46.265	4.11E-26	390130000
174848_TK_MC	19	9	9	25.7	46.265	4.11E-26	390130000
174844_TK_MC	19	9	9	25.7	46.265	4.11E-26	390130000
79386_TK_MC	19	9	9	25.7	46.265	4.11E-26	390130000
79387_TK_MC	19	9	9	25.7	46.265	4.11E-26	390130000
174842_TK_MC	19	9	9	25.7	46.265	4.11E-26	390130000
174843_TK_MC	19	9	9	25.7	46.265	4.11E-26	390130000
174854_TK_MC	19	9	9	25.7	46.265	4.11E-26	390130000
174853_TK_MC	19	9	9	25.7	46.265	4.11E-26	390130000
174852_TK_MC	19	9	9	25.7	46.265	4.11E-26	390130000
79388_TK_MC	19	9	9	25.7	46.265	4.11E-26	390130000
79383_TK_MC	19	9	9	25.7	46.265	4.11E-26	390130000
174850_TK_MC	19	9	9	25.7	46.265	4.11E-26	390130000
138528_TK_MC	4	1	1	4.5	24.264	0.015121	7827600
181786_TK_MC	4	1	1	4.5	24.264	0.015121	7827600
79516_TK_MC	4	1	1	4.5	24.264	0.015121	7827600
138527_TK_MC	4	1	1	4.5	24.264	0.015121	7827600
80129_TK_MC	4	1	1	5.7	38.095	0.022933	0
160391_TK_MC	4	1	1	5.7	38.095	0.022933	0
175898_TK_MC	4	1	1	5.7	38.095	0.022933	0
138916_TK_MC	4	1	1	5.7	38.095	0.022933	0
139009_TK_MC	4	2	1	10.9	16.611	5.23E-14	226430000
139010_TK_MC	4	2	1	10.9	16.611	5.23E-14	226430000
139011_TK_MC	4	2	1	10.9	16.611	5.23E-14	226430000
80342_TK_MC	4	2	1	10.9	16.611	5.23E-14	226430000
173713_TK_MC	6	1	1	2.9	57.421	2.83E-12	15965000
173714_TK_MC	6	1	1	2.9	57.421	2.83E-12	15965000
180888_TK_MC	6	1	1	2.9	57.421	2.83E-12	15965000
80363_TK_MC	6	1	1	2.9	57.421	2.83E-12	15965000
139026_TK_MC	6	1	1	2.9	57.421	2.83E-12	15965000
139024_TK_MC	6	1	1	2.9	57.421	2.83E-12	15965000
139160_TK_MC	4	5	5	24	30.299	2.61E-46	289170000
80623_TK_MC	4	5	5	24	30.299	2.61E-46	289170000
80624_TK_MC	4	5	5	24	30.299	2.61E-46	289170000
139159_TK_MC	4	5	5	24	30.299	2.61E-46	289170000
139164_TK_MC	4	16	16	44.9	52.277	4.62E-162	5090800000
139163_TK_MC	4	16	16	44.9	52.277	4.62E-162	5090800000
CON__ENSEMBL:ENSBTAP00000016242	4	16	16	44.9	52.277	4.62E-162	5090800000
151538_TK_MC	4	16	16	44.9	52.277	4.62E-162	5090800000
182398_TK_MC	10	2	2	11.5	14.926	0.00022408	307480000
177349_TK_MC	10	2	2	11.5	14.926	0.00022408	307480000
80660_TK_MC	10	2	2	11.5	14.926	0.00022408	307480000
139183_TK_MC	10	2	2	11.5	14.926	0.00022408	307480000
80662_TK_MC	10	2	2	11.5	14.926	0.00022408	307480000
65379_TK_MC	10	2	2	11.5	14.926	0.00022408	307480000
65380_TK_MC	10	2	2	11.5	14.926	0.00022408	307480000
65381_TK_MC	10	2	2	11.5	14.926	0.00022408	307480000
152962_TK_MC	10	2	2	11.5	14.926	0.00022408	307480000
92917_TK_MC	10	2	2	11.5	14.926	0.00022408	307480000
139649_TK_MC	8	3	3	15.8	26.913	1.69E-10	397440000
139650_TK_MC	8	3	3	15.8	26.913	1.69E-10	397440000
139648_TK_MC	8	3	3	15.8	26.913	1.69E-10	397440000
164660_TK_MC	8	3	3	15.8	26.913	1.69E-10	397440000
139646_TK_MC	8	3	3	15.8	26.913	1.69E-10	397440000
139647_TK_MC	8	3	3	15.8	26.913	1.69E-10	397440000
139644_TK_MC	8	3	3	15.8	26.913	1.69E-10	397440000
139645_TK_MC	8	3	3	15.8	26.913	1.69E-10	397440000
182336_TK_MC	6	8	8	33	25.066	7.85E-19	1975200000
166896_TK_MC	6	8	8	33	25.066	7.85E-19	1975200000
182337_TK_MC	6	8	8	33	25.066	7.85E-19	1975200000
81580_TK_MC	6	8	8	33	25.066	7.85E-19	1975200000
139685_TK_MC	6	8	8	33	25.066	7.85E-19	1975200000
81583_TK_MC	6	8	8	33	25.066	7.85E-19	1975200000
139706_TK_MC	2	5	5	14.6	35.383	5.79E-11	397860000
114546_TK_MC	2	5	5	14.6	35.383	5.79E-11	397860000
139745_TK_MC	3	1	1	4.3	36.933	0.0018608	6056400
81676_TK_MC	3	1	1	4.3	36.933	0.0018608	6056400
168185_TK_MC	3	1	1	4.3	36.933	0.0018608	6056400
140096_TK_MC	2	9	9	30.8	44.326	6.07E-62	928170000
82258_TK_MC	2	9	9	30.8	44.326	6.07E-62	928170000
140101_TK_MC	1	2	2	70.6	3.52	5.50E-06	213730000
82662_TK_MC	3	1	1	2.1	57.392	0.014099	36983000
140322_TK_MC	3	1	1	2.1	57.392	0.014099	36983000
146836_TK_MC	3	1	1	2.1	57.392	0.014099	36983000
157712_TK_MC	12	1	1	5.7	28.315	0.00024382	12047000
81768_TK_MC	12	1	1	5.7	28.315	0.00024382	12047000
170617_TK_MC	12	1	1	5.7	28.315	0.00024382	12047000
82772_TK_MC	12	1	1	5.7	28.315	0.00024382	12047000
156373_TK_MC	12	1	1	5.7	28.315	0.00024382	12047000
164844_TK_MC	12	1	1	5.7	28.315	0.00024382	12047000
170618_TK_MC	12	1	1	5.7	28.315	0.00024382	12047000
169772_TK_MC	12	1	1	5.7	28.315	0.00024382	12047000
175507_TK_MC	12	1	1	5.7	28.315	0.00024382	12047000
169773_TK_MC	12	1	1	5.7	28.315	0.00024382	12047000
140388_TK_MC	12	1	1	5.7	28.315	0.00024382	12047000
62738_TK_MC	12	1	1	5.7	28.315	0.00024382	12047000
140915_TK_MC	3	1	1	2.9	36.429	0.0012192	9040400
83568_TK_MC	3	1	1	2.9	36.429	0.0012192	9040400
140916_TK_MC	3	1	1	2.9	36.429	0.0012192	9040400
141009_TK_MC	1	1	1	28.3	6.165	0.023059	0
83793_TK_MC	5	1	1	4.4	39.924	0.0102	8392900
83791_TK_MC	5	1	1	4.4	39.924	0.0102	8392900
83795_TK_MC	5	1	1	4.4	39.924	0.0102	8392900
83789_TK_MC	5	1	1	4.4	39.924	0.0102	8392900
141045_TK_MC	5	1	1	4.4	39.924	0.0102	8392900
141551_TK_MC	11	13	13	25.7	76.307	1.40E-106	1819300000
84406_TK_MC	11	13	13	25.7	76.307	1.40E-106	1819300000
141552_TK_MC	11	13	13	25.7	76.307	1.40E-106	1819300000
141545_TK_MC	11	13	13	25.7	76.307	1.40E-106	1819300000
141549_TK_MC	11	13	13	25.7	76.307	1.40E-106	1819300000
141546_TK_MC	11	13	13	25.7	76.307	1.40E-106	1819300000
84412_TK_MC	11	13	13	25.7	76.307	1.40E-106	1819300000
141544_TK_MC	11	13	13	25.7	76.307	1.40E-106	1819300000
141548_TK_MC	11	13	13	25.7	76.307	1.40E-106	1819300000
84411_TK_MC	11	13	13	25.7	76.307	1.40E-106	1819300000
141550_TK_MC	11	13	13	25.7	76.307	1.40E-106	1819300000
141625_TK_MC	3	2	2	20.6	11.784	4.30E-06	246000000
171498_TK_MC	3	2	2	20.6	11.784	4.30E-06	246000000
84530_TK_MC	3	2	2	20.6	11.784	4.30E-06	246000000
84823_TK_MC	3	1	1	4.5	35.861	0.012699	9719000
141904_TK_MC	3	1	1	4.5	35.861	0.012699	9719000
164783_TK_MC	3	1	1	4.5	35.861	0.012699	9719000
85197_TK_MC	2	3	0	0	71.736	5.66E-17	102440000
142307_TK_MC	2	3	0	0	71.736	5.66E-17	102440000
177127_TK_MC	9	3	3	10.1	45.838	3.99E-08	42507000
79867_TK_MC	9	3	3	10.1	45.838	3.99E-08	42507000
143137_TK_MC	9	3	3	10.1	45.838	3.99E-08	42507000
143135_TK_MC	9	3	3	10.1	45.838	3.99E-08	42507000
143139_TK_MC	9	3	3	10.1	45.838	3.99E-08	42507000
143138_TK_MC	9	3	3	10.1	45.838	3.99E-08	42507000
143136_TK_MC	9	3	3	10.1	45.838	3.99E-08	42507000
143140_TK_MC	9	3	3	10.1	45.838	3.99E-08	42507000
85973_TK_MC	9	3	3	10.1	45.838	3.99E-08	42507000
143370_TK_MC	1	2	2	23.5	14.977	7.79E-05	5546600
143556_TK_MC	3	6	5	18.3	37.889	5.81E-15	207840000
86388_TK_MC	3	6	5	18.3	37.889	5.81E-15	207840000
112319_TK_MC	3	6	5	18.3	37.889	5.81E-15	207840000
143564_TK_MC	3	3	3	23.3	26.184	3.27E-09	133990000
143563_TK_MC	3	3	3	23.3	26.184	3.27E-09	133990000
156465_TK_MC	3	3	3	23.3	26.184	3.27E-09	133990000
143854_TK_MC	2	1	1	9.1	13.439	0.00047456	35029000
143855_TK_MC	2	1	1	9.1	13.439	0.00047456	35029000
144435_TK_MC	1	1	1	20.3	8.5019	1.76E-09	34155000
144538_TK_MC	2	2	2	20	9.9034	6.00E-05	32735000
89885_TK_MC	2	2	2	20	9.9034	6.00E-05	32735000
144685_TK_MC	1	1	1	9.6	13.447	0.0041594	7779100
144696_TK_MC	1	3	3	25.2	15.428	1.18E-14	410340000
144859_TK_MC	2	1	1	10.7	22.683	0.0073276	8198900
91155_TK_MC	2	1	1	10.7	22.683	0.0073276	8198900
144937_TK_MC	1	1	1	17.9	11.414	2.99E-07	8021400
91746_TK_MC	2	9	7	28.3	32.155	6.30E-45	1238300000
145039_TK_MC	2	9	7	28.3	32.155	6.30E-45	1238300000
145095_TK_MC	3	3	3	6.5	55.676	8.71E-10	38647000
179872_TK_MC	3	3	3	6.5	55.676	8.71E-10	38647000
172781_TK_MC	3	3	3	6.5	55.676	8.71E-10	38647000
145134_TK_MC	1	1	1	7.8	18.727	0.01001	0
146610_TK_MC	3	1	1	2.3	100.11	0.010759	0
146611_TK_MC	3	1	1	2.3	100.11	0.010759	0
97484_TK_MC	3	1	1	2.3	100.11	0.010759	0
97862_TK_MC	2	2	2	26.9	7.8399	2.80E-08	167850000
146721_TK_MC	2	2	2	26.9	7.8399	2.80E-08	167850000
147227_TK_MC	1	1	1	6.3	17.583	0.0072578	0
147605_TK_MC	2	2	2	10.1	24.172	9.64E-11	177540000
100666_TK_MC	2	2	2	10.1	24.172	9.64E-11	177540000
148093_TK_MC	3	5	5	29.9	21.862	6.70E-15	139340000
144453_TK_MC	3	5	5	29.9	21.862	6.70E-15	139340000
112235_TK_MC	3	5	5	29.9	21.862	6.70E-15	139340000
182621_TK_MC	2	6	6	10.7	71.267	5.41E-16	110360000
148363_TK_MC	2	6	6	10.7	71.267	5.41E-16	110360000
148550_TK_MC	1	1	1	4	28.747	0.0090325	6167600
149218_TK_MC	1	1	1	57.4	4.9366	0.026105	0
150123_TK_MC	1	5	5	19.5	47.545	1.96E-46	265930000
150581_TK_MC	1	4	2	29.4	11.599	9.10E-30	187700000
151737_TK_MC	1	2	2	4.3	55.991	4.05E-05	113810000
151765_TK_MC	3	2	2	9.5	25.114	7.60E-05	21390000
151766_TK_MC	3	2	2	9.5	25.114	7.60E-05	21390000
112769_TK_MC	3	2	2	9.5	25.114	7.60E-05	21390000
151788_TK_MC	6	3	3	19.3	23.296	2.24E-17	39447000
151787_TK_MC	6	3	3	19.3	23.296	2.24E-17	39447000
174141_TK_MC	6	3	3	19.3	23.296	2.24E-17	39447000
138873_TK_MC	6	3	3	19.3	23.296	2.24E-17	39447000
80025_TK_MC	6	3	3	19.3	23.296	2.24E-17	39447000
111679_TK_MC	6	3	3	19.3	23.296	2.24E-17	39447000
170834_TK_MC	2	1	1	8.5	18.451	0.0017179	17041000
151979_TK_MC	2	1	1	8.5	18.451	0.0017179	17041000
152040_TK_MC	1	1	1	18.6	7.4775	0.0006475	4241700
152683_TK_MC	1	1	1	24.1	6.5672	3.07E-06	14257000
152772_TK_MC	1	1	1	7.7	35.802	7.17E-06	0
180999_TK_MC	4	4	4	20.6	27.798	1.56E-15	114170000
153599_TK_MC	4	4	4	20.6	27.798	1.56E-15	114170000
153597_TK_MC	4	4	4	20.6	27.798	1.56E-15	114170000
160034_TK_MC	4	4	4	20.6	27.798	1.56E-15	114170000
153640_TK_MC	2	5	5	24.5	26.774	4.44E-22	333560000
153639_TK_MC	2	5	5	24.5	26.774	4.44E-22	333560000
178277_TK_MC	3	1	1	4	30.619	0.00083287	0
159973_TK_MC	3	1	1	4	30.619	0.00083287	0
153970_TK_MC	3	1	1	4	30.619	0.00083287	0
154126_TK_MC	1	2	2	15.5	16.113	7.91E-06	54957000
154345_TK_MC	1	1	1	20.8	8.5338	0.00054166	8353500
154605_TK_MC	1	1	1	20.8	16.242	0.021365	36905000
179544_TK_MC	2	9	9	14.8	73.747	4.88E-56	201950000
154940_TK_MC	2	9	9	14.8	73.747	4.88E-56	201950000
180893_TK_MC	2	1	1	3	34.127	0.0059187	0
154985_TK_MC	2	1	1	3	34.127	0.0059187	0
155072_TK_MC	1	1	1	26.3	4.2939	0.014695	113730000
155219_TK_MC	1	1	1	4.6	27.387	0.0014683	0
164203_TK_MC	2	2	2	3.8	69.75	4.04E-09	15458000
155271_TK_MC	2	2	2	3.8	69.75	4.04E-09	15458000
169486_TK_MC	6	1	1	8.3	11.993	0.017745	32619000
173620_TK_MC	6	1	1	8.3	11.993	0.017745	32619000
155506_TK_MC	6	1	1	8.3	11.993	0.017745	32619000
169487_TK_MC	6	1	1	8.3	11.993	0.017745	32619000
176487_TK_MC	6	1	1	8.3	11.993	0.017745	32619000
169728_TK_MC	6	1	1	8.3	11.993	0.017745	32619000
178776_TK_MC	4	2	2	5.8	38.157	3.93E-05	19581000
159946_TK_MC	4	2	2	5.8	38.157	3.93E-05	19581000
171866_TK_MC	4	2	2	5.8	38.157	3.93E-05	19581000
155591_TK_MC	4	2	2	5.8	38.157	3.93E-05	19581000
156148_TK_MC	1	1	1	2.8	37.966	0.0022819	58668000
72893_TK_MC	5	1	1	5.7	22.357	0.019676	11026000
178202_TK_MC	5	1	1	5.7	22.357	0.019676	11026000
156378_TK_MC	5	1	1	5.7	22.357	0.019676	11026000
171374_TK_MC	5	1	1	5.7	22.357	0.019676	11026000
170878_TK_MC	5	1	1	5.7	22.357	0.019676	11026000
156498_TK_MC	1	1	1	2.4	37.546	0.013919	8368600
156592_TK_MC	1	4	1	13.5	15.89	4.35E-62	276840000
156723_TK_MC	5	2	2	14.6	22.43	8.66E-07	42126000
75351_TK_MC	5	2	2	14.6	22.43	8.66E-07	42126000
136038_TK_MC	5	2	2	14.6	22.43	8.66E-07	42126000
136036_TK_MC	5	2	2	14.6	22.43	8.66E-07	42126000
136037_TK_MC	5	2	2	14.6	22.43	8.66E-07	42126000
156741_TK_MC	1	4	4	12.8	50.533	6.61E-16	53682000
156817_TK_MC	1	1	1	2	60.623	0.025316	0
157044_TK_MC	3	11	11	19	81.795	6.41E-34	258460000
69171_TK_MC	3	11	11	19	81.795	6.41E-34	258460000
69172_TK_MC	3	11	11	19	81.795	6.41E-34	258460000
66482_TK_MC	3	1	1	1.3	93.272	0.005579	0
157140_TK_MC	3	1	1	1.3	93.272	0.005579	0
66480_TK_MC	3	1	1	1.3	93.272	0.005579	0
157144_TK_MC	6	8	8	16.2	62.961	3.39E-27	264050000
169855_TK_MC	6	8	8	16.2	62.961	3.39E-27	264050000
178937_TK_MC	6	8	8	16.2	62.961	3.39E-27	264050000
172054_TK_MC	6	8	8	16.2	62.961	3.39E-27	264050000
172053_TK_MC	6	8	8	16.2	62.961	3.39E-27	264050000
178939_TK_MC	6	8	8	16.2	62.961	3.39E-27	264050000
157161_TK_MC	2	1	1	2.4	56.508	0.00058422	0
173075_TK_MC	2	1	1	2.4	56.508	0.00058422	0
157176_TK_MC	1	1	1	2.6	51.139	0.011276	6528100
157230_TK_MC	1	1	1	3.2	51.993	0.016603	0
157235_TK_MC	1	1	1	13.2	15.387	5.82E-05	3876500
157236_TK_MC	1	4	4	37.2	21.779	1.54E-41	334080000
157550_TK_MC	2	1	1	2.3	52.042	0.027568	9777700
88958_TK_MC	2	1	1	2.3	52.042	0.027568	9777700
157763_TK_MC	6	4	4	8.3	77.524	8.50E-12	31619000
75452_TK_MC	6	4	4	8.3	77.524	8.50E-12	31619000
75451_TK_MC	6	4	4	8.3	77.524	8.50E-12	31619000
75449_TK_MC	6	4	4	8.3	77.524	8.50E-12	31619000
162989_TK_MC	6	4	4	8.3	77.524	8.50E-12	31619000
162988_TK_MC	6	4	4	8.3	77.524	8.50E-12	31619000
68593_TK_MC	3	1	1	1	116.63	0.0056351	8432900
68594_TK_MC	3	1	1	1	116.63	0.0056351	8432900
157869_TK_MC	3	1	1	1	116.63	0.0056351	8432900
158002_TK_MC	1	2	2	6.2	38.15	1.68E-10	25219000
158051_TK_MC	2	6	6	11.6	56.763	1.39E-11	149180000
151844_TK_MC	2	6	6	11.6	56.763	1.39E-11	149180000
158053_TK_MC	1	5	5	19.5	38.227	3.52E-31	162230000
69271_TK_MC	3	11	11	25.2	53.996	1.40E-76	833730000
158444_TK_MC	3	11	11	25.2	53.996	1.40E-76	833730000
132271_TK_MC	3	11	11	25.2	53.996	1.40E-76	833730000
158640_TK_MC	2	5	3	13	30.727	1.14E-19	807360000
122138_TK_MC	2	5	3	13	30.727	1.14E-19	807360000
159133_TK_MC	3	13	1	1.9	74.393	5.22E-62	0
178604_TK_MC	3	13	1	1.9	74.393	5.22E-62	0
178603_TK_MC	3	13	1	1.9	74.393	5.22E-62	0
159153_TK_MC	2	5	5	26	32.885	1.17E-37	397300000
86879_TK_MC	2	5	5	26	32.885	1.17E-37	397300000
159576_TK_MC	1	18	6	21.6	51.139	6.81E-133	3024800000
159670_TK_MC	3	19	19	21.4	126.92	7.62E-100	2087700000
169879_TK_MC	3	19	19	21.4	126.92	7.62E-100	2087700000
72642_TK_MC	3	19	19	21.4	126.92	7.62E-100	2087700000
159876_TK_MC	3	2	2	6.9	33.71	2.84E-05	24925000
77750_TK_MC	3	2	2	6.9	33.71	2.84E-05	24925000
176622_TK_MC	3	2	2	6.9	33.71	2.84E-05	24925000
160004_TK_MC	1	1	1	4	29.966	0.022405	8489700
77486_TK_MC	2	1	1	4.4	36.865	0.0014166	10869000
160267_TK_MC	2	1	1	4.4	36.865	0.0014166	10869000
63514_TK_MC	3	2	2	6.4	34.625	3.87E-05	11069000
63515_TK_MC	3	2	2	6.4	34.625	3.87E-05	11069000
160366_TK_MC	3	2	2	6.4	34.625	3.87E-05	11069000
160602_TK_MC	1	1	1	4.6	24.931	0.026954	18654000
174396_TK_MC	11	1	1	5.2	24.086	0.0089221	167940000
181718_TK_MC	11	1	1	5.2	24.086	0.0089221	167940000
174397_TK_MC	11	1	1	5.2	24.086	0.0089221	167940000
181720_TK_MC	11	1	1	5.2	24.086	0.0089221	167940000
174393_TK_MC	11	1	1	5.2	24.086	0.0089221	167940000
174394_TK_MC	11	1	1	5.2	24.086	0.0089221	167940000
160620_TK_MC	11	1	1	5.2	24.086	0.0089221	167940000
174392_TK_MC	11	1	1	5.2	24.086	0.0089221	167940000
91513_TK_MC	11	1	1	5.2	24.086	0.0089221	167940000
174395_TK_MC	11	1	1	5.2	24.086	0.0089221	167940000
174398_TK_MC	11	1	1	5.2	24.086	0.0089221	167940000
72608_TK_MC	2	1	1	2.3	38.934	0.017421	432590000
160631_TK_MC	2	1	1	2.3	38.934	0.017421	432590000
160940_TK_MC	1	2	2	11	25.53	1.12E-11	49477000
161322_TK_MC	1	2	2	7.6	38.998	0.00010892	26301000
161344_TK_MC	1	3	3	8.6	49.934	5.08E-16	103330000
180536_TK_MC	2	2	2	10.2	28.241	2.17E-05	21605000
161362_TK_MC	2	2	2	10.2	28.241	2.17E-05	21605000
180415_TK_MC	3	2	2	5.4	48.014	0.00014635	8187100
85326_TK_MC	3	2	2	5.4	48.014	0.00014635	8187100
161900_TK_MC	3	2	2	5.4	48.014	0.00014635	8187100
162218_TK_MC	2	2	2	3.7	67.479	4.93E-06	10809000
154976_TK_MC	2	2	2	3.7	67.479	4.93E-06	10809000
162454_TK_MC	1	2	2	14.7	22.3	1.69E-08	12449000
162601_TK_MC	1	2	2	0.6	451.08	5.13E-05	16286000
162768_TK_MC	6	1	1	1	141.73	0.027614	50348000
66889_TK_MC	6	1	1	1	141.73	0.027614	50348000
66890_TK_MC	6	1	1	1	141.73	0.027614	50348000
66891_TK_MC	6	1	1	1	141.73	0.027614	50348000
171347_TK_MC	6	1	1	1	141.73	0.027614	50348000
178148_TK_MC	6	1	1	1	141.73	0.027614	50348000
63511_TK_MC	3	1	1	4.1	30.875	3.04E-06	18292000
63510_TK_MC	3	1	1	4.1	30.875	3.04E-06	18292000
162870_TK_MC	3	1	1	4.1	30.875	3.04E-06	18292000
162879_TK_MC	3	2	2	15.3	19.504	7.42E-08	19897000
66243_TK_MC	3	2	2	15.3	19.504	7.42E-08	19897000
172106_TK_MC	3	2	2	15.3	19.504	7.42E-08	19897000
162899_TK_MC	1	1	1	2.3	40.732	0.022291	112030000
163156_TK_MC	1	2	2	13.9	23.634	2.18E-08	12052000
163345_TK_MC	4	3	3	6.7	59.495	1.25E-15	361680000
78237_TK_MC	4	3	3	6.7	59.495	1.25E-15	361680000
78225_TK_MC	4	3	3	6.7	59.495	1.25E-15	361680000
174274_TK_MC	4	3	3	6.7	59.495	1.25E-15	361680000
163377_TK_MC	3	2	2	5.4	48.012	3.64E-16	21247000
180869_TK_MC	3	2	2	5.4	48.012	3.64E-16	21247000
125125_TK_MC	3	2	2	5.4	48.012	3.64E-16	21247000
163378_TK_MC	3	2	2	8.9	33.823	2.68E-06	40858000
173826_TK_MC	3	2	2	8.9	33.823	2.68E-06	40858000
125083_TK_MC	3	2	2	8.9	33.823	2.68E-06	40858000
163513_TK_MC	6	5	4	16.9	32.619	9.61E-16	148420000
79931_TK_MC	6	5	4	16.9	32.619	9.61E-16	148420000
138801_TK_MC	6	5	4	16.9	32.619	9.61E-16	148420000
138800_TK_MC	6	5	4	16.9	32.619	9.61E-16	148420000
138799_TK_MC	6	5	4	16.9	32.619	9.61E-16	148420000
79929_TK_MC	6	5	4	16.9	32.619	9.61E-16	148420000
163524_TK_MC	3	2	2	7.2	30.376	0.00032234	120960000
158641_TK_MC	3	2	2	7.2	30.376	0.00032234	120960000
116233_TK_MC	3	2	2	7.2	30.376	0.00032234	120960000
163849_TK_MC	4	9	5	17.2	45.615	1.25E-50	657670000
161123_TK_MC	4	9	5	17.2	45.615	1.25E-50	657670000
114524_TK_MC	4	9	5	17.2	45.615	1.25E-50	657670000
161122_TK_MC	4	9	5	17.2	45.615	1.25E-50	657670000
76626_TK_MC	3	1	1	1.7	80.755	4.83E-07	14936000
76627_TK_MC	3	1	1	1.7	80.755	4.83E-07	14936000
164442_TK_MC	3	1	1	1.7	80.755	4.83E-07	14936000
164605_TK_MC	1	7	1	1.9	41.857	1.48E-52	327810000
164620_TK_MC	2	2	2	32.5	13.673	5.77E-06	33011000
83050_TK_MC	2	2	2	32.5	13.673	5.77E-06	33011000
63176_TK_MC	5	2	2	7.8	36.5	0.00021819	45066000
164645_TK_MC	5	2	2	7.8	36.5	0.00021819	45066000
63177_TK_MC	5	2	2	7.8	36.5	0.00021819	45066000
164652_TK_MC	5	2	2	7.8	36.5	0.00021819	45066000
164651_TK_MC	5	2	2	7.8	36.5	0.00021819	45066000
164763_TK_MC	3	8	8	20.3	51.824	1.55E-39	3074000000
72301_TK_MC	3	8	8	20.3	51.824	1.55E-39	3074000000
72300_TK_MC	3	8	8	20.3	51.824	1.55E-39	3074000000
164765_TK_MC	1	4	4	27.1	18.057	1.67E-09	104220000
164820_TK_MC	1	1	1	5.3	21.588	0.0058821	38610000
180516_TK_MC	4	2	2	4.8	48.032	1.93E-05	94034000
73118_TK_MC	4	2	2	4.8	48.032	1.93E-05	94034000
164919_TK_MC	4	2	2	4.8	48.032	1.93E-05	94034000
73117_TK_MC	4	2	2	4.8	48.032	1.93E-05	94034000
165085_TK_MC	2	10	6	13.5	52.887	5.15E-70	2907600000
68340_TK_MC	2	10	6	13.5	52.887	5.15E-70	2907600000
165352_TK_MC	1	7	0	0	37.139	1.16E-46	2002900000
165404_TK_MC	2	8	1	3.6	61.804	1.05E-31	0
158795_TK_MC	2	8	1	3.6	61.804	1.05E-31	0
165405_TK_MC	1	5	1	4.6	33.984	4.94E-17	0
165649_TK_MC	1	1	1	5	18.007	0.021534	710290000
165938_TK_MC	1	2	2	5.1	57.959	8.11E-05	42919000
165972_TK_MC	1	1	1	5.8	22.262	0.028401	4140500
80186_TK_MC	2	1	1	1.8	68.148	0.00019203	0
166176_TK_MC	2	1	1	1.8	68.148	0.00019203	0
166754_TK_MC	3	1	1	2.8	44.714	0.0088941	8647700
77903_TK_MC	3	1	1	2.8	44.714	0.0088941	8647700
77904_TK_MC	3	1	1	2.8	44.714	0.0088941	8647700
90604_TK_MC	2	2	2	13.1	22.096	3.15E-09	5284400
166856_TK_MC	2	2	2	13.1	22.096	3.15E-09	5284400
166978_TK_MC	7	3	3	5.8	66.992	2.37E-06	36718000
169848_TK_MC	7	3	3	5.8	66.992	2.37E-06	36718000
176664_TK_MC	7	3	3	5.8	66.992	2.37E-06	36718000
126481_TK_MC	7	3	3	5.8	66.992	2.37E-06	36718000
126480_TK_MC	7	3	3	5.8	66.992	2.37E-06	36718000
62160_TK_MC	7	3	3	5.8	66.992	2.37E-06	36718000
126479_TK_MC	7	3	3	5.8	66.992	2.37E-06	36718000
167051_TK_MC	1	4	4	26.8	22.662	1.07E-16	98016000
182211_TK_MC	4	3	3	17.4	18.023	1.32E-06	37221000
167055_TK_MC	4	3	3	17.4	18.023	1.32E-06	37221000
66535_TK_MC	4	3	3	17.4	18.023	1.32E-06	37221000
66536_TK_MC	4	3	3	17.4	18.023	1.32E-06	37221000
167075_TK_MC	9	4	4	13.2	45.133	2.11E-10	38216000
67673_TK_MC	9	4	4	13.2	45.133	2.11E-10	38216000
67671_TK_MC	9	4	4	13.2	45.133	2.11E-10	38216000
173340_TK_MC	9	4	4	13.2	45.133	2.11E-10	38216000
173338_TK_MC	9	4	4	13.2	45.133	2.11E-10	38216000
173339_TK_MC	9	4	4	13.2	45.133	2.11E-10	38216000
180437_TK_MC	9	4	4	13.2	45.133	2.11E-10	38216000
180448_TK_MC	9	4	4	13.2	45.133	2.11E-10	38216000
173326_TK_MC	9	4	4	13.2	45.133	2.11E-10	38216000
167355_TK_MC	1	4	3	13.4	40.846	2.08E-10	102640000
167357_TK_MC	4	4	4	26.8	24.586	1.10E-97	350500000
81434_TK_MC	4	4	4	26.8	24.586	1.10E-97	350500000
169788_TK_MC	4	4	4	26.8	24.586	1.10E-97	350500000
139613_TK_MC	4	4	4	26.8	24.586	1.10E-97	350500000
167365_TK_MC	1	3	1	13.1	20.322	5.47E-62	38379000
167493_TK_MC	2	3	3	34	12.618	1.28E-06	21848000
109687_TK_MC	2	3	3	34	12.618	1.28E-06	21848000
167498_TK_MC	1	2	1	4	40.279	0.00015775	9908600
167565_TK_MC	1	1	1	10.9	15.973	5.62E-08	33083000
178466_TK_MC	5	2	2	6	51.637	1.14E-18	11184000
171443_TK_MC	5	2	2	6	51.637	1.14E-18	11184000
167580_TK_MC	5	2	2	6	51.637	1.14E-18	11184000
65418_TK_MC	5	2	2	6	51.637	1.14E-18	11184000
171759_TK_MC	5	2	2	6	51.637	1.14E-18	11184000
167622_TK_MC	2	1	1	5.5	31.946	9.31E-05	9629900
99046_TK_MC	2	1	1	5.5	31.946	9.31E-05	9629900
80244_TK_MC	3	2	2	4.6	42.501	0.00038454	893480000
80246_TK_MC	3	2	2	4.6	42.501	0.00038454	893480000
168080_TK_MC	3	2	2	4.6	42.501	0.00038454	893480000
65674_TK_MC	2	1	1	9.1	18.923	0.0034434	14137000
168247_TK_MC	2	1	1	9.1	18.923	0.0034434	14137000
168616_TK_MC	1	1	1	5.2	37.746	0.014284	10763000
179190_TK_MC	4	34	34	24.9	184.46	8.93E-223	1730700000
179191_TK_MC	4	34	34	24.9	184.46	8.93E-223	1730700000
168819_TK_MC	4	34	34	24.9	184.46	8.93E-223	1730700000
85320_TK_MC	4	34	34	24.9	184.46	8.93E-223	1730700000
179112_TK_MC	5	1	1	2.4	60.176	5.89E-06	7198700
179111_TK_MC	5	1	1	2.4	60.176	5.89E-06	7198700
168883_TK_MC	5	1	1	2.4	60.176	5.89E-06	7198700
62541_TK_MC	5	1	1	2.4	60.176	5.89E-06	7198700
62540_TK_MC	5	1	1	2.4	60.176	5.89E-06	7198700
169033_TK_MC	1	1	1	8	13.32	0.022322	0
178103_TK_MC	2	2	1	3.9	37.631	2.46E-05	14619000
169138_TK_MC	2	2	1	3.9	37.631	2.46E-05	14619000
177538_TK_MC	4	1	1	5.7	16.548	0.023559	21300000
169336_TK_MC	4	1	1	5.7	16.548	0.023559	21300000
78445_TK_MC	4	1	1	5.7	16.548	0.023559	21300000
78444_TK_MC	4	1	1	5.7	16.548	0.023559	21300000
169501_TK_MC	4	1	1	4.7	22.662	0.0031263	0
173712_TK_MC	4	1	1	4.7	22.662	0.0031263	0
61485_TK_MC	4	1	1	4.7	22.662	0.0031263	0
94045_TK_MC	4	1	1	4.7	22.662	0.0031263	0
169659_TK_MC	1	1	1	5.4	50.062	0.00032094	0
177528_TK_MC	4	4	4	15.9	35.982	1.87E-09	30913000
170666_TK_MC	4	4	4	15.9	35.982	1.87E-09	30913000
125707_TK_MC	4	4	4	15.9	35.982	1.87E-09	30913000
167451_TK_MC	4	4	4	15.9	35.982	1.87E-09	30913000
80877_TK_MC	3	1	1	8.9	12.731	0.011224	16996000
170849_TK_MC	3	1	1	8.9	12.731	0.011224	16996000
80876_TK_MC	3	1	1	8.9	12.731	0.011224	16996000
66000_TK_MC	26	4	4	17.6	33.23	2.78E-16	217730000
172050_TK_MC	26	4	4	17.6	33.23	2.78E-16	217730000
172058_TK_MC	26	4	4	17.6	33.23	2.78E-16	217730000
172052_TK_MC	26	4	4	17.6	33.23	2.78E-16	217730000
129870_TK_MC	26	4	4	17.6	33.23	2.78E-16	217730000
172059_TK_MC	26	4	4	17.6	33.23	2.78E-16	217730000
172056_TK_MC	26	4	4	17.6	33.23	2.78E-16	217730000
172057_TK_MC	26	4	4	17.6	33.23	2.78E-16	217730000
172051_TK_MC	26	4	4	17.6	33.23	2.78E-16	217730000
172055_TK_MC	26	4	4	17.6	33.23	2.78E-16	217730000
172048_TK_MC	26	4	4	17.6	33.23	2.78E-16	217730000
157143_TK_MC	26	4	4	17.6	33.23	2.78E-16	217730000
129865_TK_MC	26	4	4	17.6	33.23	2.78E-16	217730000
178938_TK_MC	26	4	4	17.6	33.23	2.78E-16	217730000
129872_TK_MC	26	4	4	17.6	33.23	2.78E-16	217730000
178940_TK_MC	26	4	4	17.6	33.23	2.78E-16	217730000
172047_TK_MC	26	4	4	17.6	33.23	2.78E-16	217730000
129869_TK_MC	26	4	4	17.6	33.23	2.78E-16	217730000
169853_TK_MC	26	4	4	17.6	33.23	2.78E-16	217730000
129873_TK_MC	26	4	4	17.6	33.23	2.78E-16	217730000
129871_TK_MC	26	4	4	17.6	33.23	2.78E-16	217730000
66002_TK_MC	26	4	4	17.6	33.23	2.78E-16	217730000
66008_TK_MC	26	4	4	17.6	33.23	2.78E-16	217730000
172049_TK_MC	26	4	4	17.6	33.23	2.78E-16	217730000
129866_TK_MC	26	4	4	17.6	33.23	2.78E-16	217730000
129867_TK_MC	26	4	4	17.6	33.23	2.78E-16	217730000
17207_TK_MC	1	1	1	38.9	4.0235	0.027846	0
78359_TK_MC	6	5	5	37.8	17.386	2.47E-24	979000000
172466_TK_MC	6	5	5	37.8	17.386	2.47E-24	979000000
137842_TK_MC	6	5	5	37.8	17.386	2.47E-24	979000000
78358_TK_MC	6	5	5	37.8	17.386	2.47E-24	979000000
179461_TK_MC	6	5	5	37.8	17.386	2.47E-24	979000000
137843_TK_MC	6	5	5	37.8	17.386	2.47E-24	979000000
173074_TK_MC	1	1	1	1.3	59.692	0.0011155	59327000
173708_TK_MC	2	1	1	5.1	22.329	0.011263	10133000
173707_TK_MC	2	1	1	5.1	22.329	0.011263	10133000
69474_TK_MC	2	1	1	8.8	16.76	0.025335	0
173710_TK_MC	2	1	1	8.8	16.76	0.025335	0
181424_TK_MC	3	3	1	1.6	72.557	5.46E-16	17859000
90620_TK_MC	3	3	1	1.6	72.557	5.46E-16	17859000
174191_TK_MC	3	3	1	1.6	72.557	5.46E-16	17859000
174490_TK_MC	4	3	3	11.9	24.559	2.89E-13	83069000
83503_TK_MC	4	3	3	11.9	24.559	2.89E-13	83069000
174491_TK_MC	4	3	3	11.9	24.559	2.89E-13	83069000
140862_TK_MC	4	3	3	11.9	24.559	2.89E-13	83069000
63446_TK_MC	2	2	2	12.3	23.556	7.43E-11	32352000
175200_TK_MC	2	2	2	12.3	23.556	7.43E-11	32352000
176185_TK_MC	1	2	1	12.7	12.069	9.49E-21	360880000
177101_TK_MC	2	5	2	11.6	19.603	5.80E-13	90662000
172008_TK_MC	2	5	2	11.6	19.603	5.80E-13	90662000
177102_TK_MC	2	4	1	6.2	16.368	3.91E-09	0
170199_TK_MC	2	4	1	6.2	16.368	3.91E-09	0
177258_TK_MC	1	1	1	11.3	11.165	0.00025285	0
177651_TK_MC	1	1	1	4.2	28.527	0.020853	11666000
177744_TK_MC	1	1	1	9.1	19.275	0.011074	7710200
178737_TK_MC	4	2	2	4.3	67.126	6.60E-06	0
178740_TK_MC	4	2	2	4.3	67.126	6.60E-06	0
78105_TK_MC	4	2	2	4.3	67.126	6.60E-06	0
178738_TK_MC	4	2	2	4.3	67.126	6.60E-06	0
179027_TK_MC	2	11	2	8.6	29.141	1.30E-101	520580000
177330_TK_MC	2	11	2	8.6	29.141	1.30E-101	520580000
179324_TK_MC	1	4	4	40	14.391	1.57E-20	602260000
179332_TK_MC	1	1	1	2.9	46.697	0.00031809	0
179366_TK_MC	2	2	2	6.6	39.788	0.00014818	20597000
179365_TK_MC	2	2	2	6.6	39.788	0.00014818	20597000
179600_TK_MC	1	3	3	8.6	44.826	3.42E-10	48000000
179625_TK_MC	1	3	3	23.3	18.374	4.24E-08	27404000
96209_TK_MC	2	1	1	5.5	21.728	0.00036989	13640000
179626_TK_MC	2	1	1	5.5	21.728	0.00036989	13640000
179727_TK_MC	2	4	4	44.1	14.806	1.80E-13	32061000
88605_TK_MC	2	4	4	44.1	14.806	1.80E-13	32061000
180299_TK_MC	2	4	4	13.4	38.536	2.15E-09	106390000
87862_TK_MC	2	4	4	13.4	38.536	2.15E-09	106390000
180589_TK_MC	1	1	1	3.4	40.405	0.00023011	5674300
79016_TK_MC	4	5	5	12.7	36.987	3.89E-18	564460000
79017_TK_MC	4	5	5	12.7	36.987	3.89E-18	564460000
79021_TK_MC	4	5	5	12.7	36.987	3.89E-18	564460000
180593_TK_MC	4	5	5	12.7	36.987	3.89E-18	564460000
180674_TK_MC	7	2	2	10.7	27.356	3.79E-15	344180000
83766_TK_MC	7	2	2	10.7	27.356	3.79E-15	344180000
180673_TK_MC	7	2	2	10.7	27.356	3.79E-15	344180000
180676_TK_MC	7	2	2	10.7	27.356	3.79E-15	344180000
83765_TK_MC	7	2	2	10.7	27.356	3.79E-15	344180000
61756_TK_MC	7	2	2	10.7	27.356	3.79E-15	344180000
61757_TK_MC	7	2	2	10.7	27.356	3.79E-15	344180000
180792_TK_MC	2	1	1	11.1	12.434	0.0086932	0
90625_TK_MC	2	1	1	11.1	12.434	0.0086932	0
180966_TK_MC	2	4	4	9.5	56.744	8.48E-17	872710000
80821_TK_MC	2	4	4	9.5	56.744	8.48E-17	872710000
182249_TK_MC	8	5	5	12.9	42.178	2.85E-19	232010000
182248_TK_MC	8	5	5	12.9	42.178	2.85E-19	232010000
136678_TK_MC	8	5	5	12.9	42.178	2.85E-19	232010000
76596_TK_MC	8	5	5	12.9	42.178	2.85E-19	232010000
136677_TK_MC	8	5	5	12.9	42.178	2.85E-19	232010000
136676_TK_MC	8	5	5	12.9	42.178	2.85E-19	232010000
76598_TK_MC	8	5	5	12.9	42.178	2.85E-19	232010000
136679_TK_MC	8	5	5	12.9	42.178	2.85E-19	232010000
182262_TK_MC	1	8	8	24.4	36.712	6.18E-122	3664900000
182426_TK_MC	1	1	1	3.9	36.318	3.38E-05	15206000
182484_TK_MC	2	1	1	7.6	16.225	0.00056286	16851000
77873_TK_MC	2	1	1	7.6	16.225	0.00056286	16851000
182676_TK_MC	2	9	9	44.1	21.413	2.36E-88	5394100000
162925_TK_MC	2	9	9	44.1	21.413	2.36E-88	5394100000
82252_TK_MC	3	1	1	3.1	41.628	0.023246	21912000
182790_TK_MC	3	1	1	3.1	41.628	0.023246	21912000
182795_TK_MC	3	1	1	3.1	41.628	0.023246	21912000
183204_TK_MC	1	1	1	12.7	14.396	8.32E-06	8583400
183227_TK_MC	1	2	2	7.7	28.378	0.0011593	0
183307_TK_MC	4	1	1	5.8	26.031	1.28E-29	257540000
61709_TK_MC	4	1	1	5.8	26.031	1.28E-29	257540000
61711_TK_MC	4	1	1	5.8	26.031	1.28E-29	257540000
183306_TK_MC	4	1	1	5.8	26.031	1.28E-29	257540000
183462_TK_MC	1	2	2	9.9	22.012	4.25E-06	82320000
61917_TK_MC	2	1	1	4.8	38.349	1.37E-43	655720000
183485_TK_MC	2	1	1	4.8	38.349	1.37E-43	655720000
183655_TK_MC	6	15	1	4.3	42.313	5.14E-99	449740000
176182_TK_MC	6	15	1	4.3	42.313	5.14E-99	449740000
176181_TK_MC	6	15	1	4.3	42.313	5.14E-99	449740000
176180_TK_MC	6	15	1	4.3	42.313	5.14E-99	449740000
77452_TK_MC	6	15	1	4.3	42.313	5.14E-99	449740000
183656_TK_MC	6	15	1	4.3	42.313	5.14E-99	449740000
183709_TK_MC	2	2	2	11.5	26.549	5.19E-05	112290000
183707_TK_MC	2	2	2	11.5	26.549	5.19E-05	112290000
20417_TK_MC	1	1	1	19.6	5.3544	0.0076416	8121100
46418_TK_MC	1	1	1	15.8	9.48	0.027801	27143000
54681_TK_MC	1	1	1	22.9	4.2599	0.033297	0
61208_TK_MC	1	3	3	27.2	20.175	2.99E-15	65482000
61877_TK_MC	4	37	2	1.9	121.69	0	11745000000
61875_TK_MC	4	37	2	1.9	121.69	0	11745000000
61876_TK_MC	4	37	2	1.9	121.69	0	11745000000
78464_TK_MC	4	37	2	1.9	121.69	0	11745000000
62202_TK_MC	4	7	7	21.7	55.636	8.41E-20	155560000
181734_TK_MC	4	7	7	21.7	55.636	8.41E-20	155560000
155147_TK_MC	4	7	7	21.7	55.636	8.41E-20	155560000
117430_TK_MC	4	7	7	21.7	55.636	8.41E-20	155560000
62435_TK_MC	1	1	1	8	19.302	0.00055642	68076000
62843_TK_MC	2	5	3	21.1	17.515	2.05E-10	310340000
62842_TK_MC	2	5	3	21.1	17.515	2.05E-10	310340000
63675_TK_MC	3	3	3	6.2	53.08	9.07E-08	51207000
63674_TK_MC	3	3	3	6.2	53.08	9.07E-08	51207000
168274_TK_MC	3	3	3	6.2	53.08	9.07E-08	51207000
63962_TK_MC	1	1	1	7.9	14.763	0.026184	19678000
63993_TK_MC	2	3	3	18.5	26.12	1.01E-19	145690000
63992_TK_MC	2	3	3	18.5	26.12	1.01E-19	145690000
64539_TK_MC	1	1	1	2.7	71.009	0.00010383	49072000
65774_TK_MC	1	3	3	9.3	37.116	4.81E-06	149390000
65872_TK_MC	1	13	13	36.7	60.102	3.14E-164	4510500000
66887_TK_MC	1	1	1	15.1	15.863	0.00097602	0
66950_TK_MC	1	4	4	17.2	27.734	8.12E-10	237770000
67064_TK_MC	4	2	2	10.1	25.135	0.00019325	6968700
67062_TK_MC	4	2	2	10.1	25.135	0.00019325	6968700
CON__Q3SX28	4	2	2	10.1	25.135	0.00019325	6968700
67063_TK_MC	4	2	2	10.1	25.135	0.00019325	6968700
67598_TK_MC	1	27	0	0	77.142	1.27E-281	21859000
68015_TK_MC	4	3	3	19.3	20.455	4.96E-09	304450000
162608_TK_MC	4	3	3	19.3	20.455	4.96E-09	304450000
131412_TK_MC	4	3	3	19.3	20.455	4.96E-09	304450000
68014_TK_MC	4	3	3	19.3	20.455	4.96E-09	304450000
68119_TK_MC	1	1	1	2.4	32.633	0.019504	66866000
68332_TK_MC	1	6	6	19.8	34.172	3.28E-15	1436800000
68866_TK_MC	3	4	0	0	18.491	1.28E-09	31559000
178898_TK_MC	3	4	0	0	18.491	1.28E-09	31559000
178899_TK_MC	3	4	0	0	18.491	1.28E-09	31559000
68980_TK_MC	1	3	3	22	17.365	1.40E-07	64916000
69362_TK_MC	2	5	5	51.6	14.285	2.04E-18	318370000
132338_TK_MC	2	5	5	51.6	14.285	2.04E-18	318370000
69771_TK_MC	1	1	1	39.5	4.5082	0.017239	18342000
69836_TK_MC	1	4	1	19.3	10.301	3.32E-37	37526000
70041_TK_MC	1	5	5	38	16.941	7.07E-67	2534100000
70293_TK_MC	2	2	2	9.4	32.186	6.86E-05	26345000
70294_TK_MC	2	2	2	9.4	32.186	6.86E-05	26345000
70476_TK_MC	1	2	2	9.3	32.15	5.31E-15	147300000
70764_TK_MC	1	1	1	4.9	27.129	0.00016248	0
71182_TK_MC	2	9	5	20.5	34.147	7.64E-51	2054400000
133504_TK_MC	2	9	5	20.5	34.147	7.64E-51	2054400000
71183_TK_MC	1	12	8	35.9	33.853	2.18E-113	7959300000
71184_TK_MC	1	4	3	26.5	13.754	2.36E-11	753250000
71185_TK_MC	1	1	1	14.5	6.4125	0.019967	251590000
71186_TK_MC	1	3	3	45.3	7.5826	9.52E-08	678050000
72614_TK_MC	7	4	4	9	60.661	2.39E-11	40785000
164954_TK_MC	7	4	4	9	60.661	2.39E-11	40785000
134459_TK_MC	7	4	4	9	60.661	2.39E-11	40785000
155338_TK_MC	7	4	4	9	60.661	2.39E-11	40785000
72616_TK_MC	7	4	4	9	60.661	2.39E-11	40785000
72613_TK_MC	7	4	4	9	60.661	2.39E-11	40785000
134460_TK_MC	7	4	4	9	60.661	2.39E-11	40785000
72647_TK_MC	1	6	6	23.4	35.569	9.03E-36	532060000
73555_TK_MC	2	32	32	26.1	174.04	2.16E-152	2359000000
166475_TK_MC	2	32	32	26.1	174.04	2.16E-152	2359000000
73673_TK_MC	1	7	7	18.4	55.28	6.69E-37	86430000
73831_TK_MC	4	5	5	17.6	43.643	1.15E-14	161650000
158349_TK_MC	4	5	5	17.6	43.643	1.15E-14	161650000
135136_TK_MC	4	5	5	17.6	43.643	1.15E-14	161650000
73830_TK_MC	4	5	5	17.6	43.643	1.15E-14	161650000
74084_TK_MC	1	1	1	6.7	16.555	0.0057613	75852000
74503_TK_MC	1	1	1	3.5	46.022	0.00058788	9000100
74691_TK_MC	1	1	1	4.7	19.929	0.015645	71946000
74693_TK_MC	2	4	4	17.5	26.69	2.68E-11	190400000
74690_TK_MC	2	4	4	17.5	26.69	2.68E-11	190400000
75674_TK_MC	7	12	1	1	103.91	3.79E-45	558830000
75673_TK_MC	7	12	1	1	103.91	3.79E-45	558830000
136195_TK_MC	7	12	1	1	103.91	3.79E-45	558830000
136194_TK_MC	7	12	1	1	103.91	3.79E-45	558830000
163329_TK_MC	7	12	1	1	103.91	3.79E-45	558830000
163326_TK_MC	7	12	1	1	103.91	3.79E-45	558830000
158794_TK_MC	7	12	1	1	103.91	3.79E-45	558830000
75728_TK_MC	3	3	3	12.3	35.813	4.05E-24	586400000
75729_TK_MC	3	3	3	12.3	35.813	4.05E-24	586400000
168601_TK_MC	3	3	3	12.3	35.813	4.05E-24	586400000
75755_TK_MC	1	1	1	1.4	97.751	0.011276	4834900
75794_TK_MC	1	2	2	10.4	34.273	3.37E-05	18211000
76031_TK_MC	1	2	2	8.5	35.584	9.84E-11	107550000
76381_TK_MC	3	2	2	10.5	25.412	1.24E-29	0
76383_TK_MC	3	2	2	10.5	25.412	1.24E-29	0
76382_TK_MC	3	2	2	10.5	25.412	1.24E-29	0
76440_TK_MC	1	2	2	12.3	20.349	0.0018351	65164000
76888_TK_MC	1	1	1	12.3	7.3905	0.023822	213220000
76892_TK_MC	2	1	1	6.2	17.532	0.027786	7880900
76895_TK_MC	2	1	1	6.2	17.532	0.027786	7880900
77302_TK_MC	4	6	6	13.1	49.552	1.30E-267	5274000000
77304_TK_MC	4	6	6	13.1	49.552	1.30E-267	5274000000
157331_TK_MC	4	6	6	13.1	49.552	1.30E-267	5274000000
181351_TK_MC	4	6	6	13.1	49.552	1.30E-267	5274000000
77410_TK_MC	1	2	2	13.5	20.406	6.69E-08	12654000
77434_TK_MC	2	3	3	14.5	36.929	6.13E-18	328450000
137253_TK_MC	2	3	3	14.5	36.929	6.13E-18	328450000
180022_TK_MC	3	8	8	22.4	26.865	1.14E-36	2056900000
137535_TK_MC	3	8	8	22.4	26.865	1.14E-36	2056900000
77831_TK_MC	3	8	8	22.4	26.865	1.14E-36	2056900000
78462_TK_MC	6	22	19	28.6	77.288	2.47E-238	11782000000
78465_TK_MC	6	22	19	28.6	77.288	2.47E-238	11782000000
61734_TK_MC	6	22	19	28.6	77.288	2.47E-238	11782000000
178943_TK_MC	6	22	19	28.6	77.288	2.47E-238	11782000000
182265_TK_MC	6	22	19	28.6	77.288	2.47E-238	11782000000
61735_TK_MC	6	22	19	28.6	77.288	2.47E-238	11782000000
79201_TK_MC	4	3	3	18.3	22.489	1.89E-07	133940000
79200_TK_MC	4	3	3	18.3	22.489	1.89E-07	133940000
178293_TK_MC	4	3	3	18.3	22.489	1.89E-07	133940000
79199_TK_MC	4	3	3	18.3	22.489	1.89E-07	133940000
79441_TK_MC	2	5	5	6.1	109.46	1.38E-13	88338000
162674_TK_MC	2	5	5	6.1	109.46	1.38E-13	88338000
79463_TK_MC	1	10	2	5.4	39.625	1.87E-74	376640000
79464_TK_MC	2	11	3	6.9	40.544	1.76E-100	4871200000
164889_TK_MC	2	11	3	6.9	40.544	1.76E-100	4871200000
79924_TK_MC	1	1	1	7.8	20.365	0.020524	5009600
79930_TK_MC	1	2	1	5.7	20.779	9.50E-06	90055000
80343_TK_MC	2	2	1	20.5	9.3926	6.09E-06	206570000
80341_TK_MC	2	2	1	20.5	9.3926	6.09E-06	206570000
80430_TK_MC	3	7	7	26.6	36.737	6.96E-24	293250000
80433_TK_MC	3	7	7	26.6	36.737	6.96E-24	293250000
139048_TK_MC	3	7	7	26.6	36.737	6.96E-24	293250000
80693_TK_MC	4	23	23	34.4	110.13	7.30E-143	1408600000
177605_TK_MC	4	23	23	34.4	110.13	7.30E-143	1408600000
179075_TK_MC	4	23	23	34.4	110.13	7.30E-143	1408600000
179076_TK_MC	4	23	23	34.4	110.13	7.30E-143	1408600000
80731_TK_MC	4	5	5	21.4	32.638	2.89E-29	2029800000
139229_TK_MC	4	5	5	21.4	32.638	2.89E-29	2029800000
161334_TK_MC	4	5	5	21.4	32.638	2.89E-29	2029800000
80732_TK_MC	4	5	5	21.4	32.638	2.89E-29	2029800000
81146_TK_MC	1	1	1	2.6	48.341	0.0020368	8370700
81348_TK_MC	3	2	2	6	45.235	5.01E-07	27751000
123871_TK_MC	3	2	2	6	45.235	5.01E-07	27751000
81347_TK_MC	3	2	2	6	45.235	5.01E-07	27751000
81484_TK_MC	2	13	1	5.4	34.745	8.82E-91	468790000
81485_TK_MC	2	13	1	5.4	34.745	8.82E-91	468790000
81705_TK_MC	3	6	3	13.6	44.512	1.90E-18	43016000
165350_TK_MC	3	6	3	13.6	44.512	1.90E-18	43016000
175974_TK_MC	3	6	3	13.6	44.512	1.90E-18	43016000
81706_TK_MC	1	6	0	0	44.493	3.56E-43	68226000
81961_TK_MC	2	4	4	65.7	7.8477	8.39E-141	3048100000
81962_TK_MC	2	4	4	65.7	7.8477	8.39E-141	3048100000
82036_TK_MC	2	2	2	13	26.478	8.58E-12	0
82037_TK_MC	2	2	2	13	26.478	8.58E-12	0
82068_TK_MC	1	1	1	2.6	35.772	0.021154	0
82276_TK_MC	3	3	3	7.6	79.033	8.73E-17	66896000
82277_TK_MC	3	3	3	7.6	79.033	8.73E-17	66896000
165571_TK_MC	3	3	3	7.6	79.033	8.73E-17	66896000
82533_TK_MC	7	5	4	33	22.209	7.13E-19	335440000
82534_TK_MC	7	5	4	33	22.209	7.13E-19	335440000
140347_TK_MC	7	5	4	33	22.209	7.13E-19	335440000
82528_TK_MC	7	5	4	33	22.209	7.13E-19	335440000
140345_TK_MC	7	5	4	33	22.209	7.13E-19	335440000
82527_TK_MC	7	5	4	33	22.209	7.13E-19	335440000
82532_TK_MC	7	5	4	33	22.209	7.13E-19	335440000
93551_TK_MC	3	3	3	29.4	11.236	1.71E-06	130200000
82539_TK_MC	3	3	3	29.4	11.236	1.71E-06	130200000
82540_TK_MC	3	3	3	29.4	11.236	1.71E-06	130200000
82779_TK_MC	1	1	1	6.2	26.343	0.0029876	18661000
82859_TK_MC	2	3	3	8.9	50.055	2.35E-14	281080000
86736_TK_MC	2	3	3	8.9	50.055	2.35E-14	281080000
83222_TK_MC	1	1	1	4.9	21.944	0.028769	0
83330_TK_MC	3	3	3	25.3	17.706	3.36E-19	747060000
179755_TK_MC	3	3	3	25.3	17.706	3.36E-19	747060000
172676_TK_MC	3	3	3	25.3	17.706	3.36E-19	747060000
83338_TK_MC	1	1	1	11.9	13.069	0.00015704	31380000
84338_TK_MC	3	7	7	15.2	77.502	1.92E-41	241620000
84336_TK_MC	3	7	7	15.2	77.502	1.92E-41	241620000
84337_TK_MC	3	7	7	15.2	77.502	1.92E-41	241620000
84589_TK_MC	2	5	2	8.4	46.648	8.47E-16	387590000
167387_TK_MC	2	5	2	8.4	46.648	8.47E-16	387590000
85540_TK_MC	1	1	1	10.8	16.286	1.05E-08	25049000
86259_TK_MC	1	5	5	21.9	36.061	3.83E-29	352440000
86385_TK_MC	1	2	2	33.8	7.7359	1.03E-28	127770000
86445_TK_MC	1	1	1	3.1	35.438	0.015377	0
86943_TK_MC	1	6	6	21.9	39.816	5.33E-30	247600000
87034_TK_MC	1	7	6	34.6	21.204	3.80E-63	951220000
87043_TK_MC	1	3	3	10.1	43.729	2.39E-14	119010000
87228_TK_MC	1	2	2	21.1	23.529	1.57E-18	161180000
87473_TK_MC	1	1	1	16.9	7.9247	0.0055261	0
87503_TK_MC	1	1	1	13.2	19.942	0.022823	15683000
87506_TK_MC	1	1	1	10.5	17.762	0.001474	19209000
87756_TK_MC	2	5	5	34.3	16.122	2.70E-25	2238300000
166288_TK_MC	2	5	5	34.3	16.122	2.70E-25	2238300000
87995_TK_MC	1	1	1	20	5.5136	0.011438	17336000
88087_TK_MC	1	1	1	21.8	9.2083	0.0030533	19152000
88124_TK_MC	1	4	4	30.8	16.51	1.34E-18	525930000
88189_TK_MC	1	1	1	9	15.24	0.0047223	9361000
88291_TK_MC	1	1	1	15.7	8.0139	0.0056978	7537200
88434_TK_MC	1	1	1	14.5	8.4558	0.011818	13838000
88541_TK_MC	1	4	4	39	17.203	3.36E-21	171250000
88706_TK_MC	1	1	1	12	9.7551	0.0042996	17030000
88788_TK_MC	1	5	5	50.4	14.12	7.42E-60	1852500000
89069_TK_MC	1	1	1	5	28.508	0.0039106	14284000
89325_TK_MC	1	1	1	32.7	5.7063	1.01E-10	23585000
89357_TK_MC	2	2	2	14	22.504	2.84E-06	11498000
103476_TK_MC	2	2	2	14	22.504	2.84E-06	11498000
90180_TK_MC	2	17	17	29	74.58	2.53E-128	5062000000
156149_TK_MC	2	17	17	29	74.58	2.53E-128	5062000000
90229_TK_MC	1	2	2	40.9	7.6214	0.0010504	112260000
90230_TK_MC	1	1	1	5.9	15.375	0.027575	299250000
90494_TK_MC	1	1	1	19.7	6.6857	0.002282	35234000
90606_TK_MC	1	1	1	21.2	7.3956	0.00031988	22758000
90688_TK_MC	1	1	1	3	50.219	0.00012975	0
90731_TK_MC	1	3	3	32.7	17.197	4.22E-06	164570000
90763_TK_MC	1	1	1	10.1	15.93	0.00041238	18461000
90767_TK_MC	1	1	1	22.2	6.6646	3.39E-06	36667000
91086_TK_MC	1	3	2	5.2	39.694	6.24E-09	44146000
91116_TK_MC	1	2	2	13.2	16.902	1.56E-05	0
91158_TK_MC	1	5	5	19.7	26.603	1.12E-13	140200000
91338_TK_MC	1	2	2	23.4	11.578	0.00019548	67001000
91370_TK_MC	1	4	3	27	14.343	5.69E-34	361770000
91586_TK_MC	2	2	2	15.3	14.853	4.78E-06	41136000
148752_TK_MC	2	2	2	15.3	14.853	4.78E-06	41136000
92195_TK_MC	1	1	1	24.5	4.9875	0.02087	25229000
92503_TK_MC	1	3	3	28.3	16.503	2.25E-06	47519000
92627_TK_MC	1	3	1	3.9	33.353	1.10E-15	7675100
92736_TK_MC	2	9	9	37.4	34.717	1.52E-42	660000000
163154_TK_MC	2	9	9	37.4	34.717	1.52E-42	660000000
92816_TK_MC	1	1	1	26.2	7.4373	0.00035177	18392000
92817_TK_MC	1	1	1	2.3	50.748	0.026525	0
92824_TK_MC	1	1	1	17.9	4.5014	0.042706	7735100
92897_TK_MC	1	2	1	17.1	8.7049	4.55E-19	45994000
93030_TK_MC	1	1	1	12	12.008	0.00013667	14296000
93401_TK_MC	1	4	4	66.1	6.88	2.87E-10	256420000
93731_TK_MC	1	3	3	27.8	12.611	9.99E-14	256120000
93809_TK_MC	1	2	2	29.6	11.63	3.73E-09	5370900
93884_TK_MC	1	1	1	22.7	7.8969	3.52E-06	45482000
93909_TK_MC	1	4	3	27	12.822	2.68E-39	1174400000
94032_TK_MC	1	4	4	18.8	31.194	1.01E-18	101140000
94097_TK_MC	1	3	1	24.1	8.9421	2.84E-11	35634000
94757_TK_MC	1	3	3	43.3	11.156	7.62E-12	35382000
94813_TK_MC	1	1	1	15.9	8.7301	0.0073147	13093000
95646_TK_MC	1	4	4	32.2	21.387	1.13E-28	363370000
96288_TK_MC	1	4	4	20.5	19.181	5.65E-09	186520000
96375_TK_MC	1	10	10	22.1	61.436	3.87E-47	635230000
96384_TK_MC	1	1	1	2.4	43.531	1.81E-05	18165000
96545_TK_MC	1	1	1	17.6	7.9677	0.00028801	25184000
96713_TK_MC	1	1	1	37.3	6.1761	0.024507	0
97038_TK_MC	1	4	4	47	13.593	9.35E-46	983340000
97132_TK_MC	1	3	3	59.7	7.4494	3.57E-11	17842000
97342_TK_MC	1	2	2	41.7	7.5042	6.86E-12	18044000
97394_TK_MC	1	2	2	13.6	14.756	4.71E-05	179060000
97533_TK_MC	1	1	1	14.6	10.446	0.00053525	16587000
97638_TK_MC	1	1	1	6.9	21.691	4.49E-14	9542500
97670_TK_MC	2	3	3	11.3	41.316	1.03E-22	71302000
82069_TK_MC	2	3	3	11.3	41.316	1.03E-22	71302000
97806_TK_MC	3	5	5	7.4	81.036	3.83E-12	691090000
163188_TK_MC	3	5	5	7.4	81.036	3.83E-12	691090000
163187_TK_MC	3	5	5	7.4	81.036	3.83E-12	691090000
97912_TK_MC	1	1	1	7.3	19.649	0.0092501	0
97957_TK_MC	1	1	1	17.7	6.976	0.0021	39659000
97968_TK_MC	1	7	7	22.5	57.787	2.48E-55	155290000
99072_TK_MC	1	2	2	21.2	18.044	2.41E-15	33596000
99483_TK_MC	1	1	1	15.2	12.681	0.010952	0
99564_TK_MC	1	1	1	18.7	12.12	8.74E-08	25886000
99918_TK_MC	1	3	3	44.7	15.635	5.56E-20	213550000
99967_TK_MC	1	1	1	13.5	10.115	0.00041304	17307000
CON__ENSEMBL:ENSBTAP00000025008	1	3	0	0	59.299	3.52E-09	0
CON__Q14533	2	1	1	1.6	54.971	0.02177	16452000
CON__O43790	2	1	1	1.6	54.971	0.02177	16452000
CON__P00761	1	6	6	35.9	24.409	8.35E-92	8287300000
CON__P02533	4	7	5	16.1	51.621	5.97E-45	179900000
CON__Q9QWL7	4	7	5	16.1	51.621	5.97E-45	179900000
CON__Q04695	4	7	5	16.1	51.621	5.97E-45	179900000
CON__Q61782	4	7	5	16.1	51.621	5.97E-45	179900000
CON__P02538	3	10	2	6	60.044	1.63E-48	34249000
CON__P04259	3	10	2	6	60.044	1.63E-48	34249000
CON__P48668	3	10	2	6	60.044	1.63E-48	34249000
CON__P02584	1	1	1	10	15.057	0.013896	0
CON__P02768-1	1	3	3	6.2	69.366	6.15E-06	39815000
CON__P02769	1	2	2	4.4	69.293	5.17E-14	32847000
CON__P04264	3	29	18	42.5	66.017	8.47E-278	7260000000
CON__H-INV:HIT000016045	3	29	18	42.5	66.017	8.47E-278	7260000000
CON__H-INV:HIT000292931	3	29	18	42.5	66.017	8.47E-278	7260000000
CON__P08779	1	3	1	4	51.267	1.98E-17	14400000
CON__P13645	6	21	19	43.7	59.51	0	3997500000
CON__P02535-1	6	21	19	43.7	59.51	0	3997500000
CON__Q2M2I5	6	21	19	43.7	59.51	0	3997500000
CON__P08730-1	6	21	19	43.7	59.51	0	3997500000
CON__ENSEMBL:ENSP00000377550	6	21	19	43.7	59.51	0	3997500000
CON__P13646-1	6	21	19	43.7	59.51	0	3997500000
CON__P20930	1	1	1	0.2	435.16	0.015532	0
CON__P35527	1	27	27	60.5	62.129	7.38E-251	4412800000
CON__P35908	18	25	16	35.8	65.865	1.43E-187	1340600000
CON__Q01546	18	25	16	35.8	65.865	1.43E-187	1340600000
CON__Q7Z794	18	25	16	35.8	65.865	1.43E-187	1340600000
CON__O95678	18	25	16	35.8	65.865	1.43E-187	1340600000
CON__Q6NXH9	18	25	16	35.8	65.865	1.43E-187	1340600000
CON__Q9R0H5	18	25	16	35.8	65.865	1.43E-187	1340600000
CON__Q6ISB0	18	25	16	35.8	65.865	1.43E-187	1340600000
CON__Q9NSB2	18	25	16	35.8	65.865	1.43E-187	1340600000
CON__P19013	18	25	16	35.8	65.865	1.43E-187	1340600000
CON__Q32MB2	18	25	16	35.8	65.865	1.43E-187	1340600000
CON__Q7RTS7	18	25	16	35.8	65.865	1.43E-187	1340600000
CON__P07744	18	25	16	35.8	65.865	1.43E-187	1340600000
CON__Q3SY84	18	25	16	35.8	65.865	1.43E-187	1340600000
CON__Q6IME9	18	25	16	35.8	65.865	1.43E-187	1340600000
CON__Q14CN4-1	18	25	16	35.8	65.865	1.43E-187	1340600000
CON__P08729	18	25	16	35.8	65.865	1.43E-187	1340600000
CON__Q3KNV1	18	25	16	35.8	65.865	1.43E-187	1340600000
CON__Q9DCV7	18	25	16	35.8	65.865	1.43E-187	1340600000
CON__P60712	11	13	6	26.9	41.736	1.44E-99	4263800000
76958_TK_MC	11	13	6	26.9	41.736	1.44E-99	4263800000
125686_TK_MC	11	13	6	26.9	41.736	1.44E-99	4263800000
76956_TK_MC	11	13	6	26.9	41.736	1.44E-99	4263800000
79311_TK_MC	11	13	6	26.9	41.736	1.44E-99	4263800000
76955_TK_MC	11	13	6	26.9	41.736	1.44E-99	4263800000
79312_TK_MC	11	13	6	26.9	41.736	1.44E-99	4263800000
106199_TK_MC	11	13	6	26.9	41.736	1.44E-99	4263800000
107504_TK_MC	11	13	6	26.9	41.736	1.44E-99	4263800000
76957_TK_MC	11	13	6	26.9	41.736	1.44E-99	4263800000
76959_TK_MC	11	13	6	26.9	41.736	1.44E-99	4263800000
CON__P62894	1	1	1	10.5	11.703	0.0077422	11422000
CON__Q3SX09	2	2	2	9.5	22.06	2.72E-07	329660000
CON__P02070	2	2	2	9.5	22.06	2.72E-07	329660000
CON__Q3ZBD7	2	3	3	7.9	62.87	3.08E-13	94458000
86960_TK_MC	2	3	3	7.9	62.87	3.08E-13	94458000
CON__Q5D862	1	1	1	0.5	248.07	4.72E-05	0
CON__Q5XQN5	3	14	0	0	62.936	1.38E-36	144870000
CON__Q922U2	3	14	0	0	62.936	1.38E-36	144870000
CON__Q8BGZ7	3	14	0	0	62.936	1.38E-36	144870000
CON__Q86YZ3	1	9	9	12.4	282.39	0	310640000
REV__171375_TK_MC	7	1	1	2.9	28.124	0.027189	12743000
REV__171377_TK_MC	7	1	1	2.9	28.124	0.027189	12743000
REV__163208_TK_MC	7	1	1	2.9	28.124	0.027189	12743000
REV__178206_TK_MC	7	1	1	2.9	28.124	0.027189	12743000
REV__178205_TK_MC	7	1	1	2.9	28.124	0.027189	12743000
REV__178207_TK_MC	7	1	1	2.9	28.124	0.027189	12743000
REV__178203_TK_MC	7	1	1	2.9	28.124	0.027189	12743000
REV__165209_TK_MC	1	1	1	6.1	17.676	0.022784	28341000
REV__166744_TK_MC	2	1	1	2	58.049	0.052398	40973000
REV__90729_TK_MC	2	1	1	2	58.049	0.052398	40973000
REV__167874_TK_MC	1	1	1	3.3	31.506	0.0071254	70302000
REV__75759_TK_MC	1	1	1	15.6	5.213	0.01825	150090000
REV__77884_TK_MC	1	1	1	22.5	4.6764	0.012905	25308000
REV__85248_TK_MC	1	1	1	2.4	44.102	0.010713	24277000
100122_TK_MC	1	1	1	14.5	8.1784	0.00069847	42606000
100377_TK_MC	1	4	4	26.6	20.946	6.02E-23	359590000
100488_TK_MC	1	3	3	35.4	14.16	6.75E-11	37589000
100666_TK_MC	1	3	1	7.4	20.813	2.74E-07	14265000
100982_TK_MC	2	1	1	8.3	13.083	0.012285	165490000
111516_TK_MC	2	1	1	8.3	13.083	0.012285	165490000
101221_TK_MC	1	6	4	19.8	25.292	1.84E-34	422310000
183452_TK_MC	2	1	1	3.3	57.223	0.0016406	4894900
101420_TK_MC	2	1	1	3.3	57.223	0.0016406	4894900
101497_TK_MC	1	1	1	17.9	9.3495	0.0029919	0
101499_TK_MC	1	3	2	22.8	11.508	2.50E-13	138280000
101597_TK_MC	1	1	1	3.1	45.174	0.018958	0
167644_TK_MC	2	17	17	33.1	59.443	5.45E-154	30150000000
101671_TK_MC	2	17	17	33.1	59.443	5.45E-154	30150000000
101705_TK_MC	1	1	1	11.6	7.4443	1.41E-16	22420000
101751_TK_MC	1	2	1	29.7	6.9374	2.07E-19	125500000
101840_TK_MC	1	1	1	6.7	16.89	0.028221	10582000
102185_TK_MC	2	12	12	31.7	56.693	9.53E-178	12187000000
167850_TK_MC	2	12	12	31.7	56.693	9.53E-178	12187000000
163947_TK_MC	2	1	1	8.9	16.423	0.0034792	20350000
102615_TK_MC	2	1	1	8.9	16.423	0.0034792	20350000
102740_TK_MC	1	1	1	24.5	5.7425	0.0016636	9505500
102764_TK_MC	1	2	2	33.3	6.0029	1.46E-09	48461000
102996_TK_MC	1	1	1	15	6.2221	0.0088573	10888000
103035_TK_MC	1	3	3	56.1	4.8888	7.00E-09	2815000000
103205_TK_MC	1	2	2	38.5	6.0579	8.92E-06	0
103375_TK_MC	2	3	3	17.2	30.08	1.61E-71	1906500000
167356_TK_MC	2	3	3	17.2	30.08	1.61E-71	1906500000
103553_TK_MC	1	1	1	2.9	70.219	0.013253	13989000
103598_TK_MC	2	2	2	16.8	15.952	7.16E-05	79060000
159575_TK_MC	2	2	2	16.8	15.952	7.16E-05	79060000
103628_TK_MC	2	10	8	15	86.386	2.63E-31	253150000
112637_TK_MC	2	10	8	15	86.386	2.63E-31	253150000
103645_TK_MC	1	7	2	25.4	16.197	1.40E-113	9519300000
103752_TK_MC	1	1	1	26.5	5.4179	9.98E-05	0
157756_TK_MC	2	4	4	21.4	34.338	5.96E-33	572170000
103755_TK_MC	2	4	4	21.4	34.338	5.96E-33	572170000
103787_TK_MC	1	2	2	5.4	41.185	0.0001364	75575000
103790_TK_MC	3	1	1	10	13.967	6.65E-05	7061300
71999_TK_MC	3	1	1	10	13.967	6.65E-05	7061300
71998_TK_MC	3	1	1	10	13.967	6.65E-05	7061300
103939_TK_MC	1	3	3	12.3	23.555	8.78E-05	220440000
104029_TK_MC	1	7	7	42.5	26.914	2.90E-32	362270000
104101_TK_MC	1	1	1	4.5	18.908	0.013958	1465100000
104457_TK_MC	1	9	9	42.2	33.75	5.38E-105	1662200000
104624_TK_MC	2	1	1	18.8	7.3777	0.00017305	0
148645_TK_MC	2	1	1	18.8	7.3777	0.00017305	0
105101_TK_MC	1	6	6	29.1	33.792	1.38E-23	228590000
105240_TK_MC	1	2	1	6.2	20.867	0.00052861	5955200
105384_TK_MC	1	1	1	21.8	8.9642	3.65E-05	5240600
105564_TK_MC	1	1	1	18.5	7.5295	0.018625	34815000
105606_TK_MC	1	1	1	6.9	19.092	0.023772	0
105728_TK_MC	1	1	1	7.6	16.886	0.0065784	10393000
105800_TK_MC	1	1	1	20.9	4.9516	0.011766	8836600
106072_TK_MC	1	1	1	7.5	11.428	0.025039	9652300
106074_TK_MC	1	4	2	19.6	15.357	4.24E-17	55269000
106226_TK_MC	1	1	1	9.8	13.796	0.0077463	28182000
106679_TK_MC	1	3	1	17	10.847	2.25E-15	25431000
106729_TK_MC	1	1	1	7	12.307	0.0059242	65050000
106882_TK_MC	1	1	1	26.2	8.9693	1.20E-14	10169000
107156_TK_MC	1	1	1	13.6	10.103	2.46E-05	0
107602_TK_MC	1	3	3	7.2	49.399	5.78E-40	126540000
107641_TK_MC	1	2	1	2	58.412	0.00035881	0
108004_TK_MC	1	1	1	13.8	13.134	1.45E-11	27079000
98156_TK_MC	4	1	1	10.5	11.557	0.020116	42333000
71763_TK_MC	4	1	1	10.5	11.557	0.020116	42333000
108055_TK_MC	4	1	1	10.5	11.557	0.020116	42333000
71764_TK_MC	4	1	1	10.5	11.557	0.020116	42333000
108549_TK_MC	1	1	1	21	9.0402	2.97E-05	18056000
108757_TK_MC	1	1	1	6.7	22.341	0.0058292	15110000
109304_TK_MC	1	1	1	22.7	5.1779	0.02078	0
109702_TK_MC	1	2	1	15.3	6.4993	0.00015181	98351000
109904_TK_MC	1	2	2	13.1	14.39	0.00043619	76039000
181792_TK_MC	2	2	2	19.2	16.165	1.24E-13	32430000
109914_TK_MC	2	2	2	19.2	16.165	1.24E-13	32430000
109954_TK_MC	1	1	1	2	40.561	0.013115	12965000
110167_TK_MC	1	6	6	38.7	14.824	2.08E-51	6222200000
110211_TK_MC	1	1	1	15.9	9.4969	0.015346	5889300
110316_TK_MC	1	2	2	10.8	25.353	0.00023391	0
110397_TK_MC	1	5	5	28.3	19.021	2.24E-20	594510000
110626_TK_MC	2	5	5	76.3	10.208	8.29E-39	478600000
164838_TK_MC	2	5	5	76.3	10.208	8.29E-39	478600000
110679_TK_MC	1	1	1	6.6	20.642	0.023895	0
110719_TK_MC	1	3	1	9.1	15.551	1.75E-30	252960000
110935_TK_MC	2	5	4	13.5	43.575	1.15E-33	288030000
161121_TK_MC	2	5	4	13.5	43.575	1.15E-33	288030000
111084_TK_MC	1	3	3	60.8	7.9511	4.33E-26	84312000
111134_TK_MC	1	5	1	6.4	25.872	2.33E-28	88330000
111581_TK_MC	1	5	5	26.4	21.866	3.37E-40	561050000
111691_TK_MC	1	5	2	21	20.883	3.05E-26	272220000
111749_TK_MC	1	4	2	15.3	27.163	2.36E-33	166440000
111944_TK_MC	1	2	2	24.3	11.93	0.00015204	34022000
112030_TK_MC	1	1	1	12.5	9.7271	0.00010171	11357000
112144_TK_MC	2	2	2	6.7	25.61	4.29E-10	43840000
158346_TK_MC	2	2	2	6.7	25.61	4.29E-10	43840000
112356_TK_MC	2	9	9	18.5	71.039	1.93E-50	385080000
168662_TK_MC	2	9	9	18.5	71.039	1.93E-50	385080000
112397_TK_MC	4	1	1	2	44.828	0.0069878	3678400
172217_TK_MC	4	1	1	2	44.828	0.0069878	3678400
160958_TK_MC	4	1	1	2	44.828	0.0069878	3678400
172240_TK_MC	4	1	1	2	44.828	0.0069878	3678400
112431_TK_MC	4	6	6	34	17.273	1.43E-22	4544400000
150822_TK_MC	4	6	6	34	17.273	1.43E-22	4544400000
150823_TK_MC	4	6	6	34	17.273	1.43E-22	4544400000
182129_TK_MC	4	6	6	34	17.273	1.43E-22	4544400000
112698_TK_MC	1	1	1	11.5	8.6958	0.0087393	6795700
112808_TK_MC	1	1	1	16.2	9.4023	0.0017887	7640800
112988_TK_MC	1	1	1	15.4	9.3565	0.023895	0
113001_TK_MC	1	7	4	29.8	19.807	3.99E-95	660980000
113194_TK_MC	1	1	1	17.7	7.0903	0.0010901	28727000
93835_TK_MC	2	1	1	17.7	11.014	7.47E-12	0
113465_TK_MC	2	1	1	17.7	11.014	7.47E-12	0
113510_TK_MC	1	3	1	3.8	45.488	6.31E-10	33002000
113535_TK_MC	1	1	1	29.8	6.9409	0.02082	10879000
113669_TK_MC	1	1	1	13.5	12.395	1.40E-09	0
113683_TK_MC	1	1	1	8.4	10.676	0.018144	7965900
114069_TK_MC	1	2	1	19.7	6.7073	3.96E-12	166320000
114169_TK_MC	2	2	2	35.8	7.4615	1.08E-06	98536000
110175_TK_MC	2	2	2	35.8	7.4615	1.08E-06	98536000
179192_TK_MC	5	1	1	2.3	71.841	0.022718	0
155355_TK_MC	5	1	1	2.3	71.841	0.022718	0
158693_TK_MC	5	1	1	2.3	71.841	0.022718	0
155354_TK_MC	5	1	1	2.3	71.841	0.022718	0
114227_TK_MC	5	1	1	2.3	71.841	0.022718	0
114260_TK_MC	1	2	2	14.1	15.815	7.49E-07	11802000
114353_TK_MC	1	3	3	25.8	15.256	1.74E-17	283520000
114405_TK_MC	1	3	2	40.9	7.2229	3.46E-14	203910000
115206_TK_MC	3	4	4	14.9	40.89	1.19E-20	92944000
151567_TK_MC	3	4	4	14.9	40.89	1.19E-20	92944000
151566_TK_MC	3	4	4	14.9	40.89	1.19E-20	92944000
115443_TK_MC	2	1	1	3.4	42.616	1.47E-06	0
151632_TK_MC	2	1	1	3.4	42.616	1.47E-06	0
115801_TK_MC	2	6	6	49.7	16.828	9.63E-16	214870000
181054_TK_MC	2	6	6	49.7	16.828	9.63E-16	214870000
115806_TK_MC	1	1	1	9.6	9.758	0.0088513	39477000
115848_TK_MC	4	5	2	9	27.695	6.16E-11	28572000
174138_TK_MC	4	5	2	9	27.695	6.16E-11	28572000
108365_TK_MC	4	5	2	9	27.695	6.16E-11	28572000
152131_TK_MC	4	5	2	9	27.695	6.16E-11	28572000
115874_TK_MC	1	1	1	12.1	11.448	0.027002	0
116062_TK_MC	1	1	1	7.8	12.986	1.67E-05	0
116142_TK_MC	1	1	1	12.8	9.5485	0.000232	146870000
116649_TK_MC	1	5	3	26.2	18.788	1.63E-25	186730000
116848_TK_MC	1	1	1	4.9	32.865	5.40E-12	388200000
116861_TK_MC	2	9	9	42.9	21.226	4.04E-101	5027700000
168472_TK_MC	2	9	9	42.9	21.226	4.04E-101	5027700000
117012_TK_MC	2	2	2	4.6	67.374	0.00022383	3876700
174143_TK_MC	2	2	2	4.6	67.374	0.00022383	3876700
117093_TK_MC	1	1	1	27.3	6.0398	4.46E-12	10747000
117173_TK_MC	1	2	1	3.9	25.27	4.85E-06	140670000
118285_TK_MC	1	5	5	13.5	58.193	4.97E-15	44197000
118413_TK_MC	1	1	1	13	12.417	4.97E-07	0
118496_TK_MC	1	1	1	9.2	13.882	0.0073705	41144000
118590_TK_MC	1	1	1	34.2	4.7417	0.047505	20346000
118744_TK_MC	1	1	1	12.3	9.0572	0.0001938	12416000
118871_TK_MC	1	3	3	56.9	7.6067	2.28E-27	908080000
118995_TK_MC	1	1	1	15	9.1828	0.02358	0
119229_TK_MC	2	4	4	31	10.089	3.78E-09	303840000
143945_TK_MC	2	4	4	31	10.089	3.78E-09	303840000
122680_TK_MC	2	1	1	1	117.67	0.0078566	30637000
119343_TK_MC	2	1	1	1	117.67	0.0078566	30637000
119344_TK_MC	1	2	2	34.8	9.8095	2.32E-15	36674000
119559_TK_MC	1	1	1	16.9	8.5556	0.0028304	11777000
119699_TK_MC	1	4	4	43	10.82	1.51E-09	315490000
119868_TK_MC	1	2	2	17.9	12.262	1.22E-05	26932000
120348_TK_MC	1	1	1	19.2	9.1176	1.39E-08	0
120438_TK_MC	1	3	3	31.4	16.047	9.23E-10	63324000
120448_TK_MC	1	1	1	28.6	7.7955	4.53E-19	86217000
120547_TK_MC	1	3	3	36	11.086	4.37E-08	95625000
120613_TK_MC	2	3	3	30.3	15.638	2.34E-23	77975000
157225_TK_MC	2	3	3	30.3	15.638	2.34E-23	77975000
120695_TK_MC	1	1	1	15.6	8.1074	0.015701	91350000
121283_TK_MC	1	1	1	25.8	7.4703	1.47E-13	21248000
121389_TK_MC	2	8	8	33.6	29.575	1.37E-51	2224800000
156346_TK_MC	2	8	8	33.6	29.575	1.37E-51	2224800000
121971_TK_MC	1	1	1	15.1	8.9181	0.0020281	72457000
122123_TK_MC	1	1	1	24.1	6.0968	5.30E-08	10932000
122138_TK_MC	1	4	1	6.8	16.642	4.39E-23	36009000
180765_TK_MC	4	1	1	5.4	22.887	0.0020617	0
79290_TK_MC	4	1	1	5.4	22.887	0.0020617	0
122173_TK_MC	4	1	1	5.4	22.887	0.0020617	0
99514_TK_MC	4	1	1	5.4	22.887	0.0020617	0
158742_TK_MC	2	4	4	4.8	126.26	4.92E-63	276000000
122249_TK_MC	2	4	4	4.8	126.26	4.92E-63	276000000
122293_TK_MC	8	2	2	7	37.075	4.13E-09	16734000
123704_TK_MC	8	2	2	7	37.075	4.13E-09	16734000
171471_TK_MC	8	2	2	7	37.075	4.13E-09	16734000
82079_TK_MC	8	2	2	7	37.075	4.13E-09	16734000
171472_TK_MC	8	2	2	7	37.075	4.13E-09	16734000
169429_TK_MC	8	2	2	7	37.075	4.13E-09	16734000
61308_TK_MC	8	2	2	7	37.075	4.13E-09	16734000
89778_TK_MC	8	2	2	7	37.075	4.13E-09	16734000
122298_TK_MC	1	5	1	5.9	31.107	5.77E-47	260740000
122359_TK_MC	2	1	1	2.7	30.81	0.01496	6975400
180026_TK_MC	2	1	1	2.7	30.81	0.01496	6975400
122397_TK_MC	1	1	1	4.5	27.862	0.0016523	0
122460_TK_MC	2	1	1	2.6	62.996	0.00045528	5237100
157695_TK_MC	2	1	1	2.6	62.996	0.00045528	5237100
122554_TK_MC	3	1	1	13.9	13.056	4.59E-08	11998000
167077_TK_MC	3	1	1	13.9	13.056	4.59E-08	11998000
183261_TK_MC	3	1	1	13.9	13.056	4.59E-08	11998000
122614_TK_MC	4	6	6	13.5	59.393	7.27E-16	291640000
168863_TK_MC	4	6	6	13.5	59.393	7.27E-16	291640000
86453_TK_MC	4	6	6	13.5	59.393	7.27E-16	291640000
103332_TK_MC	4	6	6	13.5	59.393	7.27E-16	291640000
122626_TK_MC	2	1	1	8.9	14.179	0.00028484	8793800
161202_TK_MC	2	1	1	8.9	14.179	0.00028484	8793800
122678_TK_MC	4	8	8	31.3	38.324	4.95E-29	699290000
175879_TK_MC	4	8	8	31.3	38.324	4.95E-29	699290000
183282_TK_MC	4	8	8	31.3	38.324	4.95E-29	699290000
175878_TK_MC	4	8	8	31.3	38.324	4.95E-29	699290000
122709_TK_MC	1	3	3	17	15.214	5.04E-06	835850000
122725_TK_MC	2	3	2	8.1	38.233	4.98E-27	389410000
112319_TK_MC	2	3	2	8.1	38.233	4.98E-27	389410000
122738_TK_MC	1	1	1	5.8	23.984	2.98E-05	18030000
122739_TK_MC	2	5	3	7.8	49.643	3.51E-13	14888000
174120_TK_MC	2	5	3	7.8	49.643	3.51E-13	14888000
122861_TK_MC	1	1	1	13.2	11.918	2.14E-05	199020000
122946_TK_MC	1	3	3	13.9	23.178	4.19E-07	53937000
179023_TK_MC	4	1	1	2.2	46.878	0.024033	29023000
97706_TK_MC	4	1	1	2.2	46.878	0.024033	29023000
124760_TK_MC	4	1	1	2.2	46.878	0.024033	29023000
122953_TK_MC	4	1	1	2.2	46.878	0.024033	29023000
123079_TK_MC	2	1	1	7.9	17.318	0.003863	51587000
157187_TK_MC	2	1	1	7.9	17.318	0.003863	51587000
123100_TK_MC	1	1	1	7	16.611	0.0057226	32210000
123468_TK_MC	3	26	26	35.5	109.24	5.24E-284	4383600000
168051_TK_MC	3	26	26	35.5	109.24	5.24E-284	4383600000
168052_TK_MC	3	26	26	35.5	109.24	5.24E-284	4383600000
154372_TK_MC	3	1	1	6.8	19.043	0.044956	15541000
123538_TK_MC	3	1	1	6.8	19.043	0.044956	15541000
176441_TK_MC	3	1	1	6.8	19.043	0.044956	15541000
123692_TK_MC	1	5	5	35.1	17.449	4.45E-41	938700000
123891_TK_MC	1	2	2	1.9	138.91	2.51E-10	38512000
123916_TK_MC	1	10	1	1.7	84.948	1.66E-48	43805000
178677_TK_MC	2	2	2	20.9	16.596	1.08E-12	37824000
123922_TK_MC	2	2	2	20.9	16.596	1.08E-12	37824000
123983_TK_MC	2	14	14	46.8	41.412	6.90E-179	1084800000
156998_TK_MC	2	14	14	46.8	41.412	6.90E-179	1084800000
124028_TK_MC	3	2	2	7.4	23.08	0.0012379	172520000
154647_TK_MC	3	2	2	7.4	23.08	0.0012379	172520000
182358_TK_MC	3	2	2	7.4	23.08	0.0012379	172520000
164451_TK_MC	3	2	2	7.8	45.439	7.98E-07	28750000
124093_TK_MC	3	2	2	7.8	45.439	7.98E-07	28750000
172673_TK_MC	3	2	2	7.8	45.439	7.98E-07	28750000
172239_TK_MC	4	1	1	7.6	26.44	7.26E-12	16615000
170678_TK_MC	4	1	1	7.6	26.44	7.26E-12	16615000
124125_TK_MC	4	1	1	7.6	26.44	7.26E-12	16615000
165585_TK_MC	4	1	1	7.6	26.44	7.26E-12	16615000
85240_TK_MC	2	1	1	3	60.723	8.95E-15	67224000
124154_TK_MC	2	1	1	3	60.723	8.95E-15	67224000
154773_TK_MC	4	1	1	2.6	59.076	0.015981	0
124195_TK_MC	4	1	1	2.6	59.076	0.015981	0
171277_TK_MC	4	1	1	2.6	59.076	0.015981	0
171276_TK_MC	4	1	1	2.6	59.076	0.015981	0
160307_TK_MC	2	3	3	7.4	68.157	1.64E-09	21015000
124264_TK_MC	2	3	3	7.4	68.157	1.64E-09	21015000
124326_TK_MC	4	9	9	48.2	24.613	1.38E-143	2207800000
93908_TK_MC	4	9	9	48.2	24.613	1.38E-143	2207800000
153238_TK_MC	4	9	9	48.2	24.613	1.38E-143	2207800000
121070_TK_MC	4	9	9	48.2	24.613	1.38E-143	2207800000
124357_TK_MC	1	2	2	15.5	17.063	1.89E-09	212110000
157067_TK_MC	2	1	1	3.7	40.64	0.014121	12592000
124361_TK_MC	2	1	1	3.7	40.64	0.014121	12592000
124374_TK_MC	1	2	2	9	38.97	2.68E-07	24183000
124458_TK_MC	1	2	2	18.7	17.285	0.0020397	8888200
124556_TK_MC	1	5	1	8.5	29.961	1.38E-22	0
182050_TK_MC	4	2	2	13.3	24.186	1.23E-10	97717000
124560_TK_MC	4	2	2	13.3	24.186	1.23E-10	97717000
164729_TK_MC	4	2	2	13.3	24.186	1.23E-10	97717000
155000_TK_MC	4	2	2	13.3	24.186	1.23E-10	97717000
124585_TK_MC	1	1	1	11.5	15.387	0.001331	0
124778_TK_MC	2	7	7	16.5	55	7.83E-26	530760000
158341_TK_MC	2	7	7	16.5	55	7.83E-26	530760000
124784_TK_MC	3	5	1	2.8	57.672	6.10E-23	270830000
163244_TK_MC	3	5	1	2.8	57.672	6.10E-23	270830000
173406_TK_MC	3	5	1	2.8	57.672	6.10E-23	270830000
125066_TK_MC	3	5	5	13	46.959	2.15E-13	78653000
179531_TK_MC	3	5	5	13	46.959	2.15E-13	78653000
163257_TK_MC	3	5	5	13	46.959	2.15E-13	78653000
125164_TK_MC	6	4	1	11.3	15.967	1.83E-25	167170000
64871_TK_MC	6	4	1	11.3	15.967	1.83E-25	167170000
123972_TK_MC	6	4	1	11.3	15.967	1.83E-25	167170000
72192_TK_MC	6	4	1	11.3	15.967	1.83E-25	167170000
72190_TK_MC	6	4	1	11.3	15.967	1.83E-25	167170000
100485_TK_MC	6	4	1	11.3	15.967	1.83E-25	167170000
12608_TK_MC	1	1	1	38.7	3.4589	0.0025748	120560000
126365_TK_MC	1	1	1	14.4	12.025	1.24E-12	41624000
126481_TK_MC	6	3	2	3	82.925	6.70E-09	13898000
126480_TK_MC	6	3	2	3	82.925	6.70E-09	13898000
62160_TK_MC	6	3	2	3	82.925	6.70E-09	13898000
126479_TK_MC	6	3	2	3	82.925	6.70E-09	13898000
176663_TK_MC	6	3	2	3	82.925	6.70E-09	13898000
169847_TK_MC	6	3	2	3	82.925	6.70E-09	13898000
177497_TK_MC	4	2	2	10.9	15.887	0.00050442	179110000
62506_TK_MC	4	2	2	10.9	15.887	0.00050442	179110000
126849_TK_MC	4	2	2	10.9	15.887	0.00050442	179110000
158659_TK_MC	4	2	2	10.9	15.887	0.00050442	179110000
127058_TK_MC	3	1	1	2.9	55.056	0.010218	15532000
62683_TK_MC	3	1	1	2.9	55.056	0.010218	15532000
62687_TK_MC	3	1	1	2.9	55.056	0.010218	15532000
63122_TK_MC	3	4	4	41.9	17.751	2.40E-13	105290000
127727_TK_MC	3	4	4	41.9	17.751	2.40E-13	105290000
181340_TK_MC	3	4	4	41.9	17.751	2.40E-13	105290000
63176_TK_MC	4	1	1	3.4	36.5	0.0096587	31398000
127759_TK_MC	4	1	1	3.4	36.5	0.0096587	31398000
127760_TK_MC	4	1	1	3.4	36.5	0.0096587	31398000
127758_TK_MC	4	1	1	3.4	36.5	0.0096587	31398000
127844_TK_MC	4	2	2	6.3	37.083	6.38E-09	66646000
127845_TK_MC	4	2	2	6.3	37.083	6.38E-09	66646000
127843_TK_MC	4	2	2	6.3	37.083	6.38E-09	66646000
63334_TK_MC	4	2	2	6.3	37.083	6.38E-09	66646000
166910_TK_MC	4	1	1	4.9	37.308	0.0085993	16687000
128903_TK_MC	4	1	1	4.9	37.308	0.0085993	16687000
64597_TK_MC	4	1	1	4.9	37.308	0.0085993	16687000
64378_TK_MC	4	1	1	4.9	37.308	0.0085993	16687000
66376_TK_MC	4	6	6	23.1	37.53	3.18E-67	5269400000
66377_TK_MC	4	6	6	23.1	37.53	3.18E-67	5269400000
130189_TK_MC	4	6	6	23.1	37.53	3.18E-67	5269400000
167788_TK_MC	4	6	6	23.1	37.53	3.18E-67	5269400000
66472_TK_MC	4	1	1	6.4	26.407	0.0012723	11268000
130247_TK_MC	4	1	1	6.4	26.407	0.0012723	11268000
66470_TK_MC	4	1	1	6.4	26.407	0.0012723	11268000
130246_TK_MC	4	1	1	6.4	26.407	0.0012723	11268000
66482_TK_MC	3	1	1	1.4	93.272	0.00031071	3669800
157140_TK_MC	3	1	1	1.4	93.272	0.00031071	3669800
130249_TK_MC	3	1	1	1.4	93.272	0.00031071	3669800
66723_TK_MC	5	2	2	1.3	273.9	6.92E-07	24739000
66726_TK_MC	5	2	2	1.3	273.9	6.92E-07	24739000
163082_TK_MC	5	2	2	1.3	273.9	6.92E-07	24739000
130430_TK_MC	5	2	2	1.3	273.9	6.92E-07	24739000
174707_TK_MC	5	2	2	1.3	273.9	6.92E-07	24739000
66934_TK_MC	2	3	3	7.3	52.226	1.05E-25	1848900000
130601_TK_MC	2	3	3	7.3	52.226	1.05E-25	1848900000
130604_TK_MC	3	1	1	7.8	18.435	0.00072838	0
130605_TK_MC	3	1	1	7.8	18.435	0.00072838	0
130606_TK_MC	3	1	1	7.8	18.435	0.00072838	0
130727_TK_MC	13	3	3	12.1	26.339	7.74E-10	125660000
130728_TK_MC	13	3	3	12.1	26.339	7.74E-10	125660000
175906_TK_MC	13	3	3	12.1	26.339	7.74E-10	125660000
130723_TK_MC	13	3	3	12.1	26.339	7.74E-10	125660000
130724_TK_MC	13	3	3	12.1	26.339	7.74E-10	125660000
130726_TK_MC	13	3	3	12.1	26.339	7.74E-10	125660000
157779_TK_MC	13	3	3	12.1	26.339	7.74E-10	125660000
67079_TK_MC	13	3	3	12.1	26.339	7.74E-10	125660000
130725_TK_MC	13	3	3	12.1	26.339	7.74E-10	125660000
175904_TK_MC	13	3	3	12.1	26.339	7.74E-10	125660000
183316_TK_MC	13	3	3	12.1	26.339	7.74E-10	125660000
175905_TK_MC	13	3	3	12.1	26.339	7.74E-10	125660000
183317_TK_MC	13	3	3	12.1	26.339	7.74E-10	125660000
67215_TK_MC	2	4	4	31.1	18.933	2.02E-28	489710000
130822_TK_MC	2	4	4	31.1	18.933	2.02E-28	489710000
67495_TK_MC	2	1	1	18.5	6.6118	9.05E-06	133930000
130977_TK_MC	2	1	1	18.5	6.6118	9.05E-06	133930000
157553_TK_MC	8	8	8	18	64.4	1.24E-26	265730000
131185_TK_MC	8	8	8	18	64.4	1.24E-26	265730000
67669_TK_MC	8	8	8	18	64.4	1.24E-26	265730000
131186_TK_MC	8	8	8	18	64.4	1.24E-26	265730000
131188_TK_MC	8	8	8	18	64.4	1.24E-26	265730000
131187_TK_MC	8	8	8	18	64.4	1.24E-26	265730000
131184_TK_MC	8	8	8	18	64.4	1.24E-26	265730000
67668_TK_MC	8	8	8	18	64.4	1.24E-26	265730000
69046_TK_MC	2	1	1	5	16.041	0.01332	16806000
132116_TK_MC	2	1	1	5	16.041	0.01332	16806000
69105_TK_MC	7	1	1	3.8	42.521	0.00025693	9636500
177996_TK_MC	7	1	1	3.8	42.521	0.00025693	9636500
132154_TK_MC	7	1	1	3.8	42.521	0.00025693	9636500
132155_TK_MC	7	1	1	3.8	42.521	0.00025693	9636500
178001_TK_MC	7	1	1	3.8	42.521	0.00025693	9636500
69106_TK_MC	7	1	1	3.8	42.521	0.00025693	9636500
61315_TK_MC	7	1	1	3.8	42.521	0.00025693	9636500
132704_TK_MC	4	14	5	17.6	54.157	1.24E-208	1513200000
132705_TK_MC	4	14	5	17.6	54.157	1.24E-208	1513200000
CON__ENSEMBL:ENSBTAP00000025008	4	14	5	17.6	54.157	1.24E-208	1513200000
69835_TK_MC	4	14	5	17.6	54.157	1.24E-208	1513200000
61630_TK_MC	5	1	1	0.8	114.73	0.00086612	218600000
132919_TK_MC	5	1	1	0.8	114.73	0.00086612	218600000
169553_TK_MC	5	1	1	0.8	114.73	0.00086612	218600000
167864_TK_MC	5	1	1	0.8	114.73	0.00086612	218600000
97733_TK_MC	5	1	1	0.8	114.73	0.00086612	218600000
133292_TK_MC	1	1	1	6	20.995	0.019432	0
133477_TK_MC	2	1	1	12.6	12.706	0.027069	0
71139_TK_MC	2	1	1	12.6	12.706	0.027069	0
183212_TK_MC	6	2	2	4	56.85	1.84E-06	88220000
175833_TK_MC	6	2	2	4	56.85	1.84E-06	88220000
71190_TK_MC	6	2	2	4	56.85	1.84E-06	88220000
133513_TK_MC	6	2	2	4	56.85	1.84E-06	88220000
163240_TK_MC	6	2	2	4	56.85	1.84E-06	88220000
87057_TK_MC	6	2	2	4	56.85	1.84E-06	88220000
71430_TK_MC	8	1	1	2.2	54.838	0.016519	15014000
133660_TK_MC	8	1	1	2.2	54.838	0.016519	15014000
133661_TK_MC	8	1	1	2.2	54.838	0.016519	15014000
71425_TK_MC	8	1	1	2.2	54.838	0.016519	15014000
133657_TK_MC	8	1	1	2.2	54.838	0.016519	15014000
133658_TK_MC	8	1	1	2.2	54.838	0.016519	15014000
133659_TK_MC	8	1	1	2.2	54.838	0.016519	15014000
133656_TK_MC	8	1	1	2.2	54.838	0.016519	15014000
179427_TK_MC	8	1	1	3.3	38.373	0.00043903	4216900
71835_TK_MC	8	1	1	3.3	38.373	0.00043903	4216900
71843_TK_MC	8	1	1	3.3	38.373	0.00043903	4216900
179415_TK_MC	8	1	1	3.3	38.373	0.00043903	4216900
172429_TK_MC	8	1	1	3.3	38.373	0.00043903	4216900
71845_TK_MC	8	1	1	3.3	38.373	0.00043903	4216900
133908_TK_MC	8	1	1	3.3	38.373	0.00043903	4216900
133906_TK_MC	8	1	1	3.3	38.373	0.00043903	4216900
134110_TK_MC	1	1	1	14.5	8.5159	0.00057664	38282000
134144_TK_MC	2	3	3	37.7	8.6319	4.29E-06	45556000
134143_TK_MC	2	3	3	37.7	8.6319	4.29E-06	45556000
72553_TK_MC	5	1	1	2.7	68.216	0.021745	0
72556_TK_MC	5	1	1	2.7	68.216	0.021745	0
72561_TK_MC	5	1	1	2.7	68.216	0.021745	0
72559_TK_MC	5	1	1	2.7	68.216	0.021745	0
134429_TK_MC	5	1	1	2.7	68.216	0.021745	0
183002_TK_MC	4	1	1	2.6	67.284	0.0001424	7563400
183003_TK_MC	4	1	1	2.6	67.284	0.0001424	7563400
72715_TK_MC	4	1	1	2.6	67.284	0.0001424	7563400
134514_TK_MC	4	1	1	2.6	67.284	0.0001424	7563400
73301_TK_MC	6	5	5	16.3	46.049	3.96E-34	125720000
134842_TK_MC	6	5	5	16.3	46.049	3.96E-34	125720000
182493_TK_MC	6	5	5	16.3	46.049	3.96E-34	125720000
158953_TK_MC	6	5	5	16.3	46.049	3.96E-34	125720000
73299_TK_MC	6	5	5	16.3	46.049	3.96E-34	125720000
182494_TK_MC	6	5	5	16.3	46.049	3.96E-34	125720000
73422_TK_MC	4	3	3	26.4	19.326	1.35E-20	18773000
134904_TK_MC	4	3	3	26.4	19.326	1.35E-20	18773000
134903_TK_MC	4	3	3	26.4	19.326	1.35E-20	18773000
134902_TK_MC	4	3	3	26.4	19.326	1.35E-20	18773000
74089_TK_MC	5	1	1	6.1	27.592	0.0010308	16055000
74093_TK_MC	5	1	1	6.1	27.592	0.0010308	16055000
74088_TK_MC	5	1	1	6.1	27.592	0.0010308	16055000
135282_TK_MC	5	1	1	6.1	27.592	0.0010308	16055000
135285_TK_MC	5	1	1	6.1	27.592	0.0010308	16055000
156723_TK_MC	3	1	1	5.5	22.43	0.0053103	21661000
75351_TK_MC	3	1	1	5.5	22.43	0.0053103	21661000
136036_TK_MC	3	1	1	5.5	22.43	0.0053103	21661000
136148_TK_MC	3	2	2	21.8	15.539	2.46E-14	5656600
75579_TK_MC	3	2	2	21.8	15.539	2.46E-14	5656600
183146_TK_MC	3	2	2	21.8	15.539	2.46E-14	5656600
136561_TK_MC	4	2	2	3.6	48.545	0.0010315	77999000
136562_TK_MC	4	2	2	3.6	48.545	0.0010315	77999000
156676_TK_MC	4	2	2	3.6	48.545	0.0010315	77999000
136560_TK_MC	4	2	2	3.6	48.545	0.0010315	77999000
136710_TK_MC	1	1	1	9.9	17.55	0.00011865	29795000
175120_TK_MC	6	1	1	1.2	145.2	0.0098684	7438100
136811_TK_MC	6	1	1	1.2	145.2	0.0098684	7438100
76777_TK_MC	6	1	1	1.2	145.2	0.0098684	7438100
164709_TK_MC	6	1	1	1.2	145.2	0.0098684	7438100
136810_TK_MC	6	1	1	1.2	145.2	0.0098684	7438100
175121_TK_MC	6	1	1	1.2	145.2	0.0098684	7438100
136885_TK_MC	2	5	1	4.2	21.669	9.39E-26	355890000
76887_TK_MC	2	5	1	4.2	21.669	9.39E-26	355890000
162604_TK_MC	4	2	2	7.7	34.428	1.61E-06	5067200
77432_TK_MC	4	2	2	7.7	34.428	1.61E-06	5067200
137251_TK_MC	4	2	2	7.7	34.428	1.61E-06	5067200
137250_TK_MC	4	2	2	7.7	34.428	1.61E-06	5067200
137258_TK_MC	13	18	1	1.3	67.762	6.58E-144	15287000000
176175_TK_MC	13	18	1	1.3	67.762	6.58E-144	15287000000
176174_TK_MC	13	18	1	1.3	67.762	6.58E-144	15287000000
176178_TK_MC	13	18	1	1.3	67.762	6.58E-144	15287000000
176179_TK_MC	13	18	1	1.3	67.762	6.58E-144	15287000000
176183_TK_MC	13	18	1	1.3	67.762	6.58E-144	15287000000
176186_TK_MC	13	18	1	1.3	67.762	6.58E-144	15287000000
77450_TK_MC	13	18	1	1.3	67.762	6.58E-144	15287000000
176173_TK_MC	13	18	1	1.3	67.762	6.58E-144	15287000000
176172_TK_MC	13	18	1	1.3	67.762	6.58E-144	15287000000
176171_TK_MC	13	18	1	1.3	67.762	6.58E-144	15287000000
176184_TK_MC	13	18	1	1.3	67.762	6.58E-144	15287000000
176168_TK_MC	13	18	1	1.3	67.762	6.58E-144	15287000000
77721_TK_MC	4	7	7	28.5	26.411	4.07E-18	287350000
137444_TK_MC	4	7	7	28.5	26.411	4.07E-18	287350000
137445_TK_MC	4	7	7	28.5	26.411	4.07E-18	287350000
137446_TK_MC	4	7	7	28.5	26.411	4.07E-18	287350000
165135_TK_MC	5	1	1	0.5	200.68	0.053652	9415100
78741_TK_MC	5	1	1	0.5	200.68	0.053652	9415100
138078_TK_MC	5	1	1	0.5	200.68	0.053652	9415100
78743_TK_MC	5	1	1	0.5	200.68	0.053652	9415100
78744_TK_MC	5	1	1	0.5	200.68	0.053652	9415100
138222_TK_MC	3	1	1	3.7	27.809	0.0060165	60783000
79054_TK_MC	3	1	1	3.7	27.809	0.0060165	60783000
164445_TK_MC	3	1	1	3.7	27.809	0.0060165	60783000
138461_TK_MC	19	9	9	25.9	46.265	8.79E-31	303860000
174847_TK_MC	19	9	9	25.9	46.265	8.79E-31	303860000
138462_TK_MC	19	9	9	25.9	46.265	8.79E-31	303860000
174845_TK_MC	19	9	9	25.9	46.265	8.79E-31	303860000
174846_TK_MC	19	9	9	25.9	46.265	8.79E-31	303860000
174849_TK_MC	19	9	9	25.9	46.265	8.79E-31	303860000
174851_TK_MC	19	9	9	25.9	46.265	8.79E-31	303860000
174848_TK_MC	19	9	9	25.9	46.265	8.79E-31	303860000
174844_TK_MC	19	9	9	25.9	46.265	8.79E-31	303860000
79386_TK_MC	19	9	9	25.9	46.265	8.79E-31	303860000
79387_TK_MC	19	9	9	25.9	46.265	8.79E-31	303860000
174842_TK_MC	19	9	9	25.9	46.265	8.79E-31	303860000
174843_TK_MC	19	9	9	25.9	46.265	8.79E-31	303860000
174854_TK_MC	19	9	9	25.9	46.265	8.79E-31	303860000
174853_TK_MC	19	9	9	25.9	46.265	8.79E-31	303860000
174852_TK_MC	19	9	9	25.9	46.265	8.79E-31	303860000
79388_TK_MC	19	9	9	25.9	46.265	8.79E-31	303860000
79383_TK_MC	19	9	9	25.9	46.265	8.79E-31	303860000
174850_TK_MC	19	9	9	25.9	46.265	8.79E-31	303860000
139009_TK_MC	4	2	1	10.9	16.611	1.14E-13	183390000
139010_TK_MC	4	2	1	10.9	16.611	1.14E-13	183390000
139011_TK_MC	4	2	1	10.9	16.611	1.14E-13	183390000
80342_TK_MC	4	2	1	10.9	16.611	1.14E-13	183390000
173713_TK_MC	6	1	1	2.9	57.421	1.20E-07	16853000
173714_TK_MC	6	1	1	2.9	57.421	1.20E-07	16853000
180888_TK_MC	6	1	1	2.9	57.421	1.20E-07	16853000
80363_TK_MC	6	1	1	2.9	57.421	1.20E-07	16853000
139026_TK_MC	6	1	1	2.9	57.421	1.20E-07	16853000
139024_TK_MC	6	1	1	2.9	57.421	1.20E-07	16853000
139154_TK_MC	3	1	1	3.8	40.047	0.00048019	0
80590_TK_MC	3	1	1	3.8	40.047	0.00048019	0
80591_TK_MC	3	1	1	3.8	40.047	0.00048019	0
139160_TK_MC	4	5	5	23.3	30.299	1.74E-55	352670000
80623_TK_MC	4	5	5	23.3	30.299	1.74E-55	352670000
80624_TK_MC	4	5	5	23.3	30.299	1.74E-55	352670000
139159_TK_MC	4	5	5	23.3	30.299	1.74E-55	352670000
139164_TK_MC	4	15	15	41.4	52.277	3.74E-126	5046700000
139163_TK_MC	4	15	15	41.4	52.277	3.74E-126	5046700000
CON__ENSEMBL:ENSBTAP00000016242	4	15	15	41.4	52.277	3.74E-126	5046700000
151538_TK_MC	4	15	15	41.4	52.277	3.74E-126	5046700000
182398_TK_MC	10	1	1	6.5	14.926	0.0072833	191150000
177349_TK_MC	10	1	1	6.5	14.926	0.0072833	191150000
80660_TK_MC	10	1	1	6.5	14.926	0.0072833	191150000
80662_TK_MC	10	1	1	6.5	14.926	0.0072833	191150000
139183_TK_MC	10	1	1	6.5	14.926	0.0072833	191150000
65379_TK_MC	10	1	1	6.5	14.926	0.0072833	191150000
65380_TK_MC	10	1	1	6.5	14.926	0.0072833	191150000
65381_TK_MC	10	1	1	6.5	14.926	0.0072833	191150000
152962_TK_MC	10	1	1	6.5	14.926	0.0072833	191150000
92917_TK_MC	10	1	1	6.5	14.926	0.0072833	191150000
139649_TK_MC	8	3	3	15.8	26.913	1.59E-09	430800000
139650_TK_MC	8	3	3	15.8	26.913	1.59E-09	430800000
139648_TK_MC	8	3	3	15.8	26.913	1.59E-09	430800000
164660_TK_MC	8	3	3	15.8	26.913	1.59E-09	430800000
139646_TK_MC	8	3	3	15.8	26.913	1.59E-09	430800000
139647_TK_MC	8	3	3	15.8	26.913	1.59E-09	430800000
139644_TK_MC	8	3	3	15.8	26.913	1.59E-09	430800000
139645_TK_MC	8	3	3	15.8	26.913	1.59E-09	430800000
182336_TK_MC	6	6	6	26	25.066	5.96E-21	1719900000
166896_TK_MC	6	6	6	26	25.066	5.96E-21	1719900000
182337_TK_MC	6	6	6	26	25.066	5.96E-21	1719900000
81580_TK_MC	6	6	6	26	25.066	5.96E-21	1719900000
139685_TK_MC	6	6	6	26	25.066	5.96E-21	1719900000
81583_TK_MC	6	6	6	26	25.066	5.96E-21	1719900000
139706_TK_MC	2	8	8	23.2	35.383	1.53E-19	632590000
114546_TK_MC	2	8	8	23.2	35.383	1.53E-19	632590000
139745_TK_MC	3	1	1	4.3	36.933	1.21E-28	0
81676_TK_MC	3	1	1	4.3	36.933	1.21E-28	0
168185_TK_MC	3	1	1	4.3	36.933	1.21E-28	0
140096_TK_MC	2	9	9	30.8	44.326	3.58E-45	875410000
82258_TK_MC	2	9	9	30.8	44.326	3.58E-45	875410000
140101_TK_MC	1	1	1	35.3	3.52	5.81E-05	76782000
82662_TK_MC	3	1	1	2.1	57.392	0.0048783	22026000
140322_TK_MC	3	1	1	2.1	57.392	0.0048783	22026000
146836_TK_MC	3	1	1	2.1	57.392	0.0048783	22026000
157712_TK_MC	12	1	1	5.7	28.315	0.011038	16003000
81768_TK_MC	12	1	1	5.7	28.315	0.011038	16003000
170617_TK_MC	12	1	1	5.7	28.315	0.011038	16003000
82772_TK_MC	12	1	1	5.7	28.315	0.011038	16003000
156373_TK_MC	12	1	1	5.7	28.315	0.011038	16003000
164844_TK_MC	12	1	1	5.7	28.315	0.011038	16003000
170618_TK_MC	12	1	1	5.7	28.315	0.011038	16003000
169772_TK_MC	12	1	1	5.7	28.315	0.011038	16003000
175507_TK_MC	12	1	1	5.7	28.315	0.011038	16003000
169773_TK_MC	12	1	1	5.7	28.315	0.011038	16003000
140388_TK_MC	12	1	1	5.7	28.315	0.011038	16003000
62738_TK_MC	12	1	1	5.7	28.315	0.011038	16003000
140915_TK_MC	3	2	2	7.9	36.429	6.77E-11	8370600
83568_TK_MC	3	2	2	7.9	36.429	6.77E-11	8370600
140916_TK_MC	3	2	2	7.9	36.429	6.77E-11	8370600
83793_TK_MC	5	2	2	7.1	39.924	9.54E-06	41498000
83791_TK_MC	5	2	2	7.1	39.924	9.54E-06	41498000
83795_TK_MC	5	2	2	7.1	39.924	9.54E-06	41498000
83789_TK_MC	5	2	2	7.1	39.924	9.54E-06	41498000
141045_TK_MC	5	2	2	7.1	39.924	9.54E-06	41498000
141625_TK_MC	3	2	2	20.6	11.784	2.24E-06	221470000
171498_TK_MC	3	2	2	20.6	11.784	2.24E-06	221470000
84530_TK_MC	3	2	2	20.6	11.784	2.24E-06	221470000
84823_TK_MC	3	1	1	4.5	35.861	0.018382	9130800
141904_TK_MC	3	1	1	4.5	35.861	0.018382	9130800
164783_TK_MC	3	1	1	4.5	35.861	0.018382	9130800
85197_TK_MC	7	4	0	0	71.736	9.26E-13	63384000
142307_TK_MC	7	4	0	0	71.736	9.26E-13	63384000
181424_TK_MC	7	4	0	0	71.736	9.26E-13	63384000
90620_TK_MC	7	4	0	0	71.736	9.26E-13	63384000
174191_TK_MC	7	4	0	0	71.736	9.26E-13	63384000
100519_TK_MC	7	4	0	0	71.736	9.26E-13	63384000
88170_TK_MC	7	4	0	0	71.736	9.26E-13	63384000
142478_TK_MC	3	1	1	1.5	96.106	1.71E-06	0
168305_TK_MC	3	1	1	1.5	96.106	1.71E-06	0
173320_TK_MC	3	1	1	1.5	96.106	1.71E-06	0
143370_TK_MC	1	2	2	23.5	14.977	0.00017059	0
143556_TK_MC	2	3	2	8	37.889	1.83E-10	36442000
86388_TK_MC	2	3	2	8	37.889	1.83E-10	36442000
143564_TK_MC	3	3	3	13	26.184	7.35E-07	111820000
143563_TK_MC	3	3	3	13	26.184	7.35E-07	111820000
156465_TK_MC	3	3	3	13	26.184	7.35E-07	111820000
143854_TK_MC	2	1	1	9.1	13.439	0.00020967	37517000
143855_TK_MC	2	1	1	9.1	13.439	0.00020967	37517000
144435_TK_MC	1	1	1	20.3	8.5019	4.90E-07	29295000
144538_TK_MC	2	2	2	22.4	9.9034	1.15E-06	68793000
89885_TK_MC	2	2	2	22.4	9.9034	1.15E-06	68793000
144583_TK_MC	1	1	1	18.2	5.457	0.003945	23521000
144685_TK_MC	1	1	1	9.6	13.447	9.66E-05	0
144696_TK_MC	1	4	4	34.5	15.428	1.55E-27	580970000
144937_TK_MC	1	2	2	25.5	11.414	2.25E-07	17555000
91746_TK_MC	2	9	6	25.8	32.155	7.41E-39	1242900000
145039_TK_MC	2	9	6	25.8	32.155	7.41E-39	1242900000
145095_TK_MC	3	1	1	2.9	55.676	0.00017191	6144100
179872_TK_MC	3	1	1	2.9	55.676	0.00017191	6144100
172781_TK_MC	3	1	1	2.9	55.676	0.00017191	6144100
145117_TK_MC	1	1	1	14.9	7.2543	0.055944	14105000
145394_TK_MC	1	1	1	9.7	11.665	0.0029028	10778000
146581_TK_MC	4	1	1	6.7	21.902	2.33E-05	63402000
146582_TK_MC	4	1	1	6.7	21.902	2.33E-05	63402000
164864_TK_MC	4	1	1	6.7	21.902	2.33E-05	63402000
172389_TK_MC	4	1	1	6.7	21.902	2.33E-05	63402000
97862_TK_MC	2	2	2	26.9	7.8399	9.47E-06	89467000
146721_TK_MC	2	2	2	26.9	7.8399	9.47E-06	89467000
147033_TK_MC	1	1	1	6.2	19.697	0.0012232	14351000
147605_TK_MC	1	3	1	5.3	24.172	1.30E-06	186160000
148093_TK_MC	3	4	4	25.8	21.862	1.07E-18	102540000
144453_TK_MC	3	4	4	25.8	21.862	1.07E-18	102540000
112235_TK_MC	3	4	4	25.8	21.862	1.07E-18	102540000
182621_TK_MC	2	5	5	9.6	71.267	9.66E-19	99148000
148363_TK_MC	2	5	5	9.6	71.267	9.66E-19	99148000
91586_TK_MC	2	1	1	7.6	14.853	0.0046707	33591000
148752_TK_MC	2	1	1	7.6	14.853	0.0046707	33591000
150123_TK_MC	2	7	7	22.9	47.545	2.04E-65	440110000
122470_TK_MC	2	7	7	22.9	47.545	2.04E-65	440110000
150581_TK_MC	1	4	2	29.4	11.599	1.54E-28	198540000
151737_TK_MC	1	4	4	10.5	55.991	3.25E-09	162490000
151765_TK_MC	3	2	2	9.5	25.114	0.00017621	19162000
151766_TK_MC	3	2	2	9.5	25.114	0.00017621	19162000
112769_TK_MC	3	2	2	9.5	25.114	0.00017621	19162000
170834_TK_MC	2	1	1	8.5	18.451	0.010499	16376000
151979_TK_MC	2	1	1	8.5	18.451	0.010499	16376000
152683_TK_MC	1	1	1	24.1	6.5672	0.001689	11065000
153143_TK_MC	1	1	1	9	14.463	0.0030166	0
180999_TK_MC	3	3	3	15.4	27.798	1.70E-11	44664000
153599_TK_MC	3	3	3	15.4	27.798	1.70E-11	44664000
153597_TK_MC	3	3	3	15.4	27.798	1.70E-11	44664000
153640_TK_MC	2	5	5	24.5	26.774	5.69E-13	334470000
153639_TK_MC	2	5	5	24.5	26.774	5.69E-13	334470000
178277_TK_MC	3	1	1	4	30.619	0.00013172	0
159973_TK_MC	3	1	1	4	30.619	0.00013172	0
153970_TK_MC	3	1	1	4	30.619	0.00013172	0
154030_TK_MC	1	1	1	8.3	16.655	0.0035127	56367000
154126_TK_MC	1	2	2	15.5	16.113	1.84E-06	46346000
154208_TK_MC	2	1	1	7.6	17.259	0.0055741	0
79141_TK_MC	2	1	1	7.6	17.259	0.0055741	0
154345_TK_MC	1	1	1	20.8	8.5338	0.00011197	12194000
179544_TK_MC	2	8	8	13.9	73.747	1.73E-191	159870000
154940_TK_MC	2	8	8	13.9	73.747	1.73E-191	159870000
164203_TK_MC	2	1	1	2	69.75	0.0080553	7515600
155271_TK_MC	2	1	1	2	69.75	0.0080553	7515600
169486_TK_MC	6	1	1	8.3	11.993	0.0020814	35216000
173620_TK_MC	6	1	1	8.3	11.993	0.0020814	35216000
155506_TK_MC	6	1	1	8.3	11.993	0.0020814	35216000
169487_TK_MC	6	1	1	8.3	11.993	0.0020814	35216000
176487_TK_MC	6	1	1	8.3	11.993	0.0020814	35216000
169728_TK_MC	6	1	1	8.3	11.993	0.0020814	35216000
178776_TK_MC	4	2	2	5.8	38.157	0.00056063	18473000
159946_TK_MC	4	2	2	5.8	38.157	0.00056063	18473000
171866_TK_MC	4	2	2	5.8	38.157	0.00056063	18473000
155591_TK_MC	4	2	2	5.8	38.157	0.00056063	18473000
155940_TK_MC	1	2	2	9.9	18.374	0.00033143	29105000
156148_TK_MC	1	1	1	2.8	37.966	0.0027992	60734000
72893_TK_MC	5	1	1	5.7	22.357	0.015737	8748200
178202_TK_MC	5	1	1	5.7	22.357	0.015737	8748200
156378_TK_MC	5	1	1	5.7	22.357	0.015737	8748200
171374_TK_MC	5	1	1	5.7	22.357	0.015737	8748200
170878_TK_MC	5	1	1	5.7	22.357	0.015737	8748200
156498_TK_MC	1	1	1	2.4	37.546	0.015583	7213300
156592_TK_MC	1	6	1	13.5	15.89	3.47E-129	3675900000
156741_TK_MC	1	3	3	9.5	50.533	2.27E-13	32435000
157044_TK_MC	3	9	9	16.1	81.795	4.97E-45	200710000
69171_TK_MC	3	9	9	16.1	81.795	4.97E-45	200710000
69172_TK_MC	3	9	9	16.1	81.795	4.97E-45	200710000
157144_TK_MC	6	12	12	23.1	62.961	9.13E-42	335650000
169855_TK_MC	6	12	12	23.1	62.961	9.13E-42	335650000
178937_TK_MC	6	12	12	23.1	62.961	9.13E-42	335650000
172054_TK_MC	6	12	12	23.1	62.961	9.13E-42	335650000
172053_TK_MC	6	12	12	23.1	62.961	9.13E-42	335650000
178939_TK_MC	6	12	12	23.1	62.961	9.13E-42	335650000
157161_TK_MC	2	1	1	2.4	56.508	0.00018533	0
173075_TK_MC	2	1	1	2.4	56.508	0.00018533	0
157230_TK_MC	1	1	1	2.5	51.993	0.0002558	0
157235_TK_MC	1	1	1	13.2	15.387	0.00055849	3790900
157236_TK_MC	1	5	5	44.5	21.779	4.25E-64	276820000
77302_TK_MC	4	5	5	11.4	49.552	2.31E-267	6065200000
77304_TK_MC	4	5	5	11.4	49.552	2.31E-267	6065200000
157331_TK_MC	4	5	5	11.4	49.552	2.31E-267	6065200000
181351_TK_MC	4	5	5	11.4	49.552	2.31E-267	6065200000
157546_TK_MC	1	1	1	3.9	31.887	0.05665	0
157763_TK_MC	5	6	3	6.8	77.524	1.57E-12	48529000
75451_TK_MC	5	6	3	6.8	77.524	1.57E-12	48529000
75449_TK_MC	5	6	3	6.8	77.524	1.57E-12	48529000
162989_TK_MC	5	6	3	6.8	77.524	1.57E-12	48529000
162988_TK_MC	5	6	3	6.8	77.524	1.57E-12	48529000
158002_TK_MC	1	1	1	3.7	38.15	0.0017934	0
158051_TK_MC	1	7	7	14.7	56.763	1.26E-19	184340000
158053_TK_MC	1	6	6	23.7	38.227	2.81E-25	187830000
158640_TK_MC	1	6	0	0	30.727	1.29E-44	821720000
158807_TK_MC	1	1	1	11	16.69	0.0077287	0
159133_TK_MC	3	10	1	1.9	74.393	2.04E-52	1031100000
178604_TK_MC	3	10	1	1.9	74.393	2.04E-52	1031100000
178603_TK_MC	3	10	1	1.9	74.393	2.04E-52	1031100000
159153_TK_MC	2	5	5	26	32.885	8.40E-66	379210000
86879_TK_MC	2	5	5	26	32.885	8.40E-66	379210000
159576_TK_MC	1	20	6	21.6	51.139	6.06E-167	3038600000
159636_TK_MC	2	2	2	11	26.496	6.64E-08	38469000
70764_TK_MC	2	2	2	11	26.496	6.64E-08	38469000
159670_TK_MC	3	20	20	21.3	126.92	1.50E-116	2665600000
169879_TK_MC	3	20	20	21.3	126.92	1.50E-116	2665600000
72642_TK_MC	3	20	20	21.3	126.92	1.50E-116	2665600000
159876_TK_MC	3	3	3	10	33.71	1.26E-07	34306000
77750_TK_MC	3	3	3	10	33.71	1.26E-07	34306000
176622_TK_MC	3	3	3	10	33.71	1.26E-07	34306000
63514_TK_MC	3	2	2	6.4	34.625	0.00018602	25661000
63515_TK_MC	3	2	2	6.4	34.625	0.00018602	25661000
160366_TK_MC	3	2	2	6.4	34.625	0.00018602	25661000
174396_TK_MC	11	1	1	5.2	24.086	8.23E-29	142760000
181718_TK_MC	11	1	1	5.2	24.086	8.23E-29	142760000
174397_TK_MC	11	1	1	5.2	24.086	8.23E-29	142760000
181720_TK_MC	11	1	1	5.2	24.086	8.23E-29	142760000
174393_TK_MC	11	1	1	5.2	24.086	8.23E-29	142760000
174394_TK_MC	11	1	1	5.2	24.086	8.23E-29	142760000
160620_TK_MC	11	1	1	5.2	24.086	8.23E-29	142760000
174392_TK_MC	11	1	1	5.2	24.086	8.23E-29	142760000
91513_TK_MC	11	1	1	5.2	24.086	8.23E-29	142760000
174395_TK_MC	11	1	1	5.2	24.086	8.23E-29	142760000
174398_TK_MC	11	1	1	5.2	24.086	8.23E-29	142760000
72608_TK_MC	2	1	1	2.3	38.934	0.012175	588180000
160631_TK_MC	2	1	1	2.3	38.934	0.012175	588180000
160940_TK_MC	1	2	2	11	25.53	1.05E-09	40344000
161322_TK_MC	1	1	1	4.1	38.998	0.007612	11648000
161344_TK_MC	1	3	3	8.6	49.934	1.70E-14	78304000
180536_TK_MC	2	1	1	5.7	28.241	0.0069851	6744400
161362_TK_MC	2	1	1	5.7	28.241	0.0069851	6744400
162218_TK_MC	2	2	2	3.7	67.479	0.00012161	11657000
154976_TK_MC	2	2	2	3.7	67.479	0.00012161	11657000
180701_TK_MC	6	2	2	4.4	56.024	5.17E-05	32957000
83485_TK_MC	6	2	2	4.4	56.024	5.17E-05	32957000
180704_TK_MC	6	2	2	4.4	56.024	5.17E-05	32957000
162225_TK_MC	6	2	2	4.4	56.024	5.17E-05	32957000
173561_TK_MC	6	2	2	4.4	56.024	5.17E-05	32957000
162226_TK_MC	6	2	2	4.4	56.024	5.17E-05	32957000
162345_TK_MC	1	1	1	12.3	15.246	0.018118	0
162454_TK_MC	1	3	3	26.4	22.3	3.00E-15	63948000
162601_TK_MC	1	1	1	0.3	451.08	0.020927	8803900
63511_TK_MC	3	1	1	4.1	30.875	3.98E-08	23655000
63510_TK_MC	3	1	1	4.1	30.875	3.98E-08	23655000
162870_TK_MC	3	1	1	4.1	30.875	3.98E-08	23655000
162879_TK_MC	3	2	2	14.2	19.504	0.00039933	24266000
66243_TK_MC	3	2	2	14.2	19.504	0.00039933	24266000
172106_TK_MC	3	2	2	14.2	19.504	0.00039933	24266000
162899_TK_MC	1	1	1	2.3	40.732	0.01356	89739000
163156_TK_MC	1	3	3	18.8	23.634	2.33E-15	13835000
90950_TK_MC	2	1	1	5.2	25.305	0.018896	6120400
163242_TK_MC	2	1	1	5.2	25.305	0.018896	6120400
75675_TK_MC	2	1	1	1.4	67.296	0.022883	33204000
163328_TK_MC	2	1	1	1.4	67.296	0.022883	33204000
163345_TK_MC	4	6	6	11.4	59.495	1.30E-12	526430000
78237_TK_MC	4	6	6	11.4	59.495	1.30E-12	526430000
78225_TK_MC	4	6	6	11.4	59.495	1.30E-12	526430000
174274_TK_MC	4	6	6	11.4	59.495	1.30E-12	526430000
163377_TK_MC	2	1	1	3.5	48.012	3.01E-06	15866000
180869_TK_MC	2	1	1	3.5	48.012	3.01E-06	15866000
163378_TK_MC	3	4	4	16.9	33.823	4.57E-13	59438000
173826_TK_MC	3	4	4	16.9	33.823	4.57E-13	59438000
125083_TK_MC	3	4	4	16.9	33.823	4.57E-13	59438000
163513_TK_MC	5	3	3	13.6	32.619	9.57E-08	340030000
79931_TK_MC	5	3	3	13.6	32.619	9.57E-08	340030000
138801_TK_MC	5	3	3	13.6	32.619	9.57E-08	340030000
138800_TK_MC	5	3	3	13.6	32.619	9.57E-08	340030000
138799_TK_MC	5	3	3	13.6	32.619	9.57E-08	340030000
163521_TK_MC	2	2	1	4.9	35.827	5.95E-05	19487000
133014_TK_MC	2	2	1	4.9	35.827	5.95E-05	19487000
163524_TK_MC	3	3	3	10.6	30.376	5.73E-07	189840000
158641_TK_MC	3	3	3	10.6	30.376	5.73E-07	189840000
116233_TK_MC	3	3	3	10.6	30.376	5.73E-07	189840000
163849_TK_MC	4	8	5	17.2	45.615	1.59E-56	560570000
161123_TK_MC	4	8	5	17.2	45.615	1.59E-56	560570000
114524_TK_MC	4	8	5	17.2	45.615	1.59E-56	560570000
161122_TK_MC	4	8	5	17.2	45.615	1.59E-56	560570000
76626_TK_MC	3	2	2	3.8	80.755	1.07E-06	16192000
164442_TK_MC	3	2	2	3.8	80.755	1.07E-06	16192000
76627_TK_MC	3	2	2	3.8	80.755	1.07E-06	16192000
164620_TK_MC	2	2	2	20	13.673	0.00033604	35640000
83050_TK_MC	2	2	2	20	13.673	0.00033604	35640000
164763_TK_MC	3	10	10	22.6	51.824	1.96E-44	3088800000
72301_TK_MC	3	10	10	22.6	51.824	1.96E-44	3088800000
72300_TK_MC	3	10	10	22.6	51.824	1.96E-44	3088800000
164765_TK_MC	1	4	4	27.1	18.057	4.32E-08	131750000
164820_TK_MC	1	1	1	5.3	21.588	0.019832	26581000
180516_TK_MC	4	2	2	4.8	48.032	1.86E-05	90109000
73118_TK_MC	4	2	2	4.8	48.032	1.86E-05	90109000
164919_TK_MC	4	2	2	4.8	48.032	1.86E-05	90109000
73117_TK_MC	4	2	2	4.8	48.032	1.86E-05	90109000
165085_TK_MC	2	11	7	14.9	52.887	1.28E-89	3256800000
68340_TK_MC	2	11	7	14.9	52.887	1.28E-89	3256800000
165352_TK_MC	1	11	0	0	37.139	3.71E-72	3429600000
165404_TK_MC	1	8	1	3.6	61.804	3.12E-50	13634000
165649_TK_MC	1	1	1	5	18.007	0.0089568	762780000
165938_TK_MC	1	3	3	7.7	57.959	1.69E-07	53885000
165973_TK_MC	1	1	1	6.6	21.085	0.00017545	12117000
176331_TK_MC	13	3	3	8.8	45.274	1.36E-22	43519000
176332_TK_MC	13	3	3	8.8	45.274	1.36E-22	43519000
166542_TK_MC	13	3	3	8.8	45.274	1.36E-22	43519000
134156_TK_MC	13	3	3	8.8	45.274	1.36E-22	43519000
134158_TK_MC	13	3	3	8.8	45.274	1.36E-22	43519000
183850_TK_MC	13	3	3	8.8	45.274	1.36E-22	43519000
177539_TK_MC	13	3	3	8.8	45.274	1.36E-22	43519000
72166_TK_MC	13	3	3	8.8	45.274	1.36E-22	43519000
72167_TK_MC	13	3	3	8.8	45.274	1.36E-22	43519000
72164_TK_MC	13	3	3	8.8	45.274	1.36E-22	43519000
170679_TK_MC	13	3	3	8.8	45.274	1.36E-22	43519000
72163_TK_MC	13	3	3	8.8	45.274	1.36E-22	43519000
72162_TK_MC	13	3	3	8.8	45.274	1.36E-22	43519000
166754_TK_MC	3	2	2	5.1	44.714	0.00015529	52114000
77903_TK_MC	3	2	2	5.1	44.714	0.00015529	52114000
77904_TK_MC	3	2	2	5.1	44.714	0.00015529	52114000
166831_TK_MC	1	1	1	10.1	17.747	0.00024131	0
90604_TK_MC	2	1	1	7.3	22.096	0.00054296	3347700
166856_TK_MC	2	1	1	7.3	22.096	0.00054296	3347700
166978_TK_MC	3	2	1	1.9	66.992	1.48E-07	22679000
169848_TK_MC	3	2	1	1.9	66.992	1.48E-07	22679000
176664_TK_MC	3	2	1	1.9	66.992	1.48E-07	22679000
167051_TK_MC	1	2	2	16.2	22.662	2.28E-07	36109000
182211_TK_MC	4	2	2	12.9	18.023	0.0001946	25866000
167055_TK_MC	4	2	2	12.9	18.023	0.0001946	25866000
66535_TK_MC	4	2	2	12.9	18.023	0.0001946	25866000
66536_TK_MC	4	2	2	12.9	18.023	0.0001946	25866000
167075_TK_MC	9	3	3	8.9	45.133	4.99E-10	52836000
67673_TK_MC	9	3	3	8.9	45.133	4.99E-10	52836000
67671_TK_MC	9	3	3	8.9	45.133	4.99E-10	52836000
173340_TK_MC	9	3	3	8.9	45.133	4.99E-10	52836000
173338_TK_MC	9	3	3	8.9	45.133	4.99E-10	52836000
173339_TK_MC	9	3	3	8.9	45.133	4.99E-10	52836000
180437_TK_MC	9	3	3	8.9	45.133	4.99E-10	52836000
180448_TK_MC	9	3	3	8.9	45.133	4.99E-10	52836000
173326_TK_MC	9	3	3	8.9	45.133	4.99E-10	52836000
167355_TK_MC	3	4	2	9	40.846	3.19E-16	77630000
82527_TK_MC	3	4	2	9	40.846	3.19E-16	77630000
82532_TK_MC	3	4	2	9	40.846	3.19E-16	77630000
167357_TK_MC	4	3	3	23	24.586	6.25E-48	250890000
81434_TK_MC	4	3	3	23	24.586	6.25E-48	250890000
169788_TK_MC	4	3	3	23	24.586	6.25E-48	250890000
139613_TK_MC	4	3	3	23	24.586	6.25E-48	250890000
167365_TK_MC	1	3	1	13.1	20.322	5.29E-51	278370000
167386_TK_MC	1	4	0	0	31.368	2.18E-47	132880000
167493_TK_MC	2	3	3	42.5	12.618	1.29E-10	28089000
109687_TK_MC	2	3	3	42.5	12.618	1.29E-10	28089000
167498_TK_MC	2	3	2	9.6	40.279	2.01E-07	15544000
125499_TK_MC	2	3	2	9.6	40.279	2.01E-07	15544000
167565_TK_MC	1	1	1	10.9	15.973	2.95E-07	31119000
178466_TK_MC	5	2	2	6	51.637	1.11E-11	15793000
171443_TK_MC	5	2	2	6	51.637	1.11E-11	15793000
167580_TK_MC	5	2	2	6	51.637	1.11E-11	15793000
65418_TK_MC	5	2	2	6	51.637	1.11E-11	15793000
171759_TK_MC	5	2	2	6	51.637	1.11E-11	15793000
168080_TK_MC	3	5	5	28.5	19.963	1.04E-21	992270000
80244_TK_MC	3	5	5	28.5	19.963	1.04E-21	992270000
80246_TK_MC	3	5	5	28.5	19.963	1.04E-21	992270000
65674_TK_MC	2	1	1	9.1	18.923	0.0027688	9764300
168247_TK_MC	2	1	1	9.1	18.923	0.0027688	9764300
168349_TK_MC	5	5	2	19.2	46.867	6.77E-29	841020000
176618_TK_MC	5	5	2	19.2	46.867	6.77E-29	841020000
176619_TK_MC	5	5	2	19.2	46.867	6.77E-29	841020000
72191_TK_MC	5	5	2	19.2	46.867	6.77E-29	841020000
134179_TK_MC	5	5	2	19.2	46.867	6.77E-29	841020000
179190_TK_MC	4	31	31	22.5	184.46	4.72E-226	1572000000
179191_TK_MC	4	31	31	22.5	184.46	4.72E-226	1572000000
168819_TK_MC	4	31	31	22.5	184.46	4.72E-226	1572000000
85320_TK_MC	4	31	31	22.5	184.46	4.72E-226	1572000000
179112_TK_MC	5	1	1	2.4	60.176	4.71E-13	7595200
179111_TK_MC	5	1	1	2.4	60.176	4.71E-13	7595200
168883_TK_MC	5	1	1	2.4	60.176	4.71E-13	7595200
62541_TK_MC	5	1	1	2.4	60.176	4.71E-13	7595200
62540_TK_MC	5	1	1	2.4	60.176	4.71E-13	7595200
169237_TK_MC	4	3	3	13.8	31.598	4.41E-11	16918000
83107_TK_MC	4	3	3	13.8	31.598	4.41E-11	16918000
83105_TK_MC	4	3	3	13.8	31.598	4.41E-11	16918000
120494_TK_MC	4	3	3	13.8	31.598	4.41E-11	16918000
177538_TK_MC	4	2	2	15.6	16.548	0.00014287	59374000
169336_TK_MC	4	2	2	15.6	16.548	0.00014287	59374000
78445_TK_MC	4	2	2	15.6	16.548	0.00014287	59374000
78444_TK_MC	4	2	2	15.6	16.548	0.00014287	59374000
169500_TK_MC	2	1	1	11.5	16.094	0.03232	25315000
177847_TK_MC	2	1	1	11.5	16.094	0.03232	25315000
169501_TK_MC	4	1	1	4.7	22.662	0.0023839	13137000
173712_TK_MC	4	1	1	4.7	22.662	0.0023839	13137000
61485_TK_MC	4	1	1	4.7	22.662	0.0023839	13137000
94045_TK_MC	4	1	1	4.7	22.662	0.0023839	13137000
177910_TK_MC	5	1	1	6.2	17.554	0.0019748	18359000
64218_TK_MC	5	1	1	6.2	17.554	0.0019748	18359000
61675_TK_MC	5	1	1	6.2	17.554	0.0019748	18359000
171042_TK_MC	5	1	1	6.2	17.554	0.0019748	18359000
169576_TK_MC	5	1	1	6.2	17.554	0.0019748	18359000
177528_TK_MC	4	4	4	16.2	35.982	7.63E-14	46173000
170666_TK_MC	4	4	4	16.2	35.982	7.63E-14	46173000
125707_TK_MC	4	4	4	16.2	35.982	7.63E-14	46173000
167451_TK_MC	4	4	4	16.2	35.982	7.63E-14	46173000
80877_TK_MC	3	1	1	8.9	12.731	0.0098948	15619000
170849_TK_MC	3	1	1	8.9	12.731	0.0098948	15619000
80876_TK_MC	3	1	1	8.9	12.731	0.0098948	15619000
83070_TK_MC	5	1	1	2.7	47.242	0.0076576	17419000
83071_TK_MC	5	1	1	2.7	47.242	0.0076576	17419000
83072_TK_MC	5	1	1	2.7	47.242	0.0076576	17419000
83073_TK_MC	5	1	1	2.7	47.242	0.0076576	17419000
171453_TK_MC	5	1	1	2.7	47.242	0.0076576	17419000
177101_TK_MC	5	4	3	18.5	19.603	2.41E-08	93612000
172008_TK_MC	5	4	3	18.5	19.603	2.41E-08	93612000
178898_TK_MC	5	4	3	18.5	19.603	2.41E-08	93612000
178899_TK_MC	5	4	3	18.5	19.603	2.41E-08	93612000
68866_TK_MC	5	4	3	18.5	19.603	2.41E-08	93612000
66000_TK_MC	25	3	3	10	33.23	1.08E-11	181850000
172050_TK_MC	25	3	3	10	33.23	1.08E-11	181850000
172058_TK_MC	25	3	3	10	33.23	1.08E-11	181850000
172052_TK_MC	25	3	3	10	33.23	1.08E-11	181850000
129870_TK_MC	25	3	3	10	33.23	1.08E-11	181850000
172059_TK_MC	25	3	3	10	33.23	1.08E-11	181850000
172056_TK_MC	25	3	3	10	33.23	1.08E-11	181850000
172057_TK_MC	25	3	3	10	33.23	1.08E-11	181850000
172051_TK_MC	25	3	3	10	33.23	1.08E-11	181850000
172055_TK_MC	25	3	3	10	33.23	1.08E-11	181850000
129865_TK_MC	25	3	3	10	33.23	1.08E-11	181850000
172048_TK_MC	25	3	3	10	33.23	1.08E-11	181850000
157143_TK_MC	25	3	3	10	33.23	1.08E-11	181850000
178938_TK_MC	25	3	3	10	33.23	1.08E-11	181850000
129872_TK_MC	25	3	3	10	33.23	1.08E-11	181850000
178940_TK_MC	25	3	3	10	33.23	1.08E-11	181850000
172047_TK_MC	25	3	3	10	33.23	1.08E-11	181850000
129869_TK_MC	25	3	3	10	33.23	1.08E-11	181850000
169853_TK_MC	25	3	3	10	33.23	1.08E-11	181850000
129873_TK_MC	25	3	3	10	33.23	1.08E-11	181850000
129871_TK_MC	25	3	3	10	33.23	1.08E-11	181850000
66008_TK_MC	25	3	3	10	33.23	1.08E-11	181850000
172049_TK_MC	25	3	3	10	33.23	1.08E-11	181850000
129866_TK_MC	25	3	3	10	33.23	1.08E-11	181850000
129867_TK_MC	25	3	3	10	33.23	1.08E-11	181850000
78359_TK_MC	6	4	4	29.1	17.386	2.84E-11	537690000
172466_TK_MC	6	4	4	29.1	17.386	2.84E-11	537690000
137842_TK_MC	6	4	4	29.1	17.386	2.84E-11	537690000
78358_TK_MC	6	4	4	29.1	17.386	2.84E-11	537690000
137843_TK_MC	6	4	4	29.1	17.386	2.84E-11	537690000
179461_TK_MC	6	4	4	29.1	17.386	2.84E-11	537690000
173074_TK_MC	1	1	1	1.3	59.692	0.023518	50037000
173936_TK_MC	1	1	1	15.9	9.9642	0.0086995	0
174490_TK_MC	3	2	2	7.3	24.559	2.19E-32	13959000
83503_TK_MC	3	2	2	7.3	24.559	2.19E-32	13959000
174491_TK_MC	3	2	2	7.3	24.559	2.19E-32	13959000
174650_TK_MC	2	1	1	7.8	29.93	0.017928	0
174653_TK_MC	2	1	1	7.8	29.93	0.017928	0
63446_TK_MC	2	2	2	12.3	23.556	1.34E-10	14770000
175200_TK_MC	2	2	2	12.3	23.556	1.34E-10	14770000
176185_TK_MC	1	2	1	12.7	12.069	1.67E-16	325980000
177039_TK_MC	3	1	1	8.4	16.625	0.025462	68889000
178551_TK_MC	3	1	1	8.4	16.625	0.025462	68889000
64490_TK_MC	3	1	1	8.4	16.625	0.025462	68889000
177127_TK_MC	9	5	5	12.9	45.838	8.95E-10	160120000
79867_TK_MC	9	5	5	12.9	45.838	8.95E-10	160120000
143137_TK_MC	9	5	5	12.9	45.838	8.95E-10	160120000
143135_TK_MC	9	5	5	12.9	45.838	8.95E-10	160120000
143139_TK_MC	9	5	5	12.9	45.838	8.95E-10	160120000
85973_TK_MC	9	5	5	12.9	45.838	8.95E-10	160120000
143138_TK_MC	9	5	5	12.9	45.838	8.95E-10	160120000
143136_TK_MC	9	5	5	12.9	45.838	8.95E-10	160120000
143140_TK_MC	9	5	5	12.9	45.838	8.95E-10	160120000
177541_TK_MC	4	1	1	2.5	89.002	0.0011125	0
73797_TK_MC	4	1	1	2.5	89.002	0.0011125	0
73796_TK_MC	4	1	1	2.5	89.002	0.0011125	0
73791_TK_MC	4	1	1	2.5	89.002	0.0011125	0
178737_TK_MC	4	2	2	4.3	67.126	3.58E-06	0
178740_TK_MC	4	2	2	4.3	67.126	3.58E-06	0
78105_TK_MC	4	2	2	4.3	67.126	3.58E-06	0
178738_TK_MC	4	2	2	4.3	67.126	3.58E-06	0
179027_TK_MC	3	11	2	8.6	29.141	2.64E-131	345290000
177330_TK_MC	3	11	2	8.6	29.141	2.64E-131	345290000
78464_TK_MC	3	11	2	8.6	29.141	2.64E-131	345290000
179324_TK_MC	1	3	3	28.8	14.391	1.51E-28	850260000
179366_TK_MC	2	2	2	8.5	39.788	3.77E-09	30515000
179365_TK_MC	2	2	2	8.5	39.788	3.77E-09	30515000
179600_TK_MC	1	2	2	6.1	44.826	6.29E-09	8401400
179625_TK_MC	1	2	2	18.4	18.374	9.95E-09	15860000
96209_TK_MC	2	1	1	5.5	21.728	0.0023652	14332000
179626_TK_MC	2	1	1	5.5	21.728	0.0023652	14332000
179727_TK_MC	2	3	3	29.4	14.806	3.66E-31	48204000
88605_TK_MC	2	3	3	29.4	14.806	3.66E-31	48204000
180299_TK_MC	2	2	2	6.4	38.536	0.00050669	62072000
87862_TK_MC	2	2	2	6.4	38.536	0.00050669	62072000
180589_TK_MC	1	1	1	3.4	40.405	0.0031651	6853800
79016_TK_MC	4	6	6	16.1	36.987	5.79E-25	881470000
79017_TK_MC	4	6	6	16.1	36.987	5.79E-25	881470000
79021_TK_MC	4	6	6	16.1	36.987	5.79E-25	881470000
180593_TK_MC	4	6	6	16.1	36.987	5.79E-25	881470000
180673_TK_MC	7	1	1	7.9	27.261	8.23E-15	263050000
180674_TK_MC	7	1	1	7.9	27.261	8.23E-15	263050000
83766_TK_MC	7	1	1	7.9	27.261	8.23E-15	263050000
180676_TK_MC	7	1	1	7.9	27.261	8.23E-15	263050000
61756_TK_MC	7	1	1	7.9	27.261	8.23E-15	263050000
83765_TK_MC	7	1	1	7.9	27.261	8.23E-15	263050000
61757_TK_MC	7	1	1	7.9	27.261	8.23E-15	263050000
180792_TK_MC	2	1	1	11.1	12.434	0.013374	3543200
90625_TK_MC	2	1	1	11.1	12.434	0.013374	3543200
180966_TK_MC	2	4	4	9.5	56.744	5.28E-31	516970000
80821_TK_MC	2	4	4	9.5	56.744	5.28E-31	516970000
181733_TK_MC	1	2	2	3.8	82.934	8.33E-05	13344000
182249_TK_MC	9	8	8	15.4	42.178	2.61E-29	293870000
182248_TK_MC	9	8	8	15.4	42.178	2.61E-29	293870000
136678_TK_MC	9	8	8	15.4	42.178	2.61E-29	293870000
76596_TK_MC	9	8	8	15.4	42.178	2.61E-29	293870000
136677_TK_MC	9	8	8	15.4	42.178	2.61E-29	293870000
136676_TK_MC	9	8	8	15.4	42.178	2.61E-29	293870000
76598_TK_MC	9	8	8	15.4	42.178	2.61E-29	293870000
136679_TK_MC	9	8	8	15.4	42.178	2.61E-29	293870000
99464_TK_MC	9	8	8	15.4	42.178	2.61E-29	293870000
182262_TK_MC	1	8	8	24.4	36.712	9.81E-97	3070700000
182300_TK_MC	1	1	1	1.7	82.681	0.0079806	31786000
182426_TK_MC	1	3	3	10.8	36.318	5.30E-10	28733000
182484_TK_MC	2	1	1	7.6	16.225	0.00031121	15363000
77873_TK_MC	2	1	1	7.6	16.225	0.00031121	15363000
182676_TK_MC	2	7	7	39.6	21.413	1.34E-115	4464000000
162925_TK_MC	2	7	7	39.6	21.413	1.34E-115	4464000000
183204_TK_MC	1	1	1	12.7	14.396	6.25E-10	0
183227_TK_MC	1	1	1	4.9	28.378	9.64E-06	20092000
183267_TK_MC	1	2	2	25.8	10.498	0.00059535	11340000
183307_TK_MC	4	1	1	5.8	26.031	1.98E-16	287350000
61709_TK_MC	4	1	1	5.8	26.031	1.98E-16	287350000
61711_TK_MC	4	1	1	5.8	26.031	1.98E-16	287350000
183306_TK_MC	4	1	1	5.8	26.031	1.98E-16	287350000
183462_TK_MC	1	3	2	10.3	22.012	6.90E-08	83868000
61917_TK_MC	2	1	1	4.8	38.349	2.73E-47	408650000
183485_TK_MC	2	1	1	4.8	38.349	2.73E-47	408650000
183511_TK_MC	1	1	1	15.9	4.9529	0.0028743	15660000
183655_TK_MC	7	18	1	4.3	42.313	3.97E-158	676960000
176182_TK_MC	7	18	1	4.3	42.313	3.97E-158	676960000
176181_TK_MC	7	18	1	4.3	42.313	3.97E-158	676960000
176180_TK_MC	7	18	1	4.3	42.313	3.97E-158	676960000
77452_TK_MC	7	18	1	4.3	42.313	3.97E-158	676960000
183656_TK_MC	7	18	1	4.3	42.313	3.97E-158	676960000
137257_TK_MC	7	18	1	4.3	42.313	3.97E-158	676960000
183709_TK_MC	2	2	2	11.5	26.549	5.74E-05	113640000
183707_TK_MC	2	2	2	11.5	26.549	5.74E-05	113640000
18547_TK_MC	1	1	1	38.6	5.1778	0.038822	356190000
19348_TK_MC	1	1	1	40.6	3.7934	0.052664	37350000
20417_TK_MC	1	1	1	19.6	5.3544	0.0017982	6498900
38690_TK_MC	1	1	1	20.6	8.1495	0.017752	4793700
46310_TK_MC	1	1	1	11.2	8.6601	0.0073461	275820000
58787_TK_MC	1	1	1	45.7	4.2598	0.05231	28913000
61208_TK_MC	1	4	3	27.2	20.175	1.28E-13	75882000
61877_TK_MC	3	36	2	1.9	121.69	0	10017000000
61875_TK_MC	3	36	2	1.9	121.69	0	10017000000
61876_TK_MC	3	36	2	1.9	121.69	0	10017000000
62202_TK_MC	4	9	9	26.4	55.636	5.39E-38	432260000
181734_TK_MC	4	9	9	26.4	55.636	5.39E-38	432260000
155147_TK_MC	4	9	9	26.4	55.636	5.39E-38	432260000
116344_TK_MC	4	9	9	26.4	55.636	5.39E-38	432260000
62435_TK_MC	1	1	1	8	19.302	0.00025483	60833000
62843_TK_MC	2	4	3	21.1	17.515	1.89E-09	259750000
62842_TK_MC	2	4	3	21.1	17.515	1.89E-09	259750000
63993_TK_MC	2	5	5	29.3	26.12	1.08E-22	224660000
63992_TK_MC	2	5	5	29.3	26.12	1.08E-22	224660000
64482_TK_MC	1	1	1	8.7	15.423	0.00032913	0
64539_TK_MC	4	2	2	4	71.009	7.04E-07	56208000
169659_TK_MC	4	2	2	4	71.009	7.04E-07	56208000
61889_TK_MC	4	2	2	4	71.009	7.04E-07	56208000
61887_TK_MC	4	2	2	4	71.009	7.04E-07	56208000
65774_TK_MC	1	2	2	6.9	37.116	4.47E-11	176790000
65872_TK_MC	1	13	13	36.7	60.102	7.51E-192	4585300000
66950_TK_MC	1	1	1	5.7	27.734	6.86E-11	96610000
67064_TK_MC	2	1	1	4.1	25.135	0.0083689	7538900
67063_TK_MC	2	1	1	4.1	25.135	0.0083689	7538900
67276_TK_MC	1	1	1	1.9	51.706	0.02713	40189000
67598_TK_MC	1	29	0	0	77.142	2.59E-282	377520000
68015_TK_MC	4	3	3	19.3	20.455	3.79E-11	300290000
162608_TK_MC	4	3	3	19.3	20.455	3.79E-11	300290000
131412_TK_MC	4	3	3	19.3	20.455	3.79E-11	300290000
68014_TK_MC	4	3	3	19.3	20.455	3.79E-11	300290000
68119_TK_MC	1	1	1	2.4	32.633	0.027252	41878000
68332_TK_MC	1	5	5	20.1	34.172	3.21E-17	780790000
68980_TK_MC	1	2	2	11	17.365	0.0010064	60265000
69271_TK_MC	3	11	11	25.6	53.996	1.05E-84	782920000
132271_TK_MC	3	11	11	25.6	53.996	1.05E-84	782920000
158444_TK_MC	3	11	11	25.6	53.996	1.05E-84	782920000
69362_TK_MC	2	5	5	52.4	14.285	1.51E-12	284850000
132338_TK_MC	2	5	5	52.4	14.285	1.51E-12	284850000
69836_TK_MC	1	5	1	19.3	10.301	7.45E-35	39881000
70041_TK_MC	1	6	6	46	16.941	3.77E-44	2505400000
70293_TK_MC	2	3	2	9.4	32.186	5.75E-06	37654000
70294_TK_MC	2	3	2	9.4	32.186	5.75E-06	37654000
70476_TK_MC	1	2	2	9.3	32.15	1.35E-12	138580000
71182_TK_MC	2	9	5	21.9	34.147	2.29E-85	1803300000
133504_TK_MC	2	9	5	21.9	34.147	2.29E-85	1803300000
71183_TK_MC	1	11	7	33.4	33.853	2.84E-94	6527600000
71184_TK_MC	1	4	3	26.5	13.754	3.60E-15	756560000
71186_TK_MC	1	2	2	29.7	7.5826	1.43E-07	650430000
72081_TK_MC	1	1	1	3.9	32.792	3.14E-05	19049000
72614_TK_MC	9	4	4	9.2	60.661	3.60E-17	33290000
164954_TK_MC	9	4	4	9.2	60.661	3.60E-17	33290000
134459_TK_MC	9	4	4	9.2	60.661	3.60E-17	33290000
72616_TK_MC	9	4	4	9.2	60.661	3.60E-17	33290000
72613_TK_MC	9	4	4	9.2	60.661	3.60E-17	33290000
134460_TK_MC	9	4	4	9.2	60.661	3.60E-17	33290000
155338_TK_MC	9	4	4	9.2	60.661	3.60E-17	33290000
72618_TK_MC	9	4	4	9.2	60.661	3.60E-17	33290000
72617_TK_MC	9	4	4	9.2	60.661	3.60E-17	33290000
72647_TK_MC	1	5	5	20.6	35.569	3.38E-36	477070000
73555_TK_MC	2	28	28	23.1	174.04	9.61E-200	1855400000
166475_TK_MC	2	28	28	23.1	174.04	9.61E-200	1855400000
73673_TK_MC	1	4	4	9.7	55.28	8.24E-17	38755000
73831_TK_MC	3	3	3	9.7	43.643	5.98E-07	73944000
158349_TK_MC	3	3	3	9.7	43.643	5.98E-07	73944000
135136_TK_MC	3	3	3	9.7	43.643	5.98E-07	73944000
73856_TK_MC	2	2	2	19.4	12.437	0.00015004	32128000
73855_TK_MC	2	2	2	19.4	12.437	0.00015004	32128000
74084_TK_MC	1	1	1	6.7	16.555	6.32E-05	61707000
74691_TK_MC	1	1	1	4.7	19.929	0.0059242	65649000
74693_TK_MC	2	3	3	17.5	26.69	1.35E-10	142810000
74690_TK_MC	2	3	3	17.5	26.69	1.35E-10	142810000
75452_TK_MC	5	4	1	1.1	91.996	8.58E-08	11540000
178251_TK_MC	5	4	1	1.1	91.996	8.58E-08	11540000
156091_TK_MC	5	4	1	1.1	91.996	8.58E-08	11540000
171417_TK_MC	5	4	1	1.1	91.996	8.58E-08	11540000
136102_TK_MC	5	4	1	1.1	91.996	8.58E-08	11540000
75674_TK_MC	8	11	4	5.6	103.91	1.54E-68	558320000
75673_TK_MC	8	11	4	5.6	103.91	1.54E-68	558320000
136195_TK_MC	8	11	4	5.6	103.91	1.54E-68	558320000
165405_TK_MC	8	11	4	5.6	103.91	1.54E-68	558320000
163329_TK_MC	8	11	4	5.6	103.91	1.54E-68	558320000
136194_TK_MC	8	11	4	5.6	103.91	1.54E-68	558320000
163326_TK_MC	8	11	4	5.6	103.91	1.54E-68	558320000
158794_TK_MC	8	11	4	5.6	103.91	1.54E-68	558320000
75728_TK_MC	3	3	3	12.3	35.813	2.05E-26	459650000
75729_TK_MC	3	3	3	12.3	35.813	2.05E-26	459650000
168601_TK_MC	3	3	3	12.3	35.813	2.05E-26	459650000
75755_TK_MC	1	2	2	2.7	97.751	7.86E-06	12705000
75794_TK_MC	1	1	1	3.5	34.273	0.027473	14547000
76031_TK_MC	1	1	1	5	35.584	1.98E-07	21458000
76381_TK_MC	3	3	3	16.8	25.412	1.88E-21	20527000
76383_TK_MC	3	3	3	16.8	25.412	1.88E-21	20527000
76382_TK_MC	3	3	3	16.8	25.412	1.88E-21	20527000
76440_TK_MC	1	1	1	6.7	20.349	0.022835	49978000
76888_TK_MC	1	1	1	12.3	7.3905	0.00757	198210000
76959_TK_MC	1	2	1	41.8	6.2239	1.03E-18	0
77410_TK_MC	1	2	2	13.5	20.406	3.54E-12	35736000
77434_TK_MC	2	7	7	25.2	36.929	2.65E-41	857360000
137253_TK_MC	2	7	7	25.2	36.929	2.65E-41	857360000
180022_TK_MC	3	8	8	22.8	26.865	1.68E-29	1843400000
137535_TK_MC	3	8	8	22.8	26.865	1.68E-29	1843400000
77831_TK_MC	3	8	8	22.8	26.865	1.68E-29	1843400000
78462_TK_MC	6	23	20	30.1	77.288	3.31E-252	10497000000
78465_TK_MC	6	23	20	30.1	77.288	3.31E-252	10497000000
61734_TK_MC	6	23	20	30.1	77.288	3.31E-252	10497000000
178943_TK_MC	6	23	20	30.1	77.288	3.31E-252	10497000000
182265_TK_MC	6	23	20	30.1	77.288	3.31E-252	10497000000
61735_TK_MC	6	23	20	30.1	77.288	3.31E-252	10497000000
78867_TK_MC	2	1	1	3.7	27.834	0.025033	17082000
78866_TK_MC	2	1	1	3.7	27.834	0.025033	17082000
79201_TK_MC	4	3	3	18.3	22.489	1.63E-07	124720000
79200_TK_MC	4	3	3	18.3	22.489	1.63E-07	124720000
178293_TK_MC	4	3	3	18.3	22.489	1.63E-07	124720000
79199_TK_MC	4	3	3	18.3	22.489	1.63E-07	124720000
79441_TK_MC	2	3	3	4	109.46	2.14E-10	74108000
162674_TK_MC	2	3	3	4	109.46	2.14E-10	74108000
79463_TK_MC	1	9	2	5.4	39.625	3.61E-68	359980000
79464_TK_MC	2	9	2	6.9	40.544	2.56E-104	4180400000
164889_TK_MC	2	9	2	6.9	40.544	2.56E-104	4180400000
79930_TK_MC	1	1	1	5.7	20.779	0.0019027	88618000
80340_TK_MC	1	2	2	13.3	17.024	0.00035811	157990000
80343_TK_MC	2	2	1	20.5	9.3926	1.49E-05	180650000
80341_TK_MC	2	2	1	20.5	9.3926	1.49E-05	180650000
80430_TK_MC	3	7	7	26.2	36.737	5.63E-24	301230000
80433_TK_MC	3	7	7	26.2	36.737	5.63E-24	301230000
139048_TK_MC	3	7	7	26.2	36.737	5.63E-24	301230000
80693_TK_MC	4	23	23	33.1	110.13	2.22E-182	1354500000
177605_TK_MC	4	23	23	33.1	110.13	2.22E-182	1354500000
179075_TK_MC	4	23	23	33.1	110.13	2.22E-182	1354500000
179076_TK_MC	4	23	23	33.1	110.13	2.22E-182	1354500000
80731_TK_MC	4	7	7	35.5	32.638	1.25E-72	2461100000
139229_TK_MC	4	7	7	35.5	32.638	1.25E-72	2461100000
161334_TK_MC	4	7	7	35.5	32.638	1.25E-72	2461100000
80732_TK_MC	4	7	7	35.5	32.638	1.25E-72	2461100000
81146_TK_MC	1	1	1	2.6	48.341	0.0011862	0
81348_TK_MC	2	3	1	2.8	45.235	4.61E-11	22627000
81347_TK_MC	2	3	1	2.8	45.235	4.61E-11	22627000
81484_TK_MC	2	15	1	5.4	34.745	1.40E-140	307110000
81485_TK_MC	2	15	1	5.4	34.745	1.40E-140	307110000
81705_TK_MC	3	6	3	13.6	44.512	2.04E-31	43360000
165350_TK_MC	3	6	3	13.6	44.512	2.04E-31	43360000
175974_TK_MC	3	6	3	13.6	44.512	2.04E-31	43360000
81706_TK_MC	1	9	0	0	44.493	5.94E-59	52118000
81961_TK_MC	2	4	4	65.7	7.8477	1.38E-196	2722500000
81962_TK_MC	2	4	4	65.7	7.8477	1.38E-196	2722500000
82036_TK_MC	2	1	1	6.1	26.478	0.00019308	0
82037_TK_MC	2	1	1	6.1	26.478	0.00019308	0
82068_TK_MC	2	2	2	5.5	35.772	0.00016228	46902000
92196_TK_MC	2	2	2	5.5	35.772	0.00016228	46902000
82069_TK_MC	1	2	1	5.4	36.009	7.29E-07	44759000
82276_TK_MC	3	4	4	9.3	79.033	1.17E-19	162950000
82277_TK_MC	3	4	4	9.3	79.033	1.17E-19	162950000
165571_TK_MC	3	4	4	9.3	79.033	1.17E-19	162950000
82533_TK_MC	4	4	2	16.5	22.209	5.39E-17	347960000
82534_TK_MC	4	4	2	16.5	22.209	5.39E-17	347960000
140347_TK_MC	4	4	2	16.5	22.209	5.39E-17	347960000
82528_TK_MC	4	4	2	16.5	22.209	5.39E-17	347960000
93551_TK_MC	3	3	3	29.4	11.236	9.10E-07	92064000
82539_TK_MC	3	3	3	29.4	11.236	9.10E-07	92064000
82540_TK_MC	3	3	3	29.4	11.236	9.10E-07	92064000
82859_TK_MC	1	2	2	4.7	50.055	1.61E-06	268590000
83193_TK_MC	2	1	1	7.1	26.866	1.82E-06	0
83194_TK_MC	2	1	1	7.1	26.866	1.82E-06	0
83330_TK_MC	3	4	4	30	17.706	1.13E-17	888890000
179755_TK_MC	3	4	4	30	17.706	1.13E-17	888890000
172676_TK_MC	3	4	4	30	17.706	1.13E-17	888890000
83338_TK_MC	1	1	1	11.9	13.069	0.0014715	30972000
84338_TK_MC	3	8	8	18	77.502	1.02E-40	227340000
84336_TK_MC	3	8	8	18	77.502	1.02E-40	227340000
84337_TK_MC	3	8	8	18	77.502	1.02E-40	227340000
141551_TK_MC	11	14	14	27.9	76.307	9.47E-123	1597500000
84406_TK_MC	11	14	14	27.9	76.307	9.47E-123	1597500000
141552_TK_MC	11	14	14	27.9	76.307	9.47E-123	1597500000
141545_TK_MC	11	14	14	27.9	76.307	9.47E-123	1597500000
141549_TK_MC	11	14	14	27.9	76.307	9.47E-123	1597500000
141546_TK_MC	11	14	14	27.9	76.307	9.47E-123	1597500000
84412_TK_MC	11	14	14	27.9	76.307	9.47E-123	1597500000
141544_TK_MC	11	14	14	27.9	76.307	9.47E-123	1597500000
141548_TK_MC	11	14	14	27.9	76.307	9.47E-123	1597500000
84411_TK_MC	11	14	14	27.9	76.307	9.47E-123	1597500000
141550_TK_MC	11	14	14	27.9	76.307	9.47E-123	1597500000
84589_TK_MC	2	6	3	11.1	46.648	1.24E-38	461930000
167387_TK_MC	2	6	3	11.1	46.648	1.24E-38	461930000
84637_TK_MC	1	1	1	13.2	7.8267	0.021773	8791000
85540_TK_MC	1	1	1	10.8	16.286	1.50E-15	22510000
86095_TK_MC	1	1	1	25	4.9918	0.022587	11023000
86166_TK_MC	4	2	2	12.4	22.63	0.0015707	12763000
162694_TK_MC	4	2	2	12.4	22.63	0.0015707	12763000
119684_TK_MC	4	2	2	12.4	22.63	0.0015707	12763000
95835_TK_MC	4	2	2	12.4	22.63	0.0015707	12763000
86259_TK_MC	1	7	6	24	36.061	1.09E-36	478560000
86385_TK_MC	1	2	2	33.8	7.7359	3.90E-32	118400000
86415_TK_MC	1	2	2	25.9	15.976	6.66E-07	93612000
86422_TK_MC	1	1	1	3.9	36.074	0.0097428	11225000
86943_TK_MC	1	6	6	21.9	39.816	1.95E-21	196730000
87034_TK_MC	1	8	6	34.6	21.204	1.32E-57	703480000
87043_TK_MC	1	2	2	5.3	43.729	0.00012344	100830000
87228_TK_MC	1	2	2	16	23.529	2.23E-17	251220000
87503_TK_MC	1	2	2	23.8	19.942	1.10E-09	22621000
87506_TK_MC	1	1	1	10.5	17.762	0.0063271	20129000
87680_TK_MC	1	1	1	15.1	12.17	1.15E-06	0
87756_TK_MC	2	6	6	42.9	16.122	5.89E-35	2329100000
166288_TK_MC	2	6	6	42.9	16.122	5.89E-35	2329100000
87768_TK_MC	1	2	2	18	13.579	3.69E-06	0
87995_TK_MC	1	1	1	20	5.5136	0.0041475	13314000
88087_TK_MC	1	2	2	33.3	9.2083	1.07E-10	47247000
88124_TK_MC	1	4	4	30.8	16.51	4.68E-33	470790000
88189_TK_MC	1	2	2	15.8	15.24	7.46E-05	13495000
88291_TK_MC	1	1	1	15.7	8.0139	5.04E-07	16729000
88434_TK_MC	1	1	1	14.5	8.4558	0.010506	14840000
88541_TK_MC	1	4	4	39	17.203	1.38E-40	140530000
88706_TK_MC	1	1	1	12	9.7551	0.0087693	14825000
88788_TK_MC	1	5	5	50.4	14.12	2.86E-52	1923700000
89069_TK_MC	1	1	1	5	28.508	0.007749	12141000
89325_TK_MC	1	1	1	32.7	5.7063	5.75E-07	16780000
89357_TK_MC	2	2	2	14	22.504	8.16E-18	7249800
103476_TK_MC	2	2	2	14	22.504	8.16E-18	7249800
90180_TK_MC	2	18	18	30.3	74.58	3.64E-154	4514300000
156149_TK_MC	2	18	18	30.3	74.58	3.64E-154	4514300000
90229_TK_MC	1	2	2	40.9	7.6214	7.64E-06	93110000
90230_TK_MC	1	1	1	5.9	15.375	0.00017563	260010000
90343_TK_MC	1	1	1	3.1	27.619	0.022311	13076000
90494_TK_MC	1	1	1	19.7	6.6857	0.0039428	33093000
90606_TK_MC	1	1	1	16.7	7.3956	0.021367	24972000
90688_TK_MC	1	1	1	3	50.219	1.15E-06	0
90731_TK_MC	1	3	3	32.7	17.197	2.25E-07	115170000
90763_TK_MC	1	1	1	10.1	15.93	8.32E-05	18862000
90767_TK_MC	1	1	1	22.2	6.6646	0.00019217	31033000
91086_TK_MC	1	2	1	2.5	39.694	1.32E-05	11201000
91116_TK_MC	1	1	1	8.6	16.902	0.00072838	0
91158_TK_MC	1	4	4	15.5	26.603	5.87E-10	122790000
91230_TK_MC	1	1	1	2.9	32.116	0.025426	16427000
91338_TK_MC	1	1	1	11.2	11.578	0.0014621	49105000
91370_TK_MC	1	3	2	27	14.343	1.40E-47	191650000
92217_TK_MC	1	1	1	18.2	9.7337	0.0054314	11390000
92503_TK_MC	1	3	3	25.4	16.503	3.87E-07	10038000
92627_TK_MC	1	5	3	12.9	33.353	7.75E-16	84169000
92736_TK_MC	2	9	9	37.4	34.717	1.74E-38	565050000
163154_TK_MC	2	9	9	37.4	34.717	1.74E-38	565050000
92816_TK_MC	1	1	1	26.2	7.4373	0.0012339	21714000
92824_TK_MC	1	1	1	17.9	4.5014	0.042339	6765800
92897_TK_MC	1	3	1	17.1	8.7049	1.16E-48	48529000
93030_TK_MC	1	1	1	12	12.008	2.38E-11	20856000
93055_TK_MC	1	1	1	6.6	21.459	0.0069473	0
93401_TK_MC	1	3	3	54.2	6.88	9.37E-11	195860000
93731_TK_MC	1	2	2	25.9	12.611	4.06E-08	128910000
93809_TK_MC	1	3	3	45.4	11.63	4.00E-27	8169000
93884_TK_MC	1	1	1	22.7	7.8969	9.56E-12	26838000
93909_TK_MC	1	3	2	17.1	12.822	4.00E-39	671580000
94032_TK_MC	1	2	2	14	31.194	5.21E-30	22951000
94097_TK_MC	1	3	1	24.1	8.9421	4.30E-17	32691000
94105_TK_MC	1	1	1	14.5	9.8598	0.0011416	4436900
94582_TK_MC	1	1	1	14.6	9.3811	0.009221	8816500
94757_TK_MC	1	2	2	32	11.156	1.19E-06	14554000
95646_TK_MC	1	3	3	23.3	21.387	1.76E-34	311850000
96288_TK_MC	1	4	3	15.3	19.181	1.97E-08	182440000
96375_TK_MC	1	9	9	20.4	61.436	6.15E-44	428640000
96384_TK_MC	1	2	2	5.8	43.531	8.02E-05	27703000
96545_TK_MC	1	1	1	17.6	7.9677	6.27E-06	18174000
96937_TK_MC	1	1	1	17.5	8.807	0.011327	0
97038_TK_MC	1	3	3	37.6	13.593	2.66E-44	1430700000
97132_TK_MC	1	1	1	25.4	7.4494	3.76E-09	24690000
97342_TK_MC	1	1	1	22.2	7.5042	3.83E-10	0
97394_TK_MC	1	2	2	13.6	14.756	4.07E-06	162530000
97533_TK_MC	1	1	1	14.6	10.446	0.0067689	15199000
97638_TK_MC	1	1	1	6.9	21.691	0.00054015	9368700
97806_TK_MC	3	4	4	6.8	81.036	7.82E-51	412340000
163188_TK_MC	3	4	4	6.8	81.036	7.82E-51	412340000
163187_TK_MC	3	4	4	6.8	81.036	7.82E-51	412340000
97957_TK_MC	1	1	1	17.7	6.976	0.0061944	31989000
97968_TK_MC	1	10	10	28.3	57.787	2.61E-52	169300000
99072_TK_MC	1	4	4	41.1	18.044	7.59E-26	276690000
99153_TK_MC	1	1	1	6.3	22.534	0.02653	8660000
99226_TK_MC	1	1	1	12.5	14.674	0.0030248	0
99564_TK_MC	1	1	1	18.7	12.12	9.52E-07	21239000
99918_TK_MC	1	2	2	9.9	15.635	2.37E-29	133210000
99967_TK_MC	1	1	1	13.5	10.115	3.76E-05	16831000
CON__REFSEQ:XP_986630	5	2	1	3.2	53.728	0.00010736	0
CON__A2A5Y0	5	2	1	3.2	53.728	0.00010736	0
CON__Q15323	5	2	1	3.2	53.728	0.00010736	0
CON__Q9UE12	5	2	1	3.2	53.728	0.00010736	0
CON__Q9D646	5	2	1	3.2	53.728	0.00010736	0
CON__P00761	1	4	4	25.1	24.409	5.24E-109	7205400000
CON__P01966	1	1	1	10.6	15.184	0.00018931	377110000
CON__P02533	2	8	2	7.8	51.621	1.97E-25	191720000
CON__Q61782	2	8	2	7.8	51.621	1.97E-25	191720000
CON__P02538	3	9	3	8.2	60.044	8.16E-19	30227000
CON__P04259	3	9	3	8.2	60.044	8.16E-19	30227000
CON__P48668	3	9	3	8.2	60.044	8.16E-19	30227000
CON__P02584	1	1	1	10	15.057	5.55E-06	0
CON__P02768-1	1	2	2	4.9	69.366	3.97E-09	8054800
CON__P02769	1	2	2	4.4	69.293	1.31E-11	23170000
CON__P04264	3	25	15	39.1	66.017	6.23E-289	7011900000
CON__Q6IFZ6	3	25	15	39.1	66.017	6.23E-289	7011900000
CON__H-INV:HIT000016045	3	25	15	39.1	66.017	6.23E-289	7011900000
CON__P07477	1	1	1	8.1	26.558	0.00019733	335520000
CON__P08779	1	7	1	4	51.267	1.72E-21	7751900
CON__P13645	2	19	14	35.4	59.51	1.42E-247	3502200000
CON__P02535-1	2	19	14	35.4	59.51	1.42E-247	3502200000
CON__P13647	20	10	0	0	62.378	2.00E-19	186360000
CON__Q8VED5	20	10	0	0	62.378	2.00E-19	186360000
CON__O95678	20	10	0	0	62.378	2.00E-19	186360000
CON__P05787	20	10	0	0	62.378	2.00E-19	186360000
105442_TK_MC	20	10	0	0	62.378	2.00E-19	186360000
CON__Q5XKE5	20	10	0	0	62.378	2.00E-19	186360000
CON__H-INV:HIT000292931	20	10	0	0	62.378	2.00E-19	186360000
CON__Q6ISB0	20	10	0	0	62.378	2.00E-19	186360000
CON__Q9NSB2	20	10	0	0	62.378	2.00E-19	186360000
CON__P07744	20	10	0	0	62.378	2.00E-19	186360000
CON__Q7RTT2	20	10	0	0	62.378	2.00E-19	186360000
CON__Q8N1N4-2	20	10	0	0	62.378	2.00E-19	186360000
CON__P78386	20	10	0	0	62.378	2.00E-19	186360000
CON__P78385	20	10	0	0	62.378	2.00E-19	186360000
CON__Q6NT21	20	10	0	0	62.378	2.00E-19	186360000
CON__Q61726	20	10	0	0	62.378	2.00E-19	186360000
CON__P08729	20	10	0	0	62.378	2.00E-19	186360000
CON__Q3KNV1	20	10	0	0	62.378	2.00E-19	186360000
CON__Q9DCV7	20	10	0	0	62.378	2.00E-19	186360000
86507_TK_MC	20	10	0	0	62.378	2.00E-19	186360000
CON__P35527	1	25	25	60.4	62.129	0	4389200000
CON__P35908	5	24	16	34.7	65.865	3.33E-163	1202800000
CON__Q7Z794	5	24	16	34.7	65.865	3.33E-163	1202800000
CON__Q6NXH9	5	24	16	34.7	65.865	3.33E-163	1202800000
CON__Q9R0H5	5	24	16	34.7	65.865	3.33E-163	1202800000
CON__Q9H552	5	24	16	34.7	65.865	3.33E-163	1202800000
CON__P60712	11	14	9	32.8	41.736	3.16E-160	4531200000
76958_TK_MC	11	14	9	32.8	41.736	3.16E-160	4531200000
125686_TK_MC	11	14	9	32.8	41.736	3.16E-160	4531200000
164605_TK_MC	11	14	9	32.8	41.736	3.16E-160	4531200000
76956_TK_MC	11	14	9	32.8	41.736	3.16E-160	4531200000
79311_TK_MC	11	14	9	32.8	41.736	3.16E-160	4531200000
79312_TK_MC	11	14	9	32.8	41.736	3.16E-160	4531200000
106199_TK_MC	11	14	9	32.8	41.736	3.16E-160	4531200000
76955_TK_MC	11	14	9	32.8	41.736	3.16E-160	4531200000
107504_TK_MC	11	14	9	32.8	41.736	3.16E-160	4531200000
76957_TK_MC	11	14	9	32.8	41.736	3.16E-160	4531200000
CON__P62894	1	1	1	10.5	11.703	0.00096037	16271000
CON__Q3SX09	2	2	2	9.5	22.06	6.49E-07	338130000
CON__P02070	2	2	2	9.5	22.06	6.49E-07	338130000
CON__Q3ZBD7	2	4	4	9.9	62.87	7.28E-25	87891000
86960_TK_MC	2	4	4	9.9	62.87	7.28E-25	87891000
CON__Q86YZ3	1	11	11	13.5	282.39	0	309870000
REV__82360_TK_MC	3	1	1	0.8	106.44	0.024574	53580000
REV__82358_TK_MC	3	1	1	0.8	106.44	0.024574	53580000
REV__156280_TK_MC	3	1	1	0.8	106.44	0.024574	53580000
REV__177018_TK_MC	6	1	1	1.2	108.92	0.02208	24282000
REV__170436_TK_MC	6	1	1	1.2	108.92	0.02208	24282000
REV__177286_TK_MC	6	1	1	1.2	108.92	0.02208	24282000
REV__170437_TK_MC	6	1	1	1.2	108.92	0.02208	24282000
REV__165327_TK_MC	6	1	1	1.2	108.92	0.02208	24282000
REV__86311_TK_MC	6	1	1	1.2	108.92	0.02208	24282000
REV__168295_TK_MC	1	1	1	9.6	13.404	0.015895	15781000
REV__39351_TK_MC	1	1	1	30	4.8896	0.022487	47129000
REV__75759_TK_MC	1	1	1	15.6	5.213	0.01404	120480000
REV__85248_TK_MC	1	1	1	2.4	44.102	0.0062627	26052000
100122_TK_MC	1	1	1	14.5	8.1784	0.0019231	26854000
100377_TK_MC	1	4	4	26.6	20.946	3.81E-11	318590000
100488_TK_MC	1	3	3	35.4	14.16	1.18E-58	23869000
100629_TK_MC	1	1	1	16	5.5861	0.0090813	39130000
100678_TK_MC	1	1	1	18.5	9.0483	0.00013396	7226900
100982_TK_MC	2	1	1	8.3	13.083	0.0023024	113000000
111516_TK_MC	2	1	1	8.3	13.083	0.0023024	113000000
101203_TK_MC	1	1	1	11	8.3613	2.46E-05	0
101221_TK_MC	1	4	2	10.3	25.292	9.23E-30	106140000
101499_TK_MC	1	3	2	22.8	11.508	2.49E-20	105010000
167644_TK_MC	2	19	19	36.4	59.443	1.41E-207	25279000000
101671_TK_MC	2	19	19	36.4	59.443	1.41E-207	25279000000
101705_TK_MC	1	1	1	11.6	7.4443	0.0006445	23173000
101751_TK_MC	1	2	1	29.7	6.9374	1.61E-25	119640000
101840_TK_MC	1	1	1	6.7	16.89	0.0051892	0
102185_TK_MC	2	13	13	34	56.693	2.50E-208	10176000000
167850_TK_MC	2	13	13	34	56.693	2.50E-208	10176000000
163947_TK_MC	2	1	1	8.9	16.423	0.013562	15875000
102615_TK_MC	2	1	1	8.9	16.423	0.013562	15875000
102764_TK_MC	1	2	2	33.3	6.0029	1.30E-05	48406000
103035_TK_MC	1	3	3	56.1	4.8888	1.01E-10	2426900000
103205_TK_MC	1	2	2	38.5	6.0579	4.74E-10	12526000
103375_TK_MC	2	3	3	19.8	30.08	1.28E-66	1800900000
167356_TK_MC	2	3	3	19.8	30.08	1.28E-66	1800900000
89357_TK_MC	2	1	1	5.2	22.504	0.00052982	9317600
103476_TK_MC	2	1	1	5.2	22.504	0.00052982	9317600
103553_TK_MC	1	1	1	2.9	70.219	0.00052246	14598000
103598_TK_MC	1	1	1	9.9	15.952	0.0074497	37147000
103628_TK_MC	2	4	4	6.9	86.386	2.93E-22	100700000
112637_TK_MC	2	4	4	6.9	86.386	2.93E-22	100700000
103645_TK_MC	1	5	2	25.4	16.197	5.76E-108	8128100000
157756_TK_MC	2	4	4	21.4	34.338	7.83E-123	598010000
103755_TK_MC	2	4	4	21.4	34.338	7.83E-123	598010000
103787_TK_MC	1	3	3	9.2	41.185	1.91E-05	77906000
103790_TK_MC	3	1	1	10	13.967	0.00371	8151600
71999_TK_MC	3	1	1	10	13.967	0.00371	8151600
71998_TK_MC	3	1	1	10	13.967	0.00371	8151600
103877_TK_MC	1	1	1	5.1	23.916	0.00098114	17346000
103939_TK_MC	1	1	1	5.4	23.555	0.0010494	39453000
104029_TK_MC	1	7	7	42.5	26.914	1.96E-37	366670000
104101_TK_MC	1	1	1	4.5	18.908	0.019393	1311900000
104457_TK_MC	1	6	6	28.4	33.75	9.70E-79	1018600000
104624_TK_MC	2	1	1	18.8	7.3777	0.0023645	13179000
148645_TK_MC	2	1	1	18.8	7.3777	0.0023645	13179000
105101_TK_MC	1	7	7	32.8	33.792	6.54E-28	145580000
105297_TK_MC	1	1	1	22.7	10.384	0.046546	540210000
105384_TK_MC	1	1	1	21.8	8.9642	2.86E-11	4782500
105943_TK_MC	1	2	2	22.1	11.344	4.81E-08	113210000
106074_TK_MC	2	4	2	19.6	15.357	4.03E-34	103700000
100519_TK_MC	2	4	2	19.6	15.357	4.03E-34	103700000
106226_TK_MC	1	1	1	9.8	13.796	0.0024876	30559000
106598_TK_MC	1	2	2	19.8	11.955	0.00093288	28772000
106679_TK_MC	1	3	1	17	10.847	7.92E-16	30157000
106729_TK_MC	1	1	1	7	12.307	0.0073367	58875000
107602_TK_MC	1	2	2	5.1	49.399	4.64E-07	67664000
107641_TK_MC	1	2	1	2	58.412	0.0006166	6037600
107990_TK_MC	1	1	1	22.5	8.88	0.0026528	0
108004_TK_MC	1	2	2	20.2	13.134	2.50E-12	22532000
108549_TK_MC	1	1	1	21	9.0402	2.10E-06	10766000
109702_TK_MC	1	3	2	27.1	6.4993	2.37E-12	73265000
181792_TK_MC	2	2	2	19.2	16.165	3.12E-10	30049000
109914_TK_MC	2	2	2	19.2	16.165	3.12E-10	30049000
109954_TK_MC	1	2	2	4.3	40.561	0.0012585	13558000
110167_TK_MC	1	6	6	38.7	14.824	2.22E-52	4627900000
110175_TK_MC	2	1	1	2.9	44.528	1.01E-06	74200000
114169_TK_MC	2	1	1	2.9	44.528	1.01E-06	74200000
110211_TK_MC	1	2	2	17.1	9.4969	8.68E-10	0
110321_TK_MC	1	1	1	10.2	10.013	0.020312	23094000
110397_TK_MC	1	4	4	27.1	19.021	3.08E-18	524150000
110626_TK_MC	2	5	5	76.3	10.208	3.78E-36	438480000
164838_TK_MC	2	5	5	76.3	10.208	3.78E-36	438480000
110719_TK_MC	1	3	1	9.1	15.551	3.84E-29	202110000
110935_TK_MC	2	2	1	3.1	43.575	2.28E-13	105450000
161121_TK_MC	2	2	1	3.1	43.575	2.28E-13	105450000
111084_TK_MC	1	3	3	60.8	7.9511	2.60E-17	113790000
111134_TK_MC	2	5	1	6.4	25.872	4.47E-35	91561000
CON__ENSEMBL:ENSBTAP00000025008	2	5	1	6.4	25.872	4.47E-35	91561000
111581_TK_MC	1	5	5	26.4	21.866	4.18E-28	644340000
111691_TK_MC	1	5	2	21	20.883	1.26E-86	210010000
111749_TK_MC	1	4	1	7.7	27.163	3.67E-31	134650000
111910_TK_MC	1	1	1	17.8	11.629	0.0012337	7149100
111944_TK_MC	1	1	1	11.2	11.93	0.0074599	15231000
112030_TK_MC	1	1	1	12.5	9.7271	0.0061972	13646000
112144_TK_MC	2	2	2	6.7	25.61	7.62E-17	43000000
158346_TK_MC	2	2	2	6.7	25.61	7.62E-17	43000000
112272_TK_MC	1	1	1	17.6	9.6094	0.0001454	0
112356_TK_MC	2	10	10	19.9	71.039	1.15E-110	469510000
168662_TK_MC	2	10	10	19.9	71.039	1.15E-110	469510000
112431_TK_MC	4	6	6	34.8	17.273	1.34E-17	3882700000
150822_TK_MC	4	6	6	34.8	17.273	1.34E-17	3882700000
150823_TK_MC	4	6	6	34.8	17.273	1.34E-17	3882700000
182129_TK_MC	4	6	6	34.8	17.273	1.34E-17	3882700000
112535_TK_MC	1	1	1	6.2	27.107	0.00015522	5531500
112698_TK_MC	1	1	1	11.5	8.6958	0.009507	6905400
112808_TK_MC	1	1	1	16.2	9.4023	0.012033	9770000
113001_TK_MC	1	8	6	38.7	19.807	2.07E-54	883340000
113194_TK_MC	1	1	1	17.7	7.0903	0.00077611	27260000
113510_TK_MC	1	3	3	10.7	45.488	6.54E-23	61802000
113669_TK_MC	1	1	1	13.5	12.395	0.00032255	8245900
114069_TK_MC	1	2	1	19.7	6.7073	1.99E-20	118660000
179192_TK_MC	5	1	1	2.3	71.841	0.00173	11435000
155355_TK_MC	5	1	1	2.3	71.841	0.00173	11435000
158693_TK_MC	5	1	1	2.3	71.841	0.00173	11435000
155354_TK_MC	5	1	1	2.3	71.841	0.00173	11435000
114227_TK_MC	5	1	1	2.3	71.841	0.00173	11435000
114260_TK_MC	1	1	1	6.7	15.815	0.0010753	14712000
114353_TK_MC	1	2	2	19.7	15.256	6.05E-19	195120000
114405_TK_MC	1	3	2	40.9	7.2229	1.32E-15	212470000
114477_TK_MC	1	1	1	22	5.6875	0.012264	10901000
115206_TK_MC	3	5	5	16.5	40.89	5.00E-17	74282000
151567_TK_MC	3	5	5	16.5	40.89	5.00E-17	74282000
151566_TK_MC	3	5	5	16.5	40.89	5.00E-17	74282000
115801_TK_MC	2	4	4	34.2	16.828	2.81E-10	154840000
181054_TK_MC	2	4	4	34.2	16.828	2.81E-10	154840000
115848_TK_MC	4	5	3	15.2	27.695	2.11E-19	25237000
174138_TK_MC	4	5	3	15.2	27.695	2.11E-19	25237000
108365_TK_MC	4	5	3	15.2	27.695	2.11E-19	25237000
152131_TK_MC	4	5	3	15.2	27.695	2.11E-19	25237000
115874_TK_MC	1	1	1	12.1	11.448	0.018085	0
116062_TK_MC	1	1	1	7.8	12.986	0.0064221	5836000
116142_TK_MC	1	1	1	12.8	9.5485	6.61E-05	147330000
116649_TK_MC	1	5	3	26.2	18.788	1.31E-32	129550000
116742_TK_MC	1	1	1	6	19.874	0.0061918	87193000
116848_TK_MC	1	1	1	4.9	32.865	1.10E-30	270800000
116861_TK_MC	2	9	9	42.9	21.226	3.33E-93	4476600000
168472_TK_MC	2	9	9	42.9	21.226	3.33E-93	4476600000
117010_TK_MC	1	1	1	9.5	8.1858	0.011447	0
117093_TK_MC	1	1	1	27.3	6.0398	1.19E-14	6005800
117173_TK_MC	1	3	2	7.9	25.27	2.81E-14	71304000
118285_TK_MC	1	6	6	14.1	58.193	2.47E-22	37305000
118871_TK_MC	1	3	3	56.9	7.6067	6.76E-24	1003500000
118995_TK_MC	1	1	1	15	9.1828	0.015822	0
119229_TK_MC	2	3	3	28.7	10.089	5.18E-09	278580000
143945_TK_MC	2	3	3	28.7	10.089	5.18E-09	278580000
119247_TK_MC	1	1	1	6.8	16.463	0.0079681	0
119344_TK_MC	1	2	2	34.8	9.8095	1.20E-12	33350000
119559_TK_MC	1	1	1	16.9	8.5556	0.0019636	5832300
119699_TK_MC	1	3	3	32.3	10.82	1.05E-09	267490000
119868_TK_MC	1	1	1	8.5	12.262	0.018258	0
120348_TK_MC	1	1	1	19.2	9.1176	4.63E-07	39473000
120438_TK_MC	1	2	2	23.4	16.047	9.71E-06	53028000
120448_TK_MC	1	1	1	28.6	7.7955	2.74E-32	76196000
120547_TK_MC	1	2	2	24	11.086	9.42E-05	101480000
120613_TK_MC	2	2	2	17.6	15.638	2.54E-06	42127000
157225_TK_MC	2	2	2	17.6	15.638	2.54E-06	42127000
120695_TK_MC	1	1	1	15.6	8.1074	0.010712	72989000
121283_TK_MC	1	1	1	25.8	7.4703	4.20E-17	18009000
121389_TK_MC	2	7	7	30.8	29.575	1.07E-63	1440400000
156346_TK_MC	2	7	7	30.8	29.575	1.07E-63	1440400000
121400_TK_MC	1	1	1	22	6.1249	0.013663	14547000
121971_TK_MC	1	1	1	15.1	8.9181	2.22E-06	68912000
122123_TK_MC	1	1	1	24.1	6.0968	3.99E-06	5350300
122138_TK_MC	1	3	1	6.8	16.642	8.59E-14	25271000
180765_TK_MC	4	1	1	5.4	22.887	0.0047245	0
79290_TK_MC	4	1	1	5.4	22.887	0.0047245	0
122173_TK_MC	4	1	1	5.4	22.887	0.0047245	0
99514_TK_MC	4	1	1	5.4	22.887	0.0047245	0
158742_TK_MC	2	4	4	4.8	126.26	2.25E-29	262170000
122249_TK_MC	2	4	4	4.8	126.26	2.25E-29	262170000
122298_TK_MC	1	6	1	5.9	31.107	2.62E-43	239080000
122359_TK_MC	2	1	1	2.7	30.81	2.40E-17	0
180026_TK_MC	2	1	1	2.7	30.81	2.40E-17	0
122554_TK_MC	3	1	1	13.9	13.056	3.64E-08	6203800
167077_TK_MC	3	1	1	13.9	13.056	3.64E-08	6203800
183261_TK_MC	3	1	1	13.9	13.056	3.64E-08	6203800
122614_TK_MC	4	4	4	9.3	59.393	8.21E-09	172220000
168863_TK_MC	4	4	4	9.3	59.393	8.21E-09	172220000
86453_TK_MC	4	4	4	9.3	59.393	8.21E-09	172220000
103332_TK_MC	4	4	4	9.3	59.393	8.21E-09	172220000
122626_TK_MC	2	1	1	8.9	14.179	0.0053538	13263000
161202_TK_MC	2	1	1	8.9	14.179	0.0053538	13263000
122678_TK_MC	4	7	7	24.6	38.324	1.21E-30	580580000
175879_TK_MC	4	7	7	24.6	38.324	1.21E-30	580580000
183282_TK_MC	4	7	7	24.6	38.324	1.21E-30	580580000
175878_TK_MC	4	7	7	24.6	38.324	1.21E-30	580580000
122709_TK_MC	1	3	3	17	15.214	6.32E-06	731710000
122725_TK_MC	1	3	2	8.1	38.233	1.75E-13	260860000
122738_TK_MC	1	1	1	5.8	23.984	8.75E-11	18876000
122739_TK_MC	2	5	3	7.8	49.643	3.10E-15	12267000
174120_TK_MC	2	5	3	7.8	49.643	3.10E-15	12267000
122861_TK_MC	1	1	1	13.2	11.918	0.00066992	202480000
122946_TK_MC	1	2	2	10	23.178	0.00013372	32353000
179023_TK_MC	4	1	1	2.2	46.878	0.0032374	23202000
97706_TK_MC	4	1	1	2.2	46.878	0.0032374	23202000
124760_TK_MC	4	1	1	2.2	46.878	0.0032374	23202000
122953_TK_MC	4	1	1	2.2	46.878	0.0032374	23202000
123079_TK_MC	2	2	2	16.4	17.318	3.46E-06	49043000
157187_TK_MC	2	2	2	16.4	17.318	3.46E-06	49043000
123100_TK_MC	1	1	1	7	16.611	0.0021455	29482000
123468_TK_MC	3	26	26	35.2	109.24	3.50E-296	3831700000
168051_TK_MC	3	26	26	35.2	109.24	3.50E-296	3831700000
168052_TK_MC	3	26	26	35.2	109.24	3.50E-296	3831700000
123692_TK_MC	1	5	5	35.1	17.449	3.46E-81	1056000000
123871_TK_MC	1	3	2	6.4	46.798	2.03E-11	15466000
123891_TK_MC	1	1	1	1.4	138.91	4.34E-07	0
123916_TK_MC	4	12	12	21.9	84.948	2.96E-70	814770000
159133_TK_MC	4	12	12	21.9	84.948	2.96E-70	814770000
178604_TK_MC	4	12	12	21.9	84.948	2.96E-70	814770000
178603_TK_MC	4	12	12	21.9	84.948	2.96E-70	814770000
178677_TK_MC	2	1	1	10.8	16.596	6.95E-11	25278000
123922_TK_MC	2	1	1	10.8	16.596	6.95E-11	25278000
123983_TK_MC	2	16	16	61.7	41.412	3.14E-138	1213600000
156998_TK_MC	2	16	16	61.7	41.412	3.14E-138	1213600000
124028_TK_MC	3	2	2	7.4	23.08	0.0028645	147210000
154647_TK_MC	3	2	2	7.4	23.08	0.0028645	147210000
182358_TK_MC	3	2	2	7.4	23.08	0.0028645	147210000
164451_TK_MC	2	1	1	4.8	45.439	1.64E-07	15884000
124093_TK_MC	2	1	1	4.8	45.439	1.64E-07	15884000
124125_TK_MC	5	2	2	11.5	25.297	2.74E-12	94594000
165585_TK_MC	5	2	2	11.5	25.297	2.74E-12	94594000
172239_TK_MC	5	2	2	11.5	25.297	2.74E-12	94594000
170678_TK_MC	5	2	2	11.5	25.297	2.74E-12	94594000
118983_TK_MC	5	2	2	11.5	25.297	2.74E-12	94594000
124143_TK_MC	2	1	1	6.8	21.502	0.00012392	0
161415_TK_MC	2	1	1	6.8	21.502	0.00012392	0
124154_TK_MC	2	2	2	5.1	60.673	4.54E-13	75617000
85240_TK_MC	2	2	2	5.1	60.673	4.54E-13	75617000
154773_TK_MC	5	1	1	1.7	59.076	0.0074904	19010000
124195_TK_MC	5	1	1	1.7	59.076	0.0074904	19010000
171277_TK_MC	5	1	1	1.7	59.076	0.0074904	19010000
171276_TK_MC	5	1	1	1.7	59.076	0.0074904	19010000
168383_TK_MC	5	1	1	1.7	59.076	0.0074904	19010000
124221_TK_MC	2	1	1	3	44.72	0.00025321	12235000
159045_TK_MC	2	1	1	3	44.72	0.00025321	12235000
160307_TK_MC	2	2	2	4.5	68.157	3.93E-08	17278000
124264_TK_MC	2	2	2	4.5	68.157	3.93E-08	17278000
124326_TK_MC	4	7	7	41.4	24.613	0	1421000000
93908_TK_MC	4	7	7	41.4	24.613	0	1421000000
153238_TK_MC	4	7	7	41.4	24.613	0	1421000000
121070_TK_MC	4	7	7	41.4	24.613	0	1421000000
124357_TK_MC	1	2	2	15.5	17.063	1.36E-06	197310000
124374_TK_MC	1	3	3	13.2	38.97	2.56E-05	27859000
124458_TK_MC	1	1	1	10.3	17.285	0.0013043	9028100
124494_TK_MC	2	1	1	1.6	48.538	0.0085592	0
154973_TK_MC	2	1	1	1.6	48.538	0.0085592	0
124556_TK_MC	1	6	1	8.5	29.961	2.29E-20	0
182050_TK_MC	4	2	2	13.3	24.186	2.29E-15	68366000
124560_TK_MC	4	2	2	13.3	24.186	2.29E-15	68366000
164729_TK_MC	4	2	2	13.3	24.186	2.29E-15	68366000
155000_TK_MC	4	2	2	13.3	24.186	2.29E-15	68366000
124585_TK_MC	1	1	1	11.5	15.387	0.00039764	0
124759_TK_MC	4	2	2	8.6	25.23	6.74E-07	27400000
131141_TK_MC	4	2	2	8.6	25.23	6.74E-07	27400000
159497_TK_MC	4	2	2	8.6	25.23	6.74E-07	27400000
174448_TK_MC	4	2	2	8.6	25.23	6.74E-07	27400000
124778_TK_MC	2	5	5	13.6	55	1.27E-19	366070000
158341_TK_MC	2	5	5	13.6	55	1.27E-19	366070000
124784_TK_MC	3	6	1	2.8	57.672	2.59E-28	427080000
163244_TK_MC	3	6	1	2.8	57.672	2.59E-28	427080000
173406_TK_MC	3	6	1	2.8	57.672	2.59E-28	427080000
125004_TK_MC	1	1	1	7.4	23.155	0.00030314	0
125066_TK_MC	3	4	4	11	46.959	2.44E-08	58979000
179531_TK_MC	3	4	4	11	46.959	2.44E-08	58979000
163257_TK_MC	3	4	4	11	46.959	2.44E-08	58979000
125164_TK_MC	6	4	1	11.3	15.967	1.00E-15	144910000
64871_TK_MC	6	4	1	11.3	15.967	1.00E-15	144910000
123972_TK_MC	6	4	1	11.3	15.967	1.00E-15	144910000
72192_TK_MC	6	4	1	11.3	15.967	1.00E-15	144910000
72190_TK_MC	6	4	1	11.3	15.967	1.00E-15	144910000
100485_TK_MC	6	4	1	11.3	15.967	1.00E-15	144910000
177528_TK_MC	4	3	3	11.4	35.982	4.11E-06	44240000
125707_TK_MC	4	3	3	11.4	35.982	4.11E-06	44240000
167451_TK_MC	4	3	3	11.4	35.982	4.11E-06	44240000
170666_TK_MC	4	3	3	11.4	35.982	4.11E-06	44240000
62031_TK_MC	2	2	2	14.7	23.873	8.56E-06	14645000
126359_TK_MC	2	2	2	14.7	23.873	8.56E-06	14645000
126365_TK_MC	1	1	1	14.4	12.025	0.00011195	26806000
126481_TK_MC	6	4	1	1.5	82.925	1.29E-10	15223000
126480_TK_MC	6	4	1	1.5	82.925	1.29E-10	15223000
62160_TK_MC	6	4	1	1.5	82.925	1.29E-10	15223000
126479_TK_MC	6	4	1	1.5	82.925	1.29E-10	15223000
176663_TK_MC	6	4	1	1.5	82.925	1.29E-10	15223000
169847_TK_MC	6	4	1	1.5	82.925	1.29E-10	15223000
177497_TK_MC	4	2	2	10.9	15.887	0.0011233	95086000
62506_TK_MC	4	2	2	10.9	15.887	0.0011233	95086000
126849_TK_MC	4	2	2	10.9	15.887	0.0011233	95086000
158659_TK_MC	4	2	2	10.9	15.887	0.0011233	95086000
127058_TK_MC	3	1	1	2.9	55.056	0.0010554	15541000
62683_TK_MC	3	1	1	2.9	55.056	0.0010554	15541000
62687_TK_MC	3	1	1	2.9	55.056	0.0010554	15541000
63122_TK_MC	3	4	4	41.9	17.751	7.35E-14	103590000
127727_TK_MC	3	4	4	41.9	17.751	7.35E-14	103590000
181340_TK_MC	3	4	4	41.9	17.751	7.35E-14	103590000
127844_TK_MC	6	3	3	8.7	37.083	5.79E-13	109910000
127845_TK_MC	6	3	3	8.7	37.083	5.79E-13	109910000
127843_TK_MC	6	3	3	8.7	37.083	5.79E-13	109910000
63334_TK_MC	6	3	3	8.7	37.083	5.79E-13	109910000
178103_TK_MC	6	3	3	8.7	37.083	5.79E-13	109910000
169138_TK_MC	6	3	3	8.7	37.083	5.79E-13	109910000
129370_TK_MC	8	1	1	2.8	50.273	0.019759	4616900
129367_TK_MC	8	1	1	2.8	50.273	0.019759	4616900
129366_TK_MC	8	1	1	2.8	50.273	0.019759	4616900
158734_TK_MC	8	1	1	2.8	50.273	0.019759	4616900
129374_TK_MC	8	1	1	2.8	50.273	0.019759	4616900
129375_TK_MC	8	1	1	2.8	50.273	0.019759	4616900
65277_TK_MC	8	1	1	2.8	50.273	0.019759	4616900
129368_TK_MC	8	1	1	2.8	50.273	0.019759	4616900
65303_TK_MC	5	2	2	6.6	60.42	6.98E-11	24994000
65302_TK_MC	5	2	2	6.6	60.42	6.98E-11	24994000
65305_TK_MC	5	2	2	6.6	60.42	6.98E-11	24994000
129405_TK_MC	5	2	2	6.6	60.42	6.98E-11	24994000
129404_TK_MC	5	2	2	6.6	60.42	6.98E-11	24994000
66376_TK_MC	4	6	6	23.1	37.53	1.02E-79	5308400000
66377_TK_MC	4	6	6	23.1	37.53	1.02E-79	5308400000
130189_TK_MC	4	6	6	23.1	37.53	1.02E-79	5308400000
167788_TK_MC	4	6	6	23.1	37.53	1.02E-79	5308400000
66472_TK_MC	4	1	1	6.4	26.407	0.00472	13890000
130247_TK_MC	4	1	1	6.4	26.407	0.00472	13890000
66470_TK_MC	4	1	1	6.4	26.407	0.00472	13890000
130246_TK_MC	4	1	1	6.4	26.407	0.00472	13890000
66723_TK_MC	4	2	2	1	273.9	0.00025845	12709000
66726_TK_MC	4	2	2	1	273.9	0.00025845	12709000
163082_TK_MC	4	2	2	1	273.9	0.00025845	12709000
130430_TK_MC	4	2	2	1	273.9	0.00025845	12709000
66934_TK_MC	2	4	4	8.8	52.226	1.90E-31	2034200000
130601_TK_MC	2	4	4	8.8	52.226	1.90E-31	2034200000
130727_TK_MC	13	4	4	16.2	26.339	1.21E-07	150620000
130728_TK_MC	13	4	4	16.2	26.339	1.21E-07	150620000
175906_TK_MC	13	4	4	16.2	26.339	1.21E-07	150620000
130723_TK_MC	13	4	4	16.2	26.339	1.21E-07	150620000
130724_TK_MC	13	4	4	16.2	26.339	1.21E-07	150620000
130726_TK_MC	13	4	4	16.2	26.339	1.21E-07	150620000
157779_TK_MC	13	4	4	16.2	26.339	1.21E-07	150620000
67079_TK_MC	13	4	4	16.2	26.339	1.21E-07	150620000
130725_TK_MC	13	4	4	16.2	26.339	1.21E-07	150620000
175904_TK_MC	13	4	4	16.2	26.339	1.21E-07	150620000
183316_TK_MC	13	4	4	16.2	26.339	1.21E-07	150620000
175905_TK_MC	13	4	4	16.2	26.339	1.21E-07	150620000
183317_TK_MC	13	4	4	16.2	26.339	1.21E-07	150620000
67215_TK_MC	2	4	4	31.1	18.933	7.04E-28	441610000
130822_TK_MC	2	4	4	31.1	18.933	7.04E-28	441610000
67495_TK_MC	2	1	1	18.5	6.6118	3.10E-05	118180000
130977_TK_MC	2	1	1	18.5	6.6118	3.10E-05	118180000
157553_TK_MC	8	5	5	12.6	64.4	1.54E-28	175410000
131185_TK_MC	8	5	5	12.6	64.4	1.54E-28	175410000
67669_TK_MC	8	5	5	12.6	64.4	1.54E-28	175410000
131186_TK_MC	8	5	5	12.6	64.4	1.54E-28	175410000
131188_TK_MC	8	5	5	12.6	64.4	1.54E-28	175410000
131187_TK_MC	8	5	5	12.6	64.4	1.54E-28	175410000
131184_TK_MC	8	5	5	12.6	64.4	1.54E-28	175410000
67668_TK_MC	8	5	5	12.6	64.4	1.54E-28	175410000
69105_TK_MC	7	1	1	3.8	42.521	2.00E-27	0
177996_TK_MC	7	1	1	3.8	42.521	2.00E-27	0
132154_TK_MC	7	1	1	3.8	42.521	2.00E-27	0
132155_TK_MC	7	1	1	3.8	42.521	2.00E-27	0
178001_TK_MC	7	1	1	3.8	42.521	2.00E-27	0
69106_TK_MC	7	1	1	3.8	42.521	2.00E-27	0
61315_TK_MC	7	1	1	3.8	42.521	2.00E-27	0
69362_TK_MC	2	4	4	37.9	14.285	6.31E-11	252420000
132338_TK_MC	2	4	4	37.9	14.285	6.31E-11	252420000
132704_TK_MC	2	14	5	17.6	54.157	1.36E-224	1607000000
132705_TK_MC	2	14	5	17.6	54.157	1.36E-224	1607000000
61630_TK_MC	5	1	1	0.8	114.73	0.00036356	172890000
132919_TK_MC	5	1	1	0.8	114.73	0.00036356	172890000
169553_TK_MC	5	1	1	0.8	114.73	0.00036356	172890000
167864_TK_MC	5	1	1	0.8	114.73	0.00036356	172890000
97733_TK_MC	5	1	1	0.8	114.73	0.00036356	172890000
133087_TK_MC	3	1	1	3.8	38.605	0.005427	6995100
133088_TK_MC	3	1	1	3.8	38.605	0.005427	6995100
70442_TK_MC	3	1	1	3.8	38.605	0.005427	6995100
183212_TK_MC	4	1	1	2	56.85	3.28E-05	44676000
175833_TK_MC	4	1	1	2	56.85	3.28E-05	44676000
71190_TK_MC	4	1	1	2	56.85	3.28E-05	44676000
133513_TK_MC	4	1	1	2	56.85	3.28E-05	44676000
134110_TK_MC	1	1	1	14.5	8.5159	4.07E-06	40150000
134144_TK_MC	2	3	3	37.7	8.6319	5.98E-10	30123000
134143_TK_MC	2	3	3	37.7	8.6319	5.98E-10	30123000
176331_TK_MC	11	2	2	5.8	45.274	4.47E-07	56530000
176332_TK_MC	11	2	2	5.8	45.274	4.47E-07	56530000
166542_TK_MC	11	2	2	5.8	45.274	4.47E-07	56530000
134156_TK_MC	11	2	2	5.8	45.274	4.47E-07	56530000
134158_TK_MC	11	2	2	5.8	45.274	4.47E-07	56530000
72166_TK_MC	11	2	2	5.8	45.274	4.47E-07	56530000
183850_TK_MC	11	2	2	5.8	45.274	4.47E-07	56530000
177539_TK_MC	11	2	2	5.8	45.274	4.47E-07	56530000
72167_TK_MC	11	2	2	5.8	45.274	4.47E-07	56530000
170679_TK_MC	11	2	2	5.8	45.274	4.47E-07	56530000
72162_TK_MC	11	2	2	5.8	45.274	4.47E-07	56530000
169121_TK_MC	4	1	1	2.5	53.605	0.0010654	0
72702_TK_MC	4	1	1	2.5	53.605	0.0010654	0
134500_TK_MC	4	1	1	2.5	53.605	0.0010654	0
179285_TK_MC	4	1	1	2.5	53.605	0.0010654	0
183002_TK_MC	4	1	1	2.6	67.284	1.02E-13	0
183003_TK_MC	4	1	1	2.6	67.284	1.02E-13	0
72715_TK_MC	4	1	1	2.6	67.284	1.02E-13	0
134514_TK_MC	4	1	1	2.6	67.284	1.02E-13	0
73301_TK_MC	4	1	1	3.3	46.049	0.016293	31140000
134842_TK_MC	4	1	1	3.3	46.049	0.016293	31140000
182493_TK_MC	4	1	1	3.3	46.049	0.016293	31140000
158953_TK_MC	4	1	1	3.3	46.049	0.016293	31140000
73422_TK_MC	4	3	3	26.4	19.326	1.67E-19	25347000
134904_TK_MC	4	3	3	26.4	19.326	1.67E-19	25347000
134903_TK_MC	4	3	3	26.4	19.326	1.67E-19	25347000
134902_TK_MC	4	3	3	26.4	19.326	1.67E-19	25347000
74089_TK_MC	5	1	1	6.1	27.592	4.53E-06	19104000
74093_TK_MC	5	1	1	6.1	27.592	4.53E-06	19104000
74088_TK_MC	5	1	1	6.1	27.592	4.53E-06	19104000
135282_TK_MC	5	1	1	6.1	27.592	4.53E-06	19104000
135285_TK_MC	5	1	1	6.1	27.592	4.53E-06	19104000
136148_TK_MC	3	2	2	15.6	15.539	1.01E-05	12502000
75579_TK_MC	3	2	2	15.6	15.539	1.01E-05	12502000
183146_TK_MC	3	2	2	15.6	15.539	1.01E-05	12502000
136561_TK_MC	4	2	2	3.6	48.545	0.00049446	69978000
136562_TK_MC	4	2	2	3.6	48.545	0.00049446	69978000
156676_TK_MC	4	2	2	3.6	48.545	0.00049446	69978000
136560_TK_MC	4	2	2	3.6	48.545	0.00049446	69978000
175120_TK_MC	6	2	2	2	145.2	2.88E-08	14928000
136811_TK_MC	6	2	2	2	145.2	2.88E-08	14928000
76777_TK_MC	6	2	2	2	145.2	2.88E-08	14928000
164709_TK_MC	6	2	2	2	145.2	2.88E-08	14928000
136810_TK_MC	6	2	2	2	145.2	2.88E-08	14928000
175121_TK_MC	6	2	2	2	145.2	2.88E-08	14928000
136885_TK_MC	2	5	1	4.2	21.669	2.93E-29	323150000
76887_TK_MC	2	5	1	4.2	21.669	2.93E-29	323150000
162604_TK_MC	4	2	2	7.7	34.428	2.89E-22	6421600
77432_TK_MC	4	2	2	7.7	34.428	2.89E-22	6421600
137251_TK_MC	4	2	2	7.7	34.428	2.89E-22	6421600
137250_TK_MC	4	2	2	7.7	34.428	2.89E-22	6421600
137258_TK_MC	12	17	1	1.3	67.762	4.59E-117	1682100000
176175_TK_MC	12	17	1	1.3	67.762	4.59E-117	1682100000
176174_TK_MC	12	17	1	1.3	67.762	4.59E-117	1682100000
176178_TK_MC	12	17	1	1.3	67.762	4.59E-117	1682100000
176179_TK_MC	12	17	1	1.3	67.762	4.59E-117	1682100000
176183_TK_MC	12	17	1	1.3	67.762	4.59E-117	1682100000
176186_TK_MC	12	17	1	1.3	67.762	4.59E-117	1682100000
77450_TK_MC	12	17	1	1.3	67.762	4.59E-117	1682100000
176184_TK_MC	12	17	1	1.3	67.762	4.59E-117	1682100000
176173_TK_MC	12	17	1	1.3	67.762	4.59E-117	1682100000
176172_TK_MC	12	17	1	1.3	67.762	4.59E-117	1682100000
176171_TK_MC	12	17	1	1.3	67.762	4.59E-117	1682100000
77721_TK_MC	4	6	6	24.7	26.411	3.05E-23	217500000
137444_TK_MC	4	6	6	24.7	26.411	3.05E-23	217500000
137445_TK_MC	4	6	6	24.7	26.411	3.05E-23	217500000
137446_TK_MC	4	6	6	24.7	26.411	3.05E-23	217500000
137950_TK_MC	6	1	1	2.3	58.412	2.72E-07	0
172566_TK_MC	6	1	1	2.3	58.412	2.72E-07	0
179581_TK_MC	6	1	1	2.3	58.412	2.72E-07	0
163176_TK_MC	6	1	1	2.3	58.412	2.72E-07	0
78571_TK_MC	6	1	1	2.3	58.412	2.72E-07	0
179584_TK_MC	6	1	1	2.3	58.412	2.72E-07	0
138222_TK_MC	3	1	1	3.7	27.809	0.014257	49800000
79054_TK_MC	3	1	1	3.7	27.809	0.014257	49800000
164445_TK_MC	3	1	1	3.7	27.809	0.014257	49800000
138461_TK_MC	17	8	3	6.9	46.265	3.90E-19	249290000
174847_TK_MC	17	8	3	6.9	46.265	3.90E-19	249290000
138462_TK_MC	17	8	3	6.9	46.265	3.90E-19	249290000
174845_TK_MC	17	8	3	6.9	46.265	3.90E-19	249290000
174846_TK_MC	17	8	3	6.9	46.265	3.90E-19	249290000
174849_TK_MC	17	8	3	6.9	46.265	3.90E-19	249290000
174851_TK_MC	17	8	3	6.9	46.265	3.90E-19	249290000
174848_TK_MC	17	8	3	6.9	46.265	3.90E-19	249290000
174844_TK_MC	17	8	3	6.9	46.265	3.90E-19	249290000
79386_TK_MC	17	8	3	6.9	46.265	3.90E-19	249290000
174842_TK_MC	17	8	3	6.9	46.265	3.90E-19	249290000
174843_TK_MC	17	8	3	6.9	46.265	3.90E-19	249290000
174854_TK_MC	17	8	3	6.9	46.265	3.90E-19	249290000
79388_TK_MC	17	8	3	6.9	46.265	3.90E-19	249290000
174853_TK_MC	17	8	3	6.9	46.265	3.90E-19	249290000
174852_TK_MC	17	8	3	6.9	46.265	3.90E-19	249290000
79383_TK_MC	17	8	3	6.9	46.265	3.90E-19	249290000
139009_TK_MC	4	2	1	10.9	16.611	2.79E-08	81581000
139010_TK_MC	4	2	1	10.9	16.611	2.79E-08	81581000
139011_TK_MC	4	2	1	10.9	16.611	2.79E-08	81581000
80342_TK_MC	4	2	1	10.9	16.611	2.79E-08	81581000
158830_TK_MC	3	1	1	4	35.024	0.041499	7073400
80344_TK_MC	3	1	1	4	35.024	0.041499	7073400
139012_TK_MC	3	1	1	4	35.024	0.041499	7073400
139160_TK_MC	4	3	3	16	30.299	1.70E-34	242490000
139159_TK_MC	4	3	3	16	30.299	1.70E-34	242490000
80623_TK_MC	4	3	3	16	30.299	1.70E-34	242490000
80624_TK_MC	4	3	3	16	30.299	1.70E-34	242490000
139164_TK_MC	4	17	17	45.1	52.277	1.01E-188	4474800000
139163_TK_MC	4	17	17	45.1	52.277	1.01E-188	4474800000
CON__ENSEMBL:ENSBTAP00000016242	4	17	17	45.1	52.277	1.01E-188	4474800000
151538_TK_MC	4	17	17	45.1	52.277	1.01E-188	4474800000
182398_TK_MC	10	1	1	6.5	14.926	0.00062574	157900000
177349_TK_MC	10	1	1	6.5	14.926	0.00062574	157900000
80660_TK_MC	10	1	1	6.5	14.926	0.00062574	157900000
80662_TK_MC	10	1	1	6.5	14.926	0.00062574	157900000
139183_TK_MC	10	1	1	6.5	14.926	0.00062574	157900000
65379_TK_MC	10	1	1	6.5	14.926	0.00062574	157900000
65380_TK_MC	10	1	1	6.5	14.926	0.00062574	157900000
65381_TK_MC	10	1	1	6.5	14.926	0.00062574	157900000
152962_TK_MC	10	1	1	6.5	14.926	0.00062574	157900000
92917_TK_MC	10	1	1	6.5	14.926	0.00062574	157900000
139649_TK_MC	8	4	4	19.2	26.913	2.19E-07	399650000
139650_TK_MC	8	4	4	19.2	26.913	2.19E-07	399650000
164660_TK_MC	8	4	4	19.2	26.913	2.19E-07	399650000
139646_TK_MC	8	4	4	19.2	26.913	2.19E-07	399650000
139647_TK_MC	8	4	4	19.2	26.913	2.19E-07	399650000
139648_TK_MC	8	4	4	19.2	26.913	2.19E-07	399650000
139644_TK_MC	8	4	4	19.2	26.913	2.19E-07	399650000
139645_TK_MC	8	4	4	19.2	26.913	2.19E-07	399650000
182336_TK_MC	6	8	8	29.8	25.066	5.07E-22	1631700000
166896_TK_MC	6	8	8	29.8	25.066	5.07E-22	1631700000
182337_TK_MC	6	8	8	29.8	25.066	5.07E-22	1631700000
81580_TK_MC	6	8	8	29.8	25.066	5.07E-22	1631700000
139685_TK_MC	6	8	8	29.8	25.066	5.07E-22	1631700000
81583_TK_MC	6	8	8	29.8	25.066	5.07E-22	1631700000
139706_TK_MC	2	7	7	19.8	35.383	2.43E-19	557150000
114546_TK_MC	2	7	7	19.8	35.383	2.43E-19	557150000
139745_TK_MC	3	1	1	4.3	36.933	0.017462	9324500
81676_TK_MC	3	1	1	4.3	36.933	0.017462	9324500
168185_TK_MC	3	1	1	4.3	36.933	0.017462	9324500
140096_TK_MC	2	12	12	37.1	44.326	7.12E-59	1024200000
82258_TK_MC	2	12	12	37.1	44.326	7.12E-59	1024200000
140101_TK_MC	1	2	2	70.6	3.52	0.00014593	162450000
82662_TK_MC	3	1	1	2.1	57.392	0.017561	27518000
140322_TK_MC	3	1	1	2.1	57.392	0.017561	27518000
146836_TK_MC	3	1	1	2.1	57.392	0.017561	27518000
157712_TK_MC	12	1	1	5.7	28.315	0.0047641	12670000
81768_TK_MC	12	1	1	5.7	28.315	0.0047641	12670000
170617_TK_MC	12	1	1	5.7	28.315	0.0047641	12670000
82772_TK_MC	12	1	1	5.7	28.315	0.0047641	12670000
156373_TK_MC	12	1	1	5.7	28.315	0.0047641	12670000
164844_TK_MC	12	1	1	5.7	28.315	0.0047641	12670000
170618_TK_MC	12	1	1	5.7	28.315	0.0047641	12670000
169772_TK_MC	12	1	1	5.7	28.315	0.0047641	12670000
175507_TK_MC	12	1	1	5.7	28.315	0.0047641	12670000
169773_TK_MC	12	1	1	5.7	28.315	0.0047641	12670000
140388_TK_MC	12	1	1	5.7	28.315	0.0047641	12670000
62738_TK_MC	12	1	1	5.7	28.315	0.0047641	12670000
140915_TK_MC	3	1	1	2.9	36.429	0.00029531	8916400
83568_TK_MC	3	1	1	2.9	36.429	0.00029531	8916400
140916_TK_MC	3	1	1	2.9	36.429	0.00029531	8916400
141551_TK_MC	11	13	13	26	76.307	2.03E-154	1435400000
84406_TK_MC	11	13	13	26	76.307	2.03E-154	1435400000
141552_TK_MC	11	13	13	26	76.307	2.03E-154	1435400000
141545_TK_MC	11	13	13	26	76.307	2.03E-154	1435400000
141549_TK_MC	11	13	13	26	76.307	2.03E-154	1435400000
141546_TK_MC	11	13	13	26	76.307	2.03E-154	1435400000
84412_TK_MC	11	13	13	26	76.307	2.03E-154	1435400000
141544_TK_MC	11	13	13	26	76.307	2.03E-154	1435400000
141548_TK_MC	11	13	13	26	76.307	2.03E-154	1435400000
84411_TK_MC	11	13	13	26	76.307	2.03E-154	1435400000
141550_TK_MC	11	13	13	26	76.307	2.03E-154	1435400000
141625_TK_MC	3	2	2	20.6	11.784	7.40E-08	200310000
171498_TK_MC	3	2	2	20.6	11.784	7.40E-08	200310000
84530_TK_MC	3	2	2	20.6	11.784	7.40E-08	200310000
84823_TK_MC	3	1	1	4.5	35.861	0.019275	7485300
141904_TK_MC	3	1	1	4.5	35.861	0.019275	7485300
164783_TK_MC	3	1	1	4.5	35.861	0.019275	7485300
143370_TK_MC	1	2	2	23.5	14.977	7.89E-09	0
143556_TK_MC	3	4	3	12.3	37.889	3.41E-08	132530000
86388_TK_MC	3	4	3	12.3	37.889	3.41E-08	132530000
112319_TK_MC	3	4	3	12.3	37.889	3.41E-08	132530000
143564_TK_MC	3	4	4	20.2	26.184	1.96E-17	73888000
143563_TK_MC	3	4	4	20.2	26.184	1.96E-17	73888000
156465_TK_MC	3	4	4	20.2	26.184	1.96E-17	73888000
144435_TK_MC	1	1	1	20.3	8.5019	3.93E-06	25540000
144521_TK_MC	1	1	1	9.4	12.605	0.011843	40347000
144538_TK_MC	2	2	2	20	9.9034	1.18E-05	24167000
89885_TK_MC	2	2	2	20	9.9034	1.18E-05	24167000
144583_TK_MC	1	1	1	18.2	5.457	0.017055	23394000
144696_TK_MC	1	5	5	42.4	15.428	3.08E-48	806660000
91746_TK_MC	2	9	7	35.7	32.155	1.54E-51	993640000
145039_TK_MC	2	9	7	35.7	32.155	1.54E-51	993640000
145095_TK_MC	3	1	1	2.2	55.676	0.014903	13979000
179872_TK_MC	3	1	1	2.2	55.676	0.014903	13979000
172781_TK_MC	3	1	1	2.2	55.676	0.014903	13979000
145117_TK_MC	1	1	1	14.9	7.2543	0.050753	13148000
145394_TK_MC	1	1	1	9.7	11.665	8.98E-35	0
146581_TK_MC	4	1	1	6.7	21.902	8.51E-05	47843000
146582_TK_MC	4	1	1	6.7	21.902	8.51E-05	47843000
164864_TK_MC	4	1	1	6.7	21.902	8.51E-05	47843000
172389_TK_MC	4	1	1	6.7	21.902	8.51E-05	47843000
146610_TK_MC	4	1	1	1.5	100.11	0.0018759	5790800
146611_TK_MC	4	1	1	1.5	100.11	0.0018759	5790800
97484_TK_MC	4	1	1	1.5	100.11	0.0018759	5790800
170732_TK_MC	4	1	1	1.5	100.11	0.0018759	5790800
97862_TK_MC	2	3	3	46.3	7.8399	1.46E-07	138630000
146721_TK_MC	2	3	3	46.3	7.8399	1.46E-07	138630000
147033_TK_MC	1	1	1	6.2	19.697	0.0016205	14295000
147227_TK_MC	1	1	1	6.3	17.583	0.0023137	3570400
147605_TK_MC	2	5	5	22.4	24.172	4.93E-10	236620000
100666_TK_MC	2	5	5	22.4	24.172	4.93E-10	236620000
148093_TK_MC	3	6	6	40.7	21.862	3.96E-20	123020000
144453_TK_MC	3	6	6	40.7	21.862	3.96E-20	123020000
112235_TK_MC	3	6	6	40.7	21.862	3.96E-20	123020000
182621_TK_MC	2	3	3	5.8	71.267	1.56E-05	55595000
148363_TK_MC	2	3	3	5.8	71.267	1.56E-05	55595000
149603_TK_MC	1	1	1	17.9	8.6657	0.013572	0
150123_TK_MC	1	7	7	22.9	47.545	1.19E-72	460800000
150581_TK_MC	1	3	2	29.4	11.599	5.22E-42	110360000
151737_TK_MC	1	5	5	12.4	55.991	7.28E-10	187630000
151765_TK_MC	3	2	2	9.5	25.114	2.24E-05	17144000
151766_TK_MC	3	2	2	9.5	25.114	2.24E-05	17144000
112769_TK_MC	3	2	2	9.5	25.114	2.24E-05	17144000
151788_TK_MC	6	3	3	19.3	23.296	5.19E-07	31563000
151787_TK_MC	6	3	3	19.3	23.296	5.19E-07	31563000
174141_TK_MC	6	3	3	19.3	23.296	5.19E-07	31563000
138873_TK_MC	6	3	3	19.3	23.296	5.19E-07	31563000
80025_TK_MC	6	3	3	19.3	23.296	5.19E-07	31563000
111679_TK_MC	6	3	3	19.3	23.296	5.19E-07	31563000
152040_TK_MC	1	1	1	18.6	7.4775	0.013741	0
152292_TK_MC	1	1	1	5.2	15.112	0.019403	0
152772_TK_MC	1	2	2	14.4	35.802	2.30E-21	8116000
153076_TK_MC	2	1	1	8.3	9.2142	0.010404	0
153077_TK_MC	2	1	1	8.3	9.2142	0.010404	0
180999_TK_MC	4	3	3	13.8	27.798	7.01E-06	83280000
153599_TK_MC	4	3	3	13.8	27.798	7.01E-06	83280000
153597_TK_MC	4	3	3	13.8	27.798	7.01E-06	83280000
160034_TK_MC	4	3	3	13.8	27.798	7.01E-06	83280000
153640_TK_MC	2	5	5	24.5	26.774	3.52E-12	311430000
153639_TK_MC	2	5	5	24.5	26.774	3.52E-12	311430000
154126_TK_MC	1	1	1	9.2	16.113	0.0012818	26219000
154208_TK_MC	2	1	1	7.6	17.259	0.00078424	0
79141_TK_MC	2	1	1	7.6	17.259	0.00078424	0
154345_TK_MC	1	1	1	20.8	8.5338	0.0014362	9344600
179544_TK_MC	2	8	8	12.8	73.747	4.82E-38	185800000
154940_TK_MC	2	8	8	12.8	73.747	4.82E-38	185800000
164203_TK_MC	2	1	1	2.5	69.75	0.00010675	16331000
155271_TK_MC	2	1	1	2.5	69.75	0.00010675	16331000
155307_TK_MC	5	1	1	6.8	26.044	0.0024611	0
168344_TK_MC	5	1	1	6.8	26.044	0.0024611	0
174680_TK_MC	5	1	1	6.8	26.044	0.0024611	0
174681_TK_MC	5	1	1	6.8	26.044	0.0024611	0
155306_TK_MC	5	1	1	6.8	26.044	0.0024611	0
169486_TK_MC	6	1	1	8.3	11.993	0.020052	26136000
173620_TK_MC	6	1	1	8.3	11.993	0.020052	26136000
155506_TK_MC	6	1	1	8.3	11.993	0.020052	26136000
169487_TK_MC	6	1	1	8.3	11.993	0.020052	26136000
176487_TK_MC	6	1	1	8.3	11.993	0.020052	26136000
169728_TK_MC	6	1	1	8.3	11.993	0.020052	26136000
178776_TK_MC	4	1	1	3.5	38.157	0.00079549	3482300
159946_TK_MC	4	1	1	3.5	38.157	0.00079549	3482300
171866_TK_MC	4	1	1	3.5	38.157	0.00079549	3482300
155591_TK_MC	4	1	1	3.5	38.157	0.00079549	3482300
155940_TK_MC	1	3	3	14.2	18.374	1.99E-05	38841000
156148_TK_MC	1	1	1	2.8	37.966	0.00095408	49953000
72893_TK_MC	5	1	1	5.7	22.357	0.0057911	10107000
178202_TK_MC	5	1	1	5.7	22.357	0.0057911	10107000
156378_TK_MC	5	1	1	5.7	22.357	0.0057911	10107000
171374_TK_MC	5	1	1	5.7	22.357	0.0057911	10107000
170878_TK_MC	5	1	1	5.7	22.357	0.0057911	10107000
156498_TK_MC	1	1	1	2.4	37.546	0.018542	7509400
156592_TK_MC	1	4	1	13.5	15.89	1.56E-87	4664700000
156723_TK_MC	5	2	2	14.6	22.43	1.25E-05	45820000
75351_TK_MC	5	2	2	14.6	22.43	1.25E-05	45820000
136038_TK_MC	5	2	2	14.6	22.43	1.25E-05	45820000
136036_TK_MC	5	2	2	14.6	22.43	1.25E-05	45820000
136037_TK_MC	5	2	2	14.6	22.43	1.25E-05	45820000
156741_TK_MC	1	2	2	7.6	50.533	1.73E-11	17589000
157044_TK_MC	3	6	6	11.5	81.795	3.42E-48	57449000
69171_TK_MC	3	6	6	11.5	81.795	3.42E-48	57449000
69172_TK_MC	3	6	6	11.5	81.795	3.42E-48	57449000
157144_TK_MC	6	11	10	19.4	62.961	4.19E-44	273980000
169855_TK_MC	6	11	10	19.4	62.961	4.19E-44	273980000
178937_TK_MC	6	11	10	19.4	62.961	4.19E-44	273980000
172054_TK_MC	6	11	10	19.4	62.961	4.19E-44	273980000
172053_TK_MC	6	11	10	19.4	62.961	4.19E-44	273980000
178939_TK_MC	6	11	10	19.4	62.961	4.19E-44	273980000
157176_TK_MC	2	2	2	6.1	51.139	5.32E-06	0
87714_TK_MC	2	2	2	6.1	51.139	5.32E-06	0
157236_TK_MC	1	4	4	35.6	21.779	1.33E-49	239650000
157763_TK_MC	6	3	3	6.5	77.524	2.17E-08	27019000
75452_TK_MC	6	3	3	6.5	77.524	2.17E-08	27019000
75451_TK_MC	6	3	3	6.5	77.524	2.17E-08	27019000
75449_TK_MC	6	3	3	6.5	77.524	2.17E-08	27019000
162989_TK_MC	6	3	3	6.5	77.524	2.17E-08	27019000
162988_TK_MC	6	3	3	6.5	77.524	2.17E-08	27019000
158051_TK_MC	1	5	5	10.2	56.763	8.99E-12	136980000
158053_TK_MC	1	6	6	23.7	38.227	1.87E-30	199100000
69271_TK_MC	3	10	10	22.7	53.996	4.69E-80	632350000
158444_TK_MC	3	10	10	22.7	53.996	4.69E-80	632350000
132271_TK_MC	3	10	10	22.7	53.996	4.69E-80	632350000
158640_TK_MC	1	4	0	0	30.727	4.57E-25	258030000
159153_TK_MC	2	4	4	22.9	32.885	1.53E-55	287710000
86879_TK_MC	2	4	4	22.9	32.885	1.53E-55	287710000
159576_TK_MC	1	19	6	17.2	51.139	7.05E-126	2739500000
159636_TK_MC	2	2	2	11	26.496	3.97E-51	26987000
70764_TK_MC	2	2	2	11	26.496	3.97E-51	26987000
159670_TK_MC	3	18	18	20.2	126.92	7.44E-153	2200500000
169879_TK_MC	3	18	18	20.2	126.92	7.44E-153	2200500000
72642_TK_MC	3	18	18	20.2	126.92	7.44E-153	2200500000
159876_TK_MC	3	3	3	10	33.71	1.22E-19	21210000
77750_TK_MC	3	3	3	10	33.71	1.22E-19	21210000
176622_TK_MC	3	3	3	10	33.71	1.22E-19	21210000
77486_TK_MC	3	2	2	9.1	36.865	3.50E-08	7000500
160267_TK_MC	3	2	2	9.1	36.865	3.50E-08	7000500
172994_TK_MC	3	2	2	9.1	36.865	3.50E-08	7000500
63514_TK_MC	3	2	2	6.7	34.625	0.0004201	20247000
63515_TK_MC	3	2	2	6.7	34.625	0.0004201	20247000
160366_TK_MC	3	2	2	6.7	34.625	0.0004201	20247000
160940_TK_MC	1	2	2	11	25.53	4.64E-12	35349000
74667_TK_MC	5	1	1	1.3	63.565	0.052217	0
74668_TK_MC	5	1	1	1.3	63.565	0.052217	0
74666_TK_MC	5	1	1	1.3	63.565	0.052217	0
164150_TK_MC	5	1	1	1.3	63.565	0.052217	0
161165_TK_MC	5	1	1	1.3	63.565	0.052217	0
161322_TK_MC	1	1	1	4.1	38.998	0.0084332	9712700
161344_TK_MC	1	5	5	12.2	49.934	3.48E-19	144030000
161894_TK_MC	4	2	2	13.3	13.076	0.0022628	22306000
96117_TK_MC	4	2	2	13.3	13.076	0.0022628	22306000
63587_TK_MC	4	2	2	13.3	13.076	0.0022628	22306000
128050_TK_MC	4	2	2	13.3	13.076	0.0022628	22306000
162218_TK_MC	3	3	3	5.1	67.479	4.68E-05	9777800
148158_TK_MC	3	3	3	5.1	67.479	4.68E-05	9777800
154976_TK_MC	3	3	3	5.1	67.479	4.68E-05	9777800
162388_TK_MC	2	1	1	1.5	52.463	0.0095744	0
64931_TK_MC	2	1	1	1.5	52.463	0.0095744	0
162454_TK_MC	1	2	2	14.7	22.3	5.08E-05	8195600
162601_TK_MC	1	1	1	0.3	451.08	1.07E-15	0
63511_TK_MC	3	1	1	4.1	30.875	4.09E-06	15060000
63510_TK_MC	3	1	1	4.1	30.875	4.09E-06	15060000
162870_TK_MC	3	1	1	4.1	30.875	4.09E-06	15060000
162879_TK_MC	2	1	1	8	19.504	0.0021545	0
66243_TK_MC	2	1	1	8	19.504	0.0021545	0
163156_TK_MC	1	2	2	10.4	23.634	5.64E-08	3971900
90950_TK_MC	2	2	2	9.9	25.305	0.00010114	0
163242_TK_MC	2	2	2	9.9	25.305	0.00010114	0
163345_TK_MC	4	6	6	11	59.495	2.47E-20	530230000
78237_TK_MC	4	6	6	11	59.495	2.47E-20	530230000
78225_TK_MC	4	6	6	11	59.495	2.47E-20	530230000
174274_TK_MC	4	6	6	11	59.495	2.47E-20	530230000
163377_TK_MC	3	2	2	5.4	48.012	3.59E-16	23364000
180869_TK_MC	3	2	2	5.4	48.012	3.59E-16	23364000
125125_TK_MC	3	2	2	5.4	48.012	3.59E-16	23364000
163378_TK_MC	3	2	2	7.3	33.823	3.94E-06	33554000
173826_TK_MC	3	2	2	7.3	33.823	3.94E-06	33554000
125083_TK_MC	3	2	2	7.3	33.823	3.94E-06	33554000
163513_TK_MC	6	4	3	10.6	32.619	1.33E-09	334870000
79931_TK_MC	6	4	3	10.6	32.619	1.33E-09	334870000
138801_TK_MC	6	4	3	10.6	32.619	1.33E-09	334870000
138800_TK_MC	6	4	3	10.6	32.619	1.33E-09	334870000
138799_TK_MC	6	4	3	10.6	32.619	1.33E-09	334870000
79929_TK_MC	6	4	3	10.6	32.619	1.33E-09	334870000
163524_TK_MC	3	3	3	10.6	30.376	1.12E-06	115610000
158641_TK_MC	3	3	3	10.6	30.376	1.12E-06	115610000
116233_TK_MC	3	3	3	10.6	30.376	1.12E-06	115610000
163666_TK_MC	1	1	1	5	32.808	0.0067571	0
163849_TK_MC	4	8	5	17.2	45.615	7.48E-59	587390000
161123_TK_MC	4	8	5	17.2	45.615	7.48E-59	587390000
114524_TK_MC	4	8	5	17.2	45.615	7.48E-59	587390000
161122_TK_MC	4	8	5	17.2	45.615	7.48E-59	587390000
76626_TK_MC	3	1	1	1.7	80.755	1.29E-15	0
76627_TK_MC	3	1	1	1.7	80.755	1.29E-15	0
164442_TK_MC	3	1	1	1.7	80.755	1.29E-15	0
164620_TK_MC	2	1	1	6.7	13.673	0.0079809	12059000
83050_TK_MC	2	1	1	6.7	13.673	0.0079809	12059000
99013_TK_MC	2	1	1	11.6	13.588	0.0090125	20157000
164627_TK_MC	2	1	1	11.6	13.588	0.0090125	20157000
164763_TK_MC	3	8	8	20.9	51.824	6.26E-41	2127400000
72301_TK_MC	3	8	8	20.9	51.824	6.26E-41	2127400000
72300_TK_MC	3	8	8	20.9	51.824	6.26E-41	2127400000
164765_TK_MC	1	4	4	27.1	18.057	1.33E-17	169270000
164820_TK_MC	1	2	2	5.3	21.588	1.80E-06	21852000
165085_TK_MC	2	11	6	13.5	52.887	1.09E-96	2817200000
68340_TK_MC	2	11	6	13.5	52.887	1.09E-96	2817200000
165352_TK_MC	1	9	0	0	37.139	8.03E-69	2275400000
165405_TK_MC	1	6	1	4.6	33.984	5.34E-29	0
77691_TK_MC	3	1	1	3	56.667	0.0063119	4648200
165616_TK_MC	3	1	1	3	56.667	0.0063119	4648200
77690_TK_MC	3	1	1	3	56.667	0.0063119	4648200
165649_TK_MC	1	1	1	5	18.007	0.005951	609240000
165938_TK_MC	1	3	3	7.7	57.959	5.95E-05	48780000
165973_TK_MC	1	2	2	14.8	21.085	1.78E-06	7910600
166754_TK_MC	3	2	2	5.1	44.714	7.11E-05	41992000
77903_TK_MC	3	2	2	5.1	44.714	7.11E-05	41992000
77904_TK_MC	3	2	2	5.1	44.714	7.11E-05	41992000
166831_TK_MC	2	2	2	19.1	17.747	7.81E-05	12150000
111882_TK_MC	2	2	2	19.1	17.747	7.81E-05	12150000
90604_TK_MC	2	1	1	7.3	22.096	6.27E-08	0
166856_TK_MC	2	1	1	7.3	22.096	6.27E-08	0
167051_TK_MC	1	4	4	26.8	22.662	5.06E-25	77901000
167075_TK_MC	3	2	2	6.1	45.133	5.56E-10	19580000
67673_TK_MC	3	2	2	6.1	45.133	5.56E-10	19580000
67671_TK_MC	3	2	2	6.1	45.133	5.56E-10	19580000
167355_TK_MC	1	4	3	13.4	40.846	1.04E-20	82199000
167357_TK_MC	4	3	3	23	24.586	5.10E-43	242550000
81434_TK_MC	4	3	3	23	24.586	5.10E-43	242550000
169788_TK_MC	4	3	3	23	24.586	5.10E-43	242550000
139613_TK_MC	4	3	3	23	24.586	5.10E-43	242550000
167365_TK_MC	1	3	1	13.1	20.322	1.47E-33	226860000
167498_TK_MC	2	2	2	7.6	40.279	0.00017703	12473000
105240_TK_MC	2	2	2	7.6	40.279	0.00017703	12473000
167565_TK_MC	1	1	1	10.9	15.973	2.42E-11	27221000
178466_TK_MC	5	1	1	2.9	51.637	6.42E-05	10229000
171443_TK_MC	5	1	1	2.9	51.637	6.42E-05	10229000
167580_TK_MC	5	1	1	2.9	51.637	6.42E-05	10229000
65418_TK_MC	5	1	1	2.9	51.637	6.42E-05	10229000
171759_TK_MC	5	1	1	2.9	51.637	6.42E-05	10229000
167622_TK_MC	2	1	1	5.5	31.946	0.0023405	8360300
99046_TK_MC	2	1	1	5.5	31.946	0.0023405	8360300
80244_TK_MC	3	1	1	3.5	42.501	9.63E-09	162300000
80246_TK_MC	3	1	1	3.5	42.501	9.63E-09	162300000
168080_TK_MC	3	1	1	3.5	42.501	9.63E-09	162300000
65674_TK_MC	2	1	1	9.1	18.923	4.87E-06	20625000
168247_TK_MC	2	1	1	9.1	18.923	4.87E-06	20625000
168349_TK_MC	5	5	2	19.2	46.867	1.17E-20	689580000
176618_TK_MC	5	5	2	19.2	46.867	1.17E-20	689580000
176619_TK_MC	5	5	2	19.2	46.867	1.17E-20	689580000
72191_TK_MC	5	5	2	19.2	46.867	1.17E-20	689580000
134179_TK_MC	5	5	2	19.2	46.867	1.17E-20	689580000
168762_TK_MC	1	1	1	3.2	36.171	0.019347	53714000
179190_TK_MC	4	34	34	23.2	184.46	0	1377300000
179191_TK_MC	4	34	34	23.2	184.46	0	1377300000
168819_TK_MC	4	34	34	23.2	184.46	0	1377300000
85320_TK_MC	4	34	34	23.2	184.46	0	1377300000
179112_TK_MC	5	2	2	2.4	60.176	1.01E-42	12256000
179111_TK_MC	5	2	2	2.4	60.176	1.01E-42	12256000
168883_TK_MC	5	2	2	2.4	60.176	1.01E-42	12256000
62541_TK_MC	5	2	2	2.4	60.176	1.01E-42	12256000
62540_TK_MC	5	2	2	2.4	60.176	1.01E-42	12256000
169033_TK_MC	1	1	1	8	13.32	0.017088	0
169237_TK_MC	2	1	1	4.5	31.598	0.0081274	11352000
83107_TK_MC	2	1	1	4.5	31.598	0.0081274	11352000
177538_TK_MC	4	2	2	15.6	16.548	9.52E-07	21700000
169336_TK_MC	4	2	2	15.6	16.548	9.52E-07	21700000
78445_TK_MC	4	2	2	15.6	16.548	9.52E-07	21700000
78444_TK_MC	4	2	2	15.6	16.548	9.52E-07	21700000
169500_TK_MC	2	1	1	11.5	16.094	0.006367	10799000
177847_TK_MC	2	1	1	11.5	16.094	0.006367	10799000
177910_TK_MC	5	1	1	6.2	17.554	9.21E-08	0
64218_TK_MC	5	1	1	6.2	17.554	9.21E-08	0
61675_TK_MC	5	1	1	6.2	17.554	9.21E-08	0
171042_TK_MC	5	1	1	6.2	17.554	9.21E-08	0
169576_TK_MC	5	1	1	6.2	17.554	9.21E-08	0
80877_TK_MC	5	2	2	16.1	12.731	0.0010828	26976000
170849_TK_MC	5	2	2	16.1	12.731	0.0010828	26976000
145801_TK_MC	5	2	2	16.1	12.731	0.0010828	26976000
94400_TK_MC	5	2	2	16.1	12.731	0.0010828	26976000
80876_TK_MC	5	2	2	16.1	12.731	0.0010828	26976000
177101_TK_MC	4	4	2	12.1	19.603	2.30E-45	86624000
172008_TK_MC	4	4	2	12.1	19.603	2.30E-45	86624000
178898_TK_MC	4	4	2	12.1	19.603	2.30E-45	86624000
178899_TK_MC	4	4	2	12.1	19.603	2.30E-45	86624000
78359_TK_MC	6	5	5	31.8	17.386	7.04E-15	710720000
172466_TK_MC	6	5	5	31.8	17.386	7.04E-15	710720000
137842_TK_MC	6	5	5	31.8	17.386	7.04E-15	710720000
78358_TK_MC	6	5	5	31.8	17.386	7.04E-15	710720000
179461_TK_MC	6	5	5	31.8	17.386	7.04E-15	710720000
137843_TK_MC	6	5	5	31.8	17.386	7.04E-15	710720000
180701_TK_MC	6	2	2	4	56.024	0.001434	75092000
83485_TK_MC	6	2	2	4	56.024	0.001434	75092000
180704_TK_MC	6	2	2	4	56.024	0.001434	75092000
173561_TK_MC	6	2	2	4	56.024	0.001434	75092000
162225_TK_MC	6	2	2	4	56.024	0.001434	75092000
162226_TK_MC	6	2	2	4	56.024	0.001434	75092000
69474_TK_MC	2	1	1	8.8	16.76	0.0057234	0
173710_TK_MC	2	1	1	8.8	16.76	0.0057234	0
181424_TK_MC	3	5	3	5.7	72.557	4.73E-16	179800000
90620_TK_MC	3	5	3	5.7	72.557	4.73E-16	179800000
174191_TK_MC	3	5	3	5.7	72.557	4.73E-16	179800000
174490_TK_MC	3	2	2	7.3	24.559	0.00030936	15148000
83503_TK_MC	3	2	2	7.3	24.559	0.00030936	15148000
174491_TK_MC	3	2	2	7.3	24.559	0.00030936	15148000
63446_TK_MC	2	1	1	7.6	23.556	5.55E-05	11164000
175200_TK_MC	2	1	1	7.6	23.556	5.55E-05	11164000
176182_TK_MC	5	18	0	0	44.984	1.05E-117	1252900000
176181_TK_MC	5	18	0	0	44.984	1.05E-117	1252900000
176180_TK_MC	5	18	0	0	44.984	1.05E-117	1252900000
137257_TK_MC	5	18	0	0	44.984	1.05E-117	1252900000
183656_TK_MC	5	18	0	0	44.984	1.05E-117	1252900000
176185_TK_MC	1	1	1	12.7	12.069	1.90E-14	299060000
177039_TK_MC	3	1	1	8.4	16.625	0.02751	87577000
178551_TK_MC	3	1	1	8.4	16.625	0.02751	87577000
64490_TK_MC	3	1	1	8.4	16.625	0.02751	87577000
177127_TK_MC	9	2	2	4.7	45.838	0.00032656	62760000
79867_TK_MC	9	2	2	4.7	45.838	0.00032656	62760000
85973_TK_MC	9	2	2	4.7	45.838	0.00032656	62760000
143137_TK_MC	9	2	2	4.7	45.838	0.00032656	62760000
143135_TK_MC	9	2	2	4.7	45.838	0.00032656	62760000
143139_TK_MC	9	2	2	4.7	45.838	0.00032656	62760000
143138_TK_MC	9	2	2	4.7	45.838	0.00032656	62760000
143136_TK_MC	9	2	2	4.7	45.838	0.00032656	62760000
143140_TK_MC	9	2	2	4.7	45.838	0.00032656	62760000
177659_TK_MC	1	1	1	9.9	17.026	0.0002798	8368800
178737_TK_MC	4	2	2	4.3	67.126	7.21E-05	0
178740_TK_MC	4	2	2	4.3	67.126	7.21E-05	0
78105_TK_MC	4	2	2	4.3	67.126	7.21E-05	0
178738_TK_MC	4	2	2	4.3	67.126	7.21E-05	0
179027_TK_MC	3	13	2	8.6	29.141	6.32E-120	328860000
177330_TK_MC	3	13	2	8.6	29.141	6.32E-120	328860000
78464_TK_MC	3	13	2	8.6	29.141	6.32E-120	328860000
179043_TK_MC	1	1	1	4.2	40.257	0.00064932	0
179324_TK_MC	1	2	2	22.4	14.391	7.53E-19	455530000
179600_TK_MC	1	2	2	6.3	44.826	5.51E-09	32042000
179625_TK_MC	1	3	3	23.9	18.374	2.57E-15	0
179727_TK_MC	1	2	2	22.1	14.806	1.06E-15	29197000
179941_TK_MC	1	1	1	2.6	37.529	0.046646	0
70591_TK_MC	3	1	1	4.7	24.148	0.0031648	4569700
70592_TK_MC	3	1	1	4.7	24.148	0.0031648	4569700
180109_TK_MC	3	1	1	4.7	24.148	0.0031648	4569700
180299_TK_MC	2	4	4	13.4	38.536	1.19E-08	109600000
87862_TK_MC	2	4	4	13.4	38.536	1.19E-08	109600000
180589_TK_MC	1	1	1	3.4	40.405	0.00097769	0
79016_TK_MC	4	5	5	16.1	36.987	3.03E-22	559060000
79017_TK_MC	4	5	5	16.1	36.987	3.03E-22	559060000
79021_TK_MC	4	5	5	16.1	36.987	3.03E-22	559060000
180593_TK_MC	4	5	5	16.1	36.987	3.03E-22	559060000
180673_TK_MC	7	1	1	7.9	27.261	1.01E-16	238430000
180674_TK_MC	7	1	1	7.9	27.261	1.01E-16	238430000
83766_TK_MC	7	1	1	7.9	27.261	1.01E-16	238430000
180676_TK_MC	7	1	1	7.9	27.261	1.01E-16	238430000
61756_TK_MC	7	1	1	7.9	27.261	1.01E-16	238430000
83765_TK_MC	7	1	1	7.9	27.261	1.01E-16	238430000
61757_TK_MC	7	1	1	7.9	27.261	1.01E-16	238430000
180792_TK_MC	2	1	1	11.1	12.434	0.012733	0
90625_TK_MC	2	1	1	11.1	12.434	0.012733	0
180859_TK_MC	3	1	1	6.9	17.378	0.015084	0
80318_TK_MC	3	1	1	6.9	17.378	0.015084	0
180857_TK_MC	3	1	1	6.9	17.378	0.015084	0
180966_TK_MC	2	3	3	7.1	56.744	4.95E-19	512380000
80821_TK_MC	2	3	3	7.1	56.744	4.95E-19	512380000
77302_TK_MC	4	6	6	14.9	49.552	0	4678900000
77304_TK_MC	4	6	6	14.9	49.552	0	4678900000
181351_TK_MC	4	6	6	14.9	49.552	0	4678900000
157331_TK_MC	4	6	6	14.9	49.552	0	4678900000
181733_TK_MC	1	1	1	1.6	82.934	0.0021546	0
182249_TK_MC	9	6	6	15.1	42.178	8.99E-15	189030000
182248_TK_MC	9	6	6	15.1	42.178	8.99E-15	189030000
136678_TK_MC	9	6	6	15.1	42.178	8.99E-15	189030000
76596_TK_MC	9	6	6	15.1	42.178	8.99E-15	189030000
136677_TK_MC	9	6	6	15.1	42.178	8.99E-15	189030000
136676_TK_MC	9	6	6	15.1	42.178	8.99E-15	189030000
76598_TK_MC	9	6	6	15.1	42.178	8.99E-15	189030000
136679_TK_MC	9	6	6	15.1	42.178	8.99E-15	189030000
99464_TK_MC	9	6	6	15.1	42.178	8.99E-15	189030000
182262_TK_MC	1	8	8	24.4	36.712	7.65E-85	2879500000
182300_TK_MC	1	2	2	3.2	82.681	0.0001347	25370000
182484_TK_MC	2	1	1	7.6	16.225	0.0021222	15534000
77873_TK_MC	2	1	1	7.6	16.225	0.0021222	15534000
182676_TK_MC	2	9	9	52	21.413	1.11E-102	4755700000
162925_TK_MC	2	9	9	52	21.413	1.11E-102	4755700000
183204_TK_MC	1	1	1	12.7	14.396	1.18E-06	7375300
183227_TK_MC	1	1	1	4.9	28.378	5.82E-08	16096000
183307_TK_MC	4	1	1	5.8	26.031	6.92E-30	237240000
61709_TK_MC	4	1	1	5.8	26.031	6.92E-30	237240000
61711_TK_MC	4	1	1	5.8	26.031	6.92E-30	237240000
183306_TK_MC	4	1	1	5.8	26.031	6.92E-30	237240000
183462_TK_MC	1	3	2	9.9	22.012	2.74E-09	161890000
61917_TK_MC	2	1	1	4.8	38.349	7.13E-56	396860000
183485_TK_MC	2	1	1	4.8	38.349	7.13E-56	396860000
183504_TK_MC	3	1	1	4.7	25.322	0.0073149	0
183519_TK_MC	3	1	1	4.7	25.322	0.0073149	0
183514_TK_MC	3	1	1	4.7	25.322	0.0073149	0
183655_TK_MC	2	18	1	4.3	42.313	8.30E-149	12508000000
77452_TK_MC	2	18	1	4.3	42.313	8.30E-149	12508000000
183709_TK_MC	2	2	2	11.5	26.549	1.60E-06	61015000
183707_TK_MC	2	2	2	11.5	26.549	1.60E-06	61015000
18547_TK_MC	1	1	1	38.6	5.1778	0.010682	266840000
19348_TK_MC	1	1	1	40.6	3.7934	0.02214	38949000
19859_TK_MC	1	1	1	43.3	3.7755	0.028828	0
20417_TK_MC	1	1	1	19.6	5.3544	0.002919	5629100
46310_TK_MC	1	1	1	11.2	8.6601	0.0033574	144420000
60078_TK_MC	1	1	1	15.8	6.7127	0.0301	13079000
61208_TK_MC	1	2	2	16.7	20.175	2.38E-05	30319000
61877_TK_MC	6	40	2	1.9	121.69	0	9459700000
61875_TK_MC	6	40	2	1.9	121.69	0	9459700000
61876_TK_MC	6	40	2	1.9	121.69	0	9459700000
183557_TK_MC	6	40	2	1.9	121.69	0	9459700000
183555_TK_MC	6	40	2	1.9	121.69	0	9459700000
67596_TK_MC	6	40	2	1.9	121.69	0	9459700000
62202_TK_MC	7	7	7	15.3	55.636	3.21E-24	314960000
181734_TK_MC	7	7	7	15.3	55.636	3.21E-24	314960000
155147_TK_MC	7	7	7	15.3	55.636	3.21E-24	314960000
62898_TK_MC	7	7	7	15.3	55.636	3.21E-24	314960000
94789_TK_MC	7	7	7	15.3	55.636	3.21E-24	314960000
116344_TK_MC	7	7	7	15.3	55.636	3.21E-24	314960000
117430_TK_MC	7	7	7	15.3	55.636	3.21E-24	314960000
62435_TK_MC	1	1	1	8	19.302	1.86E-09	65811000
62843_TK_MC	2	3	2	16.1	17.515	4.88E-12	195030000
62842_TK_MC	2	3	2	16.1	17.515	4.88E-12	195030000
63176_TK_MC	8	2	2	6.2	36.5	6.68E-05	47088000
164652_TK_MC	8	2	2	6.2	36.5	6.68E-05	47088000
164645_TK_MC	8	2	2	6.2	36.5	6.68E-05	47088000
63177_TK_MC	8	2	2	6.2	36.5	6.68E-05	47088000
164651_TK_MC	8	2	2	6.2	36.5	6.68E-05	47088000
127759_TK_MC	8	2	2	6.2	36.5	6.68E-05	47088000
127760_TK_MC	8	2	2	6.2	36.5	6.68E-05	47088000
127758_TK_MC	8	2	2	6.2	36.5	6.68E-05	47088000
63675_TK_MC	2	1	1	2.1	53.08	0.010356	33086000
63674_TK_MC	2	1	1	2.1	53.08	0.010356	33086000
63993_TK_MC	2	5	5	31.1	26.12	4.74E-40	184680000
63992_TK_MC	2	5	5	31.1	26.12	4.74E-40	184680000
64539_TK_MC	1	1	1	2.7	71.009	1.81E-06	35782000
65774_TK_MC	1	2	2	7.5	37.116	3.56E-29	139520000
65872_TK_MC	1	13	13	36.7	60.102	1.95E-283	3973600000
66000_TK_MC	26	6	5	21	33.23	1.41E-17	218310000
172050_TK_MC	26	6	5	21	33.23	1.41E-17	218310000
172058_TK_MC	26	6	5	21	33.23	1.41E-17	218310000
172052_TK_MC	26	6	5	21	33.23	1.41E-17	218310000
172048_TK_MC	26	6	5	21	33.23	1.41E-17	218310000
157143_TK_MC	26	6	5	21	33.23	1.41E-17	218310000
129870_TK_MC	26	6	5	21	33.23	1.41E-17	218310000
172059_TK_MC	26	6	5	21	33.23	1.41E-17	218310000
172056_TK_MC	26	6	5	21	33.23	1.41E-17	218310000
172057_TK_MC	26	6	5	21	33.23	1.41E-17	218310000
172051_TK_MC	26	6	5	21	33.23	1.41E-17	218310000
172055_TK_MC	26	6	5	21	33.23	1.41E-17	218310000
129865_TK_MC	26	6	5	21	33.23	1.41E-17	218310000
178940_TK_MC	26	6	5	21	33.23	1.41E-17	218310000
178938_TK_MC	26	6	5	21	33.23	1.41E-17	218310000
129872_TK_MC	26	6	5	21	33.23	1.41E-17	218310000
129866_TK_MC	26	6	5	21	33.23	1.41E-17	218310000
172047_TK_MC	26	6	5	21	33.23	1.41E-17	218310000
129869_TK_MC	26	6	5	21	33.23	1.41E-17	218310000
169853_TK_MC	26	6	5	21	33.23	1.41E-17	218310000
129873_TK_MC	26	6	5	21	33.23	1.41E-17	218310000
129871_TK_MC	26	6	5	21	33.23	1.41E-17	218310000
66002_TK_MC	26	6	5	21	33.23	1.41E-17	218310000
66008_TK_MC	26	6	5	21	33.23	1.41E-17	218310000
172049_TK_MC	26	6	5	21	33.23	1.41E-17	218310000
129867_TK_MC	26	6	5	21	33.23	1.41E-17	218310000
66887_TK_MC	1	1	1	15.1	15.863	0.0098531	0
66950_TK_MC	1	3	3	13.9	27.734	1.97E-07	178820000
67064_TK_MC	4	2	2	10.1	25.135	1.24E-05	7983400
67062_TK_MC	4	2	2	10.1	25.135	1.24E-05	7983400
CON__Q3SX28	4	2	2	10.1	25.135	1.24E-05	7983400
67063_TK_MC	4	2	2	10.1	25.135	1.24E-05	7983400
67598_TK_MC	1	31	0	0	77.142	2.53E-297	279450000
68015_TK_MC	4	3	3	16.5	20.455	2.62E-10	240010000
162608_TK_MC	4	3	3	16.5	20.455	2.62E-10	240010000
131412_TK_MC	4	3	3	16.5	20.455	2.62E-10	240010000
68014_TK_MC	4	3	3	16.5	20.455	2.62E-10	240010000
68119_TK_MC	1	1	1	2.4	32.633	0.019909	34864000
68332_TK_MC	1	4	4	13.4	34.172	6.57E-15	910270000
68866_TK_MC	3	3	1	4.9	18.491	4.55E-07	27804000
177102_TK_MC	3	3	1	4.9	18.491	4.55E-07	27804000
170199_TK_MC	3	3	1	4.9	18.491	4.55E-07	27804000
68980_TK_MC	1	1	1	10.4	17.365	2.51E-07	15752000
69693_TK_MC	1	1	1	7	13.471	0.056391	218260000
69835_TK_MC	1	2	1	24.6	8.0352	8.68E-13	23734000
69836_TK_MC	1	4	1	19.3	10.301	7.59E-36	13089000
70041_TK_MC	1	4	4	32.7	16.941	5.10E-41	2011600000
70293_TK_MC	2	1	1	4	32.186	0.00042319	12134000
70294_TK_MC	2	1	1	4	32.186	0.00042319	12134000
70476_TK_MC	1	2	2	7.5	32.15	1.50E-11	53438000
71182_TK_MC	2	9	6	24.3	34.147	3.42E-62	1739800000
133504_TK_MC	2	9	6	24.3	34.147	3.42E-62	1739800000
71183_TK_MC	1	11	8	35.9	33.853	3.35E-136	6332500000
71184_TK_MC	1	3	2	13.7	13.754	1.02E-17	672880000
71186_TK_MC	1	2	2	29.7	7.5826	2.03E-15	521840000
72614_TK_MC	7	3	3	7	60.661	2.41E-25	30134000
164954_TK_MC	7	3	3	7	60.661	2.41E-25	30134000
134459_TK_MC	7	3	3	7	60.661	2.41E-25	30134000
155338_TK_MC	7	3	3	7	60.661	2.41E-25	30134000
72616_TK_MC	7	3	3	7	60.661	2.41E-25	30134000
72613_TK_MC	7	3	3	7	60.661	2.41E-25	30134000
134460_TK_MC	7	3	3	7	60.661	2.41E-25	30134000
72647_TK_MC	1	6	6	23.4	35.569	2.73E-33	595360000
73555_TK_MC	2	29	29	22.9	174.04	2.26E-200	1757200000
166475_TK_MC	2	29	29	22.9	174.04	2.26E-200	1757200000
73673_TK_MC	1	4	4	10.7	55.28	6.41E-15	37721000
73831_TK_MC	4	6	6	19.2	43.643	2.08E-14	128940000
158349_TK_MC	4	6	6	19.2	43.643	2.08E-14	128940000
135136_TK_MC	4	6	6	19.2	43.643	2.08E-14	128940000
73830_TK_MC	4	6	6	19.2	43.643	2.08E-14	128940000
73856_TK_MC	1	1	1	10.2	12.437	0.0062715	9069800
74084_TK_MC	1	1	1	6.7	16.555	0.0015157	54318000
74691_TK_MC	1	1	1	4.7	19.929	0.0093006	76823000
74693_TK_MC	2	3	3	17.5	26.69	7.68E-16	119440000
74690_TK_MC	2	3	3	17.5	26.69	7.68E-16	119440000
75674_TK_MC	9	15	10	12	103.91	1.99E-93	619900000
75673_TK_MC	9	15	10	12	103.91	1.99E-93	619900000
136195_TK_MC	9	15	10	12	103.91	1.99E-93	619900000
165404_TK_MC	9	15	10	12	103.91	1.99E-93	619900000
136194_TK_MC	9	15	10	12	103.91	1.99E-93	619900000
163329_TK_MC	9	15	10	12	103.91	1.99E-93	619900000
163326_TK_MC	9	15	10	12	103.91	1.99E-93	619900000
158794_TK_MC	9	15	10	12	103.91	1.99E-93	619900000
158795_TK_MC	9	15	10	12	103.91	1.99E-93	619900000
75728_TK_MC	3	3	3	12.3	35.813	7.25E-31	470560000
75729_TK_MC	3	3	3	12.3	35.813	7.25E-31	470560000
168601_TK_MC	3	3	3	12.3	35.813	7.25E-31	470560000
75755_TK_MC	1	1	1	1.4	97.751	4.38E-08	8210900
75794_TK_MC	1	1	1	3.5	34.273	0.0059464	12641000
76031_TK_MC	1	2	2	8.5	35.584	3.73E-07	99470000
76381_TK_MC	3	2	2	12.7	25.412	1.10E-07	15331000
76383_TK_MC	3	2	2	12.7	25.412	1.10E-07	15331000
76382_TK_MC	3	2	2	12.7	25.412	1.10E-07	15331000
76440_TK_MC	2	2	2	16.2	20.349	1.64E-07	32240000
76438_TK_MC	2	2	2	16.2	20.349	1.64E-07	32240000
76873_TK_MC	1	1	1	45.2	5.2813	0.054038	131570000
76888_TK_MC	1	1	1	12.3	7.3905	0.0099644	165160000
76892_TK_MC	2	1	1	6.2	17.532	0.012548	7709000
76895_TK_MC	2	1	1	6.2	17.532	0.012548	7709000
76958_TK_MC	8	10	1	2.9	41.88	1.44E-60	0
125686_TK_MC	8	10	1	2.9	41.88	1.44E-60	0
79311_TK_MC	8	10	1	2.9	41.88	1.44E-60	0
79312_TK_MC	8	10	1	2.9	41.88	1.44E-60	0
106199_TK_MC	8	10	1	2.9	41.88	1.44E-60	0
107504_TK_MC	8	10	1	2.9	41.88	1.44E-60	0
76957_TK_MC	8	10	1	2.9	41.88	1.44E-60	0
76959_TK_MC	8	10	1	2.9	41.88	1.44E-60	0
77410_TK_MC	1	3	3	18	20.406	1.32E-06	51666000
77434_TK_MC	2	5	5	19.7	36.929	9.15E-28	456150000
137253_TK_MC	2	5	5	19.7	36.929	9.15E-28	456150000
180022_TK_MC	3	7	7	19	26.865	8.14E-28	1601200000
137535_TK_MC	3	7	7	19	26.865	8.14E-28	1601200000
77831_TK_MC	3	7	7	19	26.865	8.14E-28	1601200000
78462_TK_MC	6	24	20	30.9	77.288	8.37E-230	9774000000
78465_TK_MC	6	24	20	30.9	77.288	8.37E-230	9774000000
61734_TK_MC	6	24	20	30.9	77.288	8.37E-230	9774000000
178943_TK_MC	6	24	20	30.9	77.288	8.37E-230	9774000000
182265_TK_MC	6	24	20	30.9	77.288	8.37E-230	9774000000
61735_TK_MC	6	24	20	30.9	77.288	8.37E-230	9774000000
79201_TK_MC	4	3	3	18.3	22.489	1.41E-05	98653000
79200_TK_MC	4	3	3	18.3	22.489	1.41E-05	98653000
178293_TK_MC	4	3	3	18.3	22.489	1.41E-05	98653000
79199_TK_MC	4	3	3	18.3	22.489	1.41E-05	98653000
79387_TK_MC	1	6	1	5.6	34.652	6.86E-17	0
79441_TK_MC	2	3	3	5	109.46	8.46E-14	60447000
162674_TK_MC	2	3	3	5	109.46	8.46E-14	60447000
79463_TK_MC	1	10	2	5.4	39.625	2.24E-115	327740000
79464_TK_MC	2	11	3	6.9	40.544	3.67E-127	4243000000
164889_TK_MC	2	11	3	6.9	40.544	3.67E-127	4243000000
79930_TK_MC	1	2	1	5.7	20.779	3.41E-10	63962000
80343_TK_MC	2	2	1	20.5	9.3926	4.96E-12	286880000
80341_TK_MC	2	2	1	20.5	9.3926	4.96E-12	286880000
80430_TK_MC	3	6	6	23.4	36.737	8.89E-16	220420000
80433_TK_MC	3	6	6	23.4	36.737	8.89E-16	220420000
139048_TK_MC	3	6	6	23.4	36.737	8.89E-16	220420000
80693_TK_MC	4	21	21	29.5	110.13	4.92E-181	1211700000
177605_TK_MC	4	21	21	29.5	110.13	4.92E-181	1211700000
179075_TK_MC	4	21	21	29.5	110.13	4.92E-181	1211700000
179076_TK_MC	4	21	21	29.5	110.13	4.92E-181	1211700000
80731_TK_MC	4	6	6	33.1	32.638	1.40E-81	2355100000
139229_TK_MC	4	6	6	33.1	32.638	1.40E-81	2355100000
161334_TK_MC	4	6	6	33.1	32.638	1.40E-81	2355100000
80732_TK_MC	4	6	6	33.1	32.638	1.40E-81	2355100000
81146_TK_MC	1	1	1	2.6	48.341	8.50E-05	8350500
81348_TK_MC	2	2	1	2.8	45.235	1.11E-09	14426000
81347_TK_MC	2	2	1	2.8	45.235	1.11E-09	14426000
81484_TK_MC	2	14	1	5.4	34.745	1.54E-98	291870000
81485_TK_MC	2	14	1	5.4	34.745	1.54E-98	291870000
81705_TK_MC	3	6	3	13.6	44.512	1.47E-26	43590000
165350_TK_MC	3	6	3	13.6	44.512	1.47E-26	43590000
175974_TK_MC	3	6	3	13.6	44.512	1.47E-26	43590000
81706_TK_MC	1	7	0	0	44.493	2.52E-51	43804000
81961_TK_MC	2	4	4	65.7	7.8477	2.15E-173	2503700000
81962_TK_MC	2	4	4	65.7	7.8477	2.15E-173	2503700000
82036_TK_MC	2	1	1	7	26.478	1.92E-10	0
82037_TK_MC	2	1	1	7	26.478	1.92E-10	0
82276_TK_MC	4	4	4	9.4	79.033	4.98E-22	89449000
82277_TK_MC	4	4	4	9.4	79.033	4.98E-22	89449000
177776_TK_MC	4	4	4	9.4	79.033	4.98E-22	89449000
165571_TK_MC	4	4	4	9.4	79.033	4.98E-22	89449000
82533_TK_MC	5	5	4	33	22.209	2.52E-18	197790000
82534_TK_MC	5	5	4	33	22.209	2.52E-18	197790000
140347_TK_MC	5	5	4	33	22.209	2.52E-18	197790000
82528_TK_MC	5	5	4	33	22.209	2.52E-18	197790000
140345_TK_MC	5	5	4	33	22.209	2.52E-18	197790000
93551_TK_MC	3	2	2	17.6	11.236	0.00038927	78752000
82539_TK_MC	3	2	2	17.6	11.236	0.00038927	78752000
82540_TK_MC	3	2	2	17.6	11.236	0.00038927	78752000
82859_TK_MC	2	3	3	8.2	50.055	7.20E-11	212040000
86736_TK_MC	2	3	3	8.2	50.055	7.20E-11	212040000
83330_TK_MC	3	4	4	20.7	17.706	2.95E-55	172760000
179755_TK_MC	3	4	4	20.7	17.706	2.95E-55	172760000
172676_TK_MC	3	4	4	20.7	17.706	2.95E-55	172760000
84338_TK_MC	3	9	9	19.7	77.502	8.40E-95	215570000
84336_TK_MC	3	9	9	19.7	77.502	8.40E-95	215570000
84337_TK_MC	3	9	9	19.7	77.502	8.40E-95	215570000
84589_TK_MC	2	6	3	11.1	46.648	2.58E-21	301540000
167387_TK_MC	2	6	3	11.1	46.648	2.58E-21	301540000
85540_TK_MC	1	2	2	21.6	16.286	3.85E-10	119170000
86259_TK_MC	1	5	5	21.9	36.061	1.35E-29	251750000
86385_TK_MC	1	1	1	16.9	7.7359	4.37E-08	27882000
86415_TK_MC	1	1	1	10.5	15.976	0.0061801	76984000
86943_TK_MC	1	6	6	21.9	39.816	1.24E-24	206450000
87034_TK_MC	1	6	5	30.3	21.204	2.97E-59	563840000
87043_TK_MC	1	2	2	5.3	43.729	7.58E-05	81475000
87228_TK_MC	1	3	3	26.3	23.529	1.54E-100	235670000
87503_TK_MC	1	2	2	19.6	19.942	3.62E-08	55519000
87506_TK_MC	1	1	1	10.5	17.762	0.0032656	11563000
87680_TK_MC	1	1	1	15.1	12.17	1.61E-10	0
87756_TK_MC	2	5	5	37.9	16.122	1.60E-69	1670400000
166288_TK_MC	2	5	5	37.9	16.122	1.60E-69	1670400000
87768_TK_MC	1	1	1	10.7	13.579	0.0051121	0
87995_TK_MC	1	1	1	20	5.5136	0.0082228	16300000
88087_TK_MC	1	2	2	33.3	9.2083	2.60E-07	32592000
88124_TK_MC	1	2	2	18.5	16.51	1.20E-23	329530000
88189_TK_MC	1	2	2	15.8	15.24	4.32E-05	19785000
88541_TK_MC	1	4	4	39	17.203	1.86E-26	99143000
88706_TK_MC	1	1	1	12	9.7551	0.0030939	13539000
88788_TK_MC	1	5	5	50.4	14.12	3.71E-73	1653500000
89069_TK_MC	1	2	2	10.3	28.508	0.00013069	19940000
89325_TK_MC	1	1	1	32.7	5.7063	9.52E-09	18811000
89467_TK_MC	1	1	1	8.5	12.545	0.0186	0
90170_TK_MC	1	1	1	12.2	10.524	0.028581	60844000
90180_TK_MC	2	16	16	26.7	74.58	2.14E-140	3947600000
156149_TK_MC	2	16	16	26.7	74.58	2.14E-140	3947600000
90230_TK_MC	1	2	2	19.1	15.375	2.46E-11	241650000
90494_TK_MC	1	1	1	19.7	6.6857	0.015652	27767000
90606_TK_MC	1	1	1	21.2	7.3956	3.08E-05	32072000
90731_TK_MC	1	3	3	32.7	17.197	3.95E-17	131510000
90763_TK_MC	1	1	1	10.1	15.93	3.40E-05	12460000
90767_TK_MC	1	1	1	22.2	6.6646	0.00050265	33021000
91086_TK_MC	1	3	2	5.2	39.694	7.65E-14	123220000
91158_TK_MC	1	4	4	16.7	26.603	9.12E-25	92251000
91230_TK_MC	1	1	1	2.9	32.116	0.020091	14621000
91370_TK_MC	1	4	3	27	14.343	1.08E-37	330520000
91586_TK_MC	2	2	2	15.3	14.853	2.21E-05	51645000
148752_TK_MC	2	2	2	15.3	14.853	2.21E-05	51645000
92217_TK_MC	1	1	1	18.2	9.7337	1.30E-14	0
92503_TK_MC	1	3	3	28.3	16.503	7.64E-13	24180000
92736_TK_MC	2	8	8	34.4	34.717	1.68E-46	390490000
163154_TK_MC	2	8	8	34.4	34.717	1.68E-46	390490000
92824_TK_MC	1	1	1	17.9	4.5014	0.042459	8165800
92897_TK_MC	1	2	1	17.1	8.7049	6.24E-31	41010000
93030_TK_MC	1	1	1	12	12.008	2.16E-10	19919000
93401_TK_MC	1	3	3	39	6.88	4.80E-05	184780000
93731_TK_MC	1	3	3	27.8	12.611	2.07E-21	213080000
93809_TK_MC	1	2	2	29.6	11.63	5.08E-08	8470900
93884_TK_MC	1	1	1	22.7	7.8969	7.61E-11	30412000
93909_TK_MC	1	4	3	27	12.822	9.91E-39	849010000
94032_TK_MC	1	4	4	18.8	31.194	2.71E-25	86556000
94097_TK_MC	1	2	1	24.1	8.9421	7.17E-22	41163000
94582_TK_MC	1	1	1	14.6	9.3811	0.00091587	6182400
94604_TK_MC	1	1	1	18.8	8.2856	0.0019115	0
94757_TK_MC	1	3	3	41.2	11.156	1.89E-09	22425000
95573_TK_MC	1	1	1	13.7	7.7056	0.00030526	4775000
95646_TK_MC	1	4	4	32.2	21.387	4.12E-47	298700000
95881_TK_MC	1	1	1	11.9	7.1233	0.0021046	0
96209_TK_MC	4	2	2	10.4	21.728	8.95E-07	82880000
179627_TK_MC	4	2	2	10.4	21.728	8.95E-07	82880000
179626_TK_MC	4	2	2	10.4	21.728	8.95E-07	82880000
172597_TK_MC	4	2	2	10.4	21.728	8.95E-07	82880000
96288_TK_MC	1	3	2	10.2	19.181	1.80E-26	37180000
96375_TK_MC	1	11	11	25	61.436	4.22E-48	486940000
96384_TK_MC	1	2	2	5.8	43.531	1.31E-22	7025100
96545_TK_MC	1	1	1	17.6	7.9677	8.37E-14	17700000
97038_TK_MC	1	3	3	37.6	13.593	1.82E-59	1269100000
97132_TK_MC	1	2	2	40.3	7.4494	1.34E-11	22073000
97342_TK_MC	1	2	2	41.7	7.5042	1.48E-88	0
97394_TK_MC	1	3	3	23.2	14.756	7.74E-07	130170000
97533_TK_MC	1	1	1	14.6	10.446	0.0017385	17486000
97670_TK_MC	2	4	4	13.3	41.316	4.32E-21	51191000
82069_TK_MC	2	4	4	13.3	41.316	4.32E-21	51191000
97806_TK_MC	2	3	3	5.7	81.036	1.38E-36	240880000
163188_TK_MC	2	3	3	5.7	81.036	1.38E-36	240880000
97957_TK_MC	1	1	1	17.7	6.976	0.0080506	30783000
97968_TK_MC	1	6	6	17.7	57.787	3.72E-35	119830000
99072_TK_MC	1	4	4	41.1	18.044	8.32E-27	262520000
99153_TK_MC	1	1	1	6.3	22.534	6.50E-05	0
99564_TK_MC	1	1	1	18.7	12.12	1.85E-06	8944400
99726_TK_MC	1	1	1	14.1	8.5328	0.019481	12747000
99918_TK_MC	1	2	2	9.9	15.635	4.61E-19	112850000
99967_TK_MC	1	1	1	13.5	10.115	2.16E-05	19725000
CON__P00761	1	4	4	25.1	24.409	2.83E-91	7105700000
CON__P01966	1	2	2	15.5	15.184	1.90E-09	309310000
CON__P02533	5	10	6	21.4	51.621	1.23E-41	166550000
CON__Q9QWL7	5	10	6	21.4	51.621	1.23E-41	166550000
CON__Q04695	5	10	6	21.4	51.621	1.23E-41	166550000
CON__Q6IFX2	5	10	6	21.4	51.621	1.23E-41	166550000
CON__Q61782	5	10	6	21.4	51.621	1.23E-41	166550000
CON__P02538	3	12	2	6	60.044	2.77E-25	34484000
CON__P04259	3	12	2	6	60.044	2.77E-25	34484000
CON__P48668	3	12	2	6	60.044	2.77E-25	34484000
CON__P02584	1	1	1	10	15.057	7.78E-05	11205000
CON__P02768-1	1	5	3	6.9	69.366	2.60E-12	15051000
CON__P02769	1	4	2	4.4	69.293	2.20E-15	28643000
CON__P04264	1	28	15	37	66.017	0	6395600000
CON__P07477	1	1	1	8.1	26.558	0.0040521	336630000
CON__P08779	1	5	1	4	51.267	2.54E-23	0
CON__P13645	25	21	16	38.6	59.51	9.23E-191	3557400000
CON__P02535-1	25	21	16	38.6	59.51	9.23E-191	3557400000
CON__Q2M2I5	25	21	16	38.6	59.51	9.23E-191	3557400000
CON__Q7Z3Y7	25	21	16	38.6	59.51	9.23E-191	3557400000
CON__Q7Z3Y8	25	21	16	38.6	59.51	9.23E-191	3557400000
CON__Q148H6	25	21	16	38.6	59.51	9.23E-191	3557400000
CON__P05784	25	21	16	38.6	59.51	9.23E-191	3557400000
CON__Q99456	25	21	16	38.6	59.51	9.23E-191	3557400000
CON__REFSEQ:XP_986630	25	21	16	38.6	59.51	9.23E-191	3557400000
CON__O76014	25	21	16	38.6	59.51	9.23E-191	3557400000
CON__Q7Z3Y9	25	21	16	38.6	59.51	9.23E-191	3557400000
CON__O76013	25	21	16	38.6	59.51	9.23E-191	3557400000
CON__O76015	25	21	16	38.6	59.51	9.23E-191	3557400000
CON__Q497I4	25	21	16	38.6	59.51	9.23E-191	3557400000
CON__A2AB72	25	21	16	38.6	59.51	9.23E-191	3557400000
CON__Q7Z3Z0	25	21	16	38.6	59.51	9.23E-191	3557400000
CON__Q14532	25	21	16	38.6	59.51	9.23E-191	3557400000
CON__Q92764	25	21	16	38.6	59.51	9.23E-191	3557400000
CON__A2A5Y0	25	21	16	38.6	59.51	9.23E-191	3557400000
CON__Q15323	25	21	16	38.6	59.51	9.23E-191	3557400000
CON__Q9UE12	25	21	16	38.6	59.51	9.23E-191	3557400000
CON__Q14525	25	21	16	38.6	59.51	9.23E-191	3557400000
118282_TK_MC	25	21	16	38.6	59.51	9.23E-191	3557400000
113287_TK_MC	25	21	16	38.6	59.51	9.23E-191	3557400000
113411_TK_MC	25	21	16	38.6	59.51	9.23E-191	3557400000
CON__P13647	20	13	1	1.5	62.378	5.52E-24	73378000
CON__Q8VED5	20	13	1	1.5	62.378	5.52E-24	73378000
CON__P05787	20	13	1	1.5	62.378	5.52E-24	73378000
105442_TK_MC	20	13	1	1.5	62.378	5.52E-24	73378000
CON__O95678	20	13	1	1.5	62.378	5.52E-24	73378000
CON__Q9H552	20	13	1	1.5	62.378	5.52E-24	73378000
CON__H-INV:HIT000016045	20	13	1	1.5	62.378	5.52E-24	73378000
CON__H-INV:HIT000292931	20	13	1	1.5	62.378	5.52E-24	73378000
CON__Q6ISB0	20	13	1	1.5	62.378	5.52E-24	73378000
CON__Q9NSB2	20	13	1	1.5	62.378	5.52E-24	73378000
CON__P07744	20	13	1	1.5	62.378	5.52E-24	73378000
CON__Q7RTT2	20	13	1	1.5	62.378	5.52E-24	73378000
CON__Q8N1N4-2	20	13	1	1.5	62.378	5.52E-24	73378000
CON__P08729	20	13	1	1.5	62.378	5.52E-24	73378000
CON__Q3KNV1	20	13	1	1.5	62.378	5.52E-24	73378000
CON__Q9DCV7	20	13	1	1.5	62.378	5.52E-24	73378000
CON__P78386	20	13	1	1.5	62.378	5.52E-24	73378000
CON__P78385	20	13	1	1.5	62.378	5.52E-24	73378000
CON__Q6NT21	20	13	1	1.5	62.378	5.52E-24	73378000
CON__Q61726	20	13	1	1.5	62.378	5.52E-24	73378000
CON__P35527	1	28	27	60.5	62.129	0	4432600000
CON__P35908	5	24	15	31.8	65.865	2.90E-148	1063600000
CON__Q7Z794	5	24	15	31.8	65.865	2.90E-148	1063600000
CON__Q6NXH9	5	24	15	31.8	65.865	2.90E-148	1063600000
CON__Q9R0H5	5	24	15	31.8	65.865	2.90E-148	1063600000
CON__P19013	5	24	15	31.8	65.865	2.90E-148	1063600000
CON__P60712	4	14	5	24	41.736	6.83E-136	4016200000
164605_TK_MC	4	14	5	24	41.736	6.83E-136	4016200000
76956_TK_MC	4	14	5	24	41.736	6.83E-136	4016200000
76955_TK_MC	4	14	5	24	41.736	6.83E-136	4016200000
CON__P62894	1	1	1	10.5	11.703	0.0031554	9276800
CON__Q3SX09	2	2	2	9.5	22.06	5.36E-08	290210000
CON__P02070	2	2	2	9.5	22.06	5.36E-08	290210000
CON__Q3ZBD7	2	3	3	7.9	62.87	3.84E-09	80768000
86960_TK_MC	2	3	3	7.9	62.87	3.84E-09	80768000
CON__Q5D862	1	1	1	0.5	248.07	0.0006344	0
CON__Q5XQN5	3	13	0	0	62.936	1.77E-29	144550000
CON__Q922U2	3	13	0	0	62.936	1.77E-29	144550000
CON__Q8BGZ7	3	13	0	0	62.936	1.77E-29	144550000
CON__Q86YZ3	1	5	5	9.2	282.39	1.18E-141	254780000
REV__162427_TK_MC	1	1	1	1.3	81.564	0.020253	320380000
REV__165209_TK_MC	1	1	1	6.1	17.676	0.016652	22758000
REV__166744_TK_MC	2	1	1	2	58.049	0.01153	41407000
REV__90729_TK_MC	2	1	1	2	58.049	0.01153	41407000
REV__167444_TK_MC	1	1	1	4.8	29.729	0.018697	31479000
REV__167874_TK_MC	1	1	1	3.3	31.506	0.011099	59186000
